id,create_time,desc,play_count,music_id,music_title,music_duration,music_original,url,user_id,user_verified,challenges
7472460808199425310,1739817889,I’m sure there’s more but I just can’t seem to remember….🤔 People on the internet are silly.  #diy #diyproject #diyprojects #doityourself ,819875,7.274026617033558e+18,UNSTOPPABLE EVENING,133.0,f,https://tiktok.com/@/video/7472460808199425310,7224588620291621931,f,"[""DIY"",""diyproject"",""diyprojects"",""doityourself""]"
7436107350987017502,1731353678,"Ep 15: Thai food adventures. $16 for a full course meal. It doesnt get better than this 🤩 📍 Pochana Thai Kitchen  33-16 30th Ave., Astoria, NY 11103 #thaifoodlover #pochanathaikitchen #thairestaurant #thaifoodnyc #nycthai #cheapeats #cheapeatsnyc #thairestaurantnyc ",678092,7.274026617033558e+18,UNSTOPPABLE EVENING,133.0,f,https://tiktok.com/@/video/7436107350987017502,6805010350918026245,f,"[""thaifoodlover"",""pochanathaikitchen"",""thairestaurant"",""thaifoodnyc"",""nycthai"",""cheapeats"",""cheapeatsnyc"",""thairestaurantnyc""]"
7436483589744725278,1731441284,Dead Greg's Recipes: Episode 20 #deadgregs #cooking #CookingShow #AmateurCook #HomeCookedMeals #CookingAtHome #RecipeOfTheDay #cook #FoodieLife #KitchenAdventures #foodlover #CapCut ,582250,7.274026617033558e+18,UNSTOPPABLE EVENING,133.0,f,https://tiktok.com/@/video/7436483589744725278,6546683503164003343,f,"[""deadgregs"",""cooking"",""cookingshow"",""amateurcook"",""homecookedmeals"",""cookingathome"",""recipeoftheday"",""cook"",""foodielife"",""kitchenadventures"",""FoodLover"",""capcut""]"
7463308062326246702,1737686857,For all my DIY nail girlies 💅🏽✨ keep your nail beds healthy! @Amazon @target @Walmart @Kiara Sky Professional Nails @Bluesky Cosmetics US @BeetlesGelPolish @born pretty @melodysusie @Apres Nail #removenails #nailremovalhack #nails #nailsathome #nailsvideotutorial #nailtutorial #domynailswithme #gelxtutorial #nailinspo  #diynails #amazonnails ,1410591,7.274026617033558e+18,UNSTOPPABLE EVENING,133.0,f,https://tiktok.com/@/video/7463308062326246702,7142316126147593262,f,"[""removenails"",""nailremovalhack"",""nails"",""nailsathome"",""nailsvideotutorial"",""nailtutorial"",""domynailswithme"",""gelxtutorial"",""nailinspo"",""diynails"",""amazonnails""]"
7431726780383366443,1730333735,"Finally got to try egusi and fufu!! And I'm coming back for that oxtail stew! 📍 Beehive Restaurant and Lounge 18075 SE Division St Portland, OR 97236 #africanfood #kenyantiktok #cameroontiktok🇨🇲 #egusi #fufu #tilapia #firsttime ",1537009,7.274026617033558e+18,UNSTOPPABLE EVENING,133.0,f,https://tiktok.com/@/video/7431726780383366443,7095492607851037742,t,"[""AfricanFood"",""kenyantiktok"",""cameroontiktok\ud83c\udde8\ud83c\uddf2"",""egusi"",""fufu"",""tilapia"",""firsttime""]"
7465480333123652910,1738192620,Why do you like Trader Joe’s? #traderjoes #foodtiktok #jobs #grocerystore #traderjoesrecipe ,1586472,7.274026617033558e+18,UNSTOPPABLE EVENING,133.0,f,https://tiktok.com/@/video/7465480333123652910,6817576480541869062,f,"[""traderjoes"",""foodtiktok"",""jobs"",""grocerystore"",""traderjoesrecipe""]"
7464979461369449774,1738076049,"Click the link in my bio if you need more help fixing headaches and I’ll help you out. Do you experience, clicking or popping in your jaw?  Well there are always several possible causes ranging from joint issues to muscle issues… And in this video we address the TMJ disc displacement WITH REDUCTION which means it is out of place, clicking back in place during opening and when you close it clicks back out of place. To fix it you must first understand TMJ mechanics, when you open your mouth… FIRST: You Rotate NEXT: You translate In this video I show and exercise to leverage each of the two movements allowing you to retain normal mechanics.  This may reduce or fix the pop, however this will not always be the case, but the good news is you can reduce the intensity of the click which results in decrease pain and discomfort.  If we can improve quality of life, that’s a win! #tmj #tmd #tmjdisorder #tmjtreatment #jawpain #tmj #dental #dentistry",8500031,7.274026617033558e+18,UNSTOPPABLE EVENING,133.0,f,https://tiktok.com/@/video/7464979461369449774,7016500196452893701,f,"[""tmj"",""tmd"",""tmjdisorder"",""tmjtreatment"",""jawpain"",""dental"",""dentistry""]"
7460201327717535007,1736963486,GRWM #weatherman #meteorologist #tvanchor #presentadordetelevision #meteorologo #television #grwm #alistateconmigo #acompañame #noticias #california ,2080642,7.274026617033558e+18,UNSTOPPABLE EVENING,133.0,f,https://tiktok.com/@/video/7460201327717535007,7438698623078958122,f,"[""weatherman"",""meteorologist"",""tvanchor"",""presentadordetelevision"",""meteorologo"",""television"",""grwm"",""alistateconmigo"",""acompa\u00f1ame"",""noticias"",""california""]"
7515510548692274462,1749841179,"I swear last night while I was scrolling on my FYP when I should’ve been sleeping I saw that Hobby lobby had clothes for Labubus so you know I had to come check it out… Popmart raised all the prices on their Labubus so I have kind of decided I will not be getting anymore. I already spent way too much on the one that I have that these resellers are just gonna make it even harder for people to experience the craze. Instead, I will be dressing up my Labubu and making him into a mini me. #H#HobbyLobbyLabubu #P#PopMartpopmartunboxing #labubuclothes  #labubuaccessories",1387421,7.274026617033558e+18,UNSTOPPABLE EVENING,133.0,f,https://tiktok.com/@/video/7515510548692274462,81343312191754240,f,"[""hobbylobby"",""popmart"",""labubuclothes"",""labubuaccessories""]"
7350810333386231082,1711493930,"Detangling hair can be stressful! Here's a list of things to consider when detangling: •Start with the right tools: get a detangling brush with wide-tooth bristles to gently work through tangles without damaging the hair. •Use the right products: Depending on the condition of the hair —use a leave-in detangling spray or a conditioner that's not so heavy and has some slip to help soften and hydrate the hair. Dry detangling could result in an excessive amount of breakage. •Section the hair into manageable sections to maintain control and efficiency. Always start detangling from bottom and work your way up the hair shaft. If finger detangling; separate hair horizontally to prevent breaking hair up the shaft. • Be gentle, be patient, be kind to your hair. After detangling, make sure you establish a regular regimen to promote and sustain healthy hair and growth. #naturalhairdaily #detangle #detanglingnaturalhair #detanglingbrush #matted #mattedhair #tangledhair #naturalhair #naturalhairstylist #naturalhairstyles Have you ever experienced tangled hair?",9609720,7.274026617033558e+18,UNSTOPPABLE EVENING,133.0,f,https://tiktok.com/@/video/7350810333386231082,7024659288779818030,f,"[""naturalhairdaily"",""detangle"",""detanglingnaturalhair"",""detanglingbrush"",""matted"",""mattedhair"",""tangledhair"",""naturalhair"",""naturalhairstylist"",""naturalhairstyles""]"
7467954198529772843,1738768661,I'll be back soon to try out the arcade and go bowling! Who knew a movie theater could offer so much??? @B&B Theatres #EnjoyTheMagicOfTheMovies #BBTheatres #BackstagePass #BBBrandAmbassador #BrandAmbassador ,3278027,7.274026617033558e+18,UNSTOPPABLE EVENING,133.0,f,https://tiktok.com/@/video/7467954198529772843,270095083008503808,f,"[""enjoythemagicofthemovies"",""bbtheatres"",""backstagepass"",""bbbrandambassador"",""brandambassador""]"
7503967530692742423,1747153595,"Extremely Rare Golf Bag Giveaway to Celebrate the PGA Championship this week, inspired by Quail Hollow itself, @TaylorMade Golf have once again given me another masterpiece to give to one of you. To enter make sure you are following @sebongolf & TaylorMade , like the post then simply share with as many of your golf friends as you can! Who do you think wins this week? #golf #golfgiveaway #pgachampionship #foryou #golfbag ",470619,7.274026617033558e+18,UNSTOPPABLE EVENING,133.0,f,https://tiktok.com/@/video/7503967530692742423,6718416096968852485,t,"[""golf"",""golfgiveaway"",""pgachampionship"",""foryou"",""golfbag""]"
7429010724531326250,1729701354,Barber secrets🤫🫡✂️🙏🏽❤️ #fyp #barber #BarberTips #barbervideos #haircut ,443151,7.274026617033558e+18,UNSTOPPABLE EVENING,133.0,f,https://tiktok.com/@/video/7429010724531326250,799783,f,"[""fyp"",""barber"",""barbertips"",""barbervideos"",""haircut""]"
7460545547296935211,1737043630,#Ad Marketing was an easy choice for me! 🎓💡 @Chegg makes the tough stuff easy. What’s your major? #CheggCreator #Marketingmajor #stjohnsuniversity #GetAGripOnCollege #InItTogether #GetAGripWithChegg,3752978,7.274026617033558e+18,UNSTOPPABLE EVENING,133.0,f,https://tiktok.com/@/video/7460545547296935211,3935738,f,"[""ad"",""cheggcreator"",""marketingmajor"",""stjohnsuniversity"",""getagriponcollege"",""inittogether"",""getagripwithchegg""]"
7439399927005842730,1732120281,"Ever wonder what the inside of an MIT fraternity house looks like? 🤔🏠 Check out this tour of the MIT Phi Delta Theta house with Dami Thomas '26. To learn more about Greek Life at MIT, visit https://studentlife.mit.edu/fsilg. Video: Wes Moran / MIT #AroundMIT #HouseTour #FratTour #Fraternity #GreekLife #Frat #Boston #Campus ",615047,7.274026617033558e+18,UNSTOPPABLE EVENING,133.0,f,https://tiktok.com/@/video/7439399927005842730,6895753876617888773,t,"[""aroundmit"",""housetour"",""frattour"",""fraternity"",""greeklife"",""frat"",""boston"",""campus""]"
7462561199532625195,1737512965,"Replying to @Simple_TinKr  Fresh bananas, simple ingredients, and made daily—this banana pudding hits every time. 🍌  #SwankDesserts #charlestonbakery #dessertshop #bananapudding #viraldessert #smallbusiness #bakery #dessertgoals #charlestonfoodie #foodietok ",588400,7.274026617033558e+18,UNSTOPPABLE EVENING,133.0,f,https://tiktok.com/@/video/7462561199532625195,6898115334029673477,f,"[""swankdesserts"",""charlestonbakery"",""dessertshop"",""bananapudding"",""viraldessert"",""SmallBusiness"",""bakery"",""dessertgoals"",""charlestonfoodie"",""foodietok""]"
7440497482716417310,1732375836,Friendly Running Routine for Beginners: Week 4  #runningroutine #beginnerrunner #run #running #getinspired2run #runningjourney #runningtiktokbeginner #runtok #couchto5k #runningforbeginners #runningtips #fyp #startrunning #fitnessjourney #newrunnerjourney #runwithme ,311609,7.274026617033558e+18,UNSTOPPABLE EVENING,133.0,f,https://tiktok.com/@/video/7440497482716417310,7397269573190845483,f,"[""runningroutine"",""beginnerrunner"",""run"",""Running"",""getinspired2run"",""runningjourney"",""runningtiktokbeginner"",""runtok"",""couchto5k"",""runningforbeginners"",""runningtips"",""fyp"",""startrunning"",""fitnessjourney"",""newrunnerjourney"",""runwithme""]"
7469943973008739626,1739231906,Catching the BEST FREE FISHING BAIT!                                    #fishtok #bait #ghostshrimp #beach #saltwater ,668705,7.274026617033558e+18,UNSTOPPABLE EVENING,133.0,f,https://tiktok.com/@/video/7469943973008739626,7095760048737780782,f,"[""fishtok"",""bait"",""ghostshrimp"",""beach"",""saltwater""]"
7457679996371488031,1736376450,"If you’re craving some steaming ramen to warm you up from the inside out, check out @Hokkaido ramen house . This ramen house is fairly new to the area, opening late summer of 2024. I went with my friend @Bad Oven  who was already a big fan of them! She ordered her go-to of spicy ramen and I tried the tantanmen. That beef ramen was such a showstopper though! I’ll have to steal a bite next time I come. We also ordered some sushi rolls, takoyaki, and jalapeño poppers. This might be my favorite jalapeño poppers of all time.  So save this spot for your next ramen and sushi craving, tag your ramen-loving friends, and don’t forget to follow me for more Asian cuisine around the Triangle! ",351089,7.274026617033558e+18,UNSTOPPABLE EVENING,133.0,f,https://tiktok.com/@/video/7457679996371488031,6808287485077455877,f,[]
7458043406929972510,1736461055,"Best food in DC 2024 - 2025 🇺🇸 After eating all around town, here are my current favorite bites in Washington D.C. 🇺🇸🔥 What are your favorite spots in town? 👀🦅  - #washingtondcfood #dcfood #washingtondc #mreats305 #mreats #bestfoodindc #bestfoodindmv #dmvfood #dcfoodie #washingtondcfoodie ",352205,7.274026617033558e+18,UNSTOPPABLE EVENING,133.0,f,https://tiktok.com/@/video/7458043406929972510,6606376670977835013,f,"[""washingtondcfood"",""dcfood"",""washingtondc"",""mreats305"",""mreats"",""bestfoodindc"",""bestfoodindmv"",""dmvfood"",""dcfoodie"",""washingtondcfoodie""]"
7476935995494059307,1740859857,IMPROVE YOUR IRON SHOTS #golf #golftiktok #golftok #golftips ,443000,7.274026617033558e+18,UNSTOPPABLE EVENING,133.0,f,https://tiktok.com/@/video/7476935995494059307,7007473338533561349,f,"[""golf"",""golftiktok"",""golftok"",""golftips""]"
7460564047457733934,1737047937,When you have a cancelation it only makes sense to do your hair 🤌🏼 #sandyblonde #winterscaries #mutedblonde #softblonde #effortlesshair #fyphair #hairstylist #hairstylistoftiktok #hairtok #braggnlounge @audrey hurst ,172391,7.274026617033558e+18,UNSTOPPABLE EVENING,133.0,f,https://tiktok.com/@/video/7460564047457733934,6802420435754681349,f,"[""sandyblonde"",""winterscaries"",""mutedblonde"",""softblonde"",""effortlesshair"",""fyphair"",""hairstylist"",""hairstylistoftiktok"",""hairtok"",""braggnlounge""]"
7428837551919598865,1729661046,Actually surprised with the chick-fil-a sauce!! #britinusa #ausvsusa #usafood #usatakeout #usafastfood #junkfoodusa #burgersusa ,358476,7.274026617033558e+18,UNSTOPPABLE EVENING,133.0,f,https://tiktok.com/@/video/7428837551919598865,7124223826027758593,f,"[""britinusa"",""ausvsusa"",""usafood"",""usatakeout"",""usafastfood"",""junkfoodusa"",""burgersusa""]"
7461016614918589742,1737153308,Ban tiktoka w USA 19.01.2025 DZIĘKUJĘ 🇺🇸❤️ #szavka #mieszkamwusa ,227892,7.274026617033558e+18,UNSTOPPABLE EVENING,133.0,f,https://tiktok.com/@/video/7461016614918589742,6806009673725297669,f,"[""szavka"",""mieszkamwusa""]"
7458168702836559147,1736490238,"Not sure what’s sweeter: the boba or getting a toy with it 🤷‍♂️🍡🧸  Happy Mochi always know how to draw people in with their drinks and snacks but the Happy Mochi Meal is not only a great deal but it’s super fun!  We’re always excited to see the new mochinut flavors they roll out, and our go-to favorites have to be the churros, caramel brownie fudge, and Thai tea 🍩🌸 🍩 Happy Mochi Meal - $15.99+ . 📍 Happy Mochi - 8148 Delta Shores Cir S # 110, Sacramento, CA 95832 . . . #mochi #koreancorndog #streetfood #snacks #happymochi #sacramentofood #sacfoodscene #sacfood #mochinut #tasteduo ",249768,7.274026617033558e+18,UNSTOPPABLE EVENING,133.0,f,https://tiktok.com/@/video/7458168702836559147,7234304947142313006,f,"[""mochi"",""koreancorndog"",""streetfood"",""snacks"",""happymochi"",""sacramentofood"",""sacfoodscene"",""sacfood"",""mochinut"",""tasteduo""]"
7459511818873081130,1736802947,"my ACP recipe ⬇️ Ingredients: Rice: •1 large tomato  •1/4 onion  •1 tbsp garlic  •2 cups water  •2 cups rinsed jasmine rice  •2 cups chicken broth  •salt, adobo, & sazon  Chicken: •1 1/2lbs thinly sliced chicken breast  •salt, adobo, garlic powder, onion powder, & all purpose seasoning Gordo’s cheese dip  1 serving = 3/4 cup rice, 4oz chicken, 1/4 cups peppers & onions, 41g cheese dip, & 20g light sour cream (for topping/dipping) #acp #arrozconpollo #mexicanfood #recipesoftiktok #healthyrecipes #cookwithme #chickenrecipe #cheesedip ",202924,7.274026617033558e+18,UNSTOPPABLE EVENING,133.0,f,https://tiktok.com/@/video/7459511818873081130,6810559624640267270,f,"[""acp"",""arrozconpollo"",""mexicanfood"",""recipesoftiktok"",""healthyrecipes"",""CookWithMe"",""chickenrecipe"",""cheesedip""]"
7462042471141362990,1737392193,Bald head steam treatment 👨🏽‍🦲🧽🧼 Exfoliation and moisturizing the scalp after a shave are 2 of the best things you can do to minimize irritation. Incorporate these steps into your shaving routine. #thomascutit #barberstyledirectory #exfoliation #flowoodbarber #flowoodms ,447407,7.274026617033558e+18,UNSTOPPABLE EVENING,133.0,f,https://tiktok.com/@/video/7462042471141362990,7140678448355804203,f,"[""thomascutit"",""barberstyledirectory"",""exfoliation"",""flowoodbarber"",""flowoodms""]"
7463149686208302382,1737649964,"PART 1: Do you have rounded shoulders?  Typically along with this you may notice your head comes forward or your back is a little hunched. Maybe you also experienced neck tension, headaches or jaw pain? But then again, you don’t have to experience any of that, but you can still have rounded shoulders. Some people want to get out of pain while others just want to look normal and not like a gorilla. There are a few areas of the body we have to look at specifically the glenohumeral, joint, a.k.a. shoulder, joint, the scapula, a.k.a. shoulder blade and the thoracic spine, a.k.a. upper back. We also need to look down the chain to the hips and core as well. If you can take a systematic approach, balancing out the restrictions or tightness on one side of the joint while simultaneously building strength on the other side of the joint you can get yourself to a better position and keep yourself there.  In this video, I show how do I address the shoulder joint, the shoulder blade and the thoracic spine with a total of six exercises. In Part Two which posts after this video, I will show a great hip exercise, which can build a foundation for you to be successful in maintaining an upright posture, and stop looking like a gorilla with rounded shoulders.  #posture #roundedshoulders #forwardheadposture #neckpain #headaches #migraines #tmj #shouldermobility #stretching",337992,7.274026617033558e+18,UNSTOPPABLE EVENING,133.0,f,https://tiktok.com/@/video/7463149686208302382,7016500196452893701,f,"[""posture"",""roundedshoulders"",""forwardheadposture"",""neckpain"",""headaches"",""migraines"",""tmj"",""shouldermobility"",""stretching""]"
7469543472073035050,1739138653,She’s finally DONE!!!  #BlackBeauty #GMC #Yukon #PinkDetail #PinkWrap #GMCWrap #DIYWrap #PinkGMC ,179251,7.274026617033558e+18,UNSTOPPABLE EVENING,133.0,f,https://tiktok.com/@/video/7469543472073035050,7377163625033565226,f,"[""blackbeauty"",""gmc"",""yukon"",""pinkdetail"",""pinkwrap"",""gmcwrap"",""diywrap"",""pinkgmc""]"
7472861035662265646,1739911079,One thing about @jvvsbeauty is she’s going to get me right every time! 💇🏽‍♀️🙌🏽 South Florida tap in! #southfloridahairstylist #hairstylist #browardhairstylist #curlycut #type4hair ,155656,7.274026617033558e+18,UNSTOPPABLE EVENING,133.0,f,https://tiktok.com/@/video/7472861035662265646,6863217417159721989,f,"[""southfloridahairstylist"",""hairstylist"",""browardhairstylist"",""curlycut"",""type4hair""]"
7458354901882703150,1736533584,"Pennys glow up! Smallest fish we have ever had shipped in from our breeders, now she's a full sized female! She's a ""super orange"" halfmoon female betta form my fish store! #pnwbettas #bettafish #fishtok #fishtank #fishkeeping #fyp ",139822,7.274026617033558e+18,UNSTOPPABLE EVENING,133.0,f,https://tiktok.com/@/video/7458354901882703150,6750120620619203589,f,"[""pnwbettas"",""bettafish"",""fishtok"",""fishtank"",""fishkeeping"",""fyp""]"
7472130990010551598,1739741094,"We had the pleasure of visiting Arbuckle Mountains and the hospitality was amazing. There was literally one lady in there baking all these fried pies. She let us sample one of the breakfast fried pies before we made a purchase and we took home two boxes of almost each flavor of fried pies. If you ever visit Oklahoma City, definitely try this place out‼️#oklahomacity #oklahoma #friedpies #breakfastpie ",153045,7.274026617033558e+18,UNSTOPPABLE EVENING,133.0,f,https://tiktok.com/@/video/7472130990010551598,7086184550614959146,f,"[""oklahomacity"",""oklahoma"",""friedpies"",""breakfastpie""]"
7511136039348571422,1748822662,Summer Moon! The Moon Milk is so good if you like sweet coffee 🔥 lmk where to go next! #fyp #coffee #houstoncoffee #coffeeshop #houstoncoffeeshop #foodie #houstonfoodie #htx #houstontx ,124895,7.274026617033558e+18,UNSTOPPABLE EVENING,133.0,f,https://tiktok.com/@/video/7511136039348571422,6670860005015076869,f,"[""fyp"",""coffee"",""houstoncoffee"",""coffeeshop"",""houstoncoffeeshop"",""Foodie"",""houstonfoodie"",""htx"",""houstontx""]"
7499595331747745055,1746135632,I promise I’m almost done with the Joshua tree spam HAHA it was just such a fun trip 🥺 #joshuatree #joshuatreenationalpark #travel #travelinspo #romanticizeyourlife #roadtrip #travelvlog #roadtrippin #roadtripvibes #birthdayweekend #birthdayweek #birthdayweekendvibes #birthdaytrip ,95686,7.274026617033558e+18,UNSTOPPABLE EVENING,133.0,f,https://tiktok.com/@/video/7499595331747745055,6768294172710749189,f,"[""joshuatree"",""joshuatreenationalpark"",""travel"",""travelinspo"",""romanticizeyourlife"",""roadtrip"",""travelvlog"",""roadtrippin"",""roadtripvibes"",""birthdayweekend"",""birthdayweek"",""birthdayweekendvibes"",""birthdaytrip""]"
7459202634038152491,1736730959,Custom made coffee table with a hidden compartment #table #diy #custom #hidden ,245780,7.274026617033558e+18,UNSTOPPABLE EVENING,133.0,f,https://tiktok.com/@/video/7459202634038152491,6914014385837573126,f,"[""table"",""DIY"",""custom"",""hidden""]"
7498613897721728302,1745907116,Smart glass for a front door in a newly remodeled house.  Comment below your question or ask for the link to buy and we will send it to you.  #smartglass #smarthome #modernbathroom #luxuryhomes #luxurybathroom #,590940,7.274026617033558e+18,UNSTOPPABLE EVENING,133.0,f,https://tiktok.com/@/video/7498613897721728302,7062204620953371694,f,"[""smartglass"",""smarthome"",""modernbathroom"",""luxuryhomes"",""luxurybathroom""]"
7472967141797547307,1739935785,Houston Food Tour: EPISODE 3 (Brisket & Rice | Michelin Approved) #foodnoob #thefoodnoob #series #houston #bbq,120464,7.274026617033558e+18,UNSTOPPABLE EVENING,133.0,f,https://tiktok.com/@/video/7472967141797547307,6991185150106076165,f,"[""foodnoob"",""thefoodnoob"",""series"",""houston"",""bbq""]"
7441642971793050923,1732642528,Stack your December with free events in Chicago! ,323289,7.274026617033558e+18,UNSTOPPABLE EVENING,133.0,f,https://tiktok.com/@/video/7441642971793050923,7082794714127025194,t,[]
7460154814215884075,1736952660,"Have you noticed that your jaw shifts to the side during opening? It does not open in a straight line and maybe there is pain or aching associated with it? Well, typically, this is one of two things, muscle imbalances or joint dysfunction. In this video, we focus on the muscle dysfunction side of things. Anytime there is muscle imbalance or unilateral movement. We need to figure out what are the spasming or tight muscle muscles that pull it one way and what are the weak muscles that we need to build up to pull it back the other direction. In this video I show you how to release the lateral pterygoid muscle as it is the primary muscle responsible for shifting your jaw to the opposite direction and when there is spasm in one of these muscles, you will excessively shift in the opposite direction.  And then we focus on strengthening the four muscles that force it to move away from the shift back to neutral alignment….which are the lateral pterygoid and medial pterygoid on the side of the shift, as well as the temporalis and masseter on the opposite  side. Confused yet? This is a great starting point for you and if you don’t have the results you want and you notice sharp pains or clicking and popping, it may actually be a joint issue and you’ll have to tune back in for another video on that. #tmj #tmjdisorder #tmd #dentisty #dentist ",394005,7.274026617033558e+18,UNSTOPPABLE EVENING,133.0,f,https://tiktok.com/@/video/7460154814215884075,7016500196452893701,f,"[""tmj"",""tmjdisorder"",""tmd"",""dentisty"",""dentist""]"
7482182628238576926,1742081434,"Trying One of The Best Mediterranean Restaurants In NJ, Zeguma Grill Food Review #mediterraneanfood #middleeasternfood #njfoodie #tastetest #foodcritic ",150269,7.274026617033558e+18,UNSTOPPABLE EVENING,133.0,f,https://tiktok.com/@/video/7482182628238576926,6922244559263876102,f,"[""mediterraneanfood"",""middleeasternfood"",""njfoodie"",""tastetest"",""foodcritic""]"
7491469688401055006,1744243733,"This is your sign to check out the Tea Lab 🧋☕️🤩 in Albuquerque, NM 📍 My favorite drink? The Taro Brulee Milk Tea! Creamy and delicious! 💜 Ever craved a croissant and a waffle? The Tea Lab has croffles! I tried their new flavors: Taro and Cheesy Garlic — both were delicious! 😋 Drinks I tried: •Taro Brulee Milk Tea •Cheese Foam Strawberry & Cream Tea •Dragon Fruit Fizzy •Coconut Coffee •Oreo Cream Frappe Location 📍 3200 Coors Blvd NW Unit E 87120 Check them out and let me know what you think! 😋 #albuquerquefoodies #placestoeat #foodfinds #albuquerque #foodietiktok #bobatea #croffle ",98725,7.274026617033558e+18,UNSTOPPABLE EVENING,133.0,f,https://tiktok.com/@/video/7491469688401055006,6796749918456529925,f,"[""albuquerquefoodies"",""placestoeat"",""foodfinds"",""albuquerque"",""foodietiktok"",""bobatea"",""croffle""]"
7458353162420866334,1736533185,‘20 Sonic HATCH 🐣 #professional #asmr #backwindow #s3tinting #chevorlet ,181920,7.274026617033558e+18,UNSTOPPABLE EVENING,133.0,f,https://tiktok.com/@/video/7458353162420866334,6804629077300528134,f,"[""professional"",""asmr"",""backwindow"",""s3tinting"",""chevorlet""]"
7491015080885226798,1744137910,"Replying to @Diamond Kisses TASTE TEST VIDEO! 🍰 Who should we have next? 🤭  📍1627 N. Conway Ave Mission, Tx ⏰ Tuesday-Saturday (11am-8pm or sell out)  📲 Daily Menu and updates are posted on our FB/IG Stories  #rgv #rgvfoodie #rgvdesserts #rgvbakery #desserts #sweets #RgvSweets #RgvLife #bakery #texasbakery #sweetshop #missiontx #mcallentx #pastryshop #RgvTx #rgvcheesecake #rgvcheesecakeshop #cheesecakeshop #cheesecake #texascheesecake #strawberryswirl #strawberryswirlcheesecake #riograndevalley #tastetest ",315326,7.274026617033558e+18,UNSTOPPABLE EVENING,133.0,f,https://tiktok.com/@/video/7491015080885226798,6783138964817626117,f,"[""rgv"",""rgvfoodie"",""rgvdesserts"",""rgvbakery"",""desserts"",""sweets"",""rgvsweets"",""rgvlife"",""bakery"",""texasbakery"",""sweetshop"",""missiontx"",""mcallentx"",""pastryshop"",""rgvtx"",""rgvcheesecake"",""rgvcheesecakeshop"",""cheesecakeshop"",""cheesecake"",""texascheesecake"",""strawberryswirl"",""strawberryswirlcheesecake"",""riograndevalley"",""tastetest""]"
7467655932164574495,1738699198,"Maquíllense conmigo a -13 grados centígrados ❄️🥶🩵 sentí que me congele pero valió la pena jajaja, les dejé todas las fotos de este viaje en mi IG: valentina_enusa   #makeup #imcoldmakeup #snowmakeup #winter #colorado  @LaRochePosayUS @elfcosmetics @Too Faced @BenefitCosmeticsCL @Beauty Creations Cosmetics @Rare Beauty @Maybelline NY @ONE SIZE BEAUTY ",102863,7.274026617033558e+18,UNSTOPPABLE EVENING,133.0,f,https://tiktok.com/@/video/7467655932164574495,233034568298205184,f,"[""makeup"",""imcoldmakeup"",""snowmakeup"",""winter"",""colorado""]"
7363696881689447722,1714494292,Fort Carson actually did something beneficial to their Soldiers #miltok #military #veteran #militaryspouse  #army #marines #navy #airforce #vivalavargas #fortcarson #militarynews ,82604,7.274026617033558e+18,UNSTOPPABLE EVENING,133.0,f,https://tiktok.com/@/video/7363696881689447722,6791239087913190405,f,"[""miltok"",""military"",""veteran"",""militaryspouse"",""army"",""marines"",""navy"",""airforce"",""vivalavargas"",""fortcarson"",""militarynews""]"
7462169414947966254,1737421745,🚨BLACK OWNED🚨 The Peach Cobbler Factory Northfield 📍Grand opening Jan 31st!!🔥 #fyp #denver #foodie #blackownedbusiness ,115720,7.274026617033558e+18,UNSTOPPABLE EVENING,133.0,f,https://tiktok.com/@/video/7462169414947966254,6807205105197679621,f,"[""fyp"",""denver"",""Foodie"",""blackownedbusiness""]"
7459907994302549291,1736895189,"We got to scratch this critically acclaimed restaurant off of our foodie bucket list! 🇭🇹 Watch our full review to see what we really thought! Some important notes about Kann: 🏆 Kann Restaurant won James Beard Best New Restaurant in 2023 and focuses on serving Haitian cuisine with a modern, PNW twist 🌾 the whole menu is gluten & dairy free; they also have a vegan menu 🇭🇹 it’s a concept by James Beard award winning Chef Gregory Gourdet ⏰ they release one calendar month of reservations on the 1st of each month at 12pm PDT of the month prior 🥃 there’s a vibey speakeasy downstairs - Sousol Bar Y’all have to check it out! Enjoy! 📍Kann  548 SE Ash Street, Portland, OR 97214 #PNW #KannRestaurant #HaitianFood #JamesBeardAward #BestNewRestaurant ",91260,7.274026617033558e+18,UNSTOPPABLE EVENING,133.0,f,https://tiktok.com/@/video/7459907994302549291,6891444331057005573,f,"[""pnw"",""kannrestaurant"",""haitianfood"",""jamesbeardaward"",""bestnewrestaurant""]"
7458106584070130990,1736475762,Dinner w/Steel #lifeisgood #dadcancook #southdakotafamily  #eatexcellent #dinnerwsteel #dinnertime #steelhouse #fyp,46202,7.274026617033558e+18,UNSTOPPABLE EVENING,133.0,f,https://tiktok.com/@/video/7458106584070130990,6917475784325235718,f,"[""LifeIsGood"",""dadcancook"",""southdakotafamily"",""eatexcellent"",""dinnerwsteel"",""dinnertime"",""steelhouse"",""fyp""]"
7438844149710802222,1731990878,"There’s a new ALL YOU CAN EAT SUSHI spot in Vegas that you need to try out @888sushirobata 🍣🍱🍢🍡🍜 They have almost 30 robata items, premium fish like uni, wagyu, kampachi, king salmon and a good selection of ramen 🔥🔥🔥 AYCE sushi packages are $25, $35 & $45!  They are brought to you by the 888 group @888jbbq @gangnam.lv @888kbbq  📍 888 Sushi & Robata  4480 Paradise Rd, Ste 900, Las Vegas, NV 89169 (Across from Virgin hotel)  #vegasbuffet #vegassushi #aycesushi #robata #vegasfood #lasvegaseats  Cheap eats in Las Vegas  Best ayce sushi in Las Vegas  Vegas all you can eat sushi",132230,7.274026617033558e+18,UNSTOPPABLE EVENING,133.0,f,https://tiktok.com/@/video/7438844149710802222,6938843396619781126,f,"[""vegasbuffet"",""vegassushi"",""aycesushi"",""robata"",""vegasfood"",""lasvegaseats""]"
7483108304638545183,1742297005,"Modern spaces, swimming pool, theater: What more do you want? #washingtondc #mclean #realtorlife #housetour #tiktokrealestate #realestate #sothebysrealty #realtortok ",63800,7.274026617033558e+18,UNSTOPPABLE EVENING,133.0,f,https://tiktok.com/@/video/7483108304638545183,6745268723999474693,f,"[""washingtondc"",""mclean"",""realtorlife"",""housetour"",""tiktokrealestate"",""realestate"",""sothebysrealty"",""realtortok""]"
7492204934411111722,1744414930,Long awaited dorm tour #dorm #tour #dormlife #dormtour #college #vt #virginiatech #payne #freshman #collegehacks #collegeadmissions #fyp #foryoupage ,56918,7.274026617033558e+18,UNSTOPPABLE EVENING,133.0,f,https://tiktok.com/@/video/7492204934411111722,7131636911592522795,f,"[""dorm"",""tour"",""dormlife"",""dormtour"",""college"",""vt"",""virginiatech"",""payne"",""freshman"",""collegehacks"",""collegeadmissions"",""fyp"",""foryoupage""]"
7472118149794680110,1739738106,Trick question! #baking #bakingtiktok #bakingtok #tips #tipsandtricks #bakingtips ,54199,7.274026617033558e+18,UNSTOPPABLE EVENING,133.0,f,https://tiktok.com/@/video/7472118149794680110,7265465876009403435,f,"[""baking"",""bakingtiktok"",""bakingtok"",""tips"",""tipsandtricks"",""bakingtips""]"
7462231771522845983,1737436274,🎥 A multi-level beauty in the Fashion District. Who’s ready for the full tour? #loftapartment #dtla #loft #apartmenttour #apartmenttherapy #losangelesapartment ,73005,7.274026617033558e+18,UNSTOPPABLE EVENING,133.0,f,https://tiktok.com/@/video/7462231771522845983,6925153156615898117,f,"[""loftapartment"",""dtla"",""loft"",""apartmenttour"",""apartmenttherapy"",""losangelesapartment""]"
7460676144627698990,1737074036,Setting up for the SOUTH FLORIDA FAIR!!🎡 . . #etamusements #etvending #southfloridafair #arcade #clawmachine #clawmachinearcade #japanesearcade #vendorevent #vendors #selfemployed #familyfun #familyrun #bfgf #thingstodoinsouthflorida #southfloridafair ,98458,7.274026617033558e+18,UNSTOPPABLE EVENING,133.0,f,https://tiktok.com/@/video/7460676144627698990,7032669972771406894,f,"[""etamusements"",""etvending"",""southfloridafair"",""arcade"",""clawmachine"",""clawmachinearcade"",""japanesearcade"",""vendorevent"",""vendors"",""selfemployed"",""FamilyFun"",""familyrun"",""bfgf"",""thingstodoinsouthflorida""]"
7500681553517776158,1746388540,Here are my top 5 unique breakfast dishes in San Diego! #breakfast #brunch #sandiego #sandiegoeats #sandiegofood #sandiegohiddengem ,79293,7.274026617033558e+18,UNSTOPPABLE EVENING,133.0,f,https://tiktok.com/@/video/7500681553517776158,6752123118493959174,f,"[""breakfast"",""brunch"",""sandiego"",""sandiegoeats"",""sandiegofood"",""sandiegohiddengem""]"
7459058763446750506,1736697462,"Designing a 4x4 raised garden bed with purpose! I’m using companion planting—a natural way to boost growth, improve flavor, and keep pests in check.  Here’s what’s growing: 🥬 Leaf lettuce & spinach: Cool-weather favorites that thrive in partial shade, perfect under the tomatoes. 🍅 Tomatoes: The stars of the show, with basil nearby to enhance their flavor and deter pests. 🥕 Carrots & radishes: Root crops that won’t compete for space with my leafy greens or tomatoes. 🌿 Basil, chives, & green onions: Powerhouse herbs to repel aphids and add amazing flavor to meals. 🌸 Nasturtiums & marigolds: Bright blooms that attract pollinators while keeping pests like whiteflies and nematodes away. #creatorsearchinsights #gardentok #vegetablegardening #gardeningtipsforbeginners #gardentips #vegetablegarden #gardening101 ",34681,7.274026617033558e+18,UNSTOPPABLE EVENING,133.0,f,https://tiktok.com/@/video/7459058763446750506,6801385833212544005,f,"[""creatorsearchinsights"",""gardentok"",""vegetablegardening"",""gardeningtipsforbeginners"",""gardentips"",""vegetablegarden"",""gardening101""]"
7464829270003600683,1738041055,Houston Food Tour: EPISODE 1 (GAO’s Kabob Houston) #foodnoob #thefoodnoob #houston #series @gaosbbqandcrab.official ,106893,7.274026617033558e+18,UNSTOPPABLE EVENING,133.0,f,https://tiktok.com/@/video/7464829270003600683,6991185150106076165,f,"[""foodnoob"",""thefoodnoob"",""houston"",""series""]"
7500250422578285855,1746288163,"POV: You “accidentally” end up at our shop because the cinnamon rolls were calling your name 🫶🏽👩🏽‍🍳.  It’s rainy, but the vibes (and the strawberry lemonade) are immaculate. Don’t gatekeep this level of comfort. 📍8261 Hwy 31 — pull up bestie #CinnamonRollSaturday #FoodTok #RainyDayVibes #CozyEats #BakersOfTikTok #SupportLocal #SmallBusinessLove #ComfortFood #TikTokEats #DessertTok #AlabamaEats",85056,7.274026617033558e+18,UNSTOPPABLE EVENING,133.0,f,https://tiktok.com/@/video/7500250422578285855,6699652761262375942,f,"[""cinnamonrollsaturday"",""FoodTok"",""rainydayvibes"",""cozyeats"",""bakersoftiktok"",""supportlocal"",""smallbusinesslove"",""comfortfood"",""tiktokeats"",""desserttok"",""alabamaeats""]"
7403114545977314603,1723671931,WORLDS FIRST LOOK WE CUT THE WIZARD OF OZ NIKE DUNK TO SEE WHAT WAS ON TBR BOTTOM LAYER!!! #nike #sbdunk #wizardofoz #sneakers #fyp #foryou #foruoypage,415387,7.274026617033558e+18,UNSTOPPABLE EVENING,133.0,f,https://tiktok.com/@/video/7403114545977314603,6882811036690400261,f,"[""nike"",""sbdunk"",""wizardofoz"",""sneakers"",""fyp"",""foryou"",""foruoypage""]"
7508985455715552542,1748321940,Bill Burr funny podcast #fun #funnyvideo #fyp #standupcomedy #standupcomedian #comedia #comedian #foryoupage #humor #funny #funnyvideos #4u #4upage #4youpage #4up  #billburr ,226484,7.274026617033558e+18,UNSTOPPABLE EVENING,133.0,f,https://tiktok.com/@/video/7508985455715552542,7299983371471012906,f,"[""fun"",""funnyvideo"",""fyp"",""standupcomedy"",""standupcomedian"",""comedia"",""comedian"",""foryoupage"",""humor"",""funny"",""funnyvideos"",""4u"",""4upage"",""4youpage"",""4up"",""billburr""]"
7460528223059758379,1737039596,"Walk through this grand 📍Southlake, Texas luxury estate! Don’t miss the two story closet! 😎 $12.5 million - Sold 6 Bed | 9 Bath | 20,708 SqFt 🏠Home listed and sold by @georgeandnoonanrealestate  🏗️Home built by @le_estatehomes  🎥Video @fullpackagemedia  #fyp #hometour #tour #luxuryhomes #estate #closet #bowling #pool #dreamhome #property ",91267,7.274026617033558e+18,UNSTOPPABLE EVENING,133.0,f,https://tiktok.com/@/video/7460528223059758379,6818375533056181254,f,"[""fyp"",""hometour"",""tour"",""luxuryhomes"",""estate"",""closet"",""bowling"",""pool"",""dreamhome"",""property""]"
7401319020328258862,1723253878,"DREAMCON 2024!  WOW! This was such a tear jerking experience for me. My first time ever going and I got to see SO many people that support my content, show so much love. I am absolutely grateful to anyone that contributed helping me grow in any shape or form.  I was just excited to meet everyone, and I hope I gave them a great experience of meeting me. I could go on and on, but it all I’m just going to say THANK YOU!!!! I hope to see you next year. With Love, Trey, aka Caramel Express 💕⭐️ - Big shoutout to my cameraman, Creative Director, and brother @🎥 for capturing these moments for me. 🫂",55999,7.274026617033558e+18,UNSTOPPABLE EVENING,133.0,f,https://tiktok.com/@/video/7401319020328258862,6812512204869567493,f,[]
7466980226631879982,1738541853,Chengdu Impression is the ultimate Chinese restaurant for take out and dine-in #takeout #chinesetakeout #takeoutchicago #chicagorestaurants #chicagorestaurant #chicagofood #chicagofoodie #chinesefood #sichuanfood#creatorsearchinsights ,160121,7.274026617033558e+18,UNSTOPPABLE EVENING,133.0,f,https://tiktok.com/@/video/7466980226631879982,7434159989491352619,f,"[""takeout"",""chinesetakeout"",""takeoutchicago"",""chicagorestaurants"",""chicagorestaurant"",""chicagofood"",""chicagofoodie"",""chinesefood"",""sichuanfood"",""creatorsearchinsights""]"
7462392097962790190,1737473603,Micro shorts 🤝 winter 🫶🏼 #microshorts #wintershorts #winteroutfits #blazercoat #redonetank #etsyfinds #snakeskinbag @Tony Bianco #khaitebelt #microshortswinter @The Frankie Shop @H&M @RE/DONE @Amazon Fashion #nycoutfits #2025fashiontrends ,76875,7.274026617033558e+18,UNSTOPPABLE EVENING,133.0,f,https://tiktok.com/@/video/7462392097962790190,6983780915991217158,f,"[""microshorts"",""wintershorts"",""winteroutfits"",""blazercoat"",""redonetank"",""etsyfinds"",""snakeskinbag"",""khaitebelt"",""microshortswinter"",""nycoutfits"",""2025fashiontrends""]"
7459216258135854366,1736734136,"Residents in this Hudson Yards building enjoy exclusive perks, 22,000 sq. ft. of private amenities, and jaw-dropping sunset views over the Hudson 🌅 Listed at $15,100,000—would you call this home? 🏡 #nyc #apartmenttour #nycrealestate #penthouse #nycapartment #interiordesign #housetour #luxuryhomes #hudsonyards #",65893,7.274026617033558e+18,UNSTOPPABLE EVENING,133.0,f,https://tiktok.com/@/video/7459216258135854366,119081102190821376,f,"[""nyc"",""apartmenttour"",""nycrealestate"",""penthouse"",""nycapartment"",""interiordesign"",""housetour"",""luxuryhomes"",""hudsonyards""]"
7420177840374648097,1727644791,De mis fav #cinnamonroll #rollosdecanela #keto#lowcarb#ketocarnivore  . Necesitaremos  150gr de queso mozzarella  1 cucharada de queso crema  1 cucharada de edulcorante  Canela al gusto 2 huevos  1 cucharadita de cremor tartaro l polvo de honear  1 taza de chicharrón molido. 1 1/2 cucharada de edulcorante y canela para el relleno . Hornea a 165grados por 20 min y disfruta. . #cook#cooking#chicharron #beba#en123asidefacilconbeba #en123asidefacil#cookingathometiktoktv ##cookingtiktok #cookingtips #cookingvideo #recetas#recetasketo#recetasfaciles #recetasaludable ,108080,7.274026617033558e+18,UNSTOPPABLE EVENING,133.0,f,https://tiktok.com/@/video/7420177840374648097,6904368825894994945,f,"[""cinnamonroll"",""rollosdecanela"",""keto"",""lowcarb"",""ketocarnivore"",""cook"",""cooking"",""chicharron"",""beba"",""en123asidefacilconbeba"",""en123asidefacil"",""cookingathometiktoktv"",""cookingtiktok"",""cookingtips"",""cookingvideo"",""recetas"",""recetasketo"",""recetasfaciles"",""recetasaludable""]"
7507687734429912363,1748019814,"Welcome to @Jive Turkey Southern Kitchen  📍18456 Grand River Ave, Detroit, MI For all my turkey lovers — this one’s a hidden gem you need to pull up on! 100% TURKEY SOUL FOOD — from BBQ Turkey Ribs (yes, ribs!) to Jerk Wings to STUFFED Turkey Drums… it’s all fire. And don’t forget that #MotownMunchMeal: Fried Turkey Chops, Yams & Greens — straight pressure! Sides slap. Service quick. Everything hit. Black-owned. Black excellence. 🔎 Soul Food Near Me 🔥 Turkey Everything ❤️ Detroit Soul Food #MotownMunch #DetroitEats #TurkeyEverything #SoulFoodSpot #BlackOwnedBusiness #HiddenGem #FoodieDetroit #jiveturkeysoulkitchen #jiveturkeydetroit #foodnearme #soulfood #detroitsoulfood #turkeyribs #turkeytenders #turkeychops #metrodetroit #detroitfoodie ",63062,7.274026617033558e+18,UNSTOPPABLE EVENING,133.0,f,https://tiktok.com/@/video/7507687734429912363,7381861741371950123,f,"[""motownmunchmeal"",""motownmunch"",""detroiteats"",""turkeyeverything"",""soulfoodspot"",""blackownedbusiness"",""hiddengem"",""foodiedetroit"",""jiveturkeysoulkitchen"",""jiveturkeydetroit"",""foodnearme"",""soulfood"",""detroitsoulfood"",""turkeyribs"",""turkeytenders"",""turkeychops"",""metrodetroit"",""detroitfoodie""]"
7499840462304529710,1746192746,Safest Neighborhoods in Queens New York part 2 #newyorkcity #queensny #nyc #newyork #placestovisit #thingstodo #fyp #foryoupage #travel ,185742,7.274026617033558e+18,UNSTOPPABLE EVENING,133.0,f,https://tiktok.com/@/video/7499840462304529710,7306758804652475435,f,"[""newyorkcity"",""queensny"",""nyc"",""newyork"",""PlacesToVisit"",""thingstodo"",""fyp"",""foryoupage"",""travel""]"
7464829915884490014,1738041222,should I add povs at the end ? Someone said to but lmk if it’s valid  #datenight #datenightoutfit #datenightoutfitideas #outfit #rick #rickowens #rickowensonline #opiumcore #fyp #fypシ #foryoupage ,56935,7.274026617033558e+18,UNSTOPPABLE EVENING,133.0,f,https://tiktok.com/@/video/7464829915884490014,7378388742576587819,f,"[""datenight"",""datenightoutfit"",""datenightoutfitideas"",""outfit"",""rick"",""rickowens"",""rickowensonline"",""opiumcore"",""fyp"",""fyp\u30b7"",""foryoupage""]"
7416870788202106154,1726874805,In Native American and indigenous culture hair is more than just hair or a style. For different nations and tribes hair is considered a connection to creator and the spiritual world. Many natives are against cutting their hair and keep their hair in braids as part of that. They may only cut it when mourning or for other ceremonial reasons. This does vary by tribe as Native Americans are not a monolith so each tribe or nation may have its own beliefs regarding hair. Considering Native American and indigenous identity remember that hair is something that’s important and sometimes sacred and not just a Style. #nativetiktok #nativefamily #nativeamerican ,57633,7.274026617033558e+18,UNSTOPPABLE EVENING,133.0,f,https://tiktok.com/@/video/7416870788202106154,6673666490740376581,f,"[""nativetiktok"",""nativefamily"",""nativeamerican""]"
7497252321240435999,1745590097,"Burnt out. Burning out happens to everyone, and it’s okay to make sure you’re taking care of yourself.  It’s hard to come home from work some days and get yourself in the right mood to see your family. I think it’s important to have a solid separation between work life and home life. No matter what happens during my day, my boys will always be excited to see their dad come home.  I don’t always want to come home and do little chores or clean up the boys messes, but I do it anyways. There are always going to be things we don’t want to do, but sometimes you have to suck it up and get it done.  I truly don’t have much to complain about in life, but everyone has their days.  I am so thankful I get to spend so much time with Leo and Luka, because I know not every dad has the privilege of doing so.  #dadlife #twins #parenting #identicaltwins #identicaltwinboys #twinboys #reels #twin #cleaning ",102645,7.274026617033558e+18,UNSTOPPABLE EVENING,133.0,f,https://tiktok.com/@/video/7497252321240435999,11899457,f,"[""dadlife"",""twins"",""parenting"",""identicaltwins"",""identicaltwinboys"",""twinboys"",""reels"",""twin"",""cleaning""]"
7473907288932371758,1740154708,pov car detailing: when the customer is a PRO 😭 #detailing ,92551,7.274026617033558e+18,UNSTOPPABLE EVENING,133.0,f,https://tiktok.com/@/video/7473907288932371758,7212666874759431211,f,"[""detailing""]"
7466206046642507051,1738361596,How to Win EVERY Carnival Game! 🎡 #arcadewarrior #arcade #carnivalgames #carnival #hack #foryou #fyp ,236947,7.274026617033558e+18,UNSTOPPABLE EVENING,133.0,f,https://tiktok.com/@/video/7466206046642507051,6731148816932815877,f,"[""arcadewarrior"",""arcade"",""carnivalgames"",""carnival"",""hack"",""foryou"",""fyp""]"
7464645125520772398,1737998188,"Mall of America Day 1: Food, rides, and fun! 🎡  Had no idea those Nickelodeon rides were gonna be that wild 😅 Full MOA vlog on YT! ✨ Drop a 🎢 if you've been! #mallofamerica #minnesota #familytravel #nickelodeonuniverse #teamreesetravels #traveltiktok #travelwithkids #moatiktok #minnesotatravel #teamreesetravels ",50682,7.274026617033558e+18,UNSTOPPABLE EVENING,133.0,f,https://tiktok.com/@/video/7464645125520772398,6878432915560334341,f,"[""mallofamerica"",""minnesota"",""familytravel"",""nickelodeonuniverse"",""teamreesetravels"",""traveltiktok"",""travelwithkids"",""moatiktok"",""minnesotatravel""]"
7467440589663948074,1738649056,Houston Food Tour: EPISODE 2  (JLB Eatery)  @JLB Eatery  #foodnoob #thefoodnoob #series #houston,53770,7.274026617033558e+18,UNSTOPPABLE EVENING,133.0,f,https://tiktok.com/@/video/7467440589663948074,6991185150106076165,f,"[""foodnoob"",""thefoodnoob"",""series"",""houston""]"
7472633279263411486,1739858073,From watches ➡️ gold and Jewlery we have it send us a dm or text  • • • • • • • • #gold #cuban #cubanchain #jewelry #jewellery #goldchain #work #la #watches #diamonds #rolex #gamzoandco,96325,7.274026617033558e+18,UNSTOPPABLE EVENING,133.0,f,https://tiktok.com/@/video/7472633279263411486,6655532633403604998,f,"[""gold"",""cuban"",""cubanchain"",""jewelry"",""jewellery"",""goldchain"",""work"",""la"",""watches"",""diamonds"",""rolex"",""gamzoandco""]"
7478003201359252758,1741108304,Learn to conjugate regular -AR verbs in Spanish. Take a look at the endings in each form and try to remember them 📝 Aprende a conjugar los verbos regulares de la primera conjugación (los terminados en -AR) en español. Fíjate bien en las terminaciones y trata de recordarlas. #learnspanish #spanishvocabulary #spanishclass #spanishteacher #studyspanish #spanishlanguage #languagelearning #spanishgrammar #speakspanish #spanishlesson #spanishclasses #spanishtutor #imparaspagnolo #impararespagnolo #apprendrelespagnol #apprendreespagnol #aprenderespanhol #aprendaespanhol #learningspanish #dele #spain #spanish #madrid #spanishtiktok  Learn Spanish for real life. Aprende español para la vida real.,43343,7.274026617033558e+18,UNSTOPPABLE EVENING,133.0,f,https://tiktok.com/@/video/7478003201359252758,7457660353435616289,f,"[""learnspanish"",""spanishvocabulary"",""spanishclass"",""spanishteacher"",""studyspanish"",""spanishlanguage"",""languagelearning"",""spanishgrammar"",""speakspanish"",""spanishlesson"",""spanishclasses"",""spanishtutor"",""imparaspagnolo"",""impararespagnolo"",""apprendrelespagnol"",""apprendreespagnol"",""aprenderespanhol"",""aprendaespanhol"",""learningspanish"",""dele"",""spain"",""spanish"",""madrid"",""spanishtiktok""]"
7464689030920326446,1738008414,Replying to @Chantel Meckl such a cute detail to add to pretzels! 🥹 what do you think? #edibleimages #edibleimage #treatmaker #baker #dippedtreats #chocolatecoveredtreats #tutorial #chocolatecoveredpretzels #bts #behindthescenes #diy ,47836,7.274026617033558e+18,UNSTOPPABLE EVENING,133.0,f,https://tiktok.com/@/video/7464689030920326446,6840505181600973830,f,"[""edibleimages"",""edibleimage"",""treatmaker"",""baker"",""dippedtreats"",""chocolatecoveredtreats"",""tutorial"",""chocolatecoveredpretzels"",""bts"",""behindthescenes"",""DIY""]"
7501807513797397806,1746650715,Safest Neighborhoods in San Antonio Texas part 1 #sanantonio #texas #downtownsanantonio #newbraunfelstexas #sanantoniotx #placestovisit #thingstodo #fyp #foryoupage #travel ,130087,7.274026617033558e+18,UNSTOPPABLE EVENING,133.0,f,https://tiktok.com/@/video/7501807513797397806,7306758804652475435,f,"[""sanantonio"",""texas"",""downtownsanantonio"",""newbraunfelstexas"",""sanantoniotx"",""PlacesToVisit"",""thingstodo"",""fyp"",""foryoupage"",""travel""]"
7459147734948367662,1736718175,Mic’d Up LIVE ABs‼️⚾️🔥 #baseball #baseballseason #baseballszn #baseballplayer #d1 #baseballplayers #college #collegebaseball #d1baseball #d1athlete #athlete #studentathlete #d1life #athletesoftiktok #athletes #athletelife #baseballboys #baseballlife #micdupplayers #micdupworkout #micdup #battingcages #battinggloves #batting #hittingmechanics #hittingcoach #hittingdrills #hitting #trend #viral #liveatbats #fyp #foryou #foryoupage ,61151,7.274026617033558e+18,UNSTOPPABLE EVENING,133.0,f,https://tiktok.com/@/video/7459147734948367662,7150309638608684075,f,"[""baseball"",""baseballseason"",""baseballszn"",""baseballplayer"",""d1"",""baseballplayers"",""college"",""collegebaseball"",""d1baseball"",""d1athlete"",""athlete"",""studentathlete"",""d1life"",""athletesoftiktok"",""athletes"",""athletelife"",""baseballboys"",""baseballlife"",""micdupplayers"",""micdupworkout"",""micdup"",""battingcages"",""battinggloves"",""batting"",""hittingmechanics"",""hittingcoach"",""hittingdrills"",""hitting"",""trend"",""viral"",""liveatbats"",""fyp"",""foryou"",""foryoupage""]"
7461793473264438558,1737334203,Accuplacer/Pert/Act/Sat/Tsi: Can you solve this equation?#mathtrick #algebra #mathhelp #studytok #canyousolveit #canyousolvethis #stemtok #mathmadeeasybyprofessorg #fyp #fypシ゚viral #math #maths #mathematics #blackticktok #highschool #middleschool #college #accuplacer #accuplacermath #accuplacertest #accupacerhelp #accuplacerstudyguide #pert #act #sat #tsi #digitalsat #sattutor #acttutor #jacksonville #jacksonvilleflorida #neworleans #atlanta #birmingham #louisiana #arkansas #houston #dallas #texas #california #la #sandiego #sanfrancisco #memphis #nashville #tennessee #chicago #detroit #newyork #bronx #dc #charlotte #tampa #orlando #miami #florida #sanjuan #puertorico #canada🇨🇦 ,368833,7.274026617033558e+18,UNSTOPPABLE EVENING,133.0,f,https://tiktok.com/@/video/7461793473264438558,7216921241662948394,f,"[""mathtrick"",""algebra"",""mathhelp"",""studytok"",""canyousolveit"",""canyousolvethis"",""STEMTok"",""mathmadeeasybyprofessorg"",""fyp"",""fyp\u30b7\u309aviral"",""math"",""maths"",""mathematics"",""blackticktok"",""highschool"",""middleschool"",""college"",""accuplacer"",""accuplacermath"",""accuplacertest"",""accupacerhelp"",""accuplacerstudyguide"",""pert"",""act"",""sat"",""tsi"",""digitalsat"",""sattutor"",""acttutor"",""jacksonville"",""jacksonvilleflorida"",""neworleans"",""atlanta"",""birmingham"",""louisiana"",""arkansas"",""houston"",""dallas"",""texas"",""california"",""la"",""sandiego"",""sanfrancisco"",""memphis"",""nashville"",""tennessee"",""chicago"",""detroit"",""newyork"",""bronx"",""dc"",""charlotte"",""tampa"",""orlando"",""miami"",""florida"",""sanjuan"",""puertorico"",""canada\ud83c\udde8\ud83c\udde6""]"
7458038499799731499,1736459910,"Click the link in my bio to see my 5 FAVORITE headache exercises! Do you experience daily or weekly ongoing headaches? Does your entire head just feel really sensitive? And if you touch almost anywhere in the region it hurts?  Very commonly, this can be due to peripheral and central sensitization .  The longer you’re in pain or experiencing headaches, the more dysfunctional, your nervous system becomes reacting to normal sensations as if they were painful keeping you extremely sensitive. One of the ways that we can reverse. This is by providing normal input through those muscles by releasing them. This will start normalizing sensations in communication between the brain and the receptors in your body.  Now what this does not account for is why you are having the headaches in the first place… to figure that out we need to identify the root cause . Comment the word ‘HEADACHE’ on this post if you help identifying the root cause of your headaches! #headaches #headacherelief #migraine #migrainerelief #chronicpain #tmjdisorder #tmd #neckpain #neckpainrelief",187560,7.274026617033558e+18,UNSTOPPABLE EVENING,133.0,f,https://tiktok.com/@/video/7458038499799731499,7016500196452893701,f,"[""headaches"",""headacherelief"",""migraine"",""migrainerelief"",""chronicpain"",""tmjdisorder"",""tmd"",""neckpain"",""neckpainrelief""]"
7488340664246127902,1743515220,"Back from Japan, severely jet lagged, and the boys are sick 👌🏻 Some days aren’t always sunshine and rainbows, but these are the ones that make us stronger. This is real life, and I am here to tell you that EVERYONE has days like this. Just because you don’t see it all over social media, that doesn’t mean it’s not happening behind the scenes. I love being able to show real moments of our life, because I don’t see it enough.  We aren’t perfect, and that’s what makes life so great. There is always an opportunity to bounce back and have a better day tomorrow. Just know that I am rooting for you if you’re having one of those days.  👊🏻😊 #twins #dadlife #parenting #identicaltwins #twinboys #reels #twin #cleaning #identicaltwinboys ",45034,7.274026617033558e+18,UNSTOPPABLE EVENING,133.0,f,https://tiktok.com/@/video/7488340664246127902,11899457,f,"[""twins"",""dadlife"",""parenting"",""identicaltwins"",""twinboys"",""reels"",""twin"",""cleaning"",""identicaltwinboys""]"
7464729648660860202,1738017873,"Ever been to “THE BEST THING FLOPPING” in RED OAK, TEXAS in The JOHNSON SQUARE #foodies #texas #redoak #greggs ",74919,7.274026617033558e+18,UNSTOPPABLE EVENING,133.0,f,https://tiktok.com/@/video/7464729648660860202,6754839289869534213,f,"[""foodies"",""texas"",""redoak"",""greggs""]"
7473611441908747566,1740085811,Can a broken surfbosrd be fixed? These are the jobs no one wants to do. This board will surf again and very well at that! How do y’all feel about surfing boards that were snapped in half? #restoration #surfboard ,53430,7.274026617033558e+18,UNSTOPPABLE EVENING,133.0,f,https://tiktok.com/@/video/7473611441908747566,7246928759384196142,f,"[""restoration"",""surfboard""]"
7509631420847885599,1748472338,"If you’ve been searching for affordable Korean BBQ in Pembroke Pines, @Chow One Korean Steakhouse  should be your next stop. At just $26 for lunch and $32 for dinner, you get an all-you-can-eat Korean BBQ experience with premium meats—including wagyu at dinner. We especially loved the flavorful beef bulgogi, and I’m still thinking about that crispy seafood pancake starter. You order three items at a time—your choice of starters, sides, and meats—and they’re delivered by robot. Yes, really. It’s fun, filling, and perfect for groups. Located at 8369 Pines Blvd, Pembroke Pines, FL 33024, Chow One offers a stylish, modern vibe that makes it a great spot for weekday lunches or casual dinner plans that feel like an experience. #pembrokepines #broward #koreanbbq #allyoucaneat #miamirestaurant #miamifood ",143022,7.274026617033558e+18,UNSTOPPABLE EVENING,133.0,f,https://tiktok.com/@/video/7509631420847885599,7023344153938707462,f,"[""pembrokepines"",""broward"",""koreanbbq"",""allyoucaneat"",""miamirestaurant"",""miamifood""]"
7514709271142042923,1749654667,"Size Matters, so how do you know what choice works for you? Exhaust Pipe Diameters EXPLAINED . Check out our online store>>>exhaustaddicts.com . DM us for prices and info! . Call us at 615-612-6244! . Located at Discount Muffler & Custom Exhaust 3560 Dickerson Pike Nashville, TN! . #exhaustaddicts #exhaust #exhaustsystem #exhausts #exhaustsound #3inch #turbo #turbocharged #supercharged #v6 #v8 #v8engine #v8power #flow #instagram #reels #reelsi̇nstagram #fyp #fy ",76921,7.274026617033558e+18,UNSTOPPABLE EVENING,133.0,f,https://tiktok.com/@/video/7514709271142042923,6998129921340916742,f,"[""exhaustaddicts"",""exhaust"",""exhaustsystem"",""exhausts"",""exhaustsound"",""3inch"",""turbo"",""turbocharged"",""supercharged"",""v6"",""v8"",""v8engine"",""v8power"",""flow"",""instagram"",""reels"",""reelsi"",""fyp"",""fy""]"
7504895762938055978,1747369783,Here are five things to do on Bainbridge island! Comment for a part 2 ❤️ #bainbridge #bainbridgeisland #seattle #seattlethingstodo #seattletiktok ,74259,7.274026617033558e+18,UNSTOPPABLE EVENING,133.0,f,https://tiktok.com/@/video/7504895762938055978,6611669426054201350,f,"[""bainbridge"",""bainbridgeisland"",""seattle"",""seattlethingstodo"",""seattletiktok""]"
7462149735181323562,1737417140,Part 5: WE ARE DONE ❤️call me Picasso. Next up hanging this beauty up and instal a picture light on top 🥹❤️ what do y’all think? #art#diyproject #diyart #artwork #diyhomedecor #diydesign #painting #artistsoftiktok #diyproject #diyhome @Major Oni ,58490,7.274026617033558e+18,UNSTOPPABLE EVENING,133.0,f,https://tiktok.com/@/video/7462149735181323562,6894074820368565253,f,"[""art"",""diyproject"",""diyart"",""artwork"",""diyhomedecor"",""diydesign"",""painting"",""artistsoftiktok"",""diyhome""]"
7494730495054351658,1745002938,We will see YOU at our Easter Event TOMORROW! 🐰✨ Juliana Cázares  (503) 868-1205 @Juliana Cazares  Exp Realty  Licensed Real Estate Broker in Oregon 🌲 #realestate #realestateagent #realtor #agentedebienesraices #bienesraices #houses #homes #explore #interiordesign #forsale #casas #casasenventa #sevende #realestatebroker #salem #salemor #salemoregon #woodburn #woodburnor #woodburnoregon #portland #portlandor #portlandoregon ,368448,7.274026617033558e+18,UNSTOPPABLE EVENING,133.0,f,https://tiktok.com/@/video/7494730495054351658,7356377021595730987,f,"[""realestate"",""realestateagent"",""realtor"",""agentedebienesraices"",""bienesraices"",""houses"",""homes"",""explore"",""interiordesign"",""forsale"",""casas"",""casasenventa"",""sevende"",""realestatebroker"",""salem"",""salemor"",""salemoregon"",""woodburn"",""woodburnor"",""woodburnoregon"",""portland"",""portlandor"",""portlandoregon""]"
7463262702270418218,1737676270,“Story Time With Ty” Part 4 - How I Started As A Mobile Mechanic at 24 Years Old #mobilemechanic #mechanic #carsoftiktok #cartok #storytime #story #fyp #foryou #cars #carslover #businessowner ,59281,7.274026617033558e+18,UNSTOPPABLE EVENING,133.0,f,https://tiktok.com/@/video/7463262702270418218,7174460062907401262,f,"[""mobilemechanic"",""mechanic"",""carsoftiktok"",""cartok"",""storytime"",""story"",""fyp"",""foryou"",""cars"",""carslover"",""businessowner""]"
7459952774164368670,1736905618,Not your everyday dinner but a great addition to add to your list of things to try. As a kid I thought that my sister was nuts ordering eggs at a Chinese restaurant when there were so many other options but then one day she convinced me to just give it a try…. I had missed out for years. Use any protein that you like but of course anything other than them shrimp will need to be cooked first.  *I use 3/4 cup of the egg mixture for each patty which is equivalent to about 3 large eggs. ,90516,7.274026617033558e+18,UNSTOPPABLE EVENING,133.0,f,https://tiktok.com/@/video/7459952774164368670,6984113203044467717,f,[]
7370049977428593966,1715973492,"Let try this new Dollar Tree beauty find from @LA COLORS Cosmetics 🎉✨🎉 The packaging of the lipgloss is gorgeous plus the tattoo stamps are so fun! Other brands are going for over $5, so $1.25 is worth a try! #dollartree #dollartreebeauty #dollartreefinds #lacolorscosmetics #boujeeonabudget #beautyonabudget #dollarstoremakeup #dollartreemakeup #lookforless #dollartreeshopping #beautyfinds #frugalmom #shopwithmedollartree ",138074,7.274026617033558e+18,UNSTOPPABLE EVENING,133.0,f,https://tiktok.com/@/video/7370049977428593966,6825423951629452293,f,"[""dollartree"",""dollartreebeauty"",""dollartreefinds"",""lacolorscosmetics"",""boujeeonabudget"",""beautyonabudget"",""dollarstoremakeup"",""dollartreemakeup"",""lookforless"",""dollartreeshopping"",""beautyfinds"",""frugalmom"",""shopwithmedollartree""]"
7501083257572691231,1746482072,chicken caesar wraps are my newest lunch obsession #regionalflightattendant #flightattendant #crewlife #cabincrew #regionalairline #lifeofaflightattendant #flightattendantlifestyle #flightattendantmealprep #mealprepideas,38548,7.274026617033558e+18,UNSTOPPABLE EVENING,133.0,f,https://tiktok.com/@/video/7501083257572691231,6737480179831571461,f,"[""regionalflightattendant"",""flightattendant"",""crewlife"",""cabincrew"",""regionalairline"",""lifeofaflightattendant"",""flightattendantlifestyle"",""flightattendantmealprep"",""mealprepideas""]"
7476516132803857694,1740762104,St.Louis style fried rice in Texas Part 2…Where should I try next?  #stlfood #dallasfood ##pandadelite#foodtok#FoodTokview #arlingtontx #dfw ,62908,7.274026617033558e+18,UNSTOPPABLE EVENING,133.0,f,https://tiktok.com/@/video/7476516132803857694,6789269024258655237,f,"[""stlfood"",""dallasfood"",""pandadelite"",""FoodTok"",""arlingtontx"",""dfw""]"
7505213624516922655,1747443737,Come with me for eyebrow threading and lamination as someone that is new to the DMV. #dmv #dc #maryland #virgina #fyp #eyebrows #lamination #eyebrowthreading ,125894,7.274026617033558e+18,UNSTOPPABLE EVENING,133.0,f,https://tiktok.com/@/video/7505213624516922655,7070186151858013230,f,"[""dmv"",""dc"",""maryland"",""virgina"",""fyp"",""eyebrows"",""lamination"",""eyebrowthreading""]"
7498925310394682670,1745979642,Highly recommend planning to spend the entire day here #palmsprings #spaday #thingstodoinpalmsprings #palmspringsspa #traveltiktok #socal #girlsgetaway #spaday #creatorsearchinsights #thespaatseche,89199,7.274026617033558e+18,UNSTOPPABLE EVENING,133.0,f,https://tiktok.com/@/video/7498925310394682670,7340604500262405163,f,"[""palmsprings"",""spaday"",""thingstodoinpalmsprings"",""palmspringsspa"",""traveltiktok"",""socal"",""girlsgetaway"",""creatorsearchinsights"",""thespaatseche""]"
7359197090288848171,1713446615,"Which Outfit You Rockin With, 1, 2, Or 3  For The Travis Scott Canary’s 👟 ❓ #nike #jordan #travis #travisscott #canary #elkins #sneakers #foryou #foryoupage #fyp ",88938,7.274026617033558e+18,UNSTOPPABLE EVENING,133.0,f,https://tiktok.com/@/video/7359197090288848171,6882811036690400261,f,"[""nike"",""jordan"",""travis"",""travisscott"",""canary"",""elkins"",""sneakers"",""foryou"",""foryoupage"",""fyp""]"
7469384701761948958,1739101833,"There’s so many benefits to starting onions indoors from seed versus starting onions from sets or transplants. Here’s the benefits: 🌱 It’s more cost effective to start onions from seed than any other method 🌱 There’s more control over selecting onions that grow best in your zone (I.e. long day, short day, intermediate day onions) 🌱There’s more onion varieties to choose from when starting from seed  🌱 Onion bulbs grow larger from seed than growing from onion sets 🌱 More control over timing your harvests  What’s your favorite way to grow onions? #gardening #growfood #onion  #growfood #gardentok #gardentiktok #tiktokuniversity #growonions #seedstarting #gardening101 #hillmantok ",30986,7.274026617033558e+18,UNSTOPPABLE EVENING,133.0,f,https://tiktok.com/@/video/7469384701761948958,7302400503396172846,f,"[""gardening"",""growfood"",""onion"",""gardentok"",""gardentiktok"",""tiktokuniversity"",""growonions"",""seedstarting"",""gardening101"",""hillmantok""]"
7412635781577133354,1725888770,"Our weakness is pretty books 😍 which feature is your favorite? #torpublishinggroup #torbooks #sprayededges #designededges #stencilededges #foilcasestamp #prettybooks #somewherebeyondthesea #thehouseintheceruleansea #wolfsong #ravensong #tjklune #thecoven #thecursed #harperlwoods @Harper L. Woods #thespellshop #sarahbethdurst @Sarah Beth Durst #sixscorchedroses #carissabroadbent @Carissa Broadbent  [video description: A pile of books with colorful sprayed and stenciled edges. Text on screen reads: pretty book appreciation post🩷. The video then features each title, showing off special designed elements under the dust jacket or on the edges. Books featured: a hardcover copy of Six Scorched Roses by Carissa Broadbent, hardcover copies of The Coven and The Cursed by Harper L. Woods, hardcover copies of Somewhere Beyond the Sea and The House in the Cerulean Sea by TJ Klune, a hardcover copy of The Spellshop by Sarah Beth Durst, and paperback copies of Wolfsong and Ravensong by TJ Klune.]",34329,7.274026617033558e+18,UNSTOPPABLE EVENING,133.0,f,https://tiktok.com/@/video/7412635781577133354,7129569458045289514,f,"[""torpublishinggroup"",""torbooks"",""sprayededges"",""designededges"",""stencilededges"",""foilcasestamp"",""prettybooks"",""somewherebeyondthesea"",""thehouseintheceruleansea"",""wolfsong"",""ravensong"",""tjklune"",""thecoven"",""thecursed"",""harperlwoods"",""thespellshop"",""sarahbethdurst"",""sixscorchedroses"",""carissabroadbent""]"
7487701027139980586,1743366284,"The location I went to was 59 N 7th Trfy Kansas City, Kansas 66101. 🐔 Items ordered: Half order of gizzards Wing pack Extra g-sauce  Have you ever tried Go Chicken Go? How was your experience? #gochickengo #fypシ #chicken #wings #rolls #sauces #kc #kcmo #kck #kansas  #missouri #kansascity ",49098,7.274026617033558e+18,UNSTOPPABLE EVENING,133.0,f,https://tiktok.com/@/video/7487701027139980586,7086184550614959146,f,"[""gochickengo"",""fyp\u30b7"",""chicken"",""wings"",""rolls"",""sauces"",""kc"",""kcmo"",""kck"",""kansas"",""missouri"",""kansascity""]"
7397615952571026730,1722391690,Experience the deliciousness of our Amish halal deboned and grilled chicken—perfectly tender and full of flavor!  #expresspoultryandfish #amishchildren #halal #halalfood #halalchicken #debonedchicken #dearborn #dearbornheights ,68498,7.274026617033558e+18,UNSTOPPABLE EVENING,133.0,f,https://tiktok.com/@/video/7397615952571026730,7218154552067703854,f,"[""expresspoultryandfish"",""amishchildren"",""halal"",""halalfood"",""halalchicken"",""debonedchicken"",""dearborn"",""dearbornheights""]"
7462467255939452191,1737491101,"Full tour of this stunning 4-bed, 4.5-bath duplex in Murray Hill with 20-ft ceilings, over 3,800 sq. ft., and breathtaking East River views! 🌅 High-end finishes, a private elevator, and luxury amenities—listed at $8.8M. Is this your dream home? 🏡 #nyc #apartmenttour #nycrealestate #nycapartment #interiordesign #housetour #murrayhill #duplexapartment ",29133,7.274026617033558e+18,UNSTOPPABLE EVENING,133.0,f,https://tiktok.com/@/video/7462467255939452191,119081102190821376,f,"[""nyc"",""apartmenttour"",""nycrealestate"",""nycapartment"",""interiordesign"",""housetour"",""murrayhill"",""duplexapartment""]"
7473903491426127150,1740153822,Home organization from @Dollar Tree makes my heart happy 🤍 Check out these kitchen organization hacks! #kitchenhacks #homeorganization #organizewithme #dollartree #organizedhome #organizedkitchen #organizationhacks #dollartreehacks #dollartreediy #organizationideas ,124473,7.274026617033558e+18,UNSTOPPABLE EVENING,133.0,f,https://tiktok.com/@/video/7473903491426127150,7048438388920419333,f,"[""KitchenHacks"",""homeorganization"",""organizewithme"",""dollartree"",""organizedhome"",""organizedkitchen"",""organizationhacks"",""dollartreehacks"",""dollartreediy"",""organizationideas""]"
7474008058537020718,1740178143,Surprise! I’m going to be tracking my rx7 fc on the 23rd of February at Laguna seca!  This track event is hosted and executed by turn8racing (you can find them on Instagram! I couldn’t be more excited and stay tuned for more content on the track :) #CapCut #CarCulture #CarCommunity #CarEnthusiast #PerformanceEdits #AutoPerformance #rx7 #CarMods #TuningEdits #ModifiedCars #CarLifestyle #CarObsessed #CarPassion #foryoupage ,13458,7.274026617033558e+18,UNSTOPPABLE EVENING,133.0,f,https://tiktok.com/@/video/7474008058537020718,7330876042775479342,f,"[""capcut"",""carculture"",""carcommunity"",""carenthusiast"",""performanceedits"",""autoperformance"",""rx7"",""carmods"",""tuningedits"",""modifiedcars"",""carlifestyle"",""carobsessed"",""carpassion"",""foryoupage""]"
7481804443311295786,1741993378,"This Echo Park/Downtown industrial unit is the coolest spot to hit the rental scene in a minute. We also have unit A that is ready to go as well and is a larger unit if needed - video tour coming soon! When I shit this video there were still workers on-site. They were working on unit A so when I go back to shoot that one, I’ll take more exterior shots, but they had a lot of work equipment out 🥹🥹 #rentingla #larealestate #losangelesrealestate #forlease #therentalgirl #losangelesrealtor #dtlaforrent #echoparkrental #industrial ",34077,7.274026617033558e+18,UNSTOPPABLE EVENING,133.0,f,https://tiktok.com/@/video/7481804443311295786,6832076485991269382,f,"[""rentingla"",""larealestate"",""losangelesrealestate"",""forlease"",""therentalgirl"",""losangelesrealtor"",""dtlaforrent"",""echoparkrental"",""industrial""]"
7458714050285964590,1736617203,"Buttermilk pancake mix at home!  Dry mix recipe: 4 cups AP flour 1/4 cup baking powder  4 tsp baking soda  4 tbsp sugar  1 tsp salt (Add 1/2 - 1 c sprinkles for funfetti pancakes) Makes 5-6 batches Store mix in airtight container up to 6 months When ready to make pancakes, combine 1 cup mix with the following wet ingredients: 1/2 c + 2 tbsp buttermilk  3 tbsp butter  1 tbsp vanilla extract 1 egg This will make 5-6 pancakes if 1/4 c pancake batter is used, pancakes will be about 5 inches  #hack #hacks #tipsandtricks #breakfast ",55981,7.274026617033558e+18,UNSTOPPABLE EVENING,133.0,f,https://tiktok.com/@/video/7458714050285964590,7265465876009403435,f,"[""hack"",""hacks"",""tipsandtricks"",""breakfast""]"
7485792600746741038,1742921952,One of my biggest solo clean ups yet! Side walk looking a lot better for all you pedestrians who just can’t wait to be walking down Nimitz highway. Let me know where I should clean up next! #trashcleanup #hawaii #satisfyingcleans #communityservice ,16241,7.274026617033558e+18,UNSTOPPABLE EVENING,133.0,f,https://tiktok.com/@/video/7485792600746741038,7016933042481644549,f,"[""trashcleanup"",""hawaii"",""satisfyingcleans"",""communityservice""]"
7466974653869755678,1738540552,"Reviewing One of The Best Italian Restaurants With The Best Chicken Parm In NYC, Emilio’s Ballato Taste Test #nycfood #nycrestaurants #italianfood #chicken #fyp #tastetest #foodcritic #nyceats #foodreview #nycfoodie #foodtiktok ",36626,7.274026617033558e+18,UNSTOPPABLE EVENING,133.0,f,https://tiktok.com/@/video/7466974653869755678,6922244559263876102,f,"[""nycfood"",""nycrestaurants"",""italianfood"",""chicken"",""fyp"",""tastetest"",""foodcritic"",""nyceats"",""foodreview"",""nycfoodie"",""foodtiktok""]"
7465875026622041390,1738284531,"Risograph printing joss paper for @Chef Bon 😳🥶 ‘s Lunar New Year party! Some fun experiments in riso colors, me and that scarlet are like this rn 🤞🤞🤞 #lunarnewyear #risograph #risoprint #josspaper #lny2025 #printing ",24282,7.274026617033558e+18,UNSTOPPABLE EVENING,133.0,f,https://tiktok.com/@/video/7465875026622041390,6672449342349493253,f,[]
7463870760818363679,1737817886,"Replying to @kayann_37 To clear the air… The amount of fluoride that is in toothpaste is NOT toxic. Fluoride is very beneficial to many people for staying cavity free, and some people need fluoride for a variety of reasons. Everyone is different, so your dental needs will be different.  #toothpaste #dentist #fluoride #fluoridefree #dental #besttoothpaste ",32451,7.274026617033558e+18,UNSTOPPABLE EVENING,133.0,f,https://tiktok.com/@/video/7463870760818363679,7328158461024027694,f,"[""toothpaste"",""dentist"",""fluoride"",""fluoridefree"",""dental"",""besttoothpaste""]"
7461793031218384159,1737334097,"COZY COFFEE SHOP IN NORTH HOUSTON ☕️ If we’re spending the day up north, @Barbarossacoffeeroasters is always our go-to. 🌱 They’ve got the coziest vibes, incredible coffee roasted in-house, and pastries and breakfast items that are absolutely to die for (their croissants are made in-house too!). To our fellow coffee nerds, this one’s for you! More reasons you’ll love them: 🫘 Coffee roasted in-house with beans from 13 origins, plus a tray of their single-origin beans you can smell before ordering your perfect cup ☕️ They offer an array of brewing methods, including the siphon and aeropress  🥐 Freshly baked croissants, cookies, cheesecake, and more 🤓 Monthly espresso and latte art workshops  🪑 Tons of seating — perfect for a WFH day or catching up with friends 🎶 Live music on select Thursdays — it’s such a vibe! P.S. A little birdie told us that a 2-story Magnolia location is in the works and will be opening soon! 🐥 #houstontx #htx #coffeeshop #houstoncoffeeshop ",110282,7.274026617033558e+18,UNSTOPPABLE EVENING,133.0,f,https://tiktok.com/@/video/7461793031218384159,6618185921890467846,f,"[""houstontx"",""htx"",""coffeeshop"",""houstoncoffeeshop""]"
7477347802331319598,1740955737,Highlights of the week!  #pizzalover #pizza #smallbusinessowner #dueñadenegociopequeño #nrh #dallastx #fortworthfoodie #localbusiness #fortworthtx #spendthedaywithme #popularpizzas #fyp #buylocal #smallbusiness ,96764,7.274026617033558e+18,UNSTOPPABLE EVENING,133.0,f,https://tiktok.com/@/video/7477347802331319598,7444276015943648299,f,"[""pizzalover"",""pizza"",""smallbusinessowner"",""due\u00f1adenegociopeque\u00f1o"",""nrh"",""dallastx"",""fortworthfoodie"",""localbusiness"",""fortworthtx"",""spendthedaywithme"",""popularpizzas"",""fyp"",""buylocal"",""SmallBusiness""]"
7499566277355179306,1746128858,One piece cafe #onepiece #anime #onepiececafe #foodtiktok ,47806,7.274026617033558e+18,UNSTOPPABLE EVENING,133.0,f,https://tiktok.com/@/video/7499566277355179306,6913253494740911110,f,"[""onepiece"",""anime"",""onepiececafe"",""foodtiktok""]"
7463149846766275886,1737649998,"PART 2: Do you have rounded shoulders?  Typically along with this you may notice your head comes forward or your back is a little hunched. Maybe you also experienced neck tension, headaches or jaw pain? But then again, you don’t have to experience any of that, but you can still have rounded shoulders. Some people want to get out of pain while others just want to look normal and not like a gorilla. There are a few areas of the body we have to look at specifically the glenohumeral, joint, a.k.a. shoulder, joint, the scapula, a.k.a. shoulder blade and the thoracic spine, a.k.a. upper back. But In this video we pay special attention to the hips. In this video, you will learn why and how to target the hips effectively…so you can be successful in maintaining an upright posture, and stop looking like a gorilla with rounded shoulders.  #posture #roundedshoulders #forwardheadposture #neckpain #headaches #migraines #tmj #shouldermobility #stretching",79451,7.274026617033558e+18,UNSTOPPABLE EVENING,133.0,f,https://tiktok.com/@/video/7463149846766275886,7016500196452893701,f,"[""posture"",""roundedshoulders"",""forwardheadposture"",""neckpain"",""headaches"",""migraines"",""tmj"",""shouldermobility"",""stretching""]"
7418832678981537057,1727331612,Replying to @🧜🏼‍♀️🤍 📍 Tuscany by LuxUrban in Murray Hill  #newyorkhotel #nyctrip #newyorktrip #newyorktravel #fyp #newyorkcity #nyc #nychotel #nychotels #nychoteltiktok ,96884,7.274026617033558e+18,UNSTOPPABLE EVENING,133.0,f,https://tiktok.com/@/video/7418832678981537057,6928009060592337925,f,"[""newyorkhotel"",""nyctrip"",""newyorktrip"",""newyorktravel"",""fyp"",""newyorkcity"",""nyc"",""nychotel"",""nychotels"",""nychoteltiktok""]"
7481528616774470958,1741929184,Dressing like you listen to 00pium… in honor of carti dropping. Uzi better tho >  -OOpium edition  #carti #cartitok #playboycarti #outfitideas #outfit #rickowens #rickowensonline #00pium #opiumcore #style #fyp #fypシ #foryoupage ,36746,7.274026617033558e+18,UNSTOPPABLE EVENING,133.0,f,https://tiktok.com/@/video/7481528616774470958,7378388742576587819,f,"[""carti"",""cartitok"",""playboycarti"",""outfitideas"",""outfit"",""rickowens"",""rickowensonline"",""00pium"",""opiumcore"",""style"",""fyp"",""fyp\u30b7"",""foryoupage""]"
7464634804001197358,1737995797,How my days look like at Trnd Setters Barbershop ✨  Link on my IG bio to book your appointments💈 18583 N 59th Ave #112 Glendale 85308 Discount code “ayebee” for @gammaplusna & @stylecraftpro #TRNDSETTERS #trndsettersbarbershop #trndsettersaz #barbershop #azbarbers #phoenixbarbers #arizonabarber #azbarber #phoenixfades #dailylife #daily #barbershopconnect #fadehaircut #sharpfade #johnnyb #midfade #taperfade #lowfade #highfade #gamma #stylecraft #asu #gcu #arizona #phoenix #scottsdale #tempeaz #glendale ,82873,7.274026617033558e+18,UNSTOPPABLE EVENING,133.0,f,https://tiktok.com/@/video/7464634804001197358,6916711455786517510,f,"[""112"",""trndsetters"",""trndsettersbarbershop"",""trndsettersaz"",""barbershop"",""azbarbers"",""phoenixbarbers"",""arizonabarber"",""azbarber"",""phoenixfades"",""dailylife"",""daily"",""barbershopconnect"",""fadehaircut"",""sharpfade"",""johnnyb"",""midfade"",""taperfade"",""lowfade"",""highfade"",""gamma"",""stylecraft"",""asu"",""gcu"",""arizona"",""phoenix"",""scottsdale"",""tempeaz"",""glendale""]"
7468694995516591390,1738941126,How to get to JFK without Subway or Uber?? Take the LIRR! #travel #airport #jfkairport #lirr #airplane #fyp #jfk #midtownmanhattan #queens ,98931,7.274026617033558e+18,UNSTOPPABLE EVENING,133.0,f,https://tiktok.com/@/video/7468694995516591390,7454239181412680750,f,"[""travel"",""airport"",""jfkairport"",""lirr"",""airplane"",""fyp"",""jfk"",""midtownmanhattan"",""queens""]"
7488331326060334379,1743513053,"#ad Todo lo que compré en Joe V’s Smart Shop con $50 🙂‍↔️💃🏼  Quedé de verdad impresionada con los precios y la calidad de los productos en este supermercado. Ya está oficialmente inaugurado, aquí les dejo la dirección 👇🏽👇🏽 📍 7700 Samuel Blvd, Dallas TX 75227 #joevsmartshop #dallasblogger #dallasinfluencer #rossidowntown ",546369,7.274026617033558e+18,UNSTOPPABLE EVENING,133.0,f,https://tiktok.com/@/video/7488331326060334379,7262544277544043563,f,"[""ad"",""joevsmartshop"",""dallasblogger"",""dallasinfluencer"",""rossidowntown""]"
7504774618536824095,1747341515,Here are some tips to beat the heat at summer music festivals. We’re going to #Roo next month and it’s gonna be HAWT. If you have any tips to share please comment below! We’d love to hear what y’all do :) #bonnaroo #campingfestivaltips #campingfestivals #festivalhacks #festivaltips #beatheheat #staycool #ravehacks,36286,7.274026617033558e+18,UNSTOPPABLE EVENING,133.0,f,https://tiktok.com/@/video/7504774618536824095,6789076490178708486,f,"[""roo"",""bonnaroo"",""campingfestivaltips"",""campingfestivals"",""festivalhacks"",""festivaltips"",""beatheheat"",""staycool"",""ravehacks""]"
7376372857213029678,1717445646,#mrndze,49391,7.274026617033558e+18,UNSTOPPABLE EVENING,133.0,f,https://tiktok.com/@/video/7376372857213029678,7291535027239060526,f,"[""mrndze""]"
7467044548733127967,1738556835,"Building tourrrrr! I couldn’t show the 1bdrm apartments because they are occupied but when I get the opportunity, I’ll share the Eastside apartments too! Cheers to 2 months as a landlord 🥂 #realestateinvesting #realestate #multifamilyinvesting #multifamilyrealestate #multifamilyinvestor #chicagorealestate #quadplex #newlandlord #apartmenttour ",32043,7.274026617033558e+18,UNSTOPPABLE EVENING,133.0,f,https://tiktok.com/@/video/7467044548733127967,6891102535366657029,f,"[""realestateinvesting"",""realestate"",""multifamilyinvesting"",""multifamilyrealestate"",""multifamilyinvestor"",""chicagorealestate"",""quadplex"",""newlandlord"",""apartmenttour""]"
7470306196512116014,1739316231,"How to get better at painting your trim! Here's a couple of painting tips and tricks that will have your trim looking brand new. Can't wait to start on the walls in this gorgeous space tmrw! ❤️😊🖌️ If you have any paint projects you need help with, give us a call--we paint it all! #paint #painter #professionalpainter #howtopaint #trimpaint #painttutorial #painthack #painttips #tipsandtricks #hacks #trim #homerenovation #paintlikeapro #mississippi #designsbyalexwest ",233825,7.274026617033558e+18,UNSTOPPABLE EVENING,133.0,f,https://tiktok.com/@/video/7470306196512116014,7098159198459577390,f,"[""paint"",""painter"",""professionalpainter"",""howtopaint"",""trimpaint"",""painttutorial"",""painthack"",""painttips"",""tipsandtricks"",""hacks"",""trim"",""homerenovation"",""paintlikeapro"",""mississippi"",""designsbyalexwest""]"
7498349507575500078,1745845621,Safest Neighborhoods in Brooklyn New York part 1 #newyorkcity #brooklyn #nyc #placestovisit #thingstodo #fyp #foryoupage #travel ,158313,7.274026617033558e+18,UNSTOPPABLE EVENING,133.0,f,https://tiktok.com/@/video/7498349507575500078,7306758804652475435,f,"[""newyorkcity"",""brooklyn"",""nyc"",""PlacesToVisit"",""thingstodo"",""fyp"",""foryoupage"",""travel""]"
7463966553818615071,1737840179,"The great thing about this social media game is I get to find places that I never would’ve heard of and be able to eat exceptional food by exceptional people. I wish Yogi and his family the best and if you’re in the Detroit area, follow his page and patronize him. The food is excellent. And I have already got in my order for the Super Bowl! #Detroit #7Mile #DowntownDetroit #Foodie @yogispicnicbasket0 ##SirenOfStout##SirenOfStoutApprovesThisMessage",41955,7.274026617033558e+18,UNSTOPPABLE EVENING,133.0,f,https://tiktok.com/@/video/7463966553818615071,6835678915836986374,f,"[""detroit"",""7mile"",""downtowndetroit"",""Foodie"",""sirenofstout"",""sirenofstoutapprovesthismessage""]"
7513395335411125550,1749348706,Customize you’re Samsung S25 Ultra with these good lock app tips! The customization capabilities on this phone is amazing!  Drop some other hidden tips and make sure you save this post!  #s25ultra #s25ultrafeatures #goodlock #phonecustomization #TikTokCreatorSearchInsightsIncentive ,57989,7.274026617033558e+18,UNSTOPPABLE EVENING,133.0,f,https://tiktok.com/@/video/7513395335411125550,7120355996346909739,f,"[""s25ultra"",""s25ultrafeatures"",""goodlock"",""phonecustomization"",""tiktokcreatorsearchinsightsincentive""]"
7463582095202372895,1737750667,"We are defending our right to strike at Amazon! Across the country in December, we organized the largest strike in Amazon history. Amazon tried to stop us from striking by taking our Unpaid Time Off  -- the bank of hours that warehouse workers earn and use when we can't come into work for personal reasons.   Despite this retaliation, we still went on strike, and we are going to continue to fight to get our hard-earned time back. It’s time for better pay, benefits, and respect for the people who make Amazon wealthy. Click on the link to join our movement today! #MakeAmazonDeliver #1u #Teamsters #Unions #UnionStrong #SolidarityForever #Amazon #AmazonWorkers #MakeAmazonPay #inlandempire #sanbernardino #ksbd #fyp ",62866,7.274026617033558e+18,UNSTOPPABLE EVENING,133.0,f,https://tiktok.com/@/video/7463582095202372895,7239814174917870635,f,"[""makeamazondeliver"",""1u"",""teamsters"",""unions"",""unionstrong"",""solidarityforever"",""amazon"",""amazonworkers"",""makeamazonpay"",""inlandempire"",""sanbernardino"",""ksbd"",""fyp""]"
7499258548216401182,1746057215,Little Dreamer Coffee ✅ loved it! lmk where to go next! #fyp #coffeetiktok #coffee #houstoncoffee #houstoncoffeeshop #coffeeshop #houstonfoodie #htxfoodie #houstontx #htx ,29769,7.274026617033558e+18,UNSTOPPABLE EVENING,133.0,f,https://tiktok.com/@/video/7499258548216401182,6670860005015076869,f,"[""fyp"",""coffeetiktok"",""coffee"",""houstoncoffee"",""houstoncoffeeshop"",""coffeeshop"",""houstonfoodie"",""htxfoodie"",""houstontx"",""htx""]"
7509725089785597226,1748494193,"The M Stop 🤝🏽 Rize Up Bakery If you haven’t heard of The M Stop, where have you been?! It’s hands-down one of the best sandwich spots in the Bay — and the only fully halal deli in San Francisco. This summer, they’re serving up some 🔥 specials, kicking things off with a dream collab with the legendary Rize Up, dropping June 1st. This is the purple octopus 💜🐙 Sal takes Rize Up’s vibrant ube sourdough loaf and stacks it with: – Signature garlic sauce – Smoked halal turkey – Pepper jack and cheddar – Crisp, fresh veggies – Topped with M Sauce, chipotle sauce, and imported olive oil 🤌🏼 This sandwich is loaded — every bite is bursting with flavor, and you can really taste the care and quality in each ingredient. And let’s be real… that bright purple bread? A total showstopper 😍💜 Pull up to The M Stop and try it for yourself — tell Sal I sent you! #bayareafood #ube #themstopdeli #sanfranciscofood #CapCut ",51615,7.274026617033558e+18,UNSTOPPABLE EVENING,133.0,f,https://tiktok.com/@/video/7509725089785597226,6936261670701532166,f,"[""bayareafood"",""ube"",""themstopdeli"",""sanfranciscofood"",""capcut""]"
7475036252312456491,1740417549,we got INSANE pulls from these walgreens two-pack blisters of pokémon in of our most valuable openings yet we still can’t believe it #pokemoncards #pokemontcg #tcgpokemon #pokemonpulls #pokemoncollector #pokemoncollection #pokemoncard #scarletviolet ,42293,7.274026617033558e+18,UNSTOPPABLE EVENING,133.0,f,https://tiktok.com/@/video/7475036252312456491,7447010161120789547,f,"[""pokemoncards"",""pokemontcg"",""tcgpokemon"",""pokemonpulls"",""pokemoncollector"",""pokemoncollection"",""pokemoncard"",""scarletviolet""]"
7492203678162619694,1744414636,"Y’all said do more townhomes so I got y’all. All the townhomes I post are for **RENT‼️‼️‼️ Y’all like this one???  📍 1306 Broholmer Lane Greensboro, NC 27405 #townhouse #apartment #apartmenttour  This one starts at $1795! ",48187,7.274026617033558e+18,UNSTOPPABLE EVENING,133.0,f,https://tiktok.com/@/video/7492203678162619694,6807048850513249285,f,"[""townhouse"",""apartment"",""apartmenttour""]"
7503998238714858783,1747160784,"IT’S OFFICIAL! We not homeless anymore 🙌🏼😂 Signed my lease and am officially moving into my first NYC apartment! It was a long 3 months, but I’m glad I found the apartment that I feel was meant for me.  Thank you guys for following along this journey. I wanted it to be educational and entertaining. Think a lot of people learned about how expensive the NYC market is and how difficult it is to find the “perfect” spot.  Now, it’s time to start moving in and furnishing the pad. Lmk if there’s any couch, bedding, kitchen accessories, etc. that you recommend. Tag them in the comments. #nyc #apartment #apartmenttour #apartmenthunting #realestate #greenscreen ",35931,7.274026617033558e+18,UNSTOPPABLE EVENING,133.0,f,https://tiktok.com/@/video/7503998238714858783,7035071656590869551,f,"[""nyc"",""apartment"",""apartmenttour"",""apartmenthunting"",""realestate"",""greenscreen""]"
7491032176532802846,1744141882,#ramen #sushi #volcano #alpharettaga #sushiandramen #delicious #ramenrevolution #johnscreek ,25298,7.274026617033558e+18,UNSTOPPABLE EVENING,133.0,f,https://tiktok.com/@/video/7491032176532802846,7457566511478211615,f,"[""ramen"",""sushi"",""volcano"",""alpharettaga"",""sushiandramen"",""delicious"",""ramenrevolution"",""johnscreek""]"
7488840435314494750,1743631566,Come get my first set of #grillz with me 😬✨ Thank you @⭐️ Stone Mountain Grillz ⭐️ #285fleamarket #stonemountaingrillz #atlanta #lydiaj #fyp ,48656,7.274026617033558e+18,UNSTOPPABLE EVENING,133.0,f,https://tiktok.com/@/video/7488840435314494750,6655671055766093830,f,"[""grillz"",""285fleamarket"",""stonemountaingrillz"",""atlanta"",""lydiaj"",""fyp""]"
7466949654618328366,1738534723,Biggest Half Price Books in Dallas📍 #bookstore #BookTok #booktoker #bookish #bookstores #halfpricedbooks #books #bookworm #bookrecommendations #booktokfyp,21632,7.274026617033558e+18,UNSTOPPABLE EVENING,133.0,f,https://tiktok.com/@/video/7466949654618328366,6947792961317667845,f,"[""bookstore"",""BookTok"",""booktoker"",""bookish"",""bookstores"",""halfpricedbooks"",""books"",""bookworm"",""bookrecommendations"",""booktokfyp""]"
7462580643298364703,1737517487,What do we think? #pizzareview #massachussetts #bostontiktok ,66142,7.274026617033558e+18,UNSTOPPABLE EVENING,133.0,f,https://tiktok.com/@/video/7462580643298364703,6843533934451049478,f,"[""pizzareview"",""massachussetts"",""bostontiktok""]"
7351088966663261471,1711558831,"Mee goreng (stir fried noodles) @farahjeats  Make this delicious noodle dish that’s simple and easy to make! | A D   This is probably one of my favorite Malaysian noodle dishes to make just because it’s so simple and easy but so full of flavor. The best thing about this dish is you can swap out the protein and veggie with whatever you have at home.    For the BEST flavor and some heat to this dish, I used Maknya Anchovy Sambal Sauce. I highly recommend it! Since it’s a ready to eat sauce, I served the sauce as a condiment too with the noodles for those who want it extra spicy.   Ingredients: 2 servings lo mein noodles 6-8 shrimp Leafy veggie of your choice 2-3 Maknya Anchovy Sambal Sauce   (Simple sauce - adjust to taste) 1/2 large onion 4 garlic cloves 2.5 tbsp sweet soy sauce 4 tbsp oyster sauce 1 tbsp light soy sauce 2 tsp dark soy sauce 6 tbsp water   #easyrecipe #noodles #asianfood #maknya #sambalsauce #roxytrading",140677,7.274026617033558e+18,UNSTOPPABLE EVENING,133.0,f,https://tiktok.com/@/video/7351088966663261471,6960377916963243009,f,"[""EasyRecipe"",""noodles"",""asianfood"",""maknya"",""sambalsauce"",""roxytrading""]"
7505166834048486687,1747432833,NOLA Cajun Seafood✨Where do yall go get crawfish?? Name drop pleaseeee #CapCut #batonrouge #seafood #crawfish #brtok #brfoodie #breats #nolacajunseafood #spicy #batonrougethingstodo ,34306,7.274026617033558e+18,UNSTOPPABLE EVENING,133.0,f,https://tiktok.com/@/video/7505166834048486687,6826147816164508678,f,"[""capcut"",""batonrouge"",""seafood"",""crawfish"",""brtok"",""brfoodie"",""breats"",""nolacajunseafood"",""spicy"",""batonrougethingstodo""]"
7464809631303404843,1738036469,Here’s a peek at the tattoo shop I now work at - @littleblackchurch ! Anyone interested in seeing what the shop looks like full? 👀 #tattooshop #tattooartist #denver #lgbtq #denvercolorado #colorado #thingstodoindenver ,24560,7.274026617033558e+18,UNSTOPPABLE EVENING,133.0,f,https://tiktok.com/@/video/7464809631303404843,6635092734301061126,f,"[""tattooshop"",""tattooartist"",""denver"",""lgbtq"",""denvercolorado"",""colorado"",""thingstodoindenver""]"
7437734623997726008,1731732553,⚙️Зборка топливного насоса двигателя Yanmar 6N21AL ⚙️#sealife #overhaul #engineoverhaul #marineengineer #seamantiktok #chiefengineer #enginecadet #CapCut ,55110,7.274026617033558e+18,UNSTOPPABLE EVENING,133.0,f,https://tiktok.com/@/video/7437734623997726008,7084939023500968965,f,"[""sealife"",""overhaul"",""engineoverhaul"",""marineengineer"",""seamantiktok"",""chiefengineer"",""enginecadet"",""capcut""]"
7458715398280596766,1736617519,"New construction homes are now designed with multigenerational living in mind 🏠 What do you think of this one being fully solar powered?⁣ ⁣⁣ ⁣$2,950,000⁣ ⁣⁣ ⁣Listed by Julie Keith⁣ ⁣Coldwell Banker",46791,7.274026617033558e+18,UNSTOPPABLE EVENING,133.0,f,https://tiktok.com/@/video/7458715398280596766,7039621281739719727,f,[]
7465024156585889070,1738086467,High protein favorites from Aldi!  Make sure to like and save this video for your next haul 🫶🏼 #aldi #aldifinds #aldihaul #protein ,49777,7.274026617033558e+18,UNSTOPPABLE EVENING,133.0,f,https://tiktok.com/@/video/7465024156585889070,6566541661257121794,f,"[""aldi"",""aldifinds"",""aldihaul"",""protein""]"
7489130076206927147,1743698991,Day in my Life: GAMEDAY‼️⚾️🔥@enhanse ##baseball##baseballboys##baseballseason##baseballszn##baseballplayer##baseballplayers##d1##college##collegebaseball##d1baseball##d1athlete##athlete##studentathlete##athletesoftiktok##athletelife##baseballlife##dayinmylife##grwm##getreadywithme##grwmroutine##gameday##gamedayvlog##dayinthelife#ditl #enhanse #enhansemen #skincareroutine #mensskincare #vlog #skincareessentials #menshealth ##fyp#foryou #foryoupage ,17155,7.274026617033558e+18,UNSTOPPABLE EVENING,133.0,f,https://tiktok.com/@/video/7489130076206927147,7150309638608684075,f,"[""baseball"",""baseballboys"",""baseballseason"",""baseballszn"",""baseballplayer"",""baseballplayers"",""d1"",""college"",""collegebaseball"",""d1baseball"",""d1athlete"",""athlete"",""studentathlete"",""athletesoftiktok"",""athletelife"",""baseballlife"",""dayinmylife"",""grwm"",""getreadywithme"",""grwmroutine"",""gameday"",""gamedayvlog"",""dayinthelife"",""ditl"",""enhanse"",""enhansemen"",""skincareroutine"",""mensskincare"",""Vlog"",""skincareessentials"",""menshealth"",""fyp"",""foryou"",""foryoupage""]"
7481078756501753118,1741824415,"Bebidas económicas 🍻, hot dog 🌭gratis y una Atmósfera única en uno de los bares más antiguos de Nueva York 🗽@rudysbar . Un lugar que no te puedes perder si estás de visita en la gran Manzana✨ Te dejo la dirección : 📍627 9th ave New York, NY 10036 Con quien visitarías este bar ?  #nyc #reelsinstagram #reelsvideo #follow #reels #frases #newyork #lifestyleblogger #blog #blog #foodie ",88299,7.274026617033558e+18,UNSTOPPABLE EVENING,133.0,f,https://tiktok.com/@/video/7481078756501753118,6791161564705440774,f,"[""nyc"",""reelsinstagram"",""reelsvideo"",""follow"",""reels"",""frases"",""newyork"",""lifestyleblogger"",""blog"",""Foodie""]"
7503685713834102047,1747088004,"Food Cart Week is here in Portland (May 11–18), and you know @sloppyjopdxx had to celebrate the only way that makes sense—eating a big ol’ Italian sandwich from Picones Deli located at Chill N Fill! 🥪 #travelportland #thisisportland #portland #pdx #pdxeats #sloppyjopdxx#foodcartweek #foodcart #foodtruck #sandwich",64650,7.274026617033558e+18,UNSTOPPABLE EVENING,133.0,f,https://tiktok.com/@/video/7503685713834102047,6781862489019204613,f,"[""travelportland"",""thisisportland"",""portland"",""pdx"",""pdxeats"",""sloppyjopdxx"",""foodcartweek"",""foodcart"",""foodtruck"",""sandwich""]"
7501086418198940974,1746482806,"BEST BAKERIES IN PORTLAND PART 7 @tanysCafeConPan1 In Part 7 of this series, I am checking out Tany’s Cafe Con Pan in Wood Village, Oregon. They are a family owned and operated Mexican bakery and cafe serving up conchas, cakes, cookies, breakfast burritos and more! You must try this place out!  ✨The order✨ • strawberry stuffed concha • Mexican biscuit • pumpkin empanada  • mini guava turnover • dulce de leche cheese danish • Bavarian cream filled horn • cortadillo with sprinkle  • pineapple beso • strawberry coconut beso • white Mexican sugar cookie • Mexican wedding cookie • tres leches cup • chilaquiles • breakfast burritos Let me know in the comments where I should go for Part 8! 📍24173 NE Halsey St, Wood Village, OR 97060 Best pastries in Portland • Best Mexican bakery in Portland • Best cookies in Portland • Top rated bakeries in Portland • Best desserts in Portland • Best baked goods in Portland • Family owned business in Portland • @Travel Portland  #pdxfoodfinds #tanyscafeconpan #panderia #conchas #pandulce #cookie #cake #pastries #portlandeats #pdxeats #mukbang #localeats #pdxfoodie #pdxbakery #portlandbakery #foodreview #mexicanbakery #latinownedbusiness #bestbakeriespdx #woodvillage #breakfastburrito #chilaquiles #mexicanbreakfast #foodtok ",17730,7.274026617033558e+18,UNSTOPPABLE EVENING,133.0,f,https://tiktok.com/@/video/7501086418198940974,7426895089349985322,f,"[""pdxfoodfinds"",""tanyscafeconpan"",""panderia"",""conchas"",""pandulce"",""cookie"",""cake"",""pastries"",""portlandeats"",""pdxeats"",""mukbang"",""localeats"",""pdxfoodie"",""pdxbakery"",""portlandbakery"",""foodreview"",""mexicanbakery"",""latinownedbusiness"",""bestbakeriespdx"",""woodvillage"",""breakfastburrito"",""chilaquiles"",""mexicanbreakfast"",""FoodTok""]"
7369766065632480555,1715907382,"#matrixpartner @Matrix high riser lightner and I are like this🤞🏽! For any blonding transformation, I need the power that this lightner provides. My all time favorite lightener! Also toned with tonal control toners, formula included💜 #matrix #hairinspo #hairtok #haircolor #hairstyle #blondehair #blondebalayage #ashblonde #lahair #colourmelilyrose",47626,7.274026617033558e+18,UNSTOPPABLE EVENING,133.0,f,https://tiktok.com/@/video/7369766065632480555,3785854,f,"[""matrixpartner"",""matrix"",""hairinspo"",""hairtok"",""haircolor"",""hairstyle"",""blondehair"",""blondebalayage"",""ashblonde"",""lahair"",""colourmelilyrose""]"
7486282699741678878,1743036043,Third Street Social is the place to be‼️ What we ordered: Brunch Menu*** •House Made Doughnuts  •Fried Chicken •Shrimp & Grits •Mississippi Catfish  •House Greens •Mashed Yukon Potatoes  •Smoked Gouda Mac & Cheese  •Deviled Eggs •Smoked Salmon Dip •Smoked & Charred Buffalo Wings •Coleslaw  #fypシ #thirdstreetsocial #brunch ##kansascity #plaza #drinks #friends #cocktails #soulfood ,30254,7.274026617033558e+18,UNSTOPPABLE EVENING,133.0,f,https://tiktok.com/@/video/7486282699741678878,7086184550614959146,f,"[""fyp\u30b7"",""thirdstreetsocial"",""brunch"",""kansascity"",""plaza"",""drinks"",""friends"",""cocktails"",""soulfood""]"
7497346503313329438,1745612026,We have so many rare houseplants 💚 every good garden center has a huge tropical plant selection too! #houseplants #exoticplants #rareplants #southcarolina #houseplantsoftiktok s,19538,7.274026617033558e+18,UNSTOPPABLE EVENING,133.0,f,https://tiktok.com/@/video/7497346503313329438,7418279156796965931,f,"[""houseplants"",""exoticplants"",""rareplants"",""southcarolina"",""houseplantsoftiktok""]"
7446770664427539734,1733836411,"Salire fino al cielo di New York: il One World Trade Center! 🗽 Siamo andati a scoprirlo, ci siamo lasciati incantare dalla vista incredibile e abbiamo visitato il ristorante all’ultimo piano… ne sarà valsa la pena? 🤔 Guarda il nostro reel per scoprirlo e vivere con noi l’esperienza di uno dei luoghi più iconici della città. 🌟 🎯 Se anche tu vuoi organizzare un itinerario unico a New York, contattaci! Ti aiuteremo a scoprire tutto il meglio della Grande Mela. 📍 Link in bio per iniziare a pianificare il tuo viaggio! #unamicanewyork #oneworldtradecenter #newyorkcity #newyorkskyline #scoprinewyork ",43430,7.274026617033558e+18,UNSTOPPABLE EVENING,133.0,f,https://tiktok.com/@/video/7446770664427539734,6779744113845847045,f,"[""unamicanewyork"",""oneworldtradecenter"",""newyorkcity"",""newyorkskyline"",""scoprinewyork""]"
7463614436926967083,1737758203,Mom’s Dream Office Build PART: 2 🔨 Got the countertop and bookshelves installed!  #office #homeoffice #diy #diyprojects ,74519,7.274026617033558e+18,UNSTOPPABLE EVENING,133.0,f,https://tiktok.com/@/video/7463614436926967083,6726352964804035590,f,"[""office"",""homeoffice"",""DIY"",""diyprojects""]"
7465834849820019998,1738275181,AYCE SUSHI AND KBBQ IN FAIRFIELD AT SUSHI TSUNAMI IS A 10/10 #ayce #norcal #foodie #bayareafoodie #foodreview #mukbang ,47026,7.274026617033558e+18,UNSTOPPABLE EVENING,133.0,f,https://tiktok.com/@/video/7465834849820019998,6956108457473229829,f,"[""ayce"",""norcal"",""Foodie"",""bayareafoodie"",""foodreview"",""mukbang""]"
7466146643340135726,1738347799,"Check out @Cafe coco located in downtown Acworth, GA for your pastry & caffeine needs. Got the iced Oreo latte and it was delish! ☕️🌊🥥#creatorsearchinsights #foodtiktok #coffeeshop #coffee #acworth #localcoffeeshop #foodreview #coffeetiktok #coffeeshopvibes #coffeetime #placestovisit #supportlocal #georgia #kennesaw ",23929,7.274026617033558e+18,UNSTOPPABLE EVENING,133.0,f,https://tiktok.com/@/video/7466146643340135726,7462846736953639967,f,"[""creatorsearchinsights"",""foodtiktok"",""coffeeshop"",""coffee"",""acworth"",""localcoffeeshop"",""foodreview"",""coffeetiktok"",""coffeeshopvibes"",""coffeetime"",""PlacesToVisit"",""supportlocal"",""georgia"",""kennesaw""]"
7464784250169068831,1738030561,Replying to @yokeishafefafaliceAbout My HillmanTok or TikTok University Course... #education #professor #travel #language #sociolinguistics #weoutchea #gullah #geechee sunnmcheaux.com weoutcheamerch.com @A&K Inc ,7270,7.274026617033558e+18,UNSTOPPABLE EVENING,133.0,f,https://tiktok.com/@/video/7464784250169068831,6806540987414889477,f,"[""education"",""professor"",""travel"",""language"",""sociolinguistics"",""weoutchea"",""gullah"",""geechee""]"
7512394903150775583,1749115761,🚫 Store-bought soda is lying to you.✨ Homemade ginger ale is the glow-up your gut deserves. What you’re drinking isn’t health—it’s sugar water with a ginger flavor.  Here’s why you need to ditch the can and go DIY🔥 Anti-inflammatory powerhouse — thanks to real ginger💨 Soothes digestion — goodbye bloating🥄 Customizable sugar levels 🌿 = gut love And the best part?It actually tastes better.⠀Quit sipping chemicals.✨ Make your own magic.🧪 Ready for the recipe? Drop a 🍋 in the comments.⠀#GingerAleRevolution #HomemadeWellness #DitchTheCan #NaturalHealing #GutHealth #HolisticLiving #DrinkClean #DIYDrinks #GingerPower #aarke  #mountianvalleyspringwater @mountainvalleywater @aarke @hestanculinary,20621,7.274026617033558e+18,UNSTOPPABLE EVENING,133.0,f,https://tiktok.com/@/video/7512394903150775583,7236844054489957422,f,"[""gingeralerevolution"",""homemadewellness"",""ditchthecan"",""naturalhealing"",""guthealth"",""holisticliving"",""drinkclean"",""diydrinks"",""gingerpower"",""aarke"",""mountianvalleyspringwater""]"
7440301711543094574,1732330240,Guenther Steiner’s @F1 Las Vegas Grand Prix predictions are in 👇 #F1 #LasVegasGP #LasVegas #Vegas @Formula 1 ,136436,7.274026617033558e+18,UNSTOPPABLE EVENING,133.0,f,https://tiktok.com/@/video/7440301711543094574,6818573420386681862,t,"[""f1"",""lasvegasgp"",""lasvegas"",""vegas""]"
7460572701153824031,1737049954,Installing full @XPEL XR Black  window tint on this Tesla 5% all around #tint #windowtint #tesla #xpel #teslatok #satisfyingvideo #foryoupage ,54850,7.274026617033558e+18,UNSTOPPABLE EVENING,133.0,f,https://tiktok.com/@/video/7460572701153824031,6815032428324422661,f,"[""tint"",""windowtint"",""tesla"",""xpel"",""teslatok"",""satisfyingvideo"",""foryoupage""]"
7499663128922213678,1746151429,#creatorsearchinsights #neurodiverse #standout #momsoftiktok ,5993,7.274026617033558e+18,UNSTOPPABLE EVENING,133.0,f,https://tiktok.com/@/video/7499663128922213678,6906264711190774790,f,"[""creatorsearchinsights"",""neurodiverse"",""standout"",""MomsofTikTok""]"
7387414937464753450,1720016583,help me decide what top to make with these! Pls and ty! #sewing #sewingtutorial #beginnersewing #linenpants #diy #patternmaking #sewingtiktok ,78266,7.274026617033558e+18,UNSTOPPABLE EVENING,133.0,f,https://tiktok.com/@/video/7387414937464753450,6769799758167081990,f,"[""sewing"",""sewingtutorial"",""beginnersewing"",""linenpants"",""DIY"",""patternmaking"",""sewingtiktok""]"
7473241777009495342,1739999711,and the @POP MART US addiction keeps on growing🫣😩  #labubu #letscheckmate #queen #popmart #unboxing #blindbox #themonsters ,69935,7.274026617033558e+18,UNSTOPPABLE EVENING,133.0,f,https://tiktok.com/@/video/7473241777009495342,6862081378991096838,f,"[""labubu"",""letscheckmate"",""queen"",""popmart"",""unboxing"",""blindbox"",""themonsters""]"
7493577417538293023,1744734484,"📍Korea Town, Nueva York: un destino que debes visitar. Desde maquillaje coreano hasta platillos auténticos y karaoke, te muestro lo mejor de esta zona. ¡Vamos a explorar! 📍Kossete Beauty Market  35 W 32nd St, New York, NY 10001 📍Food Gallery  11 W 32nd St, New York, NY 10001 📍Jongro  22 W 32nd St 2nd floor, New York, NY 10001 #KoreaTown #NuevaYork #Corea #Kpop #ComidaCoreana #Karaoke #koreanfood #nyc #newyork #follow #reelsvideo #blogger #blog #fyp #parati #paratii #",19862,7.274026617033558e+18,UNSTOPPABLE EVENING,133.0,f,https://tiktok.com/@/video/7493577417538293023,6791161564705440774,f,"[""koreatown"",""nuevayork"",""corea"",""kpop"",""comidacoreana"",""karaoke"",""koreanfood"",""nyc"",""newyork"",""follow"",""reelsvideo"",""blogger"",""blog"",""fyp"",""parati"",""paratii""]"
7498472952346742059,1745874295,Always ask for more! Ask for better deals and/ or lower rent. #apartmenttour #luxuryapartments #apartmenttherapy #househunting #dtla #apartment #losangeles ,28911,7.274026617033558e+18,UNSTOPPABLE EVENING,133.0,f,https://tiktok.com/@/video/7498472952346742059,6887975330357085189,f,"[""apartmenttour"",""luxuryapartments"",""apartmenttherapy"",""househunting"",""dtla"",""apartment"",""losangeles""]"
7514687834754731310,1749649661,Replying to @Emmy here are some popular dishes for new customers wanting to try us out!  #stlouis #foodie #foodtiktok #thaifood #thailand #thairestaurant #fyp #authenticthaifood #ochathaiandjapanesecuisine ,11648,7.274026617033558e+18,UNSTOPPABLE EVENING,133.0,f,https://tiktok.com/@/video/7514687834754731310,150793065161498624,f,"[""stlouis"",""Foodie"",""foodtiktok"",""thaifood"",""thailand"",""thairestaurant"",""fyp"",""authenticthaifood"",""ochathaiandjapanesecuisine""]"
7501326157497961774,1746538663,so many life changes but she is back 👩🏾‍💻💅🏽 + thankyou for the invite @Female Invest Official  #corporatetiktok #workinginnyc #corporatebaddie #morningroutine #5to9 #9to5 #workvlog #dayinthelifevlog #investmentbank #womenincompliance #womeninlegal #womeninfinance #womeninbanking #womenincorporate #fyp #corporatetips #tipsforwork #blackprofessionals #blackwomenincorporate #blacktok #viral ,15074,7.274026617033558e+18,UNSTOPPABLE EVENING,133.0,f,https://tiktok.com/@/video/7501326157497961774,6803931235490382853,f,"[""corporatetiktok"",""workinginnyc"",""corporatebaddie"",""morningroutine"",""5to9"",""9to5"",""workvlog"",""dayinthelifevlog"",""investmentbank"",""womenincompliance"",""womeninlegal"",""womeninfinance"",""womeninbanking"",""womenincorporate"",""fyp"",""corporatetips"",""tipsforwork"",""blackprofessionals"",""blackwomenincorporate"",""blacktok"",""viral""]"
7453925436775517471,1735502272,OTF fidget by uhltimate is SO fun! 😆 Printed on the A1 Mini and on the Prusa XL. #TechMakesArt #3dprinting #fidget ,78664,7.274026617033558e+18,UNSTOPPABLE EVENING,133.0,f,https://tiktok.com/@/video/7453925436775517471,7053170674905285678,f,"[""techmakesart"",""3dprinting"",""fidget""]"
7488358823145622815,1743519456,Sony 𝞪1 w/ the Sony 70-200mm f/2.8 is my go to Sports Photography Camera. @Sony Alpha #sonyalpha #sonycamera #sportsphotographer #sportsphotography #cameragear ,18494,7.274026617033558e+18,UNSTOPPABLE EVENING,133.0,f,https://tiktok.com/@/video/7488358823145622815,6883626662782092294,f,"[""sonyalpha"",""sonycamera"",""sportsphotographer"",""sportsphotography"",""cameragear""]"
7361956060950809899,1714088996,3D Design In Less Than 5 Minutes ⚙️ #3dprinting #3dprint #3d #tinkercad #elpasotx ,64514,7.274026617033558e+18,UNSTOPPABLE EVENING,133.0,f,https://tiktok.com/@/video/7361956060950809899,6949487339626415109,f,"[""3dprinting"",""3dprint"",""3d"",""tinkercad"",""elpasotx""]"
7458805123549121823,1736638409,"NEW VIRAL HEAD SPA IN MEMORIAL 💆‍♀️🥒 If you’ve been dying to try a head spa, @The Modern Halo just opened their second location right by Memorial City Mall! We’ve been huge fans since they first brought the viral head spa experience to the Houston area, and now they’re making it even more convenient with their new location right outside the inner loop. If self-care is part of your 2025 goals, this is your sign to book an appointment. 😉 Think high-performance hair washes 🚿, scalp treatments, head and neck massages, and flawless blowouts—every service is designed to leave you feeling relaxed and refreshed. Oh, and the luxurious space and their personable staff are just the cherry on top! #headspa #houstonspa #houstontexas #htx",51768,7.274026617033558e+18,UNSTOPPABLE EVENING,133.0,f,https://tiktok.com/@/video/7458805123549121823,6618185921890467846,f,"[""headspa"",""houstonspa"",""houstontexas"",""htx""]"
7498505295614840095,1745881825,"Luce ✅ loved it, next time I'll have to get their charcoal 🙏 lmk where to go next!!! #fyp #foryou #coffee #houstoncoffee #coffeeshop #houstoncoffeeshop #houstonfoodie #htxfoodie #htx #houstontx ",18481,7.274026617033558e+18,UNSTOPPABLE EVENING,133.0,f,https://tiktok.com/@/video/7498505295614840095,6670860005015076869,f,"[""fyp"",""foryou"",""coffee"",""houstoncoffee"",""coffeeshop"",""houstoncoffeeshop"",""houstonfoodie"",""htxfoodie"",""htx"",""houstontx""]"
7507614470357798174,1748002756,DIY Hacks That Solve Real Problems Fast! #car #battery #fork #energy ,307468,7.274026617033558e+18,UNSTOPPABLE EVENING,133.0,f,https://tiktok.com/@/video/7507614470357798174,7292499656004944939,f,"[""car"",""battery"",""fork"",""energy""]"
7459123594644294958,1736712555,"A razor line creates a crisp, clean edge around the hairline or beard, and is one of the best ways to ensure your haircut lasts longer.  Here’s  5 reasons why: 1. Longer-Lasting Results - Razor lines  last longer than trimmer lines because the blade cuts closer to the skin, reducing the appearance of regrowth. 2. Enhanced Precision - The razor allows for greater precision, making it ideal for intricate or detailed designs. 3. Smoother Skin - A razor line removes hair down to the skin, which can also exfoliate the area, leaving it smoother. Proper technique can prevent ingrown hairs and irritation if done carefully and with the right products. 4. Complements Different Styles - Razor lines work well with fades, tapers, and modern hairstyles, enhancing the contrast and making the haircut pop. 5. Confidence Boost - The clean and polished appearance of a razor line can elevate your confidence, especially for special events, professional settings, or social occasions.  * To get the best results, make sure your barber uses a sharp, new razor blade, applies proper pre-shave products if you have sensitive skin, and soothes the skin afterward with aftershave to prevent irritation. #thomascutit #barberstyledirectory #razorline #dermaplaning #razor #razorblade #shavingtips",59305,7.274026617033558e+18,UNSTOPPABLE EVENING,133.0,f,https://tiktok.com/@/video/7459123594644294958,7140678448355804203,f,[]
7369739390429547818,1715901173,I got this pic in one shot! What do you think?  Sony a7iii + Tamron 28-75mm  30 sec | f/6.3 | ISO 160 #longexposure #photography #cars #sony #mcqueen #McQPitCrew #kachow ,50857,7.274026617033558e+18,UNSTOPPABLE EVENING,133.0,f,https://tiktok.com/@/video/7369739390429547818,6903374420229161989,f,"[""longexposure"",""photography"",""cars"",""sony"",""mcqueen"",""mcqpitcrew"",""kachow""]"
7496640320080252203,1745447623,"10 Acres for Sale in Fort Davis Texas for $3,890 #land #property #investing #cheap #forsale #sale #vacantland #landcentury #USA #fyp #viral #realestate #realestateagent #realtor #realtors #realestateagents #flip #flips #flipping #properties #propertyforsale ",105548,7.274026617033558e+18,UNSTOPPABLE EVENING,133.0,f,https://tiktok.com/@/video/7496640320080252203,7216100079953331243,f,"[""land"",""property"",""investing"",""cheap"",""forsale"",""sale"",""vacantland"",""landcentury"",""usa"",""fyp"",""viral"",""realestate"",""realestateagent"",""realtor"",""realtors"",""realestateagents"",""flip"",""flips"",""flipping"",""properties"",""propertyforsale""]"
7363324436042222890,1714407582,"if you’re new to the curly hair game, welcome 🤍 #lusbrandspartner   these tips will be the key to a smooth curly hair journey! and to make it even easier, the @LUS Brands 3-step system has formulas for all curl types (wavy, curly, and coily)! 🤗 I’ve got them 🔗 in my bio!   #loveurcurls #lusloveurself #loveurself #curlyhairtips #curlyhairjourney #curlyhairtransformation",298789,7.274026617033558e+18,UNSTOPPABLE EVENING,133.0,f,https://tiktok.com/@/video/7363324436042222890,6761589888976503813,f,"[""lusbrandspartner"",""loveurcurls"",""lusloveurself"",""loveurself"",""curlyhairtips"",""curlyhairjourney"",""curlyhairtransformation""]"
7477691641231379755,1741035795,"You can freeze eggs!  1. Crack eggs into muffin tin, one egg per compartment  2. Add 1/8 tsp salt or corn syrup to each egg 3. Scramble each egg 4. Place muffin tin in freezer, freeze eggs 5. Place frozen eggs in freezer bag #food #foodtok #foodtiktok #egg #eggs ",17026,7.274026617033558e+18,UNSTOPPABLE EVENING,133.0,f,https://tiktok.com/@/video/7477691641231379755,7265465876009403435,f,"[""food"",""FoodTok"",""foodtiktok"",""egg"",""eggs""]"
7462957597935602987,1737605259,"From tender, fall-off-the-bone lamb shank and creamy hummus to crispy fried red snapper and flavorful shawarma wraps, every bite at Habibi Grill is packed with authentic Lebanese flavor. Pair that with generous portions and a welcoming vibe, and you’ve got a dining experience you won’t forget. 🇱🇧✨ #HabibiGrill #EatLocalOhio #ColumbusEats ",79213,7.274026617033558e+18,UNSTOPPABLE EVENING,133.0,f,https://tiktok.com/@/video/7462957597935602987,6951410788087120901,f,"[""habibigrill"",""eatlocalohio"",""columbuseats""]"
7498717090044497195,1745931143,Safest Neighborhoods in Brooklyn New York part 3 #newyorkcity #brooklyn #nyc #newyork #placestovisit #thingstodo #fyp #foryoupage #travel ,69190,7.274026617033558e+18,UNSTOPPABLE EVENING,133.0,f,https://tiktok.com/@/video/7498717090044497195,7306758804652475435,f,"[""newyorkcity"",""brooklyn"",""nyc"",""newyork"",""PlacesToVisit"",""thingstodo"",""fyp"",""foryoupage"",""travel""]"
7508185373298773279,1748135650,First time trying Duck & Chicken fried lobster. Have yall been to the Dawson? #chicagotiktok #chicagofood #chicagodatenight #thingstodoinchicago #thedawson #thedawsonchicago ,24017,7.274026617033558e+18,UNSTOPPABLE EVENING,133.0,f,https://tiktok.com/@/video/7508185373298773279,7246541696917128234,f,"[""chicagotiktok"",""chicagofood"",""chicagodatenight"",""thingstodoinchicago"",""thedawson"",""thedawsonchicago""]"
7489565727939169566,1743800435,"First Review In NY 🍎 ! @Sauce Boss Wings Are Serving Up Some Of The Best Wings I've Had Ina While ! If You're Ever In The Bronx & Needa Bite , Stop By & Let 'Em Know I Sent You ! 🍽️ #fyp #foodie #boston #newyork #bronx #wings #macandcheese #goodeats #foodtok #foodtiktok #foodporn #eats #foodreview ",56649,7.274026617033558e+18,UNSTOPPABLE EVENING,133.0,f,https://tiktok.com/@/video/7489565727939169566,7139945560536761390,f,"[""fyp"",""Foodie"",""boston"",""newyork"",""bronx"",""wings"",""macandcheese"",""goodeats"",""FoodTok"",""foodtiktok"",""foodporn"",""eats"",""foodreview""]"
7426435055859322158,1729101660,Walker Circle Bathroom Renovation #2 - #BetOnBlack 🖤🥰🙌🏾 Dee Harris Interiors  #Fade2Black #Indianola  #bathroomremodel #bathroomdesign #renovation #homerenovation #fyp #foryouシ  #HomeImprovement #homestyling #deeharrisinteriors ✨️,10037,7.274026617033558e+18,UNSTOPPABLE EVENING,133.0,f,https://tiktok.com/@/video/7426435055859322158,6995148368633398277,f,"[""2"",""betonblack"",""fade2black"",""indianola"",""bathroomremodel"",""bathroomdesign"",""renovation"",""homerenovation"",""fyp"",""foryou\u30b7"",""homeimprovement"",""homestyling"",""deeharrisinteriors""]"
7459107571434016030,1736708829,"I created this cute pineapple style using the kinky curly half wig from @hergivenhair.shop 🍍! No blending needed—just attach it to your bun, fluff it out, and go! Perfect quick and easy style. Click the link in bio for this exact wig and texture. Use my code TKDEON for $$ off your order! ✨  ✨ Shop @hergivenhair  #HerGivenHair #type4c #fyp #HalfWigHairstyle #pineapple #Type4Hair #ProtectiveStyles #naturalstyles #KinkyCurlyHair #hergivenhairORmyrealhair ",26870,7.274026617033558e+18,UNSTOPPABLE EVENING,133.0,f,https://tiktok.com/@/video/7459107571434016030,7300634193163273258,f,"[""hergivenhair"",""type4c"",""fyp"",""halfwighairstyle"",""pineapple"",""type4hair"",""protectivestyles"",""naturalstyles"",""kinkycurlyhair"",""hergivenhairormyrealhair""]"
7485441970639260974,1742840312,"This is a 2021 Ocean Alexander 70E Motor Yacht “Mocean”. This boat is extremely clean and makes a perfect set up for an owner operator or a captained vessel.  Asking $2,895,000   If you want to see this boat in person feel free to reach out! All of my contact info is in the link in my bio.  #oa #oceanalexander #yacht #motoryacht #yachting #pb2025 #palmbeach #boating #florida @offthehookyachts ",54338,7.274026617033558e+18,UNSTOPPABLE EVENING,133.0,f,https://tiktok.com/@/video/7485441970639260974,6729204779543200773,f,"[""oa"",""oceanalexander"",""yacht"",""motoryacht"",""yachting"",""pb2025"",""palmbeach"",""boating"",""florida""]"
7492603881990409515,1744507809,Day in my Life: GAMEDAY AT AKRON‼️⚾️🔥 ##baseball##baseballboys##baseballseason##baseballszn##baseballplayer##baseballplayers##d1##college##collegebaseball##d1baseball##d1athlete##athlete##studentathlete##athletesoftiktok##athletelife##baseballlife##gamedayoutfit##gamedayready##gamedayvlog#getreadywithme #dayinmylife #dayinthelife #vlog #ditl #grwm #lebronjames #trend #viral #fyp #foryou #foryoupage ,12446,7.274026617033558e+18,UNSTOPPABLE EVENING,133.0,f,https://tiktok.com/@/video/7492603881990409515,7150309638608684075,f,"[""baseball"",""baseballboys"",""baseballseason"",""baseballszn"",""baseballplayer"",""baseballplayers"",""d1"",""college"",""collegebaseball"",""d1baseball"",""d1athlete"",""athlete"",""studentathlete"",""athletesoftiktok"",""athletelife"",""baseballlife"",""gamedayoutfit"",""gamedayready"",""gamedayvlog"",""getreadywithme"",""dayinmylife"",""dayinthelife"",""Vlog"",""ditl"",""grwm"",""lebronjames"",""trend"",""viral"",""fyp"",""foryou"",""foryoupage""]"
7379038110186884394,1718066198,#CapCut #CapCut #работавсша #hamdyman #сша #эмигрант #жизньвамерике #армения #предатель #работасша #доллар #доллар #украина #работа #мужначас #мужначас #россия ,106519,7.274026617033558e+18,UNSTOPPABLE EVENING,133.0,f,https://tiktok.com/@/video/7379038110186884394,7358002485531165738,f,"[""capcut"",""\u0440\u0430\u0431\u043e\u0442\u0430\u0432\u0441\u0448\u0430"",""hamdyman"",""\u0441\u0448\u0430"",""\u044d\u043c\u0438\u0433\u0440\u0430\u043d\u0442"",""\u0436\u0438\u0437\u043d\u044c\u0432\u0430\u043c\u0435\u0440\u0438\u043a\u0435"",""\u0430\u0440\u043c\u0435\u043d\u0438\u044f"",""\u043f\u0440\u0435\u0434\u0430\u0442\u0435\u043b\u044c"",""\u0440\u0430\u0431\u043e\u0442\u0430\u0441\u0448\u0430"",""\u0434\u043e\u043b\u043b\u0430\u0440"",""\u0443\u043a\u0440\u0430\u0438\u043d\u0430"",""\u0440\u0430\u0431\u043e\u0442\u0430"",""\u043c\u0443\u0436\u043d\u0430\u0447\u0430\u0441"",""\u0440\u043e\u0441\u0441\u0438\u044f""]"
7458489294232014122,1736564870,What an ENDING!! Thank yall for reading along with me!! Leave your best SMUT recommendations for the next book 😂.                                       #fyp #fypシ #fypシ゚viral #booktok #bookish #bookishthoughts #bookishtiktok #thenightingale #thenightingalebook #kristinhannah #emotional ,23141,7.274026617033558e+18,UNSTOPPABLE EVENING,133.0,f,https://tiktok.com/@/video/7458489294232014122,6811263443456377862,f,"[""fyp"",""fyp\u30b7"",""fyp\u30b7\u309aviral"",""BookTok"",""bookish"",""bookishthoughts"",""bookishtiktok"",""thenightingale"",""thenightingalebook"",""kristinhannah"",""emotional""]"
7485742372899392814,1742910276,"Do you experience pain on one side of the back of the neck that goes to the side of the head and even to the top? Well, the splenius capitis muscle can be causing all of that as this is exactly where dysfunction in the muscle refers to. In this video, I show a way to release the tension than an along the muscle… But if that’s all you do, it is sure to come back! That’s why I also show the most common ways that this muscle becomes problematic, which is keeping your head in an extended position because the muscle is overshortened and working at the same time. So getting your head out of those upward positions will make a big difference because as you probably already know when you experience this type of pain, it creates brain fog, difficulty focusing and it’s just an overall nuisance.",67551,7.274026617033558e+18,UNSTOPPABLE EVENING,133.0,f,https://tiktok.com/@/video/7485742372899392814,7016500196452893701,f,[]
7461788232112409887,1737332981,BOSTON DATE NIGHT RECS ‼️ #bostonrecs #bostonrestaurants #bostonrestaurant #bostonfoodies #bostonfood #bostondatenight #bostonrecs #dinnerecs #bostonrecommendations #boston #brookline #backbay #brighton #allston #fenway #southie #southend #seaport #northend #beaconhill #sommerville #cambridge #watertown #newton,38017,7.274026617033558e+18,UNSTOPPABLE EVENING,133.0,f,https://tiktok.com/@/video/7461788232112409887,7045815103702615087,f,"[""bostonrecs"",""bostonrestaurants"",""bostonrestaurant"",""bostonfoodies"",""bostonfood"",""bostondatenight"",""dinnerecs"",""bostonrecommendations"",""boston"",""brookline"",""backbay"",""brighton"",""allston"",""fenway"",""southie"",""southend"",""seaport"",""northend"",""beaconhill"",""sommerville"",""cambridge"",""watertown"",""newton""]"
7480227130496896302,1741626141,Mini-Series Ep. 1: Luca’s Brooklyn Pizzeria 🍕 6 slices for $10?! Saving $$ & fighting food waste! Let’s see if it’s worth it. 💰♻️  @Too Good To Go  #TooGoodToGo #BudgetEats #foodwastewarriors #cheapeats #notanad #notasponsoredpost #foodwaste #atlanta,26682,7.274026617033558e+18,UNSTOPPABLE EVENING,133.0,f,https://tiktok.com/@/video/7480227130496896302,6798781050154075141,f,"[""toogoodtogo"",""budgeteats"",""foodwastewarriors"",""cheapeats"",""notanad"",""notasponsoredpost"",""foodwaste"",""atlanta""]"
7469130082695695662,1739042403,Tonkotsu Ramen,16746,7.274026617033558e+18,UNSTOPPABLE EVENING,133.0,f,https://tiktok.com/@/video/7469130082695695662,6876199351724622853,f,[]
7463664726615215406,1737769897,"Black Excellist. Elizabeth Evelyn Wright (April 3, 1872 – December 14, 1906) was a trailblazing humanitarian and educator who dedicated her life to founding schools for Black children. She established the Denmark Industrial Institute in Denmark, South Carolina, which eventually became Voorhees College, a prominent HBCU. #BlackExcellence #Trailblazer #HBCUHistory #EducationPioneer #AfricanAmericanHeritage #BlackLegacy #VoorheesCollege #HistoricalImpact #BlackEducators #EmpoweringYouth #blackexcellist ",6351,7.274026617033558e+18,UNSTOPPABLE EVENING,133.0,f,https://tiktok.com/@/video/7463664726615215406,6944859836761539589,f,"[""blackexcellence"",""trailblazer"",""hbcuhistory"",""educationpioneer"",""africanamericanheritage"",""blacklegacy"",""voorheescollege"",""historicalimpact"",""blackeducators"",""empoweringyouth"",""blackexcellist""]"
7463645909474364718,1737765522,"In 2025, we're on a mission to find the best #friedchicken in the Dallas-Fort Worth area. I visited No. 1 Plus Chicken in Dallas Tx (on royal ln) and put them in the grinder to determine if they’re Gas or Pass. Watch the video to see my reaction! #foryou #fyp #foodie  #chicken #foodreview  👉 GAS 8+ | MID 4-8 | PASS 0-4",23825,7.274026617033558e+18,UNSTOPPABLE EVENING,133.0,f,https://tiktok.com/@/video/7463645909474364718,7100556397893338158,f,"[""friedchicken"",""foryou"",""fyp"",""Foodie"",""chicken"",""foodreview""]"
7466856532286688542,1738513064,Saint Laurent Haul #mensfashion #mensstyle #ootdmen #fitcheckmen #luxuryhaul #luxuryshopping @SAINT LAURENT ,17933,7.274026617033558e+18,UNSTOPPABLE EVENING,133.0,f,https://tiktok.com/@/video/7466856532286688542,6874378212420813830,f,"[""mensfashion"",""mensstyle"",""ootdmen"",""fitcheckmen"",""luxuryhaul"",""luxuryshopping""]"
7459063153347824926,1736698488,"DAVID VS GOLIATH?!? At TheFeed in Logan, Ohio there is a MIGHTY burger challenge called the Goliath. Eat the whole burger and fries within 30 minutes, win the meal free, sick t-shirt, and a picture on their wall of fame. Could you take it down?  #food #eat #foodie #foodtiktok #foodchallenge #eatlocal #foodchallenge #foodtiktok #mukbang #mukbang #ohio #burger #fries #fy ",50726,7.274026617033558e+18,UNSTOPPABLE EVENING,133.0,f,https://tiktok.com/@/video/7459063153347824926,6628020679549763589,f,"[""food"",""eat"",""Foodie"",""foodtiktok"",""foodchallenge"",""eatlocal"",""mukbang"",""ohio"",""burger"",""fries"",""fy""]"
7473999798761196830,1740176221,Your coming with my son Banx and I to get a haircut from the most famous barber in Miami! He cuts all the big celebrities and ball players. This was such a luxury experience. Definitely a 10/10 we will be coming back every week! #singledad #miami #miamibeach #miamibaber @ParisLebronPov ,38734,7.274026617033558e+18,UNSTOPPABLE EVENING,133.0,f,https://tiktok.com/@/video/7473999798761196830,6929611315795264518,f,"[""singledad"",""miami"",""miamibeach"",""miamibaber""]"
7429108538510757152,1729724135,Sharing my experiences with low budget filmmaking tips that’s going to save you tons of money. #filmmaking #behindthescenes #camerasetup #cinematography ,12807,7.274026617033558e+18,UNSTOPPABLE EVENING,133.0,f,https://tiktok.com/@/video/7429108538510757152,6920221980118647809,f,"[""filmmaking"",""behindthescenes"",""camerasetup"",""cinematography""]"
7472415602758569262,1739807379,"ep. 3 🏡🔑  📍location - eitel apartments (loring park) 💰prices - $1,300-$1,400 #apartmenthunting #minneapolis #minnesota #fypシ #fyp #newcreator #CapCut #creatorsearchinsights ",21298,7.274026617033558e+18,UNSTOPPABLE EVENING,133.0,f,https://tiktok.com/@/video/7472415602758569262,1085361,f,"[""apartmenthunting"",""minneapolis"",""minnesota"",""fyp\u30b7"",""fyp"",""newcreator"",""capcut"",""creatorsearchinsights""]"
7481431476295273758,1741906520,Carrots are super easy to grow if you follow these easy tips! #seedstarting #gardentok #zone7b #gardening101 #gardentips ,12026,7.274026617033558e+18,UNSTOPPABLE EVENING,133.0,f,https://tiktok.com/@/video/7481431476295273758,7314130535998702635,f,"[""seedstarting"",""gardentok"",""zone7b"",""gardening101"",""gardentips""]"
7478928208323169579,1741323701,#taegu #linguine #salad #coldnoodles #hawaiirecipes #localkinegrinds #easyrecipe #hawaiifood,24365,7.274026617033558e+18,UNSTOPPABLE EVENING,133.0,f,https://tiktok.com/@/video/7478928208323169579,6648686239187140614,f,"[""taegu"",""linguine"",""salad"",""coldnoodles"",""hawaiirecipes"",""localkinegrinds"",""EasyRecipe"",""hawaiifood""]"
7190087867601849643,1674072797,"My 5th set of nails and they are super long and super blinged out. I wanted to do a @zulaysnails and @sexydivanails worthy bling set, yal will have to let me know if yal approve. Lol.  #nails #nailart #naildesigns #nailsartvideos #nailideas #nailinspo #bling #blingbling #blingnails #nails💅 #nailsoftiktok #nailscheck #fyp #foryoupage ",4746,7.274026617033558e+18,UNSTOPPABLE EVENING,133.0,f,https://tiktok.com/@/video/7190087867601849643,7102471085132203051,f,"[""nails"",""nailart"",""naildesigns"",""nailsartvideos"",""nailideas"",""nailinspo"",""bling"",""blingbling"",""blingnails"",""nails\ud83d\udc85"",""nailsoftiktok"",""nailscheck"",""fyp"",""foryoupage""]"
7467544776305364270,1738673327,The NEW! Alpha-Arbutin 2 Discoloration Care Serum from cosrx” . Treats PIH (Post-Inflammatory Hyperpigmentation) spots! From Head to Toe Discoloration is not just the face!  . @COSRX US @COSRX Official @beautytap  .  #COSRX #COSRXDermSkincare #theRX #AlphaArbutinDermSerum #AlphaArbutin #PostAcneSerum #DarkSpots #Hyperpigmentation #Discoloration #MirrorSkin #GlassSkin #tiktokmademebuyit#crxxbtjan25 ,23407,7.274026617033558e+18,UNSTOPPABLE EVENING,133.0,f,https://tiktok.com/@/video/7467544776305364270,6936605373869982725,f,"[""cosrx"",""cosrxdermskincare"",""therx"",""alphaarbutindermserum"",""alphaarbutin"",""postacneserum"",""darkspots"",""hyperpigmentation"",""discoloration"",""mirrorskin"",""glassskin"",""tiktokmademebuyit"",""crxxbtjan25""]"
7511527923568921864,1748913890,Mini Vlog ❤️ Youtube channel Name : @lifewithayan192 #minivlog #vlog #lifeinusa #america #pakistan #foryou #ayanmalik #azlanmalik ,14716,7.274026617033558e+18,UNSTOPPABLE EVENING,133.0,f,https://tiktok.com/@/video/7511527923568921864,7511335350905209863,f,"[""minivlog"",""Vlog"",""lifeinusa"",""america"",""pakistan"",""foryou"",""ayanmalik"",""azlanmalik""]"
7423806494208036142,1728489651,I had a spooky thrill at my local Goodwill 🎃👻 For contest details visit http://goodwillvalleys.com/Halloween @Goodwill Valleys  🎥:@JMostWanted  #fypp #goodwill #FindYourSpooky #virginia #lynchburgva #434 #2024 #MDtheSaint #WAVEtakeover #CapCut ,13400,7.274026617033558e+18,UNSTOPPABLE EVENING,133.0,f,https://tiktok.com/@/video/7423806494208036142,6745643867373470725,f,"[""fypp"",""goodwill"",""findyourspooky"",""virginia"",""lynchburgva"",""434"",""2024"",""mdthesaint"",""wavetakeover"",""capcut""]"
7490622415500823850,1744046491,"Matcha in the 210 Pt. 2  Today I took a trip to Early Bird Coffee over in the Huebner Oaks shopping center. I went ahead and tried their Strawberry Matcha with Horchata milk and their strawberry lemonade. Check them out if you’re looking for a nice local coffee shop!  📍 11745 1-10 Unit 527 San Antonio, TX 78230 #sanantonio #sanantoniotx #sanantoniomatcha #sanantoniocoffee #coffee #coffeeshop #localcoffee  #matcha #matchalover #foodies #sanantoniofoodie #SmallBusiness #earlybirdcoffee #earlybird ",26250,7.274026617033558e+18,UNSTOPPABLE EVENING,133.0,f,https://tiktok.com/@/video/7490622415500823850,7428698635934139438,f,"[""sanantonio"",""sanantoniotx"",""sanantoniomatcha"",""sanantoniocoffee"",""coffee"",""coffeeshop"",""localcoffee"",""matcha"",""matchalover"",""foodies"",""sanantoniofoodie"",""SmallBusiness"",""earlybirdcoffee"",""earlybird""]"
7479601518539230510,1741480466,Follow🫡 Rating how Sketchy Gaps Are At The Skatepark! #fyp #scooter #scootertricks #gaps #challenge #rating #skatepark #scootertricks #fypシ #foryoupage #foru #tiktok #viralvideo ,28308,7.274026617033558e+18,UNSTOPPABLE EVENING,133.0,f,https://tiktok.com/@/video/7479601518539230510,7148583684478829614,f,"[""fyp"",""scooter"",""scootertricks"",""gaps"",""challenge"",""rating"",""skatepark"",""fyp\u30b7"",""foryoupage"",""foru"",""tiktok"",""viralvideo""]"
7458817699750268206,1736641330,come with me to four chairs located on the border of mission / bernal heights !!!  got the volcano coffee and kbomb benny 🍵🤎🥞 #sf #sfbrunch #sanfrancisco #fourchairs #brunch ,15549,7.274026617033558e+18,UNSTOPPABLE EVENING,133.0,f,https://tiktok.com/@/video/7458817699750268206,7288896151980672046,f,"[""sf"",""sfbrunch"",""sanfrancisco"",""fourchairs"",""brunch""]"
7436543645827796267,1731455249,#xobyk #smallbusinessowner #howtostartalashbusiness #lashretention #lashwithme ,7573,7.274026617033558e+18,UNSTOPPABLE EVENING,133.0,f,https://tiktok.com/@/video/7436543645827796267,6905930297804620805,f,"[""xobyk"",""smallbusinessowner"",""howtostartalashbusiness"",""lashretention"",""lashwithme""]"
7481697999509409054,1741968608,"Porqué la amatista es tan especial?💜 Se asocia con la tranquilidad, la protección y la claridad mental Es la piedra de nacimiento de febrero y está ligada a la realeza y la sabiduría En Lorena Jewels podrás encontrar hermosas piezas en oro y amatista entre otras piedras preciosas💜 LorenaJewels.com",11867,7.274026617033558e+18,UNSTOPPABLE EVENING,133.0,f,https://tiktok.com/@/video/7481697999509409054,7060478586417300526,f,[]
7462770443854810414,1737561683,“Cisco Switch for new beginners. #fyp #tiktok #fyppppppppppppppppppppppp #tips #informationtechnology #switchingandroutingmanagement #insight #router #switch #layer2 #layer3 #routing #newbeginners ,21574,7.274026617033558e+18,UNSTOPPABLE EVENING,133.0,f,https://tiktok.com/@/video/7462770443854810414,7296161948646376490,f,"[""fyp"",""tiktok"",""fyppppppppppppppppppppppp"",""tips"",""informationtechnology"",""switchingandroutingmanagement"",""insight"",""router"",""switch"",""layer2"",""layer3"",""routing"",""newbeginners""]"
7458075863788178730,1736468611,"Elm Hill Pizza is a must try spot in Connecticut.🍕  📍 625 Maple Hill Ave, Newington, CT #ct #connecticut #thingstodoinct ",40264,7.274026617033558e+18,UNSTOPPABLE EVENING,133.0,f,https://tiktok.com/@/video/7458075863788178730,6983602714430505990,f,"[""ct"",""connecticut"",""thingstodoinct""]"
7465857463263284510,1738280454,Replying to @@ CAP| CREATURE| J A V I 🧢 grwm today fam #bigboydrip #fatfashion #foryourpage #mensfashion #mensfashiontips #mensfashionwear #bigboyseason #streetfashion #fypシ #fypage ,33868,7.274026617033558e+18,UNSTOPPABLE EVENING,133.0,f,https://tiktok.com/@/video/7465857463263284510,446428,f,"[""bigboydrip"",""fatfashion"",""foryourpage"",""mensfashion"",""mensfashiontips"",""mensfashionwear"",""bigboyseason"",""StreetFashion"",""fyp\u30b7"",""fypage""]"
7488773194900426026,1743615900,"Replying to @el_checo11 Its  not the best option, but it'll get the job done! @RYOBI Tools USA  #detailersoftiktok #ryobi #fyp #mobiledetailing #generator #ryobitools #viral #ryobigenerator #detailing ",22094,7.274026617033558e+18,UNSTOPPABLE EVENING,133.0,f,https://tiktok.com/@/video/7488773194900426026,6819820571636679686,f,"[""detailersoftiktok"",""ryobi"",""fyp"",""mobiledetailing"",""generator"",""ryobitools"",""viral"",""ryobigenerator"",""detailing""]"
7466451735008038190,1738418822,Dining room inspo 🤎 Amazon finds | Amazon favorites | Amazon must haves | Amazon best sellers | tech gadgets | home hacks | home finds | home decor inspo | affordable home decor | neutral home decor | entryway table | bedding Amazon finds  #amazonfinds #amazonfavorites #amazonbestseller #amazonmusthaves #amazonhome #homedecor #homeinspo #decorideas #decorinspo,24854,7.274026617033558e+18,UNSTOPPABLE EVENING,133.0,f,https://tiktok.com/@/video/7466451735008038190,7272127235300721707,f,"[""amazonfinds"",""amazonfavorites"",""amazonbestseller"",""amazonmusthaves"",""amazonhome"",""homedecor"",""homeinspo"",""decorideas"",""decorinspo""]"
7491806966864563487,1744322251,"The journey to create a restaurant-style booth in my kitchen has officially started! Thankfully, this unfinished storage bench from @Amazon Home helped me skip a few steps 😉  #diy #diyproject #kitchenbooth #kitchenrenovation #amazonfinds #kitchendesign #kitchendiy #kitchenmakeover #diybench #blackwomenoftiktok ",21499,7.274026617033558e+18,UNSTOPPABLE EVENING,133.0,f,https://tiktok.com/@/video/7491806966864563487,6963285777036854277,f,"[""DIY"",""diyproject"",""kitchenbooth"",""kitchenrenovation"",""amazonfinds"",""kitchendesign"",""kitchendiy"",""kitchenmakeover"",""diybench"",""blackwomenoftiktok""]"
7366714761721040171,1715196959,Blonde dreamssss #dmvtiktok #dmvhairstylist #vahairstylist #k18hair #asianhair ,44387,7.274026617033558e+18,UNSTOPPABLE EVENING,133.0,f,https://tiktok.com/@/video/7366714761721040171,6782411009727923206,f,"[""dmvtiktok"",""dmvhairstylist"",""vahairstylist"",""k18hair"",""asianhair""]"
7460027842546421035,1736923104,Healthy hair awaits you! ✨🌱  What are you waiting for? Click the link in my bio to schedule your appointment—I can’t wait to see you!  #memphishairstylist #healthyhair #blackgirlluxury #hairstylistlife #luxuryhair #naturalhaircommunity ,8515,7.274026617033558e+18,UNSTOPPABLE EVENING,133.0,f,https://tiktok.com/@/video/7460027842546421035,6865455327031329797,f,"[""memphishairstylist"",""healthyhair"",""blackgirlluxury"",""hairstylistlife"",""luxuryhair"",""naturalhaircommunity""]"
7501478904713022750,1746574172,Cambrian Coffee ✅ their maple chili kolache was 🔥 lmk where to go next! #fyp #coffee #houstoncoffee #houstoncoffeeshop #coffeeshop #htxfoodie #houstonfoodie #houstontx #htx #CapCut ,9573,7.274026617033558e+18,UNSTOPPABLE EVENING,133.0,f,https://tiktok.com/@/video/7501478904713022750,6670860005015076869,f,"[""fyp"",""coffee"",""houstoncoffee"",""houstoncoffeeshop"",""coffeeshop"",""htxfoodie"",""houstonfoodie"",""houstontx"",""htx"",""capcut""]"
7502915628894866718,1746908702,USE THIS DECK TO GRIND TO MASTERS RANK IN #POKEMONPOCKET! Garchomp EX is nasty! #pokemontcgpocket #metadeck #topdecks #celestialguardians #rankeddeck ,32208,7.274026617033558e+18,UNSTOPPABLE EVENING,133.0,f,https://tiktok.com/@/video/7502915628894866718,6661283922347671558,f,"[""pokemonpocket"",""pokemontcgpocket"",""metadeck"",""topdecks"",""celestialguardians"",""rankeddeck""]"
7495874932102991147,1745269425,#tummytuck #tummytuckrecovery #plasticsurgery #plasticsurgeon #medspa #sacramento #folsom #tummytuckpostop #tummytuckpostopcare ,39651,7.274026617033558e+18,UNSTOPPABLE EVENING,133.0,f,https://tiktok.com/@/video/7495874932102991147,6650532541114679302,f,"[""tummytuck"",""tummytuckrecovery"",""plasticsurgery"",""plasticsurgeon"",""medspa"",""sacramento"",""folsom"",""tummytuckpostop"",""tummytuckpostopcare""]"
7461293743736573230,1737217832,Replying to @Alison How jewelers save broken gemstones in NYC 💎⛏️ #jewelrybusiness #amethyst #oakcityceo #lapidaryartist #diamonddistrict #customjewelry #nyc #gemstonejewelry #hiddengems ,34359,7.274026617033558e+18,UNSTOPPABLE EVENING,133.0,f,https://tiktok.com/@/video/7461293743736573230,6808139541854094341,f,"[""jewelrybusiness"",""amethyst"",""oakcityceo"",""lapidaryartist"",""diamonddistrict"",""customjewelry"",""nyc"",""gemstonejewelry"",""hiddengems""]"
7498888156540947755,1745970988,For my skinny guys #workouts #fitness #fitnessmotivation #gymtok #fitnessjourney ,6616,7.274026617033558e+18,UNSTOPPABLE EVENING,133.0,f,https://tiktok.com/@/video/7498888156540947755,6807587954095227909,f,"[""workouts"",""Fitness"",""fitnessmotivation"",""GymTok"",""fitnessjourney""]"
7470614177485360430,1739387923,"A charming loft for the Austin socialite 🥂 Unique, one-of-a-kind units are currently available at this cutie walk-up in Downtown Austin! Regular (non-loft) units are the best prices you’ll see in this area 🏝 Pool with brand new furniture 🚗 Covered, gated parking 🌳 Multiple courtyards 👕 Washer & dryer in most units 🏙️ Balcony in select units • Studios [not currently available] • 1 bedrooms start at $1499 !!! • 1 bedrooms w/ loft start at $1899 • 2 bedrooms start at $2000  • 2 bedrooms w/ loft start at $2995 • 3 bedrooms start at $3000 💰 1 month free on top of these rates!  *𝑝𝑟𝑖𝑐𝑖𝑛𝑔, 𝑎𝑣𝑎𝑖𝑙𝑎𝑏𝑖𝑙𝑖𝑡𝑦, 𝑎𝑛𝑑 𝑑𝑒𝑎𝑙𝑠 𝑐𝑎𝑛 𝑐ℎ𝑎𝑛𝑔𝑒 𝑑𝑎𝑖𝑙𝑦* MESSAGE ON IG or fill out my new client form: 👇👇👇👇👇👇 https://t.ly/EyNrO — #austinapartments #austinapartmentdeals #austinlifestyle #movingtotexas #apartmenttour #austintx #apartmenthunting ",17050,7.274026617033558e+18,UNSTOPPABLE EVENING,133.0,f,https://tiktok.com/@/video/7470614177485360430,7189137835836113963,f,"[""austinapartments"",""austinapartmentdeals"",""austinlifestyle"",""movingtotexas"",""apartmenttour"",""austintx"",""apartmenthunting""]"
7505187905954958600,1747437740,POP UP STORE: SPACE OF BTS EN MÉXICO 🔴 #popupstore #bts #spaceofbts #mexico #noticia #info #bts_official_bighit ,2802,7.274026617033558e+18,UNSTOPPABLE EVENING,133.0,f,https://tiktok.com/@/video/7505187905954958600,7414324626312463366,f,"[""popupstore"",""bts"",""spaceofbts"",""mexico"",""noticia"",""info"",""bts_official_bighit""]"
7462810892380491054,1737571101,"the things this man thinks I know how to do just because I flip some furniture (but one thing about me is I am going to figure out a way to do it 🫡 ) I have done similar molding like this on a smaller scale with some of my furniture flips but never to this capacity 🛠️ There was a bit of a learning curve since the measurements really needed to be precise but I eventually got into the groove of things 💪🏻 The finished product does make an insane difference to the room and adds such elegance ✨ Full transparency though, just buy the precut molding in my opinion, it will save you a lot of headaches when it comes to putting this style of wall accents up 🤯 With this project done it is only a matter of time before he asks me to do another, what kind of home diy projects do you wanna see? 🤔 #creatorsearchinsights #homedecor #homediy #decorinspo #boxmolding #roomdesign #diy #diyproject #fyp ",19320,7.274026617033558e+18,UNSTOPPABLE EVENING,133.0,f,https://tiktok.com/@/video/7462810892380491054,124662256394452992,f,"[""creatorsearchinsights"",""homedecor"",""homediy"",""decorinspo"",""boxmolding"",""roomdesign"",""DIY"",""diyproject"",""fyp""]"
7469956325900930335,1739234785,Our most underrated menu item 🫣🤤 #3LC #lunchspot #friedchickenrestaurant #favorite #caesarsalad #crispychicken #glutenfree #vegas #vegasfoodie #vegaslocal #familyownedbusiness ,23538,7.274026617033558e+18,UNSTOPPABLE EVENING,133.0,f,https://tiktok.com/@/video/7469956325900930335,6882789765432345606,f,"[""3lc"",""lunchspot"",""friedchickenrestaurant"",""favorite"",""caesarsalad"",""crispychicken"",""glutenfree"",""vegas"",""vegasfoodie"",""vegaslocal"",""familyownedbusiness""]"
7493152915083906335,1744635680,Vlog de 12 horas en Nueva York pq tuve día libre de universidad #vlog #newyork  #nuevayork ,7980,7.274026617033558e+18,UNSTOPPABLE EVENING,133.0,f,https://tiktok.com/@/video/7493152915083906335,6614221404793552902,f,"[""Vlog"",""newyork"",""nuevayork""]"
7425682984080018719,1728926571,Getting a little feisty here. How can there be so many differing opinions on this? What are your thoughts? What have you been taught? #singertok #vocaltechnique #belting #voicecoach #vocalhealth #singerlife ,11245,7.274026617033558e+18,UNSTOPPABLE EVENING,133.0,f,https://tiktok.com/@/video/7425682984080018719,6854488528174597125,f,"[""singertok"",""vocaltechnique"",""belting"",""voicecoach"",""vocalhealth"",""singerlife""]"
7387503189576256810,1720037133,"I headed over to check out @ruammitmn  located downtown St.Paul📍 For some fire Thai & Lao food🔥 @ruammitmn has been spicing up our states capital of St. Paul since 1989! This family owned restaurant was recommended to me by the well known @hammertimejuice , he’s know to be a gate keeper lmao, but this was a gem I just had to let you guys know about. The food was literally sooo good from the small plates to the entreesand I can’t lie the recommendation on the pineapple fried rice was🔥🍍🍚🤤 The service was also amazing. The whole staff definitely made for a welcoming experience🤝 Go check out this award winning restaurant! Follow me for more at @no.table.manners 📲 #thai #thaifood #laos #laofood #asian #asiancuisine #food #foodie #foodies #mnfood #foodiegram #foodgram #foodstagram #notablemanners #explore #fyp #tiktok #tiktokfood ",29242,7.274026617033558e+18,UNSTOPPABLE EVENING,133.0,f,https://tiktok.com/@/video/7387503189576256810,7034925020809151493,f,"[""thai"",""thaifood"",""laos"",""laofood"",""asian"",""asiancuisine"",""food"",""Foodie"",""foodies"",""mnfood"",""foodiegram"",""foodgram"",""foodstagram"",""notablemanners"",""explore"",""fyp"",""tiktok"",""tiktokfood""]"
7479164210103192878,1741378663,How To Make Homemade Maple Syrup  This is a super fun activity to do as a family and it’s really good maple syrup! Did you know it takes 40 gallons of sap to make 1 gallon of syrup?! #maplesyrup #maple #learnontiktok #howtotiktok #recipe #homecooking ,15838,7.274026617033558e+18,UNSTOPPABLE EVENING,133.0,f,https://tiktok.com/@/video/7479164210103192878,6917607288765203461,f,"[""maplesyrup"",""maple"",""LearnOnTikTok"",""howtotiktok"",""Recipe"",""homecooking""]"
7502075549225946414,1746713093,Showing you how I make my version of the 7 brew sweet & salty 😋 #7brew #icedcoffeeathome #coffeetiktok #fyp ,37792,7.274026617033558e+18,UNSTOPPABLE EVENING,133.0,f,https://tiktok.com/@/video/7502075549225946414,6817096610196620294,f,"[""7brew"",""icedcoffeeathome"",""coffeetiktok"",""fyp""]"
7397829602305002795,1722441435,"“BRONZE BADDIE BREAKDOWN☀️ watch how I transform my clients hair using @Matrix high riser pre bonded lightener plus tonal control! After almost two years of no color, we were able to create these stunning results✨  #matrixpartner #matrix #hairinspo #hairtok #haircolor #blondehair #hairtransformation #lahair #colourmelilyrose",19052,7.274026617033558e+18,UNSTOPPABLE EVENING,133.0,f,https://tiktok.com/@/video/7397829602305002795,3785854,f,"[""matrixpartner"",""matrix"",""hairinspo"",""hairtok"",""haircolor"",""blondehair"",""hairtransformation"",""lahair"",""colourmelilyrose""]"
7494307190925200662,1744904370,"Day 45: 25 miles. This stretch nearly broke me. 7 days from Tehachapi to Kennedy Meadows. Dry, exposed, relentless. My feet feel like soup and gravel. Carried too much water, never enough snacks, and the terrain? A nonstop game of “how bad do you want it?” Woke up in the dark. Filled bottles in a stream by headlamp. Climbed through wind, over fallen trees, past pinecones the size of my head. My Nutella’s almost gone. The descent was 6 miles of pure hell. But I saw the Sierra for the first time — and it hit different. Tomorrow I reach Kennedy Meadows. And that changes everything. #pacificcresttrail #thruhike #pct2025 #scotland #california #pctgrant #thruhiking #pct #sierra #hikertrash ",7370,7.274026617033558e+18,UNSTOPPABLE EVENING,133.0,f,https://tiktok.com/@/video/7494307190925200662,7471231024887137313,f,"[""pacificcresttrail"",""thruhike"",""pct2025"",""Scotland"",""california"",""pctgrant"",""thruhiking"",""pct"",""sierra"",""hikertrash""]"
7462434046086466862,1737483361,"Turkish Pasta Recipe  Kiss ur mum for me @Anna Paul 💕 The only difference is, I added Beef Onion Soup Mix #turkish #turkishpasta #pastalovers #foodtiktok #healthyrecipes #buttersauce #fyp #blackgirlfollowtrain ",17740,7.274026617033558e+18,UNSTOPPABLE EVENING,133.0,f,https://tiktok.com/@/video/7462434046086466862,6758863881617064965,f,"[""turkish"",""turkishpasta"",""pastalovers"",""foodtiktok"",""healthyrecipes"",""buttersauce"",""fyp"",""blackgirlfollowtrain""]"
7464798062851018015,1738033773,Replying to @tury7777 #coredriling #bernardylightingllc #ledlights #bluecollar ,157010,7.274026617033558e+18,UNSTOPPABLE EVENING,133.0,f,https://tiktok.com/@/video/7464798062851018015,7081483870251811883,f,"[""coredriling"",""bernardylightingllc"",""ledlights"",""bluecollar""]"
7481339763824463150,1741885171,🤝🏾 Merging Christ & Creativity! This was such a great time. Can’t wait til next week. @Blueprint Church  #Jesus #fyp #faith #motivation #viralvideo #viraltiktok  ,4894,7.274026617033558e+18,UNSTOPPABLE EVENING,133.0,f,https://tiktok.com/@/video/7481339763824463150,6796532713476113413,f,"[""jesus"",""fyp"",""faith"",""motivation"",""viralvideo"",""viraltiktok""]"
7512903960529767723,1749234301,"#creatorsearchinsights.        ¿Sientes tu digestión pesada?  Parte 1 | Desayunos saludables con tíbicos. Los tíbicos no solo sirven para hacer tu kéfir, ¡también puedes comerlos!   ✅ Este desayuno con tíbicos es tu mejor aliado para un intestino más saludable. ¡Te enseño cómo hacerlo!""  ✅ Lava, pela y pica el mago en cuadritos. ✅ Agrega unas cucharas de tíbicos al gusto. ✅ Puedes añadir, coco rallado, almendras o tu cereal al gusto. Si lo sientes un poco fuerte en sabor, puedes endulzar con un poco de miel. ✅ Beneficios del mango  - Facilita la digestión y combate el estreñimiento 🌿 - Refuerza el sistema inmunológico 🛡️ - Mejora la salud del corazón ❤️ - Protege la piel y los ojos ✨ - Fortalece huesos y músculos 💪 - Favorece la memoria y concentración 🧠 ¿Quieres más recetas con tíbicos? Guarda, comparte y comenta para la parte 2. 📣Dale like y guarda este video si quieres más recetas saludables para tu bienestar. ¡Tu salud empieza con el autocuidado!  #saludintestinal #guthealth #wellnesstips #habitosaludables #healthyhabits #nutricion #saluddigestiva #digestivehealth #digestion #digestiontips #healthyliving #alimentacionsaludable #foodtutorial #desayuno #desayunosaludable ",21356,7.274026617033558e+18,UNSTOPPABLE EVENING,133.0,f,https://tiktok.com/@/video/7512903960529767723,7498531779000173610,f,"[""creatorsearchinsights"",""saludintestinal"",""guthealth"",""wellnesstips"",""habitosaludables"",""healthyhabits"",""nutricion"",""saluddigestiva"",""digestivehealth"",""digestion"",""digestiontips"",""healthyliving"",""alimentacionsaludable"",""foodtutorial"",""desayuno"",""desayunosaludable""]"
7484011479683910942,1742507222,"Welcome to Eastside Eats! In this edition we visit Tenampal Growing up in Boyle Heights, Leonardo and Isaac Crespo often passed by the spot on 1st Street where their restaurant now stands. Three years ago, the Crespo brothers took the leap and opened Tenampal, a restaurant that brings a modern twist to traditional Mexican dishes, with their huaraches becoming a fan favorite. They also recently introduced dinner service on Friday and Saturday evenings, offering a unique menu with items like smoked chicken breast with mole poblano. 📍: 1859 1st St, Los Angeles, CA 90033 #boyleheights #eastsideeats ",14038,7.274026617033558e+18,UNSTOPPABLE EVENING,133.0,f,https://tiktok.com/@/video/7484011479683910942,7074307261566911534,f,"[""boyleheights"",""eastsideeats""]"
7457622387635326254,1736363029,Richard Mille RM67 ⌚️  #richardmille #munecoworld #watches #fyp ,20947,7.274026617033558e+18,UNSTOPPABLE EVENING,133.0,f,https://tiktok.com/@/video/7457622387635326254,7099162275664544811,f,"[""richardmille"",""munecoworld"",""watches"",""fyp""]"
7483181477656530218,1742313996,Althair vs Pegasus #fragrance #mensfragrance #fragrancereview #cologne #parfumsdemarly #althair #pegasus #fragrancebattle #irvine #irvinespectrum #uci ,45111,7.274026617033558e+18,UNSTOPPABLE EVENING,133.0,f,https://tiktok.com/@/video/7483181477656530218,7342351128284562463,f,"[""fragrance"",""mensfragrance"",""fragrancereview"",""cologne"",""parfumsdemarly"",""althair"",""pegasus"",""fragrancebattle"",""irvine"",""irvinespectrum"",""uci""]"
7430863728049982762,1730132791,"What does a great Dane have to do with Homelessness in Baltimore? Well I'll tell you 💪🏾. Check out the clip 😎 Though the journey shifted, and I'm married with children, the work to cure homelessness doesn't stop. With the support of my wife @K Nicole Lee , we address the needs of the less fortunate first hand.  I'm not just the Project Coordinator for Baltimore's Continuum of Care (Collaborative applicant to the Mayor's Office of Homeless Services) but I'm also The Chair of The Lived Experience Advisory Committee. Think of if as a safe place for the homeless, by the homeless, to better support their needs with the help of MOHS. It's your duty to give the same supports you'd wish for if you were in another's shoes ... #fatherhood #community #homelessness #girldad #baltimore #baltimorecity #advocate #advocacy #future #change ",8367,7.274026617033558e+18,UNSTOPPABLE EVENING,133.0,f,https://tiktok.com/@/video/7430863728049982762,6816054956103238661,f,"[""fatherhood"",""community"",""homelessness"",""girldad"",""baltimore"",""baltimorecity"",""advocate"",""advocacy"",""future"",""change""]"
7511874361108811039,1748994564,Nutella Latte was FIRE! let me know where to go next 🙏 #fyp #coffee #houstoncoffee #coffeeshop #houstoncoffeeshop #foodie #houstonfoodie #htx #houstontx #htxfoodie #CapCut ,11421,7.274026617033558e+18,UNSTOPPABLE EVENING,133.0,f,https://tiktok.com/@/video/7511874361108811039,6670860005015076869,f,"[""fyp"",""coffee"",""houstoncoffee"",""coffeeshop"",""houstoncoffeeshop"",""Foodie"",""houstonfoodie"",""htx"",""houstontx"",""htxfoodie"",""capcut""]"
7498100662559853867,1745787638,Safest Neighborhoods in the Bronx New York part 2 #newyorkcity #bronx #nyc #placestovisit #thingstodo #fyp #foryoupage #travel ,38670,7.274026617033558e+18,UNSTOPPABLE EVENING,133.0,f,https://tiktok.com/@/video/7498100662559853867,7306758804652475435,f,"[""newyorkcity"",""bronx"",""nyc"",""PlacesToVisit"",""thingstodo"",""fyp"",""foryoupage"",""travel""]"
7464370673432120622,1737934266,New health and wellness cafe in Atlanta so I had to try it out 😍 boosting my skin from the inside out with @E+ROSE @skin pharm smoothie ✨ #healthandwellness #glowingskin #foodismedicine #wellnessjourney #smoothie #skinhealth #healthyskin #healthyrecipes ,17681,7.274026617033558e+18,UNSTOPPABLE EVENING,133.0,f,https://tiktok.com/@/video/7464370673432120622,6809363199369233414,f,"[""healthandwellness"",""glowingskin"",""foodismedicine"",""wellnessjourney"",""smoothie"",""skinhealth"",""healthyskin"",""healthyrecipes""]"
7457961236148309278,1736441924,"You know UNO, but did you know about these? Hit that like button and follow to see more of my UNO collection. #ramunocollects  #uno #mattel #mattelcreations  #go #dicegame #unostacko #party #tripleplay #32ford #hotwheel #worldssmallest #giant #theme #collection #ramuno #pokemon #catchemall",8378,7.274026617033558e+18,UNSTOPPABLE EVENING,133.0,f,https://tiktok.com/@/video/7457961236148309278,7455160268122113067,f,"[""ramunocollects"",""uno"",""mattel"",""mattelcreations"",""go"",""dicegame"",""unostacko"",""party"",""tripleplay"",""32ford"",""hotwheel"",""worldssmallest"",""giant"",""theme"",""collection"",""ramuno"",""pokemon"",""catchemall""]"
7373680615691963694,1716818812,Took a break from my go to silk press routine to see what the hype was about!  #blowout #naturalhairblowout #thermalbrush #heatedroundbrush #silkpressseason ,52723,7.274026617033558e+18,UNSTOPPABLE EVENING,133.0,f,https://tiktok.com/@/video/7373680615691963694,6797513656710382597,f,"[""blowout"",""naturalhairblowout"",""thermalbrush"",""heatedroundbrush"",""silkpressseason""]"
7498492210380393771,1745878785,🙏 Trusting God with Finances #creatorsearchinsights #trust #God #finances #money #finance #Jesus #Bible #HolySpirit #Christian #christiantiktok #christiantok #tithe #tithing,5788,7.274026617033558e+18,UNSTOPPABLE EVENING,133.0,f,https://tiktok.com/@/video/7498492210380393771,7354033448535229482,f,"[""creatorsearchinsights"",""trust"",""god"",""finances"",""money"",""finance"",""jesus"",""bible"",""holyspirit"",""christian"",""christiantiktok"",""christiantok"",""tithe"",""tithing""]"
7472894614538816814,1739918907,"10/10 Middle Eastern Food in Tampa, FL (Temple Terrace) 🔥 Thank you guys for the recommendation - this one did not miss!  Olive Tree by Chef Yousef 📍11508 N 56th St, Tampa, FL 33617 #Tampa #TempleTerrace #OliveTree #MiddleEasternFood ",18323,7.274026617033558e+18,UNSTOPPABLE EVENING,133.0,f,https://tiktok.com/@/video/7472894614538816814,6891444331057005573,f,"[""tampa"",""templeterrace"",""olivetree"",""middleeasternfood""]"
7462873485061262634,1737585682,Thank you @bookwarehouseoutlet for having me!  Hope that you’re able to find some great books this weekend! #bookwarehouseoutlet #bookwarehouse #bookhaul #gvlsc #clemsonsc #easleysc #yeahthatgvl ,24968,7.274026617033558e+18,UNSTOPPABLE EVENING,133.0,f,https://tiktok.com/@/video/7462873485061262634,7067159286382543919,f,"[""bookwarehouseoutlet"",""bookwarehouse"",""bookhaul"",""gvlsc"",""clemsonsc"",""easleysc"",""yeahthatgvl""]"
7499245845154499871,1746054264,"Welcome to Eastside Eats! In this edition, we visit @velardesfruits Velarde's Fruits has been a neighborhood staple for more than 55 years and is well known for its fresh, made-to-order smoothies and juices. Modesto Navarro began working at the business more than 35 years ago, doing everything from cooking to preparing fruit and helping wherever he was needed. In 2007, after years of dedication, he became the third owner of the restaurant. While smoothies and juices are the main draw, Velarde's also offers a variety of traditional Mexican dishes. 📍2201 E Cesar E Chavez Ave, Los Angeles, CA 90033 #eastsideeats #boyleheights ",11792,7.274026617033558e+18,UNSTOPPABLE EVENING,133.0,f,https://tiktok.com/@/video/7499245845154499871,7074307261566911534,f,"[""eastsideeats"",""boyleheights""]"
7494660701592554774,1744986678,"Day 46: 700 miles in. Kennedy Meadows. This was a big one. 700 miles on foot from Mexico to here. Kennedy Meadows marks the start of the Sierra Nevada. A month at high altitude, big climbs, big snow, big adventure. I’ve been dreaming of this stretch since day 1. But first—breakfast was a single Clif bar and a few sad bits of dried fruit. Swung by the Kern River for a dip… it would’ve swept me away. Hit the 700-mile marker. Got emotional. Got hungry. Walked straight into Kennedy Meadows—only to find the general store closed. BUT Jelly, absolute wizard, had stashed his car here before the hike and predicted his arrival date to the day. We jumped in and hit Grumpy’s for food. Rocket Shoes made it memorable by absolutely destroying an egg. Town wasn’t quite awake yet, so we made the call—back to San Jacinto to finish the last section we missed. One more chapter before the Sierra begins. Drive was too long after that stretch, so we stopped half way in tehachapi at the wonderful trial angels we stayed on the way north.  Feet are tired. Belly’s full. Desert = done. Sierra = coming. Let’s keep moving. #pacificcresttrail #thruhike #pct2025 #scotland #california #pctgrant #thruhiking #desert #pct #snow #sierra #hikertrash ",5995,7.274026617033558e+18,UNSTOPPABLE EVENING,133.0,f,https://tiktok.com/@/video/7494660701592554774,7471231024887137313,f,"[""pacificcresttrail"",""thruhike"",""pct2025"",""Scotland"",""california"",""pctgrant"",""thruhiking"",""desert"",""pct"",""snow"",""sierra"",""hikertrash""]"
7475234956692802846,1740463846,"New year, new stadium 🏟️ #lagalaxy #mls #soccer #futbol #stadium #football ",12426,7.274026617033558e+18,UNSTOPPABLE EVENING,133.0,f,https://tiktok.com/@/video/7475234956692802846,6729971953946067973,t,"[""lagalaxy"",""MLS"",""Soccer"",""futbol"",""stadium"",""football""]"
7471704694599978286,1739641841,Another amazing micro neighborhood to check out on your next Queens adventure! Make sure to show these businesses some love while you’re there 🇬🇾🇬🇾🇬🇾 #mysecretnyc #microneighborhood #nyclife #hiddengems #littleguyana ,18374,7.274026617033558e+18,UNSTOPPABLE EVENING,133.0,f,https://tiktok.com/@/video/7471704694599978286,6807427685956436998,f,"[""mysecretnyc"",""microneighborhood"",""nyclife"",""hiddengems"",""littleguyana""]"
7470652657082912043,1739396908,"Crispy baked bbq turkey tacos 🌮🌿 recipe below!! Save this for Taco Tuesday ✨  Ingredients: - 1 red onion  - olive oil - 1 lb ground turkey - onion powder - garlic powder - paprika - salt & pepper - bbq sauce - chicken broth - tomato paste - corn tortillas - cooking spray - shredded cheese - ranch dressing - cilantro Instructions: - heat olive oil in a sauté pan and brown ground turkey - mix in red onion and seasonings, and cook until onions are soft - stir in bbq sauce, chicken broth, and tomato paste, and heat through - place tortillas on a parchment lined baking sheet and spray one side with cooking spray - heat in oven at 400° for about 3 minutes - remove from oven, flip tortillas over, and fill with turkey mixture and shredded cheese - fold tortillas in half and bake at 400° until crispy - top with ranch dressing and cilantro -#dinner #dinnerideas #dinnerinspo #dinnerrecipe #easydinner #30minutemeals #quickdinner #weeknightmeals #recipes #tacos #tacotuesday #groundturkey ",37257,7.274026617033558e+18,UNSTOPPABLE EVENING,133.0,f,https://tiktok.com/@/video/7470652657082912043,6840226895205057542,f,"[""dinner"",""DinnerIdeas"",""dinnerinspo"",""dinnerrecipe"",""easydinner"",""30minutemeals"",""quickdinner"",""weeknightmeals"",""recipes"",""tacos"",""tacotuesday"",""groundturkey""]"
7457663466669755690,1736372595,"Here’s what I picked up for new comic book day: Absolute Batman 4, Batman Dark Patterns 2, Aquaman 1, Batman and Robin 17 from DC Comics @DC Lucky Devils 1, Transformers 16, Napalm Lullaby 8, what’s the Furthest Place From Here 21, Falling in Love on the Path to Hell TP Vol 1 from Image Comics @Image Comics , Those Not Afraid 1, Kill All Immortals 5 from Dark Horse Comics @Dark Horse Comics , Ultimate Black Panther 12 from Marvel Comics @Marvel Entertainment  #comicbooks #newcomicbookday #ncbd #dccomics #marvelcomics #comictok ",7958,7.274026617033558e+18,UNSTOPPABLE EVENING,133.0,f,https://tiktok.com/@/video/7457663466669755690,7052833826150695942,f,"[""comicbooks"",""newcomicbookday"",""ncbd"",""dccomics"",""marvelcomics"",""comictok""]"
7367583595424206123,1715399243,before and after haircut at mckinley clips highly recommend she so nice and funny #beforeandafter #haircut #haircutday #yamhboy ,14182,7.274026617033558e+18,UNSTOPPABLE EVENING,133.0,f,https://tiktok.com/@/video/7367583595424206123,7291722230308144174,f,"[""beforeandafter"",""haircut"",""haircutday"",""yamhboy""]"
7460131206735072542,1736947162,Drilling holes- Tip of the Day! #machining #manual #manualmill #drilling #tipsandtricks #tipoftheday #howtotiktok ,26655,7.274026617033558e+18,UNSTOPPABLE EVENING,133.0,f,https://tiktok.com/@/video/7460131206735072542,7345567769512313898,f,"[""machining"",""manual"",""manualmill"",""drilling"",""tipsandtricks"",""tipoftheday"",""howtotiktok""]"
7496140140239146262,1745331140,"Day 50: San Jacinto Summit – The Scenic Route Back on trail(ish) and aiming high — literally. After already hiking to Spitler Peak last month, I took the Palm Springs tram up the other side to rejoin the PCT and summit San Jacinto. The peak isn’t even on the trail… it’s extra miles, but 100% worth it. The climb was stunning — snow, sketchy patches, an ice waterfall I probably shouldn’t have drank from (but did), and my first time seeing other thru-hikers in ages. New friends, epic views, and a classic “where’s Jelly” ending. He was fine… just casually adding 4 bonus miles for sunset vibes. One of my favourite days so far. Let’s keep it rolling. #PacificCrestTrail #thruhike #pct2025 #scotland #california #pctgrant #desert #thruhiking #pct #snow #sanjacinto #hikertrash ",3304,7.274026617033558e+18,UNSTOPPABLE EVENING,133.0,f,https://tiktok.com/@/video/7496140140239146262,7471231024887137313,f,"[""pacificcresttrail"",""thruhike"",""pct2025"",""Scotland"",""california"",""pctgrant"",""desert"",""thruhiking"",""pct"",""snow"",""sanjacinto"",""hikertrash""]"
7500245140628376874,1746286938,I visited with my mom the other day and it was pretty nice! Super cute and cozy restaurant with delicious food. #food #Foodie #bronx #bronxfood #bronxfoodie #restaurants #nycrestaurants  #bronxrestaurant #fy #fyp #ugc #ugccreator #miinasaray @dackscuisine ,14512,7.274026617033558e+18,UNSTOPPABLE EVENING,133.0,f,https://tiktok.com/@/video/7500245140628376874,6645115639831789574,f,"[""food"",""Foodie"",""bronx"",""bronxfood"",""bronxfoodie"",""restaurants"",""nycrestaurants"",""bronxrestaurant"",""fy"",""fyp"",""ugc"",""ugccreator"",""miinasaray""]"
7460179695544438062,1736958453,dreaming of summer 🍋‍🟩 key lime pie cake slices #bakerlife #indianabaker #bakersofindiana #indianapolisbakery #diml #bakeryowner #caketok ,10520,7.274026617033558e+18,UNSTOPPABLE EVENING,133.0,f,https://tiktok.com/@/video/7460179695544438062,6932130099068994566,f,"[""bakerlife"",""indianabaker"",""bakersofindiana"",""indianapolisbakery"",""diml"",""bakeryowner"",""caketok""]"
7511736466070916395,1748962506,Yall gotta check out this new spot in South St. Louis asap !! 🔥 @Habibi pizza stl @Spitfire bully’s Stl quality FOOD 💪🏽 #fyp #stlrestaurants #stleats #stl #foodie #foodreview #pizza #stlouis #stlouisblues ,8807,7.274026617033558e+18,UNSTOPPABLE EVENING,133.0,f,https://tiktok.com/@/video/7511736466070916395,7424283689590440990,f,"[""fyp"",""stlrestaurants"",""stleats"",""stl"",""Foodie"",""foodreview"",""pizza"",""stlouis"",""stlouisblues""]"
7465852367477558570,1738279256,Day in the life of an Amazon SDE (just before RTO) #coding #csmajors #ditl #programming #faang,22272,7.274026617033558e+18,UNSTOPPABLE EVENING,133.0,f,https://tiktok.com/@/video/7465852367477558570,7352567358922097710,f,"[""coding"",""csmajors"",""ditl"",""programming"",""faang""]"
7495111828465356075,1745091743,the beneficial properties of activated charcoal soap 🖤 #soapmakersoftiktok #soapmakingtiktok #activatedcharcoalsoap #naturalsoap #teatreeoilsoap #goatmilksoap ,23115,7.274026617033558e+18,UNSTOPPABLE EVENING,133.0,f,https://tiktok.com/@/video/7495111828465356075,7117917016161535022,f,"[""soapmakersoftiktok"",""soapmakingtiktok"",""activatedcharcoalsoap"",""naturalsoap"",""teatreeoilsoap"",""goatmilksoap""]"
7459090618841697566,1736704884,"Replying to @Nick C excuse the late reply, I wanted to be as detailed as possible! Any other questions, lmk! #mitsubishi #mitsubishievo8 #mitsubishievo #evo8 #evo #insta360x3 ",12803,7.274026617033558e+18,UNSTOPPABLE EVENING,133.0,f,https://tiktok.com/@/video/7459090618841697566,6733454359348315142,f,"[""mitsubishi"",""mitsubishievo8"",""mitsubishievo"",""evo8"",""evo"",""insta360x3""]"
7493314788307782958,1744673338,Out and about on a Monday! @#realestate #womeninrealestate #levelup #newmexico #fyp #dayinthelifeofarealtor #northernnm #nm #bealegendnotalady #bosslady #exitrealty#associatebroker,3971,7.274026617033558e+18,UNSTOPPABLE EVENING,133.0,f,https://tiktok.com/@/video/7493314788307782958,6777793028410229766,f,"[""realestate"",""womeninrealestate"",""levelup"",""newmexico"",""fyp"",""dayinthelifeofarealtor"",""northernnm"",""nm"",""bealegendnotalady"",""bosslady"",""exitrealty"",""associatebroker""]"
7460958184983825695,1737139712,"#webike THE next stop on KC RESTAURANT WEEK SPIN! Pizza! For a huge variety of pizza look no further than SPIN!  📍SPIN! Pizza 9474 Renner Blvd, Lenexa, KS 66219 The menu! 🍕Chicken Pesto Pizza ⭐️ 🍕Triple Pepperoni Pizza  🍞 Cheesy Breadsticks With Meatballs If you looking for the next spot on KC restaurant week powered by KC gift market place. Give this Lenexa Pizza Shop a SPIN!! #kc #ks #lenexa #pizza #ksfoodie #kcfoodie #poundtown #boujietaughtme",21509,7.274026617033558e+18,UNSTOPPABLE EVENING,133.0,f,https://tiktok.com/@/video/7460958184983825695,6979297222040208390,f,"[""webike"",""kc"",""ks"",""lenexa"",""pizza"",""ksfoodie"",""kcfoodie"",""poundtown"",""boujietaughtme""]"
7483965389324537118,1742496494,"It's official!!! Wyoming we are here...To all clients of MAC Enterprise, this is a MAJOR move for us and for you as well. We are headed to the top and y'all are coming with us!!! My leadership team took the trip with me!!! @MrDrDaddy @LGS_Inc ",7196,7.274026617033558e+18,UNSTOPPABLE EVENING,133.0,f,https://tiktok.com/@/video/7483965389324537118,6811192756561773574,f,[]
7503587209019198742,1747065043,"Day 67: Skipped the Sierra, found more snow Turns out the Sierra wasn’t quite ready for us… and honestly, neither was my visa. After a failed Whitney attempt and some tough decisions, I’ve skipped ahead to Truckee to start crushing NorCal—and wouldn’t you know it, we’re straight back into the white stuff. Started the day in Bishop with coffee and a pastry big enough to summit its own mountain. Ditched my cold weather kit, taped it all up for later, and hit the road. Goodbye ice axe, hello burrito miles. Straight back on trail at Truckee and… straight into soft, slushy snow. The kind that makes you question everything. But the views? Still delivering. The trail signs? Still rare. The hut we wanted to sleep in? Locked, obviously. Ended the day with a Chipotle beef burrito bowl, a sunset over snow, and cowboy camping under the moon. NorCal, you better be ready—I’m coming for those 600+ miles. #pacificcresttrail #thruhike #pct2025 #scotland #california #pctgrant #desert #thruhiking #pct #snow #hikertrash ",3209,7.274026617033558e+18,UNSTOPPABLE EVENING,133.0,f,https://tiktok.com/@/video/7503587209019198742,7471231024887137313,f,"[""pacificcresttrail"",""thruhike"",""pct2025"",""Scotland"",""california"",""pctgrant"",""desert"",""thruhiking"",""pct"",""snow"",""hikertrash""]"
7459897092425665835,1736892650,Trying the viral Dubai Chocolate at Athena Pita🍫 in Phoenix Arizona🌵 #dubaichocolate #dubai #chocolate #phxaz #phx #phoenix #glendale #glendaleaz #arizona #fyp #arabtiktoks #iraqi #az @602dubaichocolate ,31231,7.274026617033558e+18,UNSTOPPABLE EVENING,133.0,f,https://tiktok.com/@/video/7459897092425665835,6780552359544423430,f,"[""dubaichocolate"",""dubai"",""chocolate"",""phxaz"",""phx"",""phoenix"",""glendale"",""glendaleaz"",""arizona"",""fyp"",""arabtiktoks"",""iraqi"",""az""]"
7488789153765772587,1743619616,"Fruitopia is not playing with the flavors! This spot came through heavy—Mexican street food and sweet treats done right.  📍631 Central Ave. Kansas City, KS  #kansascity #foodie #foodtiktok #foodreview #fyp #foryou #delicious #eat #yummy #mexican ",9645,7.274026617033558e+18,UNSTOPPABLE EVENING,133.0,f,https://tiktok.com/@/video/7488789153765772587,7415426390772499499,f,"[""kansascity"",""Foodie"",""foodtiktok"",""foodreview"",""fyp"",""foryou"",""delicious"",""eat"",""yummy"",""mexican""]"
7375272085209304362,1717189351,Pack your June in Chicago with FREE events 🤙 ,89957,7.274026617033558e+18,UNSTOPPABLE EVENING,133.0,f,https://tiktok.com/@/video/7375272085209304362,7082794714127025194,t,[]
7498796982903786783,1745949739,"Mudgie's Deli and Wine Shop 1413 Brooklyn St Detroit, MI 48226 A unique style deli right outside of the city. Located on Brooklyn st right off of Michigan ave near corktown. A large variety of sandwiches to choose from! #michigan #detroit #deli #fyp #metrodetroit #fooddetroit #foodie #detroitfoodie #mudgies ",20069,7.274026617033558e+18,UNSTOPPABLE EVENING,133.0,f,https://tiktok.com/@/video/7498796982903786783,7400914272140362795,f,"[""michigan"",""detroit"",""deli"",""fyp"",""metrodetroit"",""fooddetroit"",""Foodie"",""detroitfoodie"",""mudgies""]"
7429051403164863766,1729710825,"let's play tennis! So, do you think these shoes will be cool? I designed them from natural leather combined with material from tennis balls! A lot of work and patience, but I believe the shoes will be great! #tennisplayer #tennisball #handmadewithlove #trendsetter #fashioncreator #michaelnovakpoland #sneaker #amazingvideo #oryginal ",29215,7.274026617033558e+18,UNSTOPPABLE EVENING,133.0,f,https://tiktok.com/@/video/7429051403164863766,6892533004993315841,f,"[""tennisplayer"",""tennisball"",""handmadewithlove"",""trendsetter"",""fashioncreator"",""michaelnovakpoland"",""sneaker"",""amazingvideo"",""oryginal""]"
7468392857410276650,1738870729,"They say #colordrenching is one of the hottest trend in interiors for 2025. It’s not new, and designers like myself have been doing it for decades. I’m just glad to see others leaning in to the magic of rich moody color enveloping a space. #interiordesign #moodyinteriors #bedroommakeover ",16546,7.274026617033558e+18,UNSTOPPABLE EVENING,133.0,f,https://tiktok.com/@/video/7468392857410276650,6852918780776317958,f,"[""colordrenching"",""interiordesign"",""moodyinteriors"",""bedroommakeover""]"
7507047055647313198,1747870610,"We made over $20k last month. Here’s the part people don’t think about, though. 😬 #businessowner #kyletx #junkremoval #junkremovalbusiness #entrepreneur #business #supportsmallbusiness ",14562,7.274026617033558e+18,UNSTOPPABLE EVENING,133.0,f,https://tiktok.com/@/video/7507047055647313198,7407818817734280234,f,"[""businessowner"",""kyletx"",""junkremoval"",""junkremovalbusiness"",""entrepreneur"",""business"",""supportsmallbusiness""]"
7483878404580723990,1742476231,"Day 18: Today was one of those days that tests you. A long, exhausting 10-mile grind through a dry creek bed—except it wasn’t so dry. Heavy rains had destroyed the main trail, leaving behind a mess of loose rock, deep sand, and washed-out sections that felt more like an obstacle course than a path. At times, it was downright dangerous, scrambling over unstable terrain with no clear route forward. Every step took focus. Every mile felt like two. Mission Creek was a much-needed break. Food, water, a moment to reset. But I couldn’t stay long—I wanted to push higher before nightfall. Three more miles, climbing up through fresh snow, every breath thinner as I gained altitude. Finally, at 8,000 feet, I set up camp, legs burning, body wrecked, but mind locked in. Two more days to Big Bear. Tomorrow is going to be brutal, but I’ve come too far to let up now. The only way is forward. 242.2/2650 miles.    #pacificcresttrail #thruhike #pct2025 #scotland #california #desert #snow #pct #thruhiking #pctgrant ",3979,7.274026617033558e+18,UNSTOPPABLE EVENING,133.0,f,https://tiktok.com/@/video/7483878404580723990,7471231024887137313,f,"[""pacificcresttrail"",""thruhike"",""pct2025"",""Scotland"",""california"",""desert"",""snow"",""pct"",""thruhiking"",""pctgrant""]"
7388568893452733702,1720285254,Barre is haaaard y’all 😅🩰 #purebarre #barre #barreworkout #barremiami #purebarremiami #midtown #miamifitness ,72381,7.274026617033558e+18,UNSTOPPABLE EVENING,133.0,f,https://tiktok.com/@/video/7388568893452733702,6805465320619328513,f,"[""purebarre"",""barre"",""barreworkout"",""barremiami"",""purebarremiami"",""midtown"",""miamifitness""]"
7477273592846224671,1740938457,We Back W/ A Hidden Gem 😁 Loacted In Lowell Is This El Salvadorian Market W Some Of The Best Food I've Had Out Here ! Let Me Know What Y'all Think About This One 🫡 #lowell #boston #fyp #elsalvador #tacos #birriatacos #localbusiness #smallbusiness #foodie #goodeats #lowkey #goodeats ,43408,7.274026617033558e+18,UNSTOPPABLE EVENING,133.0,f,https://tiktok.com/@/video/7477273592846224671,7139945560536761390,f,"[""lowell"",""boston"",""fyp"",""elsalvador"",""tacos"",""birriatacos"",""localbusiness"",""SmallBusiness"",""Foodie"",""goodeats"",""lowkey""]"
7387595076026764586,1720058523,Would you drive a Porsche Macan GTS? This 2024 Porsche Macan GTS is available at Porsche Monterey ask for Keanu 📲 #porschemacan #porschemacangts #macan #macangts #porsche #porscheclub #porsche911 #cars #dreamcar #CapCut ,52099,7.274026617033558e+18,UNSTOPPABLE EVENING,133.0,f,https://tiktok.com/@/video/7387595076026764586,7238040531704857646,f,"[""porschemacan"",""porschemacangts"",""macan"",""macangts"",""porsche"",""porscheclub"",""porsche911"",""cars"",""dreamcar"",""capcut""]"
7464251992798399786,1737906641,"Do you experience headaches especially right above the ear? Maybe it feels like an intense pressure or tension? Particularly clenching and grinding, can produce pain above the ear and in this video I show a simple test to determine if that’s you. You see when you clench your your temporalis muscle, the one above the ear, tightens up, and it can produce pain, but if you shift your jaw forward slightly, and then attempt to clench, you cannot generate the same contraction. So if clenching reproduces your headache pain, but then shifting forward and clenching no longer produce it as well that can be a sign that your headaches are coming from clenching. From there, there are several different ways to address it, but one would be repositioned of the jaw at night so you cannot get a good clench and in this video, I explained how an NTI can be used for that! #tmj #tmd #tmjdisorder #tmjtreatment #jawpain #tmj #dental #dentistry ",60880,7.274026617033558e+18,UNSTOPPABLE EVENING,133.0,f,https://tiktok.com/@/video/7464251992798399786,7016500196452893701,f,"[""tmj"",""tmd"",""tmjdisorder"",""tmjtreatment"",""jawpain"",""dental"",""dentistry""]"
7462143435596647723,1737415692,"AD: I’m SUPER excited to be partnering with one of my favorite noodle spots today‼️I’m back at @chopinnoodlehouse to get a behind-the-scenes look + try some new menu items.  Here are must try dishes: ▪️Triple Mix Oil Spill Noodles ($15.95): this is one of their new dishes and easily my favorite item there. I got mine with extra wide noodles, and it was FANTASTIC! It’s topped with tomato, egg, jjajang, and chili oil spice. Make sure you mix everything thoroughly before digging in 🤤 ▪️Traditional Beef Noodle Soup ($12.95): this is chef’s favorite dish and a staple in his hometown of Lanzhou. He recommends enjoying this with regular noodles! Think pure comfort in a bowl 🫶 ▪️Chili Oil Kimchi ($4.95): def not kimchi, but I love that they offer this. It was VERY tasty, and I really enjoyed having it with my noodles. It had a great crunch to it, and it’s a must for chili oil stans like me. Made with cabbage, carrot and chili oil 🙂 ▪️Mutton Chops ($21.95): You get lots of meat with this dish, and it comes with a side of chili oil kimchi and a flavorful seasoning for dipping.  Additional notes 📝 ▪️Their food + noodle’s originally from Lanzhou (NW China) 🫶  ▪️Parking is plentiful! ▪️There’s a piano inside and they have performances from time to time 🎹 ▪️You order at the counter and they’ll bring your food to you once it’s ready ▪️You get to choose from 6 different noodle shapes - my favorite’s their wide! ▪️To go containers are self serve and located at the front  ◼️Their name is inspired by the composer, Chopin 🎶 Have you guys been to this noodle spot yet? Let me know by commenting below, fam! 📍5514 Baltimore National Pike, Catonsville, MD ⏰11-8pm daily #catonsville #fyp #foryou #foryoupage #maryland #marylandfood #marylandfoodie #marylandfoodies ",20368,7.274026617033558e+18,UNSTOPPABLE EVENING,133.0,f,https://tiktok.com/@/video/7462143435596647723,7219481455490778154,f,"[""catonsville"",""fyp"",""foryou"",""foryoupage"",""maryland"",""marylandfood"",""marylandfoodie"",""marylandfoodies""]"
7356289901890964778,1712769733,"Nasi goreng (fried rice) @farahjeats   Nasi goreng is a Southeast Asian style of fried rice and it’s so good! Luckily, it’s not hard to make. I used eggs for my protein but feel free to use protein of your choice and add veggies if you want | A D   For the best flavor, I added Maknya Spicy Sambal Belacan Paste. It’s the right amount of umami and heat to level up any dish! Perfect as the secret ingredient to any dish and/or eaten as a condiment.   Get yours online at @99ranchmarket    Ingredients: 3 eggs (or protein of your choice) 2 cups cooked rice 2 tbsp Maknya Spicy Sambal Belacan Paste 1/4 large onion (diced) 2 cloves garlic (minced) 2 tbsp light soy sauce 1 tbsp kecap manis (sweet soy sauce)  1.5 tsp salt 1 tsp sugar 1/2 tsp white pepper    #asianfood #friedrice #easyrecipe #maknya #spicysambal #belacanpaste #roxytrading",47691,7.274026617033558e+18,UNSTOPPABLE EVENING,133.0,f,https://tiktok.com/@/video/7356289901890964778,6960377916963243009,f,"[""asianfood"",""friedrice"",""EasyRecipe"",""maknya"",""spicysambal"",""belacanpaste"",""roxytrading""]"
7489844739584298271,1743865399,"Resulta que nunca subí mis videos a Tik Tok , espero que les guste  Chinatown nunca para de sorprenderme! Siempre encuentro algo nuevo que explorar  y varios lugares que probar . Aquí les dejo los lugares y direcciones de los lugares en orden . 📍king dumplings  74 Hester St  📍Mei Lau Wah  62 Bayard St  📍Gong Cha  42 Mott St  📍Nom Wah Tea Parlor 13 Doyers St  Me disculpo de antemano por mi pronunciación en chino , la verdad que si trate 🥹 Gracias por seguirme 🫶 #nyc #reelsvideo #fyp #fypシ #parati  #cosasquehacer #follow #lifestyleblogger #blog #foodie #newyork #chinatown ",27265,7.274026617033558e+18,UNSTOPPABLE EVENING,133.0,f,https://tiktok.com/@/video/7489844739584298271,6791161564705440774,f,"[""nyc"",""reelsvideo"",""fyp"",""fyp\u30b7"",""parati"",""cosasquehacer"",""follow"",""lifestyleblogger"",""blog"",""Foodie"",""newyork"",""chinatown""]"
7495746578162961706,1745239567,"Last week I went to Comerica Park and Ford Field to get some extra shots for a wedding film, and it dawned on me that I wasn’t worried at all about wandering around alone with a cinema camera and bag of gear. That wasn’t always the case. 90% of my work takes place in Detroit and it’s been amazing to watch this city bloom back to what it once was, and it’s just getting started.  #CapCut #detroit #midwestnice #weddingvideography #weddingvideographer #weddingfilm #weddingfilmmaker #weddingplanning #weddings @Detroit Lions @Detroit Tigers ",7781,7.274026617033558e+18,UNSTOPPABLE EVENING,133.0,f,https://tiktok.com/@/video/7495746578162961706,7205723745309623338,f,"[""capcut"",""detroit"",""midwestnice"",""weddingvideography"",""weddingvideographer"",""weddingfilm"",""weddingfilmmaker"",""weddingplanning"",""weddings""]"
7395004867720367390,1721783759,Perm  #makeover #transformation #haircut#hairstylist #hairsalon #barber#asian #perm #newyork ,19613,7.274026617033558e+18,UNSTOPPABLE EVENING,133.0,f,https://tiktok.com/@/video/7395004867720367390,7328169522551784491,f,"[""makeover"",""transformation"",""haircut"",""hairstylist"",""hairsalon"",""barber"",""asian"",""perm"",""newyork""]"
7416475450106514731,1726782759,"Hillsborough county has one of the highest rates for unintentional drownings in the COUNTRY! Y’all - I almost drowned 5 feet in front of a lifeguard once because drowning is so silent 😖It’s one of the best things I’ve ever done for myself. If you’re interested in starting yourself, we used aquaDucks in New Tampa! 🌊 They train all ages and it’s year-round. Sign up using the link in their bio on IG (@aquaducksusa)  #Tampa #SwimmingLessons #AdultSwimmingLessons #SwimmingWhileBlack #HaitianAmerican #TampaParents ",8629,7.274026617033558e+18,UNSTOPPABLE EVENING,133.0,f,https://tiktok.com/@/video/7416475450106514731,6891444331057005573,f,"[""tampa"",""swimminglessons"",""adultswimminglessons"",""swimmingwhileblack"",""haitianamerican"",""tampaparents""]"
7498361264930884886,1745848285,"Day 54: Officially in the Sierra Nevada and it’s everything I hoped for — except maybe the bit where I fell through a snow bridge before breakfast. Started the day in a dreamy river valley, still rocking shorts at 8,000 feet because denial is powerful. Hit snow early, slapped the ice axe and spikes on, then immediately found mountain lion tracks and thought, “perfect, I always wanted a new hiking buddy.” Postholed up to my knees, shopped for Christmas trees above 9,000ft, walked tightropes over rivers, and still somehow got talked into doing five more miles when my body had already clocked out for the day. Sierra is unreal though. Every view feels like it’s straight out of a movie — can’t believe I actually get to live this. Finished the day melting snow for water like a true mountain goblin. We’re really in it now. See you tomorrow! PS, yes I know I didn’t cross a major pass, I recorded the video early in the morning 😂 #pacificcresttrail #thruhike #pct2025 #scotland #california #pctgrant #desert #thruhiking #pct #snow #hikertrash #mountain #sierra ",4337,7.274026617033558e+18,UNSTOPPABLE EVENING,133.0,f,https://tiktok.com/@/video/7498361264930884886,7471231024887137313,f,"[""pacificcresttrail"",""thruhike"",""pct2025"",""Scotland"",""california"",""pctgrant"",""desert"",""thruhiking"",""pct"",""snow"",""hikertrash"",""mountain"",""sierra""]"
7486688520254491950,1743130520,"Cutting corners? Never. Cutting banners? Always. Here’s DDI owner, Matt, showing off his skills—because at Desert Digital, we take cutting edge to a whole new level. #printshop #gilbertaz #howitsmade #printing #printdesign #banner #arizona #smallbusinessowner ",49521,7.274026617033558e+18,UNSTOPPABLE EVENING,133.0,f,https://tiktok.com/@/video/7486688520254491950,7400954197052752938,f,"[""printshop"",""gilbertaz"",""howitsmade"",""printing"",""printdesign"",""banner"",""arizona"",""smallbusinessowner""]"
7467628002894007594,1738692706,How I got the shot these are lifestyle and brand photos. These were pretty simple to get all I really had to do was find the location which was a hotel and luckily for us it was really slow so we have free rain to shoot all over the hotel. My ISO was pretty high during this issue. That’s OK with these cameras It’s perfectly fine I made sure it was high so I could keep the ambient light in the background.  ##stlphotographer##portraitphotography##lifestylephotos##lifestylephotography##blackwomanphotoshoot##howto##tiktoku##photographytipsandtricks,14166,7.274026617033558e+18,UNSTOPPABLE EVENING,133.0,f,https://tiktok.com/@/video/7467628002894007594,6921504079743190022,f,"[""stlphotographer"",""portraitphotography"",""lifestylephotos"",""lifestylephotography"",""blackwomanphotoshoot"",""howto"",""tiktoku"",""photographytipsandtricks""]"
7460673045124910378,1737073313,"🏡 For Rent: 4005 Nadine, Killeen, TX ✨ $850/month | 2 Bed | 1.5 Bath | 900 sq. ft. 📐 Cozy townhouse living at an unbeatable price! 📍 Affordable, convenient, and ready for you to move in—schedule your tour today! #KilleenRentals #TownhouseLiving #ForRent #AffordableHomes #MoveInReady #IsbellRentals",48915,7.274026617033558e+18,UNSTOPPABLE EVENING,133.0,f,https://tiktok.com/@/video/7460673045124910378,7216339384592024622,f,"[""killeenrentals"",""townhouseliving"",""forrent"",""affordablehomes"",""moveinready"",""isbellrentals""]"
7400033392202485035,1722954546,"A new construction home inspection is crucial to catch potential issues missed during the build, like poor insulation or faulty wiring. Skipping it can lead to costly repairs and safety hazards later. Ensure your new home is flawless with a thorough inspection. #HomeInspection #NewConstruction #RealEstateTips #HomeBuyersGuide #CapCut ",56807,7.274026617033558e+18,UNSTOPPABLE EVENING,133.0,f,https://tiktok.com/@/video/7400033392202485035,7247725754934592558,f,"[""homeinspection"",""newconstruction"",""realestatetips"",""homebuyersguide"",""capcut""]"
7485736999840730390,1742908971,"Day 23: I had a secret side mission today… It started with coffee in my sleeping bag, because some mornings you just need a slow start. Then came the miles—smooth trail, sunshine, and for a brief moment, the illusion that today would be easy. Then came the trees. So many trees. Climbing, jumping, crawling—turns out the trail had other plans. A Pop-Tart helped morale. A river crossing tested my patience. And somewhere along the way, I found myself barefoot, wondering how far I could really go like that (not far, as it turns out). But the real mission? Hiking miles off-trail just to find WiFi… because priorities. The reward? A burger, a milkshake, and the realization that maybe eating that much, that fast, wasn’t my best decision. Nothing a freezing creek dip couldn’t fix. Fresh start. New man. And just in time for a sunset that made every step worth it. Would I do it again? Absolutely. 298.5/2650 miles. Camped at the base of Cedar Glen.  #PacificCrestTrail #pct2025 #thruhike #scotland #california #desert #pctgrant ##ThruHiking #HikerTrash #LifeOnTrail ",5252,7.274026617033558e+18,UNSTOPPABLE EVENING,133.0,f,https://tiktok.com/@/video/7485736999840730390,7471231024887137313,f,"[""pacificcresttrail"",""pct2025"",""thruhike"",""Scotland"",""california"",""desert"",""pctgrant"",""thruhiking"",""hikertrash"",""lifeontrail""]"
7504312691415108886,1747233959,"Day 69: Lost Liam, gained Pablo. That’s trail math. Yesterday we hammered out 23 snowy miles and made it to camp just in time for Liam to peace out and keep hiking into the night. Wild. Now we’re three, Pablo’s officially joined the squad, and we’re hoping NorCal cuts us a break with some dry trail. Spoiler: it tried. Started the day with freezing creek water and a river lit by sunrise. Saw Liam’s prints in the snow like some ghost of big miles past. Then… dry trail. Real, actual, beautiful dirt. First time in a while it felt like the PCT. Even saw some bear prints, good reminder we’re not alone out here. Rolled into Sierra City for a quick pit stop, 1.3 miles off-trail but worth it. Burgers, sockets, and mileage marker sign. Then came the climb. Endless switchbacks, even the water source was mocking us: “Switchback Spring.” Views at the top were something else, dry ridges, snowy peaks… and then back into the slush for the final few miles. I was skiing in trail runners to save my knees. Dinner? Pinnacle creamy Tuscan chicken. Elite. Sunset over a lake with no ice, finally. What a day. #pacificcresttrail #thruhike #pct2025 #scotland #california #pctgrant #desert #thruhiking #pct #snow #hikertrash ",4634,7.274026617033558e+18,UNSTOPPABLE EVENING,133.0,f,https://tiktok.com/@/video/7504312691415108886,7471231024887137313,f,"[""pacificcresttrail"",""thruhike"",""pct2025"",""Scotland"",""california"",""pctgrant"",""desert"",""thruhiking"",""pct"",""snow"",""hikertrash""]"
7479581827531869482,1741475877,4 packs of this hair gives you this…. #charlottehairstylist #fyp #foryoupage #trending #quickweave #sidepartquickweave ,15131,7.274026617033558e+18,UNSTOPPABLE EVENING,133.0,f,https://tiktok.com/@/video/7479581827531869482,6813130980343055365,f,"[""charlottehairstylist"",""fyp"",""foryoupage"",""trending"",""quickweave"",""sidepartquickweave""]"
7460236941347507502,1736971779,Hole 10 at White Horse is my NEMESIS - can I conquer it today? #golf #golftiktok #golflife #golftok #pnwgolf #pnw ,22327,7.274026617033558e+18,UNSTOPPABLE EVENING,133.0,f,https://tiktok.com/@/video/7460236941347507502,7409420951845307434,f,"[""golf"",""golftiktok"",""golflife"",""golftok"",""pnwgolf"",""pnw""]"
7495415119975861526,1745162330,"DAY 48: A Dog Mayor, A Zero Day & An Alarming Amount of Food Turns out the roads used for resupplying in the Sierra are still buried under winter. They should open in the next 10 days… so unless we wanted to get stuck eating pine needles and regret, we took a zero in Idyllwild instead. Also gives San Jacinto a chance to chill out (literally). Being off trail means I can shovel calories into my face without having to carry them uphill all week. Lost around 15lbs since the start, so I’m basically on a medical mission now: Operation Refeed the Skeleton. And yes — I finally met Mayor Max and Vice Mayor Meadow. Two dogs, one town, zero scandals. 10/10 would vote again. Wrapped the day up in front of a fire, belly full, legs rested, and genuinely excited to get back out there. #pacificcresttrail #thruhike #pct2025 #scotland #california #pctgrant #desert #thruhiking #pct #snow #hikertrash ",3197,7.274026617033558e+18,UNSTOPPABLE EVENING,133.0,f,https://tiktok.com/@/video/7495415119975861526,7471231024887137313,f,"[""pacificcresttrail"",""thruhike"",""pct2025"",""Scotland"",""california"",""pctgrant"",""desert"",""thruhiking"",""pct"",""snow"",""hikertrash""]"
7498751877106912534,1745939230,"Day 55 – Third day in the Sierra and it’s heating up. Started the day at 10,500ft with coffee, a frozen tent, and whatever breakfast I could find buried in my pack. The dry trail didn’t last long — straight back into snow and hunting for a buried stream to fill bottles. Muddy water? Good enough. Altitude’s kicking in, but the views are insane. First proper high passes coming up soon. Long snowy traverses, feet soaked, pack heavy, legs cooked. Found camp at a frozen lake and had to smash through the ice just to get drinking water. Welcome to the Sierra. Feet up now, trying to dry shoes in the last bit of sun before ramen time. Big mountains tomorrow. Let’s see what happens. #pacificcresttrail #thruhike #pct2025 #scotland #california #pctgrant #desert #thruhiking #pct #snow #hikertrash ",2618,7.274026617033558e+18,UNSTOPPABLE EVENING,133.0,f,https://tiktok.com/@/video/7498751877106912534,7471231024887137313,f,"[""pacificcresttrail"",""thruhike"",""pct2025"",""Scotland"",""california"",""pctgrant"",""desert"",""thruhiking"",""pct"",""snow"",""hikertrash""]"
7493923428727131414,1744815019,"Day 44: 25 miles 3 days to Kennedy Meadows and the rocks are getting personal. Started before sunrise with the headtorch on, chasing miles before the heat hit. Sun came up, trail looked golden, and for a brief moment I thought “this is actually nice.” That moment didn’t last. Passed a bag of books on trail (??), hit a trail register and a water cache, and saw a historical point of interest that turned out to be a Prius in the desert. Classic… Wildflowers were popping off, but so were my feet. The trail climbed, the views hit, then came the rocks. Again. Always the rocks. Detoured for water at Joshua Tree Spring, then collapsed under some shade very dramatically. Managed to pull it together for the final push. Feet ruined. Clothes drying. Tent zipped. See you tomorrow for Day 45. #pacificcresttrail #thruhike #pct2025 #scotland #california #desert #sierra #mountains #pctgrant #thruhiking #pct #wildflower #hikertrash ",3100,7.274026617033558e+18,UNSTOPPABLE EVENING,133.0,f,https://tiktok.com/@/video/7493923428727131414,7471231024887137313,f,"[""pacificcresttrail"",""thruhike"",""pct2025"",""Scotland"",""california"",""desert"",""sierra"",""mountains"",""pctgrant"",""thruhiking"",""pct"",""wildflower"",""hikertrash""]"
7475762250955902239,1740586552,"Just moved to Arizona, specifically the East Valley? Welcome to your new go-to nail spot 🌵✨ nail appointment, french tip nails, clean girl nails, qtnailslashes, chandler nail salon, gilbert nail salon, az nails",16713,7.274026617033558e+18,UNSTOPPABLE EVENING,133.0,f,https://tiktok.com/@/video/7475762250955902239,7224325275255981099,f,[]
7478778230636350750,1741288762,"Making over My Least Favorite Makeover Part Two! After endless tweaks, color changes, and rearranging, I finally committed to a full transformation. The walls? Painted. The ceiling? Done. Planks? Secured and looking fresh. Now, the room feels like a blank canvas. Some might call it boring, but I see it as the start of something incredible. But here’s where I’m stuck… the beam. I’ve been wrestling with this decision for weeks. Maybe the fact that I can’t stop thinking about it means it needs to happen. What do you think? Do I go for it or leave it as is? Let’s settle this once and for all! #RoomGlowUp #BlankCanvasToDreamSpace #BeamOrNoBeam #RoomMakeover #oldhousetiktok #smallbedroom ",9676,7.274026617033558e+18,UNSTOPPABLE EVENING,133.0,f,https://tiktok.com/@/video/7478778230636350750,6921784644925686789,f,"[""roomglowup"",""blankcanvastodreamspace"",""beamornobeam"",""roommakeover"",""oldhousetiktok"",""smallbedroom""]"
7488366558968810754,1743521209,"Day 30: Soggy Tent, Rocket Shoes & a Stormy Night Woke up to a wet tent. Not just damp-soaked. Love that for me. Nothing like packing up a waterlogged shelter to really set the tone for the day. Started strong with second breakfast: a Pop-Tart. Elite fuel. Then hit the trail, legs feeling heavy but still moving. A long climb early on made sure I was fully awake-steep, slow, and questioning my choices-but the view at the top made it worth it. A few miles in, I spotted a tree that clearly lost a fight with lightning, a rock that had to be a cat, and a burn area warning just to keep things interesting. Somewhere along the way, I completely missed the 400-mile marker. So we're celebrating 400.9 miles instead. Close enough. Trail snacks kept morale high-Sour Patch Kids for motivation, a mid-day burrito for pure joy. And at some point, I even ran? Rocket shoes unlocked?? Rolled into camp first (rare), but no water meant pushing another two miles. Grabbed a quick resupply, did some emergency sleeping pad surgery, and then watched storm clouds roll in. Now I'm lying here in my flapping tent, listening to the wind rage, hoping I don't get launched into the night. Sleep? Probably not happening. See you for Day 31... if I'm still here. #pacificcresttrail #thruhike #pct2025 #scotland #california #desert #pctgrant #thruhiking #pct #hikertrash ",3545,7.274026617033558e+18,UNSTOPPABLE EVENING,133.0,f,https://tiktok.com/@/video/7488366558968810754,7471231024887137313,f,"[""pacificcresttrail"",""thruhike"",""pct2025"",""Scotland"",""california"",""desert"",""pctgrant"",""thruhiking"",""pct"",""hikertrash""]"
7471709499263339807,1739642963,Replying to @Strawberry shortcake 🍰 🍓 this is how you study cell biology in anatomy and physiology! #anatomy #physiology #beginner #tips #study #studytips #science #premed #nursing #nursingstudent #prenursing #fyp #college #kinesiology #nursingschool #medschool #medicalschool #hacks #pt #howtostudy #studytok #studymethod #studyguide #anatomyclass #anatomylesson #anatomyandphysiology ,10386,7.274026617033558e+18,UNSTOPPABLE EVENING,133.0,f,https://tiktok.com/@/video/7471709499263339807,6971583152226518021,f,"[""anatomy"",""physiology"",""beginner"",""tips"",""study"",""studytips"",""science"",""premed"",""nursing"",""nursingstudent"",""prenursing"",""fyp"",""college"",""kinesiology"",""nursingschool"",""medschool"",""medicalschool"",""hacks"",""pt"",""howtostudy"",""studytok"",""studymethod"",""studyguide"",""anatomyclass"",""anatomylesson"",""anatomyandphysiology""]"
7439490193872293166,1732141296,#xobyk #smallbusinessowner #howtostartalashbusiness #lashretention #lashwithme ,4170,7.274026617033558e+18,UNSTOPPABLE EVENING,133.0,f,https://tiktok.com/@/video/7439490193872293166,6905930297804620805,f,"[""xobyk"",""smallbusinessowner"",""howtostartalashbusiness"",""lashretention"",""lashwithme""]"
7470286390216150318,1739311633,"No. 5️⃣: The Chili Cheeseburger from Original Tommy’s  Ingredients: C Flavor: C+ Concept Execution: B- Sides & Overall Experience: B- Personal Taste: C+ COUNTDOWN-O-METER: 74% Nothing fancy, but a So Cal classic for a reason. Hard to debate that this is anything but a tasty burger, made better by its status as a Los Angeles icon.  5 burgers down. 95 to go!!! #lafoodie #food #burger #classicrestaurant #cheeseburger #chilicheesefries #losangeles ",15128,7.274026617033558e+18,UNSTOPPABLE EVENING,133.0,f,https://tiktok.com/@/video/7470286390216150318,6820085136420684806,f,"[""lafoodie"",""food"",""burger"",""classicrestaurant"",""cheeseburger"",""chilicheesefries"",""losangeles""]"
7479327301411294494,1741416629,"My bulk food #haul for this month from Azure Standard. I don’t order from them every month, but I really like their organic produce options and their wheat berries.  #bulkfoods #preparedness #canningandpreserving #organic ",5817,7.274026617033558e+18,UNSTOPPABLE EVENING,133.0,f,https://tiktok.com/@/video/7479327301411294494,7331119003285210158,f,"[""haul"",""bulkfoods"",""preparedness"",""canningandpreserving"",""organic""]"
7500542760408206623,1746356316,"Skating > subway, every time🙌 #rollerblading ",6165,7.274026617033558e+18,UNSTOPPABLE EVENING,133.0,f,https://tiktok.com/@/video/7500542760408206623,6781158409120334853,f,"[""rollerblading""]"
7506244816414477611,1747683857,This class was sooo much fun! I love @Amity.htx for always hosting these cool events🥰🫶🏾 • • • #houstontx #thingstodoinhouston #htx #cakedecorating #funthingstodoinhouston #baking #diy #bentocake ,5005,7.274026617033558e+18,UNSTOPPABLE EVENING,133.0,f,https://tiktok.com/@/video/7506244816414477611,7176336018470274090,f,"[""houstontx"",""thingstodoinhouston"",""htx"",""cakedecorating"",""funthingstodoinhouston"",""baking"",""DIY"",""bentocake""]"
7487976127890230550,1743430306,"Day 29: Sketchy Trails & Indiana Jones Moves Started the day with an Instagram follower who joined for a section—respect to them for sending it up, but coming down alone was too risky, so they made the smart call to turn back. Me and the boys kept pushing through the sketchy scree, nothing but loose rock and careful footwork until we finally hit solid trail. From there, we cranked up the pace. Endless climbs, a long road diversion that felt like it would never end, then back into the mountains as the clouds rolled in. A couple of dogs came over to check us out when we got back on trail, right before we passed a sign casually reminding us about mountain lions and rattlesnakes—good times. Then came the highlight: crossing a river on a massive fallen tree, full-on Indiana Jones style. One last brutal climb to Cooper Canyon, and finally, we called it a day. Absolutely wrecked, but still moving forward.  17 miles today. Total 395.2/2650 miles.  #PCT #pacificcresttrail #pacificcresttrail #thruhike #scotland #california #desert #pctgrant #thruhiking #hikertrash ",2969,7.274026617033558e+18,UNSTOPPABLE EVENING,133.0,f,https://tiktok.com/@/video/7487976127890230550,7471231024887137313,f,"[""pct"",""pacificcresttrail"",""thruhike"",""Scotland"",""california"",""desert"",""pctgrant"",""thruhiking"",""hikertrash""]"
7508552015618870559,1748221018,"*Weekly Menu* 1011 E Main St in Butchertown Fri 5/30 1-9pm(or until sold out) Sat 5/31 11-6pm(or until sold out) Sun 6/1 11-3pm(or until sold out) Mon 6/2 11-4pm(or until sold out) PRE-ORDERS-(flavors listed on this menu)(call storefront m-thur 502-883-0022 9-5pm to inquire about ordering). *Variety Cheesecake Cookie Box $38 (includes 4- Ultimate Choc Chip/4- Snickerdoodle/4- Banana Pudding)  *Individual SLICES/COOKIES now available for preorder. Variety Sampler- $67(includes one slice of each flavor excluding Moose tracks, Coffee cake, Oreo dirt, Horse racing pie stuffed). Menu- *Lemon blueberry Ooey Gooey cheesecake slice$9 *Very strawberry shortcake cheesecake slice $9 *Choc Dubai cheesecake slice $9 *Banana Pudding cheesecake slice $8 *Oreo chunk fudge cheesecake slice $9 *PB Snickers cheesecake slice $9 *Dulce de leche cheesecake cheesecake slice $9 *Rainbow sherbet cheesecake slice $9 *Moose tracks cheesecake slice $9(limited quantities)(NEW FLAVOR ALERT) *Oreo dirt cheesecake slice $9(limited quantities) *Coffee Cake cheesecake slice $9 (limited quantities) *Horse Racing pie stuffed cheesecake $10 (limited quantities)(derby pie) *Ultimate Choc chunk cheesecake filled cookie $4 *Snickerdoodle cheesecake filled cookie $4 *Banana Pudding cheesecake filled cookie $4",12091,7.274026617033558e+18,UNSTOPPABLE EVENING,133.0,f,https://tiktok.com/@/video/7508552015618870559,6747147658251191301,f,[]
7472812340535102750,1739899751,The right match just feels different. ❤️ #reasonwithduet #dating #truelove #foryou #foryoupage ,315748,7.274026617033558e+18,UNSTOPPABLE EVENING,133.0,f,https://tiktok.com/@/video/7472812340535102750,6629105519150727173,f,"[""reasonwithduet"",""dating"",""TrueLove"",""foryou"",""foryoupage""]"
7462809678649527583,1737570819,"Samsung has some pretty cool cases coming out for the Galaxy S25 series and the Galaxy Buds. Some of them have Qi 2 support bringing MagSafe to Samsung official cases! But, by far the coolest cases happen to be the Hershey Chocolate case and the Crocs Case which also supports Jibbets thanks to Samsungs official partnership with Crocs. Would you rock any of these?  #samsung #unpacked2025 #galaxys25 #galaxys25ultra #galaxys25plus #tech #technology #smartphone #smartphonephotography #samsunggalaxy #galaxys25cases #s25cases #crocscase #phonecases #galaxyunpacked ",25244,7.274026617033558e+18,UNSTOPPABLE EVENING,133.0,f,https://tiktok.com/@/video/7462809678649527583,7005260770128987142,f,"[""samsung"",""unpacked2025"",""GalaxyS25"",""galaxys25ultra"",""galaxys25plus"",""tech"",""technology"",""smartphone"",""smartphonephotography"",""samsunggalaxy"",""galaxys25cases"",""s25cases"",""crocscase"",""phonecases"",""galaxyunpacked""]"
7492154399540809006,1744403164,"👏🏽👏🏽👏🏽👏🏽👏🏽🗣️It does not take long for you to grow fam. Once you learn a new task, it’s like you master it very quickly. You’re special fam. Not everyone can pick up on things quickly like you. It don’t take you long at all. Continue being smart, aware and intelligent fam. Good luck and much love from me to you😎✊🏾💯💯💯🙏🏾🙏🏾🙏🏾💙💙💙💙🔥🔥🔥🔥 #notlongforyou #quicklearner #intelligent #smart #inspiration #motivation #fyp #tiktok #demirealtalk🗣️ ",6693,7.274026617033558e+18,UNSTOPPABLE EVENING,133.0,f,https://tiktok.com/@/video/7492154399540809006,7260581897553282094,f,"[""notlongforyou"",""quicklearner"",""intelligent"",""smart"",""inspiration"",""motivation"",""fyp"",""tiktok"",""demirealtalk\ud83d\udde3\ufe0f""]"
7479482088505216278,1741452632,"Day 7: Resupply, hitch hiking and back on trail with blisters galore. Still can’t wait for tomorrow 🔥🥾🏕️ #pct2025 #thruhike #PacificCrestTrail #california #desert #scotland #pctgrant ",5700,7.274026617033558e+18,UNSTOPPABLE EVENING,133.0,f,https://tiktok.com/@/video/7479482088505216278,7471231024887137313,f,"[""pct2025"",""thruhike"",""pacificcresttrail"",""california"",""desert"",""Scotland"",""pctgrant""]"
7467311384494214431,1738618963,#concordnc #grocerystore #fyp #homecooking #charlottenc #quickfood #fypシ ,12163,7.274026617033558e+18,UNSTOPPABLE EVENING,133.0,f,https://tiktok.com/@/video/7467311384494214431,7021898434802533382,f,"[""concordnc"",""grocerystore"",""fyp"",""homecooking"",""charlottenc"",""quickfood"",""fyp\u30b7""]"
7384888705342836010,1719428398,"There’s still so much summer to enjoy☀️and Season Passes get you into all the best events like @Neon Paint Party and 4th of July fireworks 🎆  Super Passes get you even more perks for summer like  💦 Free daily admission 💦 Free daily tube rental 💦 Free daily general parking 💦 One free, single use, Bring a Friend ticket Plus Season Passes pay for themselves after only 2 visits 🐸 Get yours online now or at the park to save on summer! #fyp #foryou #seasonpass #summer #waterpark #elpasotx #elpaso ",74037,7.274026617033558e+18,UNSTOPPABLE EVENING,133.0,f,https://tiktok.com/@/video/7384888705342836010,7097000909381944363,f,"[""fyp"",""foryou"",""seasonpass"",""Summer"",""waterpark"",""elpasotx"",""elpaso""]"
7498024637310225686,1745769906,"Day 53: Operation Sierra is officially underway! Left Kennedy Meadows this morning with 17 miles of sunshine before the snow rolls in. The pack’s loaded, my new shoes are killing it (thanks, REI!), and the views are already giving me life. It’s crazy to think I’m finally heading into the Sierra, where the real adventure begins. From the dry desert heat to the snow-covered peaks ahead, I can already tell this is going to be wild. Time to see what the mountains have in store. Let’s get it, Sierra!! 🏔️💥 #pacificcresttrail #thruhike #pct2025 #scotland #california #pctgrant #desert #thruhiking #pct #snow #hikertrash ",4264,7.274026617033558e+18,UNSTOPPABLE EVENING,133.0,f,https://tiktok.com/@/video/7498024637310225686,7471231024887137313,f,"[""pacificcresttrail"",""thruhike"",""pct2025"",""Scotland"",""california"",""pctgrant"",""desert"",""thruhiking"",""pct"",""snow"",""hikertrash""]"
7473642913583369503,1740093116,Anyone see a mutation of ours at the store? 👀🍿 #costafarms #houseplantsoftiktok #plantsmakepeoplehappy ,23641,7.274026617033558e+18,UNSTOPPABLE EVENING,133.0,f,https://tiktok.com/@/video/7473642913583369503,7080146709981709358,f,"[""costafarms"",""houseplantsoftiktok"",""plantsmakepeoplehappy""]"
7501473608716258591,1746572937,you’re just mad because you forgot your nintendo ds at home 👜  #whatsinmybag #mensfashion #leathertotebag #bagtour #mensstyle #summeressentials ,8252,7.274026617033558e+18,UNSTOPPABLE EVENING,133.0,f,https://tiktok.com/@/video/7501473608716258591,6707972003875439622,f,"[""whatsinmybag"",""mensfashion"",""leathertotebag"",""bagtour"",""mensstyle"",""summeressentials""]"
7499872340243696927,1746200138,Blessed to be able to attend @BODYARMOR rebranding event in NYC. Was a great time. @Jazmin🫧 #vlog #dayinmylife #nyc #bodyarmor #CapCut ,7810,7.274026617033558e+18,UNSTOPPABLE EVENING,133.0,f,https://tiktok.com/@/video/7499872340243696927,7035071656590869551,f,"[""Vlog"",""dayinmylife"",""nyc"",""bodyarmor"",""capcut""]"
7496325057103269162,1745374214,Day in my Life: GAMEDAY vs. Oakland‼️⚾️🔥🐻 ##baseball##baseballboys##baseballseason##baseballszn##baseballplayer##baseballplayers##d1##college##collegebaseball##d1baseball##d1athlete##athlete##studentathlete##athletesoftiktok##athletelife#baseballlife #gamedayfood #gamedayoutfit #gamedayvlog #gameday #travelday #packwithme #getreadywithme #dayinmylife #dayinthelife #GRWM #ditl #vlog #midweek #trend #viral #fyp #foryou #foryoupage,5857,7.274026617033558e+18,UNSTOPPABLE EVENING,133.0,f,https://tiktok.com/@/video/7496325057103269162,7150309638608684075,f,"[""baseball"",""baseballboys"",""baseballseason"",""baseballszn"",""baseballplayer"",""baseballplayers"",""d1"",""college"",""collegebaseball"",""d1baseball"",""d1athlete"",""athlete"",""studentathlete"",""athletesoftiktok"",""athletelife"",""baseballlife"",""gamedayfood"",""gamedayoutfit"",""gamedayvlog"",""gameday"",""travelday"",""packwithme"",""getreadywithme"",""dayinmylife"",""dayinthelife"",""grwm"",""ditl"",""Vlog"",""midweek"",""trend"",""viral"",""fyp"",""foryou"",""foryoupage""]"
7471072979779095851,1739494741,I ran into these folks at the perfect time! They were taking family pictures and I was like… ya’ll… I got you. Such a beautiful group of people and such a beautiful interaction. This is your reminder that we all want and need the same things. We’re a global human family. Talk to strangers! ~ 📷 Canon AE-1 🎞 Ilford HP5 Plus 400 Developed and scanned by me . . . . . . . #portraitphotography #streetportrait #film #35mm #blackandwhite #bnw #neworleans #louisiana #nola ,6104,7.274026617033558e+18,UNSTOPPABLE EVENING,133.0,f,https://tiktok.com/@/video/7471072979779095851,7394903219003360302,f,"[""portraitphotography"",""streetportrait"",""film"",""35mm"",""blackandwhite"",""bnw"",""neworleans"",""louisiana"",""nola""]"
7496901824125947179,1745508490,"Big Red Barbacoa! Y’all… redemption never tasted so damn good. This Big Red Barbacoa made from @H-E-B sourced beef cheeks is everything I hoped for the first time—and didn’t quite land (follow me on Instagram and scroll back if you want receipts lol).  Huge shoutout to @Hurtado Barbecue for the in-depth breakdown that turned this cook into a certified comeback. Started by picking up some quality cheeks from HEB—always look for solid marbling and clean sinew lines. Spent the time to trim off that hard cartilage so all you’re left with is pure, buttery goodness.  From there, I built out the beef blend straight from Brandon’s book (same one he uses at his restaurants) and hit it with a heavy hand of seasoning before letting it sit overnight. Fired up the @Char-Griller offset with straight post oak splits and lit it up easy with @StumpChunks —the GOAT of fire starters.  Once that peppery bark set in and we hit the 180° mark, it was braise time: rich beef stock and a full pour of #BigRed.  Let it simmer low and slow ‘til the cheeks turned pillowy soft and shred like warm butter. The end result? Deep color, killer bark, and a flavor that slaps whether it’s on a tostada, in a breakfast scramble, stuffed into a sandwich, or just straight off the board. Appreciate y’all who stuck around for the comeback. ••• #Barbacoa #Redemption #Beefy #BigRedBarbacoa #TexasBBQ #BeefCheeks #LowAndSlow #CharGriller #PostOak #StumpChunks #TostadaTime #TexasBeef ",23857,7.274026617033558e+18,UNSTOPPABLE EVENING,133.0,f,https://tiktok.com/@/video/7496901824125947179,7478708239556625450,f,"[""bigred"",""barbacoa"",""redemption"",""beefy"",""bigredbarbacoa"",""texasbbq"",""beefcheeks"",""lowandslow"",""chargriller"",""postoak"",""stumpchunks"",""tostadatime"",""texasbeef""]"
7459493157416324398,1736798605,"People are going crazy over this modern floorplan/ elevation home being sold across the valley of Phoenix! Sold in two west valley communities we have multiple price points to fit different budgets! For more details or to schedule a showing, click the link in my bio to schedule a call 📞, DM me 💬, or text me! 📱 602.345.0515 Steele@sellandbuyaz.com Exp Realty  Bethel Real Estate Group #hometour #housetour #home #house #newbuild #newconstruction #phoenix #arizona #scottsdale #tempe #glendale #chandler #peoria #avondale #goodyear #homebuyer #newhome #luxuryhome #buyingahome #realestate #realestateagent ",18219,7.274026617033558e+18,UNSTOPPABLE EVENING,133.0,f,https://tiktok.com/@/video/7459493157416324398,7040583452987589638,f,"[""hometour"",""housetour"",""Home"",""house"",""newbuild"",""newconstruction"",""phoenix"",""arizona"",""scottsdale"",""tempe"",""glendale"",""chandler"",""peoria"",""avondale"",""goodyear"",""homebuyer"",""newhome"",""luxuryhome"",""buyingahome"",""realestate"",""realestateagent""]"
7374082502782094634,1716912382,"Davis, CA Skate Spotting - Davis Ditch If you have driven through Davis on 80 East or west you have passed by this spot and not even known it! The ditch is an iconic spot that wasn’t too skateable up until recently. Shout out to the N-Men for making this spot what it is today!!!  Super easy spot to get to. If you need help shoot me a DM. I’m open to any and all skate spotting ideas you may have for future videos 🙏",9655,7.274026617033558e+18,UNSTOPPABLE EVENING,133.0,f,https://tiktok.com/@/video/7374082502782094634,6731138486306669573,f,[]
7476227655256280350,1740694909,"“Getting Ready for the Big Move! 🐟🏡” Just finished setting up the 40-gallon decor review tank for Blake’s Tanks! 🌿✨ Added some fresh plants and aquascaping to make it the perfect new home for my platies, hillstream loach, and Synodontis petricola — still chilling in their current tank for now, but the move is coming soon! This 40-gallon will be the new backdrop for all upcoming decor reviews. Can’t wait to see the crew exploring their upgraded space! 💥🪨 #BlakesTanks #AquariumDecor #Platy #HillstreamLoach #SynodontisPetricola #Aquascape #FishTankSetup #AquariumLife #FishOfInstagram #AquariumHobby #AquariumLovers #PlantedTank #FreshwaterAquarium #Catfish #AquariumInspo #TankGoals #FishTankLove #AquariumAddict #TankSetup #AquascapingLove #FishOfIG #AquariumCommunity ",11279,7.274026617033558e+18,UNSTOPPABLE EVENING,133.0,f,https://tiktok.com/@/video/7476227655256280350,7474151365019878442,f,"[""blakestanks"",""aquariumdecor"",""platy"",""hillstreamloach"",""synodontispetricola"",""aquascape"",""fishtanksetup"",""aquariumlife"",""fishofinstagram"",""aquariumhobby"",""aquariumlovers"",""plantedtank"",""freshwateraquarium"",""catfish"",""aquariuminspo"",""tankgoals"",""fishtanklove"",""aquariumaddict"",""tanksetup"",""aquascapinglove"",""fishofig"",""aquariumcommunity""]"
7493722101942209814,1744768180,"Day 43: Didn’t sleep a wink. The wind made sure of that. So I packed up in the dark and started walking — headtorch on, beanie pulled low. Sunrise made it worth it though. The trail wound through a mountain pass with nothing but wind and a protein bar to keep me company. Found a water cache (heroes), then entered the Kiavah Wilderness where I proceeded to shiver in the shade while emptying sand out of my shoes. Classic desert. Lunch included a cookie quesadilla because nutrition is a sliding scale. My feet hated the rocky road but spirits were high — even got passed by a biker, no idea where he came from. A green alien pointed the way to McIver’s cabin. Shack vibes, but it had Coke and a spring. Clothes washed. Sunset hit. Day 43 done. 4 days to Kennedy Meadows. Let’s keep moving. #pacificcresttrail ",3036,7.274026617033558e+18,UNSTOPPABLE EVENING,133.0,f,https://tiktok.com/@/video/7493722101942209814,7471231024887137313,f,"[""pacificcresttrail""]"
7492913438197419307,1744579892,The end of my fast with @METAFYZICAL SMART ENERGY ,4597,7.274026617033558e+18,UNSTOPPABLE EVENING,133.0,f,https://tiktok.com/@/video/7492913438197419307,6531367188547245056,f,[]
7463288978918165791,1737682418,My original Pentax decided it needed to break down on me. Luckily this 67II came up at the perfect time. Time to put my first roll through it.  #filmphotography #filmphotographer #mediumformat #filmphotos #pentax #pentax67 #pentax67ii #cinestill @DJI Official @CineStill Film @PENTAX ,7533,7.274026617033558e+18,UNSTOPPABLE EVENING,133.0,f,https://tiktok.com/@/video/7463288978918165791,6926063861858812934,f,"[""filmphotography"",""filmphotographer"",""mediumformat"",""filmphotos"",""pentax"",""pentax67"",""pentax67ii"",""cinestill""]"
7389830392745823518,1720578979,"Sunset Session is live at @SERV Fun!  Connect with friends and family though games,great eats and live music !  #servfun #explorekcwithus #kansascityinfluencer #whattodoinkc #fridaynight #kansascity #summeractivities #overlandparkkansas ",39550,7.274026617033558e+18,UNSTOPPABLE EVENING,133.0,f,https://tiktok.com/@/video/7389830392745823518,7370722992664413214,f,"[""servfun"",""explorekcwithus"",""kansascityinfluencer"",""whattodoinkc"",""fridaynight"",""kansascity"",""summeractivities"",""overlandparkkansas""]"
7512982047762173227,1749252479,"DELICIOUS WRAPS, SALADS, and PITAS located in the south suburbs of CHICAGO!!!  @Crazy Wraps - Oak Forest, IL  📍4142 W 167th st. Oak Forest, IL 60452 #foodtok #chicago #chicagosuburbs #foodie #chicagorestaurants #foodtiktok #yum ",12205,7.274026617033558e+18,UNSTOPPABLE EVENING,133.0,f,https://tiktok.com/@/video/7512982047762173227,6804332690034230277,f,"[""FoodTok"",""chicago"",""chicagosuburbs"",""Foodie"",""chicagorestaurants"",""foodtiktok"",""yum""]"
7496220480580357419,1745349873,Finally! 😊✂️ #curlyhair #hairtok #haircut @Two Rooted,8958,7.274026617033558e+18,UNSTOPPABLE EVENING,133.0,f,https://tiktok.com/@/video/7496220480580357419,1818851,f,"[""curlyhair"",""hairtok"",""haircut""]"
7490600353793068334,1744041355,We found squatters inside our new investment property! #realestateinvesting #investmentproperty #wholesaler #wholesale #foreclosureauction ,9666,7.274026617033558e+18,UNSTOPPABLE EVENING,133.0,f,https://tiktok.com/@/video/7490600353793068334,6808860389914297349,f,"[""realestateinvesting"",""investmentproperty"",""wholesaler"",""wholesale"",""foreclosureauction""]"
7506226033775873302,1747679441,"Day 74: Back on trail… and straight into a fresh coat of snow We hit the trail again today hoping the rain from Quincy would’ve washed away the snow. Instead, we were met with a fresh, fluffy layer of it. Classic. But the sun was shining, spirits were high, and somehow we were loving it. It felt like stepping into a winter wonderland—until the wet socks hit. We postholed, we slid, Pablo launched himself into a snow angel, and then we hit the jackpot: dry trail. Actual dirt. Green hills. The joy was unreal. We ran. We skipped. We could feel our feet again. The descent into Belden was surreal, rail tracks, eerie resort vibes, and not a soul around. But then a beer on the riverbank and an unreal sunset meadow. It’s been a weird, wonderful ride. And we’re still walking. #pacificcresttrail #thruhike #pct2025 #scotland #california #pctgrant #desert #thruhiking #pct #snow #hikertrash ",2446,7.274026617033558e+18,UNSTOPPABLE EVENING,133.0,f,https://tiktok.com/@/video/7506226033775873302,7471231024887137313,f,"[""pacificcresttrail"",""thruhike"",""pct2025"",""Scotland"",""california"",""pctgrant"",""desert"",""thruhiking"",""pct"",""snow"",""hikertrash""]"
7512932396564630814,1749240908,Waterfront views and yummy food are a winning combination. 😋   Check out part one for more recommendations! #lovethedells #wisconsindells #waterfrontdining #restaurant #foodies ,23160,7.274026617033558e+18,UNSTOPPABLE EVENING,133.0,f,https://tiktok.com/@/video/7512932396564630814,7086171554627716138,f,"[""lovethedells"",""wisconsindells"",""waterfrontdining"",""restaurant"",""foodies""]"
7490586253432229142,1744038023,"Day 35: wet socks, wild plants & trail magic Started the day drying out my life after yesterday’s storm. Jetboil on. Socks hanging from bushes. Barefoot trip to the river to clean off the chaos. The climb out was hot. No shade. No real water. Just a cave with a “gratitude jar” inside. I wrote “shade,” obviously. Then came the poodle dog bush — looks chill, but apparently ruins your skin. Soon the whole trail was full of it. Like walking through a field of “don’t touch.” Somewhere between fake water sources and the Mojave views, I hit that thru-hike trance — tired, but moving. No idea how. Camped at Sawmill. Big hike uphill for water. Pablo handed me an apple. Fresh fruit is like gold. Simple things hit harder out here. See you tomorrow for Day 36. Still in shorts. 498.2/2650 total miles.  #pacificcresttrail #thruhike #pct2025 #scotland #california ",2591,7.274026617033558e+18,UNSTOPPABLE EVENING,133.0,f,https://tiktok.com/@/video/7490586253432229142,7471231024887137313,f,"[""pacificcresttrail"",""thruhike"",""pct2025"",""Scotland"",""california""]"
7409732746483928363,1725212850,"Link in bio landguardgarden.com  Corrosion free, EASY to install, super durable!  So many cute colors and shapes!  #LandGuard #gardenbed #garden #raisedgardenbed @Land Guard Gardening ",33901,7.274026617033558e+18,UNSTOPPABLE EVENING,133.0,f,https://tiktok.com/@/video/7409732746483928363,6635369530901266437,f,"[""landguard"",""gardenbed"",""garden"",""raisedgardenbed""]"
7502937819678051614,1746913871,"Best Priced 1-Bedroom in 90066 – Just $1,995/mo! Live in a Landmark. Love Where You Live. Step into style, history, and comfort in the heart of Mar Vista — home to the iconic Lords of Dogtown mural and rich Venice skate + surf culture. Why You’ll Love It Here: • Recessed lighting for a clean, modern feel • Sparkling pool + community BBQ grill • On-site laundry for your convenience • Professionally cleaned twice a month • Weekly landscaping – always picture perfect • Well-maintained & professionally managed building • Steps from Venice history, bike trails & coastal vibes All this for just $1,995/month – the best 1-bedroom deal in 90066! Ask about our Move-In Special – Limited Time Only! DM us or call/text to schedule your private tour today! #BestIn90066 #MarVistaLiving #LordsOfDogtown #VeniceBeachHistory #1BedroomDeal #LARentals #ModernLiving #MoveInSpecial #WestsideVibes #ApartmentWithPool",6812,7.274026617033558e+18,UNSTOPPABLE EVENING,133.0,f,https://tiktok.com/@/video/7502937819678051614,7296590796101829675,f,"[""bestin90066"",""marvistaliving"",""lordsofdogtown"",""venicebeachhistory"",""1bedroomdeal"",""larentals"",""modernliving"",""moveinspecial"",""westsidevibes"",""apartmentwithpool""]"
7499685199664450858,1746156577,Solo hiking adventure 🥾 ⛰️……  #hikingadventures #solohikers #latinahiker #adventures #views #naturelover #stormkingmountain #springhikes2025 #outdoors #mountains #rocks #merrellboots #content #fyp #parati #upstateny #CapCut ,2541,7.274026617033558e+18,UNSTOPPABLE EVENING,133.0,f,https://tiktok.com/@/video/7499685199664450858,6565196511624937478,f,"[""hikingadventures"",""solohikers"",""latinahiker"",""adventures"",""views"",""naturelover"",""stormkingmountain"",""springhikes2025"",""Outdoors"",""mountains"",""rocks"",""merrellboots"",""content"",""fyp"",""parati"",""upstateny"",""capcut""]"
7470312525628951854,1739317710,Foil is out.... metal is IN!! Be the star of FNM and get custom art MTG tokens today! #MTGCustom #mtg #mtgtiktok #mtgcommander #GamingMerch #MTGAccessories #flgs #lgs #customart #localartist #local #utah ,8435,7.274026617033558e+18,UNSTOPPABLE EVENING,133.0,f,https://tiktok.com/@/video/7470312525628951854,6928249417326871557,f,"[""mtgcustom"",""mtg"",""mtgtiktok"",""mtgcommander"",""gamingmerch"",""mtgaccessories"",""flgs"",""lgs"",""customart"",""localartist"",""local"",""utah""]"
7513942439913065750,1749476059,"Day 95: my birthday on trail 🎉 Woke up to a frozen lake and soaked feet,  not exactly the birthday I imagined, but here we are. No service, no cake, no candles… oh wait, the boys actually surprised me with cupcakes and lit candles. Nearly cried. Spent the day slogging through flooded valleys, slipping around in wet camp shoes, climbing stairs I didn’t ask for, and crossing rivers that looked more like mini Amazon tributaries. My feet are in bits. My soul’s hanging on. But the views? Bloody stunning. Had lunch hiding from the rain in my tent, but the skies cleared just in time for sunset. No phone calls, no balloons, but I’m 95 days deep into walking from Mexico to Canada. I’ll take that as a win. See you tomorrow for Day 96. Muir Pass is calling. #pacificcresttrail #thruhike #pct2025 #scotland #california #pctgrant #desert #thruhiking #pct #snow #hikertrash",2413,7.274026617033558e+18,UNSTOPPABLE EVENING,133.0,f,https://tiktok.com/@/video/7513942439913065750,7471231024887137313,f,"[""pacificcresttrail"",""thruhike"",""pct2025"",""Scotland"",""california"",""pctgrant"",""desert"",""thruhiking"",""pct"",""snow"",""hikertrash""]"
7388002361068899615,1720153366,let’s talk court reporting! how do we use a stenograph to write quickly? / / ➡️ interested in court reporting? check out my link in bio for free resources! #CourtReporting #Stenography #Steno #CourtReporter #Stenographer #StenoMachine #StenoSkills #student #college #CapCut #fypage #foryoupage  #educational #college #career #study #studytok #student  #creatorsearchinsights ,41058,7.274026617033558e+18,UNSTOPPABLE EVENING,133.0,f,https://tiktok.com/@/video/7388002361068899615,6716353034035217414,f,"[""courtreporting"",""stenography"",""steno"",""courtreporter"",""stenographer"",""stenomachine"",""stenoskills"",""student"",""college"",""capcut"",""fypage"",""foryoupage"",""educational"",""career"",""study"",""studytok"",""creatorsearchinsights""]"
7462063880760528170,1737397170,Penn Foster Externship 2 skill 35 Part 4. Bovine Halter and Tie. #halter #pennfosterexternship2 #pennfostervettech #graduated #externship2 #vettechlife #skill35 #pennfoster #largeanimalvettech #cow ,19775,7.274026617033558e+18,UNSTOPPABLE EVENING,133.0,f,https://tiktok.com/@/video/7462063880760528170,6663698621655056390,f,"[""halter"",""pennfosterexternship2"",""pennfostervettech"",""graduated"",""externship2"",""vettechlife"",""skill35"",""pennfoster"",""largeanimalvettech"",""cow""]"
7497769046109146410,1745710426,Todo estába muy rico! 🥰🫶🏻 #fypシ゚viral #firstvideo #vlogs #dubaichocolate #coffeetime #fallow #sigueme_y_te_sigo ,3528,7.274026617033558e+18,UNSTOPPABLE EVENING,133.0,f,https://tiktok.com/@/video/7497769046109146410,7029856659766150150,f,"[""fyp\u30b7\u309aviral"",""firstvideo"",""vlogs"",""dubaichocolate"",""coffeetime"",""fallow"",""sigueme_y_te_sigo""]"
7515955232988204319,1749944712,"First dash the day and it’s drizzling there’s nothing like dashing in the rain. When you DoorDash in the rain, people tend to tip you better but I kept getting a bunch of small orders. I said oh baby girl. We gotta wait for at least something that’s over eight dollars because I’m not getting wet for no reason. #DoorDashDriver #DoorDash #DoorDasher #DoorDashing #KobeJoDeliveries #GigWork #DeliveryLife #SideHustleLife #DoordashingAdventure #DoordashingAdventures #MaleDasher #FirstDashOfTheDay #DrinkOfTheDash #DrinkInMyCart #DashLife #GigEconomy #MultiAppLife #FoodDeliveryVibes #HustleContent #OnTheDash #DashWithMe #DasherChronicles",16106,7.274026617033558e+18,UNSTOPPABLE EVENING,133.0,f,https://tiktok.com/@/video/7515955232988204319,81343312191754240,f,"[""doordashdriver"",""doordash"",""doordasher"",""doordashing"",""kobejodeliveries"",""gigwork"",""deliverylife"",""sidehustlelife"",""doordashingadventure"",""doordashingadventures"",""maledasher"",""firstdashoftheday"",""drinkofthedash"",""drinkinmycart"",""dashlife"",""gigeconomy"",""multiapplife"",""fooddeliveryvibes"",""hustlecontent"",""onthedash"",""dashwithme"",""dasherchronicles""]"
7472920887591767327,1739925009,this voiceover was so chaotic 😂 but spend a tuesday with me as i go to class and chase this degree! #fy #fypシ #blackgirlcontentcreator #smallcontentcreator #microinfluencer #blackgirltiktok #blackgirlmagic #imjustagirl #minivlog #myworld #washingtondc #washingtondccheck #washingtondclife #dmv #dmvtiktok #dmvlife #gwu #georgewashingtonuniversity #minicollegevlog #collegevlog #college #collegelife #collegegotmelike #collegestudent #journalismstudent #journalismmajor #isuckatscience #chaoticenergy #funnyvoiceover #spendthedaywithme #ditl #ditlvlog #ditlofacollegestudent #daysoftheweek #dayinmylife #dayinthelife #dayinmylifevlog #dayinthelifevlog #icedlatte #coffeeaddiction #caramelmocha #cvs #cvsrun #stokcoldbrew #ecostylergel #letsgetit #letsgetthisbread #letsgetthisdaystarted #letsgetthisdegree #letsgo #girldiaries #dininghallfood #pizza #ihategeology ,3174,7.274026617033558e+18,UNSTOPPABLE EVENING,133.0,f,https://tiktok.com/@/video/7472920887591767327,7144930851582067755,f,"[""fy"",""fyp\u30b7"",""blackgirlcontentcreator"",""smallcontentcreator"",""microinfluencer"",""blackgirltiktok"",""blackgirlmagic"",""imjustagirl"",""minivlog"",""myworld"",""washingtondc"",""washingtondccheck"",""washingtondclife"",""dmv"",""dmvtiktok"",""dmvlife"",""gwu"",""georgewashingtonuniversity"",""minicollegevlog"",""collegevlog"",""college"",""collegelife"",""CollegeGotMeLike"",""collegestudent"",""journalismstudent"",""journalismmajor"",""isuckatscience"",""chaoticenergy"",""funnyvoiceover"",""spendthedaywithme"",""ditl"",""ditlvlog"",""ditlofacollegestudent"",""daysoftheweek"",""dayinmylife"",""dayinthelife"",""dayinmylifevlog"",""dayinthelifevlog"",""icedlatte"",""coffeeaddiction"",""caramelmocha"",""cvs"",""cvsrun"",""stokcoldbrew"",""ecostylergel"",""letsgetit"",""letsgetthisbread"",""letsgetthisdaystarted"",""letsgetthisdegree"",""letsgo"",""girldiaries"",""dininghallfood"",""pizza"",""ihategeology""]"
7473109849765612846,1739968994,Tamiya Haulers & Electronic Modules. A great add on to any Rc Hauler. If you love the electronics about the Rc Hobbys this is a fun time consuming project just for you. You can build and put together yourself and of course we can build it for you. Available in store or at www.islandhobbynut.com #islandhobbynut #longisland #QueensNy #newyorkcity #worldwide #rccaraction #rcnation #customrc #rclife #rcheaven #rchobbies #Tamiya #traxxas #Arrma ,18661,7.274026617033558e+18,UNSTOPPABLE EVENING,133.0,f,https://tiktok.com/@/video/7473109849765612846,6820034619850015749,f,"[""islandhobbynut"",""longisland"",""queensny"",""newyorkcity"",""worldwide"",""rccaraction"",""rcnation"",""customrc"",""rclife"",""rcheaven"",""rchobbies"",""tamiya"",""traxxas"",""arrma""]"
7504301387677748526,1747231337,Day 88/90 of PTSO #GRWM #Calm #Jordans #Creatorsearch,8064,7.274026617033558e+18,UNSTOPPABLE EVENING,133.0,f,https://tiktok.com/@/video/7504301387677748526,6931366559860425733,f,"[""grwm"",""calm"",""jordans"",""creatorsearch""]"
7471068422789418286,1739493679,"Central 9th Market home of SLC's best breakfast sando 161 W 900 S, Salt Lake City, UT 84101 #slc #saltlakecity #slcfoodie #utah #central9thslc #utahgems #utahfoodie #breakfast #breakfastsandwich ",5253,7.274026617033558e+18,UNSTOPPABLE EVENING,133.0,f,https://tiktok.com/@/video/7471068422789418286,6782037383954695174,f,"[""slc"",""saltlakecity"",""slcfoodie"",""utah"",""central9thslc"",""utahgems"",""utahfoodie"",""breakfast"",""breakfastsandwich""]"
7404953081416355115,1724100001,"Replying to @Amanda Ashley Shaw NOT AN AD!  Just picked up my 2025 Kia Carnival SX Prestige, and I’m already obsessed! This ride has everything—luxury, space, and all the tech you could ask for. Can’t wait to make new memories and take this beauty on some epic adventures. 🚐✨ #CarnivalLife #KiaCarnival #LuxuryOnWheels #RoadTripGoals #KiaLove #newcar @Kia Community ✓ @Kia worldwide #foryou ",15292,7.274026617033558e+18,UNSTOPPABLE EVENING,133.0,f,https://tiktok.com/@/video/7404953081416355115,6913627021035095046,f,"[""carnivallife"",""kiacarnival"",""luxuryonwheels"",""roadtripgoals"",""kialove"",""newcar"",""foryou""]"
7411565662071426347,1725639611,Este CRM es super fácil de utilizar. El CRM te ayudará en la Automatización  y a Organizarte recuperando el tiempo y hace que produzcas más dinero a través de mantener tus clientes actuales a través de mejor servicio y atraer a nuevos clientes. #crm #pequenosnegocios #emprendedores #negocios #marketingdigital #estrategiasdemarketing #contables #seguros #abogados #realtors #mortgage #1099 #servicioalcliente #inteligenciaartificial #automatizacion #productividad #servicioalcliente #CapCut ,6813,7.274026617033558e+18,UNSTOPPABLE EVENING,133.0,f,https://tiktok.com/@/video/7411565662071426347,7144193072238511147,f,"[""crm"",""pequenosnegocios"",""emprendedores"",""negocios"",""marketingdigital"",""estrategiasdemarketing"",""contables"",""seguros"",""abogados"",""realtors"",""mortgage"",""1099"",""servicioalcliente"",""inteligenciaartificial"",""automatizacion"",""productividad"",""capcut""]"
7503731220040224031,1747098590,Verbena Coffee!!! loved the interior design and drinks 🔥 lmk where to go next! #fyp #coffee #coffeeshop #houstoncoffeeshop #houstoncoffee #matcha #houstonfoodie #htxfoodie #houstontx #htx ,4077,7.274026617033558e+18,UNSTOPPABLE EVENING,133.0,f,https://tiktok.com/@/video/7503731220040224031,6670860005015076869,f,"[""fyp"",""coffee"",""coffeeshop"",""houstoncoffeeshop"",""houstoncoffee"",""matcha"",""houstonfoodie"",""htxfoodie"",""houstontx"",""htx""]"
7429143542603255073,1729732292,"do we like this weekly vlog content? with life being so busy lately, i wanted to share a little bit more of what i have going on day to day… really dont know what im doing most days but putting one foot in front of the other and hoping it leads somewhere good (and fun) #chicagogirl #chicagovlog ",3537,7.274026617033558e+18,UNSTOPPABLE EVENING,133.0,f,https://tiktok.com/@/video/7429143542603255073,6918751318761456642,f,"[""chicagogirl"",""chicagovlog""]"
7464815848318930219,1738038023,Happy Monday!! So glad to be back to school this morning! 🌞Today was a fan fav- Cheeseburgers 🍔  #jetslunchlady #lunchwithvic #trendslab #videofiltro #amordemivida #sportscar #sabado #cutewinterboots #winterboots #cheeseburger #schoollife #lunchlady #schoollunchideas #worklunch #tiktokshopjumpstart #massfollowing #trump #biden #elonmusk #snowonthebeach #massfollowing🔥🔥 #immigration #fourthwing ,9912,7.274026617033558e+18,UNSTOPPABLE EVENING,133.0,f,https://tiktok.com/@/video/7464815848318930219,7197877307930608686,f,"[""jetslunchlady"",""lunchwithvic"",""trendslab"",""videofiltro"",""amordemivida"",""sportscar"",""sabado"",""cutewinterboots"",""winterboots"",""cheeseburger"",""schoollife"",""lunchlady"",""schoollunchideas"",""worklunch"",""tiktokshopjumpstart"",""massfollowing"",""trump"",""biden"",""elonmusk"",""snowonthebeach"",""massfollowing\ud83d\udd25\ud83d\udd25"",""immigration"",""fourthwing""]"
7462498398596386091,1737498350,"25-30 Minute Workout - Complete Upper Body! Want sculpted arms? Let’s build some muscle. 10-12 Reps, 3 Sets 1. Bent side raise extend  2. Tricep extension or press down 3. Bicep (rotation) curl SLOW lower 4. Criss-cross raise  5. Single wide row double row #armworkout #workoutroutine #workoutsforwomen #tonedarms #armworkouts #fitnessforwomen #homeworkout #homeworkouts #fitfam #fitover40 ",13274,7.274026617033558e+18,UNSTOPPABLE EVENING,133.0,f,https://tiktok.com/@/video/7462498398596386091,6778467476524024837,f,"[""armworkout"",""workoutroutine"",""workoutsforwomen"",""tonedarms"",""armworkouts"",""fitnessforwomen"",""homeworkout"",""homeworkouts"",""fitfam"",""fitover40""]"
7442123165733522719,1732754342,1. HAIR GROWTH OIL @BlossomByBuchanan  2. Belly Binding  3. Soectra 1 or 2 breast pump #postpartum ,18442,7.274026617033558e+18,UNSTOPPABLE EVENING,133.0,f,https://tiktok.com/@/video/7442123165733522719,6874026081763836934,f,"[""postpartum""]"
7427471273728576814,1729342929,New York was Great!#fypシ #figtok #xybca #figtokcommunity #PeytC🅾️llects #virql__video #viral #jujutsukaisen #figfam #akiratoriyama #myheroacademia @Hot Figures 🔥 @spex @ALL mighty figs 24 @Tamashii Nations @TAMA TOK (たまとっく) @osaka_momma_japanese @MostHatedFigz @Acetoi_ @Ankokurob ,4531,7.274026617033558e+18,UNSTOPPABLE EVENING,133.0,f,https://tiktok.com/@/video/7427471273728576814,7277330777646973998,f,"[""fyp\u30b7"",""figtok"",""xybca"",""figtokcommunity"",""peytc\ud83c\udd7e\ufe0fllects"",""virql__video"",""viral"",""jujutsukaisen"",""figfam"",""akiratoriyama"",""myheroacademia""]"
7483941028827843882,1742490820,Went to the @TheSkilletNj for the first time for Rob’s birthday brunch 🧇🍳🥓Delicious food and great vibes! #freehold #newjersey #march #birthday ,42930,7.274026617033558e+18,UNSTOPPABLE EVENING,133.0,f,https://tiktok.com/@/video/7483941028827843882,7429034396990866474,f,"[""freehold"",""newjersey"",""march"",""birthday""]"
7390572453765942574,1720751747,2016 Porsche 911 Turbo S 🔥 Available at Porsche Monterey ask for Keanu #porsche911 #porsche911turbos #porsche911turbo #911turbo #911turbos #porsche #CapCut ,34314,7.274026617033558e+18,UNSTOPPABLE EVENING,133.0,f,https://tiktok.com/@/video/7390572453765942574,7238040531704857646,f,"[""porsche911"",""porsche911turbos"",""porsche911turbo"",""911turbo"",""911turbos"",""porsche"",""capcut""]"
7494726384812641582,1745001982,2nd Wedding Venue Tour at The Dogwood located in West Midtown Atlanta.  #letsgetmarried #WeddingPlanning #BrideToBe #BridalJourney #WeddingAdvice #MissKupidapproves #fyp #fypシ #weddingvenues #weddingtok #wedding #weddingvenue #weddingvenuetour #weddingvibes #weddinginspo #venuetour #atl #westmidtownatl #atlvenue #atlanta #bride ,6203,7.274026617033558e+18,UNSTOPPABLE EVENING,133.0,f,https://tiktok.com/@/video/7494726384812641582,7001274780377400326,f,"[""letsgetmarried"",""weddingplanning"",""bridetobe"",""bridaljourney"",""weddingadvice"",""misskupidapproves"",""fyp"",""fyp\u30b7"",""weddingvenues"",""weddingtok"",""wedding"",""weddingvenue"",""weddingvenuetour"",""weddingvibes"",""weddinginspo"",""venuetour"",""atl"",""westmidtownatl"",""atlvenue"",""atlanta"",""bride""]"
7461810045861317934,1737338045,"Ivy Glam Spa & Wellness 📍Hampton, VA If you’re looking for plans for Valentine’s Day in the 757, this day spa offers a variety of services including facials, massages, mani-pedis, etc… #hamptonroads #virginia #757 #757tiktok #foodie #757thingstodo #valentinesday ",10856,7.274026617033558e+18,UNSTOPPABLE EVENING,133.0,f,https://tiktok.com/@/video/7461810045861317934,6797801564968256518,f,"[""hamptonroads"",""virginia"",""757"",""757tiktok"",""Foodie"",""757thingstodo"",""ValentinesDay""]"
7515772272318156062,1749902151,Is Oakmont the hardest golf course in the world? 🌎 ⛳️  Thickest rough and the fastest greens you’ll see at any tournament all year! 🏌️‍♂️  #major #usopen #chunk #justinthomas #jordanspeith #pgatour #golffails #oakmont #beautifulgolfcourses ,26538,7.274026617033558e+18,UNSTOPPABLE EVENING,133.0,f,https://tiktok.com/@/video/7515772272318156062,7287803262470718506,f,"[""major"",""USOpen"",""chunk"",""justinthomas"",""jordanspeith"",""PGATOUR"",""golffails"",""oakmont"",""beautifulgolfcourses""]"
7495265645991447839,1745127585,Kassi Beach Club is always a good idea ☀️ #kassibeachhouse #lasvegas ,23717,7.274026617033558e+18,UNSTOPPABLE EVENING,133.0,f,https://tiktok.com/@/video/7495265645991447839,6805325695037506566,f,"[""kassibeachhouse"",""lasvegas""]"
7462092445363359006,1737403830,"Introducing my newest FREE BUDGET MEAL PLAN— $85 for a week's worth of healthy meals for TWO PEOPLE 💰🌎🥗 The cost of groceries has been hard to ignore as of late, and so much of the food we do buy ends up just going to waste in our households. This isn't sustainable for the planet OR our finances! But eating healthfully on a budget while minimizing food waste is absolutely possible with some forethought, planning, and time set aside to cook 🧑‍🍳  I created this meal plan to be budget-focused, with the goal of successfully creating three complete meals, plus snacks, and a dessert each day for a week for TWO people. All of the groceries needed to make this plan can be purchased for under $85 (this plan was designed with WalMart grocery prices) and provides up to 85 grams of plant-based protein per day 💪🏽 Stay tuned throughout the week as I share the recipes included in the plan. Whether you're looking to cut down on your expenses, reduce your food waste, or just eat a more nutritionally-complete diet this week, this meal plan (and corresponding grocery list) can be helpful for you! You can access it for free— LINK IN MY BIO 🤍 #minimalism #sustainability #zerowaste #lowwaste #plasticfree #sustainable #ecohome #environmentalist #oodwaste #minimalist #foodwastetip #foodwastesolution #foodwasteprevention #compost #cooking #plantbased #mealprep #mealplan #budgetmeals #budget #budgeting #cheapmeals #budgetfriendlyrecipes ",10088,7.274026617033558e+18,UNSTOPPABLE EVENING,133.0,f,https://tiktok.com/@/video/7462092445363359006,6832074546162992133,f,"[""minimalism"",""Sustainability"",""zerowaste"",""lowwaste"",""plasticfree"",""sustainable"",""ecohome"",""environmentalist"",""oodwaste"",""minimalist"",""foodwastetip"",""foodwastesolution"",""foodwasteprevention"",""compost"",""cooking"",""plantbased"",""mealprep"",""mealplan"",""budgetmeals"",""budget"",""budgeting"",""cheapmeals"",""budgetfriendlyrecipes""]"
7375289807997570346,1717193478,Crafting columns into works of art! 🎨 • • #columns #interiordesign #design #homedecor #interiordesigner #architecture alexxmarketing,41946,7.274026617033558e+18,UNSTOPPABLE EVENING,133.0,f,https://tiktok.com/@/video/7375289807997570346,6797841406868276230,f,"[""columns"",""interiordesign"",""design"",""homedecor"",""interiordesigner"",""architecture""]"
7463844176644295979,1737811748,Beginner DOs and DONTs of making saltwater #reeftok #fishtok #fish #fishtank #fishtanks #aquarium #aquariums #pet #pets #PetsOfTikTok #petlover #petlife #chem #chemistry #science #neat #sea #ocean #fyp #fyp≥› #fyppppppppppppppppppppp #how #howto #howtotiktok #interesting #reef #reefs #coral #corals #scienceathome #educational #educationalpurposes #learning #learn #LearnOnTikTok #fishkeeper #fishkeeping #reefkeeper #reefing #reef #corals #reeftank #saltwater #salinity #educationtiktok #educationalvideo #marinetank #marine #saltwateraquarium #saltwatertank #saltwaterfish ,18786,7.274026617033558e+18,UNSTOPPABLE EVENING,133.0,f,https://tiktok.com/@/video/7463844176644295979,7403148617613214763,f,"[""reeftok"",""fishtok"",""fish"",""fishtank"",""fishtanks"",""aquarium"",""aquariums"",""pet"",""pets"",""PetsOfTikTok"",""petlover"",""petlife"",""chem"",""chemistry"",""science"",""neat"",""sea"",""ocean"",""fyp"",""fyppppppppppppppppppppp"",""how"",""howto"",""howtotiktok"",""interesting"",""reef"",""reefs"",""coral"",""corals"",""scienceathome"",""educational"",""educationalpurposes"",""learning"",""learn"",""LearnOnTikTok"",""fishkeeper"",""fishkeeping"",""reefkeeper"",""reefing"",""reeftank"",""saltwater"",""salinity"",""educationtiktok"",""educationalvideo"",""marinetank"",""marine"",""saltwateraquarium"",""saltwatertank"",""saltwaterfish""]"
7504112045059493163,1747187267,"Downtown Nashville Apartment Tour✔️  613 sqft —> $1,570 👉 Need help finding an apartment in Nashville? Click the LINK IN BIO to work with me for free. ",13923,7.274026617033558e+18,UNSTOPPABLE EVENING,133.0,f,https://tiktok.com/@/video/7504112045059493163,7475512329258501162,f,[]
7458432964947545390,1736551754,Wellness Turmeric Shots! #tumericroot #wellnessshots #juicerecipe #wellnessshotrecipe #turmeric #gingerroot #ginger #immunebooster #fyp ,7680,7.274026617033558e+18,UNSTOPPABLE EVENING,133.0,f,https://tiktok.com/@/video/7458432964947545390,6920719651714810885,f,"[""tumericroot"",""wellnessshots"",""juicerecipe"",""wellnessshotrecipe"",""turmeric"",""gingerroot"",""ginger"",""immunebooster"",""fyp""]"
7488214428660387115,1743485863,#apartment #realestatelife #apartmentforrent #apartmenttour #pasadena #realestatetiktok ,11103,7.274026617033558e+18,UNSTOPPABLE EVENING,133.0,f,https://tiktok.com/@/video/7488214428660387115,7413495178584278062,f,"[""apartment"",""realestatelife"",""apartmentforrent"",""apartmenttour"",""pasadena"",""realestatetiktok""]"
7390365467254295850,1720703559,"📍Salt and Pepper Shaker Museum, Gatlinburg Tennesseee  Discover a quirky and delightful gem in Gatlinburg, TN! The Salt and Pepper Shaker Museum features over 20,000 unique sets from around the world, showcasing the fascinating history and artistry of these everyday items. A must-visit for collectors and curious minds alike!  #Gatlinburg #UniqueMuseums #TravelTN #pigeonforge #gatlinburgtennessee #tennesseecheck ",15624,7.274026617033558e+18,UNSTOPPABLE EVENING,133.0,f,https://tiktok.com/@/video/7390365467254295850,6925680564289651717,f,"[""gatlinburg"",""uniquemuseums"",""traveltn"",""pigeonforge"",""gatlinburgtennessee"",""tennesseecheck""]"
7464309911950904622,1737920115,"A very ""targeted"" Haul 🎯 Will I be back? The jury is still out on that. What about you? #tabithabrown #tabithabrowncollectionfortarget #dei #fyp ",25543,7.274026617033558e+18,UNSTOPPABLE EVENING,133.0,f,https://tiktok.com/@/video/7464309911950904622,6801213176928830470,f,"[""tabithabrown"",""tabithabrowncollectionfortarget"",""dei"",""fyp""]"
7465949089268763950,1738301818,Trying @Pan Roast inside the Ritz 😍 #wieiad #fvlog #portlandfood #panroast #seafood #clamchowderbreadbowl #fishandchips ,20164,7.274026617033558e+18,UNSTOPPABLE EVENING,133.0,f,https://tiktok.com/@/video/7465949089268763950,6812683017158280197,f,"[""wieiad"",""fvlog"",""portlandfood"",""panroast"",""seafood"",""clamchowderbreadbowl"",""fishandchips""]"
7465168584403176750,1738120039,Happy Tuesday! Would you try our new menu item? Teriyaki chicken? 🍗 #thatjetslunchlady #lunchwithvic #schoollife #schoollunch #schoollunchideas #videofiltro #trendslab #sportscar #sabado #amordemivida #cutewinterboots #ice #immigration #massfollowing🔥🔥 #snowonthebeach #elonmusk #biden #trump #massfollowing #studygroup #staracademy #lunarnewyear #lockjaw #moonbin #teriyaki ,11790,7.274026617033558e+18,UNSTOPPABLE EVENING,133.0,f,https://tiktok.com/@/video/7465168584403176750,7197877307930608686,f,"[""thatjetslunchlady"",""lunchwithvic"",""schoollife"",""schoollunch"",""schoollunchideas"",""videofiltro"",""trendslab"",""sportscar"",""sabado"",""amordemivida"",""cutewinterboots"",""ice"",""immigration"",""massfollowing\ud83d\udd25\ud83d\udd25"",""snowonthebeach"",""elonmusk"",""biden"",""trump"",""massfollowing"",""studygroup"",""staracademy"",""lunarnewyear"",""lockjaw"",""moonbin"",""teriyaki""]"
7496562526767910190,1745429541,"Welcome back to @Alis Korner Take-out 🌈 ‼️ If you haven’t hit up 10040 W McNichols, Detroit — what are you doing?! 😋 Chef Ali is known for her soul food magic, and EVERYTHING is a must-try. Don’t forget to grab the Honey BBQ chicken and salmon bites too — some of the best food near your location, hands down. 🔎 FOOD Near Me 🔥 Quality FOOD, GREAT FLAVOR ✨ Soul Food Detroit 🎉 VIBES, FLAVOR, and GOOD ENERGY 🍴 Food spots & Detroit Eats  #MotownMunch #DetroitEats #aliskornertakeout #GoodFood #FoodNearMe #detroitfoodie #detroitfood #detroiteats #foodie #foodporn #detroitrestaurants #detroitfoodporn #detroitfoodies #detroitfoodblogger #detroitfoodie ",11118,7.274026617033558e+18,UNSTOPPABLE EVENING,133.0,f,https://tiktok.com/@/video/7496562526767910190,7381861741371950123,f,"[""motownmunch"",""detroiteats"",""aliskornertakeout"",""goodfood"",""foodnearme"",""detroitfoodie"",""detroitfood"",""Foodie"",""foodporn"",""detroitrestaurants"",""detroitfoodporn"",""detroitfoodies"",""detroitfoodblogger""]"
7462192671143267630,1737427165,"{#OperationFatLiberationPartnership} ⁣⁣ 💅✨ I finally got my nails done, and of course, I went with a fat liberation theme—with a touch of mystical magic! 🌙💖 As a size 6X ambulatory wheelchair user, finding a nail studio where I feel truly comfortable has always been a challenge. But at Tough As Nails, owned by the incredible @goredita , I felt completely at ease.⁣⁣ ⁣⁣ Chris runs a home-based, size-inclusive nail studio in Portland, and her attention to making fat and disabled bodies feel welcomed is unmatched. From the personalized setup to her warm, judgment-free vibe, she creates an environment where everyone can feel celebrated.⁣⁣ ⁣⁣ These nails aren’t just a look—they’re a statement. 🖤✨ They represent what Operation Fat Liberation is all about: creating spaces where  everyBODY is welcomed, seen, and valued.⁣⁣ ⁣⁣ Thank you, Chris, for making this experience so empowering and magical. If you’re in Portland, you have to check out Tough As Nails—because beauty is for everyBODY!⁣⁣ •⁣⁣ •⁣⁣ •⁣⁣ #OperationFatLiberation #FatPositive #MysticalNails #InclusiveBeauty #Pdx #ToughAsNails #PortlandOregon #BodyAcceptance #FatLiberation #Fyp ",59954,7.274026617033558e+18,UNSTOPPABLE EVENING,133.0,f,https://tiktok.com/@/video/7462192671143267630,6573024079703441413,t,"[""operationfatliberationpartnership"",""operationfatliberation"",""fatpositive"",""mysticalnails"",""inclusivebeauty"",""pdx"",""toughasnails"",""portlandoregon"",""bodyacceptance"",""fatliberation"",""fyp""]"
7508557945160912170,1748222414,S25 Ultra Mini review.  These two phones give you the best of both in my opinion. But I may be .01% over the edge with the ultra!  What team are you?  #s25ultra #techcreator #techtok #techgirlie #s25ultrareview #iphone16promax ,7346,7.274026617033558e+18,UNSTOPPABLE EVENING,133.0,f,https://tiktok.com/@/video/7508557945160912170,7120355996346909739,f,"[""s25ultra"",""techcreator"",""techtok"",""techgirlie"",""s25ultrareview"",""iphone16promax""]"
7459966272185453866,1736908759,"🤯 3 hour loc takedown by my husband and I. We couldn’t believe how fast we got her locs out, but we did it!! If you’re in search of loc takedown service, we are conveniently located in the DMV 😁 #locs #locstakedown #loctakedown #locremoval #comboutlocs #fy #locservices #loctician #masterloctician #healthyhair #naturalhair #healthynaturalhair #naturalhairjourney ",26044,7.274026617033558e+18,UNSTOPPABLE EVENING,133.0,f,https://tiktok.com/@/video/7459966272185453866,7320088027972371502,f,"[""locs"",""locstakedown"",""loctakedown"",""locremoval"",""comboutlocs"",""fy"",""locservices"",""loctician"",""masterloctician"",""healthyhair"",""naturalhair"",""healthynaturalhair"",""naturalhairjourney""]"
7462458802709761323,1737489116,"#CapCut Sometimes, extensions aren’t ALWAYS the answer. Start by visiting a natural, healthy hair specialist (me😉) to address the root of the problem. Once your hair is healthy, we can decide together if adding extensions for length or density is the right choice. Service: Amino Acid Treatment & Hydration Therapy, Deep Cut, Body Curls #aminoacidtreatmentatl #aminoacidtreatments #aminoacidtreatment #atlaminoacidtreatment #keratintreatmentsalon #keratintreatmentatl #atlkeratintreatment #atlhealthyhair #healthyhairstylist ",12670,7.274026617033558e+18,UNSTOPPABLE EVENING,133.0,f,https://tiktok.com/@/video/7462458802709761323,7006532070654690309,f,"[""capcut"",""aminoacidtreatmentatl"",""aminoacidtreatments"",""aminoacidtreatment"",""atlaminoacidtreatment"",""keratintreatmentsalon"",""keratintreatmentatl"",""atlkeratintreatment"",""atlhealthyhair"",""healthyhairstylist""]"
7512458874838879534,1749130648,NEW JJJJOUND X ASICS GEL KAYANO 14 - June 12th @ASICS #asics #asicsgelkayano #asicsgelkayano14 #jjjjound ,11814,7.274026617033558e+18,UNSTOPPABLE EVENING,133.0,f,https://tiktok.com/@/video/7512458874838879534,6772680268236309510,f,"[""asics"",""asicsgelkayano"",""asicsgelkayano14"",""jjjjound""]"
7469529617506848046,1739135426,"Ever wondered how hot process soap is made? Here are the steps! Hot Process Soap: The Glow-Up Journey! 🔥🛁 1️⃣ Oils + lye = the magic begins! ✨ 2️⃣ Heat it up & stir—things get thick! 🌀 3️⃣ Applesauce phase = looking weird but trust the process. 🍏 4️⃣ Vaseline vibes? You’re on the right track! 💦 5️⃣ Mashed potato texture = almost there! 🥔 6️⃣ Add your faves (scents, colors, superfat, oh my!). 🍊❤️  7️⃣ Mold it, set it, let the magic happen. 8️⃣ Slice, cure (if you can wait), and lather up! 🧼💃 What I love about hot process soap is how amazing the lather is. And you can use it right away! It’s recommended to wait a few weeks so you can to let the water evaporate and harden up. But it’s fabulous right away!  Who else loves the rustic charm of hot process soap?! Are you ready to give it a try??? 😇 This orange and turmeric all natural soap will be available in my next shop update on Feb 22nd! Perfect for people who want a no fuss bar for sensitive skin. #soapmaking #hotprocessedsoap #hotprocesssoapmaking ",23044,7.274026617033558e+18,UNSTOPPABLE EVENING,133.0,f,https://tiktok.com/@/video/7469529617506848046,6904819278274118662,f,"[""soapmaking"",""hotprocessedsoap"",""hotprocesssoapmaking""]"
7493725544991853870,1744768954,Best Cities to Move to in your 20s part 1 #atlanta #portland #nashville #bestcitiestolive #movinginyour20s #dreamcity #placestovisit #fyp #foryoupage #travel ,21496,7.274026617033558e+18,UNSTOPPABLE EVENING,133.0,f,https://tiktok.com/@/video/7493725544991853870,7306758804652475435,f,"[""atlanta"",""portland"",""nashville"",""bestcitiestolive"",""movinginyour20s"",""dreamcity"",""PlacesToVisit"",""fyp"",""foryoupage"",""travel""]"
7491397974988229919,1744227048,"Recipe using @LĒVO C machine: Ingredients 1 cup salted butter (softened) 4 cloves black garlic (mashed or finely chopped) 1 tbsp saffron flowers (dried petals) Instructions 1. Prepare the Saffron Infusion: Add the saffron flowers to the LEVO C machine's infusion chamber. You can use the built-in scale to measure about 1 tbsp of dried saffron flowers. Set the LEVO C machine to low temperature (around 160°F/71°C) for about 30-40 minutes to gently infuse the saffron flowers into the butter. 2. Prepare the Black Garlic: While the saffron infusion is happening, mash or finely chop the black garlic cloves to a paste. You can adjust the quantity based on your preferred intensity of black garlic flavor. 3. Infuse the Butter: After the saffron has infused, add salted butter to the infusion chamber of the LEVO C machine. Allow the butter to be infused for 30-40 minutes at a temperature of around 160°F/71°C. This will gently melt and infuse the butter with the saffron flavors. 4. Mix in the Black Garlic: Once the butter has finished infusing with saffron, remove it from the LEVO C machine and mix in the mashed black garlic. Stir well to ensure the garlic is evenly distributed throughout the butter. 5. Cool and Set: Pour the infused butter into a container or onto parchment paper, shaping it into a log or simply storing it in a dish. Allow the butter to cool and set in the fridge for at least 30 minutes. 6. Serve: Use your Black Garlic Saffron Flower Infused Butter on bread, roasted vegetables, pasta, or meats. Enjoy the rich, luxurious flavor! Using the LEVO C machine makes this process much easier and ensures that your butter is perfectly infused with the saffron and black garlic flavors. #recipesoftiktok #butter #hair #LEVOmadebutter #LEVOpartner",9597,7.274026617033558e+18,UNSTOPPABLE EVENING,133.0,f,https://tiktok.com/@/video/7491397974988229919,7383513405866820654,f,"[""recipesoftiktok"",""butter"",""hair"",""levomadebutter"",""levopartner""]"
7489095305506426158,1743690892,"Kosher for Passover Chocolate Chip Cookies 🍪 No chill time. No mixer. Just mix, scoop, and bake. Ingredients: ½ cup brown sugar ½ tsp baking soda ½ tsp salt 1½ tbsp neutral oil 1 tbsp vanilla bean paste 1 egg, beaten (don’t skip this beat it first!) 2 cups almond flour ½ cup chocolate chips Instructions: Preheat oven to 350°F. Mix all ingredients together in a bowl by hand. It may feel dry. DO NOT add more liquid. Keep mixing with your hands and it’ll come together like Play-Doh. That’s exactly what you want. Scoop dough onto a parchment lined baking sheet and gently press the cookies down. Bake for 10–12 minutes if small, or up to 15 minutes for thicker cookies. Cookies may not brown. Don’t overbake, or they will turn into sand. IMPORTANT: let the cookies cool in the pan for 15 minutes before serving! #EasyRecipe #passover #passoverrecipes #pesach #pesachrecipes #passoverdessert #passover2025  #kosherforpassover #glutenfree #almondflourreceipes #almondflour #glutenfreecookies #cookies #fyp #easydessert ",13800,7.274026617033558e+18,UNSTOPPABLE EVENING,133.0,f,https://tiktok.com/@/video/7489095305506426158,6998974324741096453,f,"[""EasyRecipe"",""passover"",""passoverrecipes"",""pesach"",""pesachrecipes"",""passoverdessert"",""passover2025"",""kosherforpassover"",""glutenfree"",""almondflourreceipes"",""almondflour"",""glutenfreecookies"",""cookies"",""fyp"",""easydessert""]"
7356594314396454186,1712840605,"one of my must-dos when on vacation no matter where we are staying!  @Walmart makes grocery delivery so easy.. and i love that you can get other essentials too like toys, subscreen, toiletries, and even clothes delivered!  #walmart #walmartcreator #walmarthack #travelhack #grocerydelivery #disneytips ",17994,7.274026617033558e+18,UNSTOPPABLE EVENING,133.0,f,https://tiktok.com/@/video/7356594314396454186,6819081574828459014,f,"[""walmart"",""walmartcreator"",""walmarthack"",""travelhack"",""grocerydelivery"",""disneytips""]"
7473175995722272042,1739984388,New paint for the WRX 💎 #subaru #carguy #cars #newcar #giveaway #newpaint #transformation #carbuild #cars #jdm #jdmcarsoftiktok #mechanic ,5914,7.274026617033558e+18,UNSTOPPABLE EVENING,133.0,f,https://tiktok.com/@/video/7473175995722272042,6785549813522924550,f,"[""subaru"",""carguy"",""cars"",""newcar"",""giveaway"",""newpaint"",""transformation"",""carbuild"",""jdm"",""jdmcarsoftiktok"",""mechanic""]"
7494830414800948526,1745026220,"Stop renovating your pool and don’t  pick your pool finish until you watch this. 3 expert tips from Laguna — the certified Pebble Tec pros of NJ, PA, and MD — that could save your project. Ready to get it right the first time? Press play. #poolrenovation #pooltok ",27943,7.274026617033558e+18,UNSTOPPABLE EVENING,133.0,f,https://tiktok.com/@/video/7494830414800948526,7399341052036351019,f,"[""poolrenovation"",""pooltok""]"
7481454481494871338,1741911875,"What are Super Passes? 🤨 Super Passes get you even more perks for summer like  💦 Free daily admission 💦 Free daily tube rental 💦 Free daily general parking 💦 One free, single use, Bring a Friend ticket Plus you can Mix & Match any of our Season Passes during our current Buy 3-Get 1-FREE Season Pass Sale! Get yours this weekend at the park Thurs-Fri 12pm-6pm and Sat-Sun 12pm-5pm only until March 23!  #seasonpass #summer #waterpark #elpaso #elpasotx #anthonytx #lascruces #fyp #foryou",16477,7.274026617033558e+18,UNSTOPPABLE EVENING,133.0,f,https://tiktok.com/@/video/7481454481494871338,7097000909381944363,f,"[""seasonpass"",""Summer"",""waterpark"",""elpaso"",""elpasotx"",""anthonytx"",""lascruces"",""fyp"",""foryou""]"
7500355042315177247,1746312509,Beach day in the new setup. #camperbuild #overlandbuild #overlanding #tacoma4x4 #camperinterior #camperlife #overland ,7204,7.274026617033558e+18,UNSTOPPABLE EVENING,133.0,f,https://tiktok.com/@/video/7500355042315177247,7129635920108569646,f,"[""camperbuild"",""overlandbuild"",""overlanding"",""tacoma4x4"",""camperinterior"",""camperlife"",""overland""]"
7465925348396518699,1738296259,What do you think of these recent leaks of the iPhone 17 Air? Would you want a slimmer design with this new approach? #reel #reels #fyp #shorts #viral #tech #iphone17air #iphone17 #apple #iphone #air #slim #technews #dailytechnews #cooltech #newtech #rumors #apple ,24987,7.274026617033558e+18,UNSTOPPABLE EVENING,133.0,f,https://tiktok.com/@/video/7465925348396518699,7048036293197218821,f,"[""reel"",""reels"",""fyp"",""shorts"",""viral"",""tech"",""iphone17air"",""iphone17"",""apple"",""iphone"",""air"",""slim"",""technews"",""dailytechnews"",""cooltech"",""newtech"",""Rumors""]"
7483551306775317791,1742400083,"New Construction Twin Homes in East Mt. Airy. This home is 4bd | 3.5ba | 2,500 sqft. | 10yr tax abatement. Listed at 649k. Call for a private tour.  . . . . . . Courtesy listing Kyleigh Kittredge KW Empower #tyegrays #buyersagent #sellersagent #listingagent #eastmtairy #germantown #newconstructionhomes #phillynewconstruction #phillyrealtor #compassre",3731,7.274026617033558e+18,UNSTOPPABLE EVENING,133.0,f,https://tiktok.com/@/video/7483551306775317791,6899061399408362501,f,"[""tyegrays"",""buyersagent"",""sellersagent"",""listingagent"",""eastmtairy"",""germantown"",""newconstructionhomes"",""phillynewconstruction"",""phillyrealtor"",""compassre""]"
7498395152436759839,1745856207,De soñar a hacerlo realidad… y apenas estamos empezando. #emprendimiento #cafeteria #sueñoamericano #latinosenusa🇺🇸 #antesydespues #cafevan #coffeetiktok cafetería móvil en un carro …,13604,7.274026617033558e+18,UNSTOPPABLE EVENING,133.0,f,https://tiktok.com/@/video/7498395152436759839,7425101389480821790,f,"[""emprendimiento"",""cafeteria"",""sue\u00f1oamericano"",""latinosenusa\ud83c\uddfa\ud83c\uddf8"",""antesydespues"",""cafevan"",""coffeetiktok""]"
7475822308687564078,1740600569,"One-pan pesto couscous with balsamic chicken thighs 🌿✨ recipe below!! Ingredients: - boneless skinless chicken thighs - garlic salt - paprika - oregano - black pepper - olive oil - 1 onion - 1 red bell pepper - garlic - 2 cups pearl couscous - 3 cups chicken broth - pesto - balsamic glaze - fresh parsley Instructions: - season both sides of chicken thighs - heat olive oil in a large sauté pan (mine is from @Caraway Home - code “EATSWITHALLY10” gets ya 10% off 😉” - brown chicken thighs on both sides and remove from pan - add more olive oil if necessary and sauté onions, bell pepper, and garlic - add in couscous and toast in pan for 1 minute - mix in chicken broth, bring to a boil, and add in chicken thighs - cover with a lid, lower heat, and simmer until couscous and chicken are cooked through - remove chicken from pan and stir in pesto - add chicken back to pan to keep warm and top with balsamic glaze and parsley #dinner #dinnerideas #dinnerinspo #dinnerrecipe #easydinner #onepanmeal #onepotmeals #weeknightdinner #chickenthighs #couscous #recipe #dinnerwithme #FriendsofCaraway ",8350,7.274026617033558e+18,UNSTOPPABLE EVENING,133.0,f,https://tiktok.com/@/video/7475822308687564078,6840226895205057542,f,"[""dinner"",""DinnerIdeas"",""dinnerinspo"",""dinnerrecipe"",""easydinner"",""onepanmeal"",""onepotmeals"",""weeknightdinner"",""chickenthighs"",""couscous"",""Recipe"",""dinnerwithme"",""friendsofcaraway""]"
7423981551219739946,1728530409,⭐️Her first set of soft locs⭐️ #softlocs #dallassoftlocs #fyp ,13645,7.274026617033558e+18,UNSTOPPABLE EVENING,133.0,f,https://tiktok.com/@/video/7423981551219739946,6957298986404316166,f,"[""softlocs"",""dallassoftlocs"",""fyp""]"
7484003367002426654,1742505337,happy thursday 💓 #fy #fypシ #fyp #blackgirltiktok #blackgirlcontentcreator #microinfluencer #smallcontentcreator #college  #collegelife #collegestudent #collegegotmelike #collegevlog #collegediaries #ditl #ditlvlog #ditlcollegestudent #dayinmylife #dayinthelife #dayinthelifevlog #daysoftheweek #thursdayvibes #isuckatscience #icedlatte #icedcoffee #localcoffeeshop #caramelmocha #washingtondc #washingtondctiktok #washingtondccheck #dmv #dmvtiktok #dmvlife #lifestyle #lifestylevlog #blackgirlmagic #journalismstudent #journalismmajor #journalismschool #gwu #georgewashingtonuniversity #campuslife #cherryblossom #cherryblossom #cherryblossoms #spring #springweather #acrylicnails #pinknails #creatorsearchinsights #minivlog #cvsrun #cvspharmacy #cvs #cvsfinds ,3059,7.274026617033558e+18,UNSTOPPABLE EVENING,133.0,f,https://tiktok.com/@/video/7484003367002426654,7144930851582067755,f,"[""fy"",""fyp\u30b7"",""fyp"",""blackgirltiktok"",""blackgirlcontentcreator"",""microinfluencer"",""smallcontentcreator"",""college"",""collegelife"",""collegestudent"",""CollegeGotMeLike"",""collegevlog"",""collegediaries"",""ditl"",""ditlvlog"",""ditlcollegestudent"",""dayinmylife"",""dayinthelife"",""dayinthelifevlog"",""daysoftheweek"",""thursdayvibes"",""isuckatscience"",""icedlatte"",""icedcoffee"",""localcoffeeshop"",""caramelmocha"",""washingtondc"",""washingtondctiktok"",""washingtondccheck"",""dmv"",""dmvtiktok"",""dmvlife"",""Lifestyle"",""lifestylevlog"",""blackgirlmagic"",""journalismstudent"",""journalismmajor"",""journalismschool"",""gwu"",""georgewashingtonuniversity"",""campuslife"",""cherryblossom"",""cherryblossoms"",""spring"",""springweather"",""acrylicnails"",""pinknails"",""creatorsearchinsights"",""minivlog"",""cvsrun"",""cvspharmacy"",""cvs"",""cvsfinds""]"
7422013293293849887,1728072153,Made thos sweet jaguar for Christian 🤘🏼 #memphistattooartist #901 #Memphis #mississippitattooartist #newink #MemphisArtists #fyp #jaguar #jaguartattoo #myan #myantattoo #maya #mayatattoo ,10017,7.274026617033558e+18,UNSTOPPABLE EVENING,133.0,f,https://tiktok.com/@/video/7422013293293849887,6618909824342556678,f,"[""memphistattooartist"",""901"",""memphis"",""mississippitattooartist"",""newink"",""memphisartists"",""fyp"",""jaguar"",""jaguartattoo"",""myan"",""myantattoo"",""maya"",""mayatattoo""]"
7514317417191968031,1749563389,"Have you checked out @redcinemasgso ?! This locally owned movie theatre is a whole experience - from the artwork to the locally sourced craft brews and buttery popcorn, you’re not going to want to miss it! Plan your next movie outing here 👀  #VisitGreensboro #RedCinemas #TuesdaysWithTay #ThingsToDo #GreensboroNC #LiloAndStitch ",6924,7.274026617033558e+18,UNSTOPPABLE EVENING,133.0,f,https://tiktok.com/@/video/7514317417191968031,7354438707968328747,f,"[""visitgreensboro"",""redcinemas"",""tuesdayswithtay"",""thingstodo"",""greensboronc"",""liloandstitch""]"
7493634544155757854,1744747777,This profile is for the chocolate enthusiasts in mind. Made with Lindt Dark Chocolate we wanted to add a few layers of complexity to this cocoa forward deep dive. We added in some Mexican peppers to just ignite that curiosity and then rounded it off with Shanky’s Whip to lift some vanilla and caramel in the back of the pallet. This chocolate elevation is gluten free and guilt free! #cheesecake #scoopable #darkchocolate #chocoholic #spiced #peppers #shankyswhip #lindt #creamy #glutenfree #nogluten #chocolate #love #passion #bakery #april #goodlife #foodie #spring #dreamy #nextlevel #innovation #local #lincoln #nebraska #highsocietycheesecake @Lindt Chocolate @ShankysWhip ,16249,7.274026617033558e+18,UNSTOPPABLE EVENING,133.0,f,https://tiktok.com/@/video/7493634544155757854,6972281107929089030,f,"[""cheesecake"",""scoopable"",""darkchocolate"",""chocoholic"",""spiced"",""peppers"",""shankyswhip"",""lindt"",""creamy"",""glutenfree"",""nogluten"",""chocolate"",""Love"",""passion"",""bakery"",""april"",""goodlife"",""Foodie"",""spring"",""dreamy"",""nextlevel"",""innovation"",""local"",""lincoln"",""nebraska"",""highsocietycheesecake""]"
7496272613879106847,1745362008,"When your skincare is on point, your makeup just hits different @TheConfidenceNP #Makeup #makeupforblackwoman #nurseinjector #nycmua #beforeandafter #mua #brooklynmua #makeuptransformations #softglam #glam #makeupshoot #aesthetics #aesthticnursepractitioner",2861,7.274026617033558e+18,UNSTOPPABLE EVENING,133.0,f,https://tiktok.com/@/video/7496272613879106847,6815770606018528262,f,"[""makeup"",""makeupforblackwoman"",""nurseinjector"",""nycmua"",""beforeandafter"",""mua"",""brooklynmua"",""makeuptransformations"",""softglam"",""glam"",""makeupshoot"",""aesthetics"",""aesthticnursepractitioner""]"
7402039477272710431,1723421631,This is obviously a joke… or is it🤷🏻‍♂️ PSA: never take a blister for granted. They suck and can literally take you out like a ton of bricks🤝 Let us have a great week‼️ #runner #running #run #marathon #halfmarathon #bigdudeapproved #smilemore #sunsouttumsout #fyp #foryou #runtok ,5320,7.274026617033558e+18,UNSTOPPABLE EVENING,133.0,f,https://tiktok.com/@/video/7402039477272710431,6767857162405299205,f,"[""runner"",""Running"",""run"",""marathon"",""halfmarathon"",""bigdudeapproved"",""smilemore"",""sunsouttumsout"",""fyp"",""foryou"",""runtok""]"
7478467726302858539,1741216489,"What Disney World roller coaster would I pick for my kids’ first coaster? And which ones would I definitely avoid? Disney World is full of kid friendly coasters, and lots of them are a classic picks for a little one’s first coaster. But not all of them are great for a kid who is brand new to roller coasters. For example, I think Space Mountain is a really bad idea for a first coaster. It’s too dark and being able to see where you’re going makes a huge difference. So, in this video, I’m sharing my rankings for both the best and the worst first roller coaster at Disney World. From Big Thunder Mountain to Rock N Roller Coaster, I share my opinion on every single coaster at WDW and let you know if it’s good for a kid’s first coaster. Follow me for more Disney World tips and advice! #disneyworld #disneyworldtips #disneytips #disneycoasters #disneywithkids #disney #disneyguide #themeparks #rollercoasters #wdw #waltdisneyworld #orlando #Guide2WDW #magickingdom #epcot #hollywoodstudios #animalkingdom ",7019,7.274026617033558e+18,UNSTOPPABLE EVENING,133.0,f,https://tiktok.com/@/video/7478467726302858539,6816360749289358342,f,"[""disneyworld"",""disneyworldtips"",""disneytips"",""disneycoasters"",""disneywithkids"",""disney"",""disneyguide"",""themeparks"",""rollercoasters"",""wdw"",""waltdisneyworld"",""orlando"",""guide2wdw"",""magickingdom"",""epcot"",""hollywoodstudios"",""animalkingdom""]"
7509218913524256046,1748376313,My scalp has never been better! Not a single scratch after my treatment. It is recommended to get treated every 3-4 weeks.   #relaxation #scalpcare #scalpmassage #headspava #headtherapy #dryscalp #headspafredericksburgva #dmvtiktok #dmv #fyp #viral #viralvideo #viralvideoforyou ,12977,7.274026617033558e+18,UNSTOPPABLE EVENING,133.0,f,https://tiktok.com/@/video/7509218913524256046,6774761466156549125,f,"[""relaxation"",""scalpcare"",""scalpmassage"",""headspava"",""headtherapy"",""dryscalp"",""headspafredericksburgva"",""dmvtiktok"",""dmv"",""fyp"",""viral"",""viralvideo"",""viralvideoforyou""]"
7470709312797592874,1739410094,"Do you think the 16th Street Mall redesign will improve safety in Downtown Denver? Yes, the changes will make a big difference. Not sure yet, I’ll wait and see. For decades, the 16th Street Mall has been the heart of Downtown Denver, but years of wear and aging infrastructure led to a major city-led effort to revitalize the corridor. Now, after years of planning, reconstruction is well underway. Here’s what you need to know:  1️⃣ Project Overview: The 16th Street Mall Project is a $175.4 million revitalization of Denver’s most iconic pedestrian and transit corridor. The project aims to improve safety, enhance mobility, and upgrade aging infrastructure along 1.2 miles of 16th Street, from Market Street to Broadway. Work includes new granite pavers, tree plantings, enhanced public spaces, and transit improvements.  2️⃣ Why It Matters: This reconstruction will extend the lifespan of the Mall by 30-40 years while creating a more pedestrian-friendly and engaging downtown experience. The redesign includes more gathering spaces, shaded seating, and play features to encourage both tourism and local activity. It will also improve storm drainage and reduce costly maintenance issues that have plagued the corridor for years.  3️⃣ Construction & Status: The project is now 83% complete, with final phases of work continuing through Fall 2025. As of February 2025, reconstruction is complete between Market and Champa streets, with work continuing in multiple sections of the Mall. RTD’s Free MallRide remains in service but is temporarily rerouted to 15th & 17th Streets between Curtis and Civic Center Station.  🏗️ Development Team: * Led By: City & County of Denver * General Contractor: PCL Construction * Public-Private Partner: Downtown Denver Partnership * Funding: Federal Transit Administration (FTA), Denver Urban Renewal Authority (DURA), & GO Bonds  Stay tuned for more updates on this project and more from around Denver.  #16thstreetmall #denverdevelopment #downtowndenver #denvertransit #urbanrevitalization #publicspace #denverconstruction #rtd #mallride #denverprojects #denverinfrastructure #developingdenver ",9132,7.274026617033558e+18,UNSTOPPABLE EVENING,133.0,f,https://tiktok.com/@/video/7470709312797592874,7253904203714626606,f,"[""16thstreetmall"",""denverdevelopment"",""downtowndenver"",""denvertransit"",""urbanrevitalization"",""publicspace"",""denverconstruction"",""rtd"",""mallride"",""denverprojects"",""denverinfrastructure"",""developingdenver""]"
7464295261406252334,1737916716,Let’s get ready for my birthday party! 🥳 🍰                         @ONE SIZE BEAUTY  oil sucker primer  @elfcosmetics Halo Glow Liquid Foundation  @NYX Professional Makeup The Face Glue Primer  @makeupbymario F4  Dual-foundation and face brush  @Kosas Revealer Super Creamy  Concealer @milkmakeup Hydro Grip Hydrating Makeup Primer  @Too Faced Cloud Crush Blurring Powder Blush #grwmmakeup  #grwm  #blackgirlmakeuptutorial  #getdresswithme  #creatorsearchinsights  ,9757,7.274026617033558e+18,UNSTOPPABLE EVENING,133.0,f,https://tiktok.com/@/video/7464295261406252334,6997090302692639749,f,"[""grwmmakeup"",""grwm"",""blackgirlmakeuptutorial"",""getdresswithme"",""creatorsearchinsights""]"
7458049043017633067,1736462368,Come with me to get the new magic key freebie!! If you’re a magic key holder you are eligible to pick one up!! It just might take a bit😅 this goes until Jan 13th or while supplies last so don’t forget to grab this one!! #disney #disneyparks #disneyland #disneyadult #disneygirl #disneyfan #disneylife #disneymerch #magickey #magickeyholder #freebies #disneypins #disneytiktok #disneyfyp #fyp @Disney Parks @Disney ,5533,7.274026617033558e+18,UNSTOPPABLE EVENING,133.0,f,https://tiktok.com/@/video/7458049043017633067,6783938543146435589,f,"[""disney"",""disneyparks"",""disneyland"",""disneyadult"",""disneygirl"",""disneyfan"",""disneylife"",""disneymerch"",""magickey"",""magickeyholder"",""freebies"",""disneypins"",""disneytiktok"",""disneyfyp"",""fyp""]"
7408564058804325674,1724940746,A quick back to school hairstyle for my prince #longhair #boyswithlonghair #hairstyle #CapCut ,22180,7.274026617033558e+18,UNSTOPPABLE EVENING,133.0,f,https://tiktok.com/@/video/7408564058804325674,6783698070371582982,f,"[""longhair"",""boyswithlonghair"",""hairstyle"",""capcut""]"
7457975509339671850,1736445246,"Here is a great alternative & in my opinion, a more beneficial way of form shooting‼️ We are working on sinking into our shot with a quick pick up and one upward motion through the release.  - - - - - #basketballtrainer #basketballtraining #basketballdrills #basketballvideos #shooting #formshooting #basketballshooting #shootingdrills #austintx #foryoupage #fyp",12639,7.274026617033558e+18,UNSTOPPABLE EVENING,133.0,f,https://tiktok.com/@/video/7457975509339671850,6976499343773074437,f,"[""basketballtrainer"",""basketballtraining"",""basketballdrills"",""basketballvideos"",""shooting"",""formshooting"",""basketballshooting"",""shootingdrills"",""austintx"",""foryoupage"",""fyp""]"
7494465435111378219,1744941234,This is definitely the most useful accessory for the Pocket 3! It' s been a huge help with my filming! #pocket3accessories #dji #djiosmo #djiosmopocket3 #Vlog#musthave #vlogger,46462,7.274026617033558e+18,UNSTOPPABLE EVENING,133.0,f,https://tiktok.com/@/video/7494465435111378219,7266826556155462698,f,"[""pocket3accessories"",""dji"",""djiosmo"",""djiosmopocket3"",""Vlog"",""musthave"",""vlogger""]"
7491374535346834734,1744221617,"Route 1 is home to the beloved bars that define College Park’s nights. Check out the College Park classics, and read diversions editor Jade Tran’s take on UMD nightlife at the link in our bio. 🎥: Caroline Pecora #umd #maryland #collegepark #fyp #collegebars #nightlife #route1 ",3851,7.274026617033558e+18,UNSTOPPABLE EVENING,133.0,f,https://tiktok.com/@/video/7491374535346834734,6689963998295475205,f,"[""umd"",""maryland"",""collegepark"",""fyp"",""collegebars"",""nightlife"",""route1""]"
7475487993680235807,1740522725,Was blessed with this MCM dresser at goodwill the other night. It was worth breaking my back trying to move it alone 😂 3 people to load and only me unloading. Took me a while to get it in the apartment but I’m glad I got it. Would you have picked it up?  #goodwill #goodwillfinds #mcm #fyp #homedecor ,3936,7.274026617033558e+18,UNSTOPPABLE EVENING,133.0,f,https://tiktok.com/@/video/7475487993680235807,6741594517420311557,f,"[""goodwill"",""goodwillfinds"",""mcm"",""fyp"",""homedecor""]"
7486285911311830303,1743036790,Prime Social is right on the plaza located at 4622 Pennsylvania Ave in Kansas City. Take a friend or two or three and enjoy their tasty cocktails🍸🥃 #fypシ #kansascity #plaza #drinks #friends #prime #primesocial #lemondrop #cocktailswithfriends ,24304,7.274026617033558e+18,UNSTOPPABLE EVENING,133.0,f,https://tiktok.com/@/video/7486285911311830303,7086184550614959146,f,"[""fyp\u30b7"",""kansascity"",""plaza"",""drinks"",""friends"",""prime"",""primesocial"",""lemondrop"",""cocktailswithfriends""]"
7463628388054387998,1737761438,"One of the signature dishes at @mumfoodsatx is their pastrami sandwich- I'd rate as a top tier sandwich in Austin. Also recommended in the @The MICHELIN Guide. I enjoy the added slaw and dressing but you can also get the original pastrami sandwich, both on their housemade rye sourdough bread. You can also find Mum Foods every weekend at the @Texas Farmers Market.  On the table 🍽️: - The Rachel $17 | ⅔ Ib of our famous pastrami on grilled sourdough rye with slaw, Russian dressing, and swiss. 📍 5811 Manor Rd, Austin, TX 78723 #austintexas #austinfoodie #austinfood #austinfoodstagram #512eats #atxfoodie #austinfoodblogger #yelpaustin #do512 #austineater #atxeats #austinlocaleats #yelpaustin #droolclub #onmyplate #yelponward #foodphotography #supportlocal #foodie #trueaustin #pastrami #sandwich #bbq ",13192,7.274026617033558e+18,UNSTOPPABLE EVENING,133.0,f,https://tiktok.com/@/video/7463628388054387998,7347209265504093230,f,"[""austintexas"",""austinfoodie"",""austinfood"",""austinfoodstagram"",""512eats"",""atxfoodie"",""austinfoodblogger"",""yelpaustin"",""do512"",""austineater"",""atxeats"",""austinlocaleats"",""droolclub"",""onmyplate"",""yelponward"",""foodphotography"",""supportlocal"",""Foodie"",""trueaustin"",""pastrami"",""sandwich"",""bbq""]"
7503604905421081898,1747069222,Decided I need to do more things that scare me. Come on this journey with me ✨🫶🏾 #contentcreation #microcreator #lifestyle,2124,7.274026617033558e+18,UNSTOPPABLE EVENING,133.0,f,https://tiktok.com/@/video/7503604905421081898,1433877,f,"[""contentcreation"",""microcreator"",""Lifestyle""]"
7493713901545114902,1744766252,"DAY 39: Zero miles. 100 errands. Two goodbyes. Zero day in Tehachapi. And yet somehow... not very zero at all. Started with pancakes. Then under the morning sun in an old orchard, but the calm didn't last. My feet are a bit worn, so I went full grandma-mode at the pharmacy wall of insoles, only to cut the first pair too small. Classic. Laundry spun. Groceries stacked. Another lap of Walmart - because resupply is somehow always chaotic, even on ""rest"" days. Tried to bike it all back with a full pack. Honestly? Harder than trail The toughest part? Saying goodbye to Pablo and Jeremy. They've officially stepped off trail. Two legends. First met Pablo and Jeremy in Idyllwild and somehow kept bumping into one another and ended up here hundreds of miles later. Trail friendships are weird and special like that - intense, fast, and full of life. Mac & cheese for dinner. Free. That's why we didn't have salad. Watched the sun drop and took a deep breath. Back to the trail tomorrow. Dirt, hills, whatever comes. Thanks for following the ride. This thing's far from over. #pacificcresttrail",2641,7.274026617033558e+18,UNSTOPPABLE EVENING,133.0,f,https://tiktok.com/@/video/7493713901545114902,7471231024887137313,f,"[""pacificcresttrail""]"
7463255493826383150,1737674593,Healthy hair is a great canvas for color 🍒✨🧚🏽‍♀️  #colorist #detroithairstylist #detroitstylist #redhaircolor #redhairdontcare ,4269,7.274026617033558e+18,UNSTOPPABLE EVENING,133.0,f,https://tiktok.com/@/video/7463255493826383150,6807277019141243909,f,"[""colorist"",""detroithairstylist"",""detroitstylist"",""redhaircolor"",""redhairdontcare""]"
7464105559927754030,1737872562,"📍buzzin burgers Kennesaw, GA @Buzzin’ Burgers #eating #food #smashburger #halal #kennesaw #food #marietta ",7962,7.274026617033558e+18,UNSTOPPABLE EVENING,133.0,f,https://tiktok.com/@/video/7464105559927754030,7402482681839666218,f,"[""eating"",""food"",""smashburger"",""halal"",""kennesaw"",""marietta""]"
7475434366613638446,1740510242,"🔥 Welcome to Reynaldo’s Cocina 📍🔥 Big flavors. Bold bites. Home-cooked magic with a creative twist. For years, I’ve been bringing my passion for food to the table—fusing comfort, culture, and a whole lot of soul into every dish. From crispy wings to hearty bowls, fresh seafood to fire-grilled favorites, Reynaldo’s Cocina is all about turning simple ingredients into unforgettable meals. Now, I’m taking it up a notch! 🚀 I’m excited to officially introduce Reynaldo’s Cocina 📍—a space where good food meets good vibes. Whether it’s a quick weeknight dinner, a crowd-pleasing party plate, or a show-stopping viral recipe, you’ll find it all here. To kick things off, I’m dropping a 🔥🔥 Top 35 Dishes Highlight Reel 🔥🔥 showcasing some of my best creations yet. Get ready for flavor-packed wings, juicy steak & seafood, crave-worthy comfort food, and some unexpected twists you won’t see coming. 💡 What to expect? ✅ Mouthwatering recipes & step-by-step guides ✅ Next-level food content 📸🎥 ✅ Signature sauces, rubs, and marinades ✅ Seasonal eats & viral-worthy dishes ✅ A whole lot of flavor and fun 🎉 So tap in, stay hungry, and let’s get cooking! 🍽️🔥 📍 Follow @ReynaldosCocina for all things delicious! #ReynaldosCocina #FoodieVibes #HomeChefLife #FlavorOnPoint #FoodieCommunity #ComfortFoodWithATwist #SoulfulEats #FireFlavors #LetsEat #GoodEatsOnly #FoodPorn #KitchenCreations #PlatedPerfection #ChefMode #CookingWithPassion #HomemadeGoodness #Foodstagram #HomeCookedLove #TastyEats #FoodForTheSoul #EatGoodFeelGood #WingsOnPoint #SeafoodLover #SteakGameStrong #BoldBites #FoodVideo #RecipeReel #CookingContent #FoodContentCreator 🔥 Tag a foodie & let’s go! ⬇️",2950,7.274026617033558e+18,UNSTOPPABLE EVENING,133.0,f,https://tiktok.com/@/video/7475434366613638446,7317162764971705390,f,"[""reynaldoscocina"",""foodievibes"",""homecheflife"",""flavoronpoint"",""foodiecommunity"",""comfortfoodwithatwist"",""soulfuleats"",""fireflavors"",""letseat"",""goodeatsonly"",""foodporn"",""kitchencreations"",""platedperfection"",""chefmode"",""cookingwithpassion"",""homemadegoodness"",""foodstagram"",""homecookedlove"",""tastyeats"",""foodforthesoul"",""eatgoodfeelgood"",""wingsonpoint"",""seafoodlover"",""steakgamestrong"",""boldbites"",""foodvideo"",""recipereel"",""cookingcontent"",""foodcontentcreator""]"
7462165977673960750,1737420941,Rolex para dama abajo de los $10k 💃🏼 #rolex #datejust #munecoworld #fy ,17084,7.274026617033558e+18,UNSTOPPABLE EVENING,133.0,f,https://tiktok.com/@/video/7462165977673960750,7099162275664544811,f,"[""rolex"",""datejust"",""munecoworld"",""fy""]"
7403102984386776351,1723669249,"NowPartner 🛍 NEW CLOTHING HAUL: Did you know you could get BRAND NEW clothes like Levi + Champion for just $5? Grab your car keys + road snacks because @Mike’s Merchandise is fully stocked! You can find a variety of clothing including: 🧒 Children’s ➕ Plus size 🏈 College football gear 🍁 Sweaters/cardigans + more! 📍2764 Pelham Pkwy, Pelham, AL 35124 ⏰ 9AM-7PM everyday Follow @mikemerchandisebham to keep up with new items + tag a buddy who loves a good bargain in the comments. #shopwithme #ootd #fashiontiktok #pelhamal #birminghamalabama ",6472,7.274026617033558e+18,UNSTOPPABLE EVENING,133.0,f,https://tiktok.com/@/video/7403102984386776351,6890606709006795782,f,"[""shopwithme"",""OOTD"",""fashiontiktok"",""pelhamal"",""birminghamalabama""]"
7490689546238119198,1744062092,Join me in this 21 day challenge to grow muscle and put on some lean pounds. Save this playlist where I’ll be sharing everything I eat. Let’s motivate esch other to reach some goals. Comment 💪🏼 so I know you’ll be following along 💛 #21daychallenge #gainmuscle #fatloss #leanprotein #healthyhabits #wellness #workout ,7802,7.274026617033558e+18,UNSTOPPABLE EVENING,133.0,f,https://tiktok.com/@/video/7490689546238119198,6547917019444941824,f,"[""21daychallenge"",""gainmuscle"",""fatloss"",""leanprotein"",""healthyhabits"",""wellness"",""workout""]"
7463260959449124139,1737675866,"The Local Goat is definitely a must-try! 🐐 The deep-fried deviled eggs were pretty good…not our absolute favorite, but they had a unique flavor that some might really enjoy. The smoked shrimp and crab bisque? Hands down a favorite! It was perfectly balanced…not too rich, not too watery. If you try anything, make it this! The baby back ribs were fall-off-the-bone tender, and the homemade BBQ sauce was on another level. Better than store-bought or even most restaurant sauces. Honestly, I’d come back just for the sauce. The smokehouse burger was packed with flavor. A little messy, but so worth it! The bacon had this distinct, smoky taste, and the fries with their homemade ketchup made it even better. Even the coleslaw…something I usually avoid…was surprisingly good! The customer service was great, and while it’s a little pricier for the area, the portions are generous, and everything is made in-house..including the ketchup! It’s definitely a unique, local spot you won’t find anywhere else. Now I completely get why both locals and tourists love this place! #LocalGoat #GatlinburgEats #PigeonForge ",28247,7.274026617033558e+18,UNSTOPPABLE EVENING,133.0,f,https://tiktok.com/@/video/7463260959449124139,7224281506457519146,f,"[""localgoat"",""gatlinburgeats"",""pigeonforge""]"
7459038975550967071,1736692872,Had to revisit @AroythaigardenCT 🙆🏾‍♂️ best vegan Thai food 🥘 in #connecticut 📍 located in #middletownct women owned she is amazing with her Craft in the kitchen 🧑‍🍳 🔥 #jimyofficial #ctfood #ctfoodie #thaifood #vegan ,7230,7.274026617033558e+18,UNSTOPPABLE EVENING,133.0,f,https://tiktok.com/@/video/7459038975550967071,53684246904602624,f,"[""connecticut"",""middletownct"",""jimyofficial"",""ctfood"",""ctfoodie"",""thaifood"",""vegan""]"
7459753195707944238,1736859159,"Ladies, if you're in search of the ultimate straightening tool for your hair, your search ends here! 😍 I discovered this gem on the TikTok shop, and I can't recommend it enough! 🤗🌟 This thermal brush from Wavytalk leaves your hair feeling like you just stepped out of the salon—it's truly amazing! I've tried countless straighteners, but nothing compares to this one. Plus, it's incredibly affordable compared to what I've spent on other tools for my hair. 💰🔥 This is hands down my favorite! I give it a 10/10, and I mean it! #wavytalk #wavytalkthermalbrush #thermalbrush #straightener #stylinginspo #hairtok #hairtutorial #besthairproducts #hairtools #tiktokshop #shopwithme #honestreview #momlife #realestatewithjenn #fy #fypシ #fypシ #salon #beauty #tiktokmademebuyit #sale #beautyreview #hairstyle ",4365,7.274026617033558e+18,UNSTOPPABLE EVENING,133.0,f,https://tiktok.com/@/video/7459753195707944238,7334154920193000491,f,"[""wavytalk"",""wavytalkthermalbrush"",""thermalbrush"",""straightener"",""stylinginspo"",""hairtok"",""hairtutorial"",""BestHairProducts"",""hairtools"",""TikTokShop"",""shopwithme"",""honestreview"",""momlife"",""realestatewithjenn"",""fy"",""fyp\u30b7"",""salon"",""beauty"",""tiktokmademebuyit"",""sale"",""BeautyReview"",""hairstyle""]"
7461771810841955615,1737329146,Just some sloppy play for you guys to celebrate daddy trump saving us 🇺🇸🇺🇸#rusty #floridapaintball #paintballtiktok #carbonpaintball #ruthlesspaintball #paintballing #mvps #pushpaintball ,2460,7.274026617033558e+18,UNSTOPPABLE EVENING,133.0,f,https://tiktok.com/@/video/7461771810841955615,6945537948448588805,f,"[""rusty"",""floridapaintball"",""paintballtiktok"",""carbonpaintball"",""ruthlesspaintball"",""paintballing"",""mvps"",""pushpaintball""]"
7462136594909121838,1737414092,"Mitch Keller turned himself into a draft pick and big leaguer. Our Iowa director, Jay Whannel, has seen him up close at Dugout Sports in Fairfax.  #baseballlife #baseballtiktoks #baseball #baseballszn #baseballclips #athlete #mitchkeller #probaseball #mlb ",10039,7.274026617033558e+18,UNSTOPPABLE EVENING,133.0,f,https://tiktok.com/@/video/7462136594909121838,7344040001485472811,f,"[""baseballlife"",""baseballtiktoks"",""baseball"",""baseballszn"",""baseballclips"",""athlete"",""mitchkeller"",""probaseball"",""MLB""]"
7509985871802813726,1748554857,Here are the 5 fastest growing plants in my collection of 600+ plants. What’s your fastest growing plant?! lmk!! ☺️🪴💚  #fastgrowingplants #houseplantsoftiktok #planttok #planttips #indoorplants #plantlover #philodendron #creatorsearchinsights #plantobsessed #plantsmakepeoplehappy #houseplantclub ,7490,7.274026617033558e+18,UNSTOPPABLE EVENING,133.0,f,https://tiktok.com/@/video/7509985871802813726,7356743498400629802,f,"[""fastgrowingplants"",""houseplantsoftiktok"",""PlantTok"",""planttips"",""indoorplants"",""plantlover"",""philodendron"",""creatorsearchinsights"",""plantobsessed"",""plantsmakepeoplehappy"",""houseplantclub""]"
7459922120311622958,1736898477,Rolex Submariner 2024 Nuevo ⌚️ #rolex #submariner #munecoworld #fy ,14370,7.274026617033558e+18,UNSTOPPABLE EVENING,133.0,f,https://tiktok.com/@/video/7459922120311622958,7099162275664544811,f,"[""rolex"",""submariner"",""munecoworld"",""fy""]"
7465749702483545390,1738255380,"Gee’s Bend part 2 | Uncover Alabama - Wilcox county  Gee’s Bend has a long history interwoven with slavery, Jim Crow, the fight for Civil Rights, and of course, their world-famous quilts. These quilts have sustained this community through it all, and are now considered fine art. They have been displayed in some of the most elite art museums across the world. ",5597,7.274026617033558e+18,UNSTOPPABLE EVENING,133.0,f,https://tiktok.com/@/video/7465749702483545390,6781142439354549253,f,[]
7464961381733895454,1738071867,Counterboring- Tip of the Day!  #machining #cnc #machinist #manualmachinist #cncmachining #tooling #tipoffheday #howtotiktok ,9756,7.274026617033558e+18,UNSTOPPABLE EVENING,133.0,f,https://tiktok.com/@/video/7464961381733895454,7345567769512313898,f,"[""machining"",""cnc"",""machinist"",""manualmachinist"",""cncmachining"",""tooling"",""tipoffheday"",""howtotiktok""]"
7465100144174763310,1738104108,Breaking down a @World Surf League contest! #surftok #wsl #surfers ,3684,7.274026617033558e+18,UNSTOPPABLE EVENING,133.0,f,https://tiktok.com/@/video/7465100144174763310,6798981491016909830,t,"[""surftok"",""wsl"",""surfers""]"
7493275487658052906,1744664185,Brookstone Apartments ✨ Personal Rating 8.5/10 ! #baltimoreapartmemts #maryland #realestate #baltimore #westbaltimore #luxury #firstapartment #maryland #apartmenttour #apartmentdecor #apartmenttherapy #apartmenthunting ,5319,7.274026617033558e+18,UNSTOPPABLE EVENING,133.0,f,https://tiktok.com/@/video/7493275487658052906,7058292148723581999,f,"[""baltimoreapartmemts"",""maryland"",""realestate"",""baltimore"",""westbaltimore"",""luxury"",""firstapartment"",""apartmenttour"",""apartmentdecor"",""apartmenttherapy"",""apartmenthunting""]"
7469793212392049963,1739196844,How to carry your suit jacket like a gentleman.  #howto #howtostyle #suitjacket #menstyletips ,46815,7.274026617033558e+18,UNSTOPPABLE EVENING,133.0,f,https://tiktok.com/@/video/7469793212392049963,6769174917952177157,f,"[""howto"",""howtostyle"",""suitjacket"",""menstyletips""]"
7471419807217356063,1739575507,"Your Need-To-Know guide for the brand new Caesar’s Casino in #Danville #Virginia ! This resort, event space and hotel is your next weekend getaway. Over 1,500 machines and dozens of live play games with a Spa and pool!  • • • • • • • #luxuryfashion #fashionstylist  #fashiontiktok #thestyletherapist #fyp #casino #caesars #caesarsentertainment #gamble @Caesars Rewards @Caesars Entertainment @Caesars Palace ",11170,7.274026617033558e+18,UNSTOPPABLE EVENING,133.0,f,https://tiktok.com/@/video/7471419807217356063,6823364020340769798,f,"[""danville"",""virginia"",""luxuryfashion"",""fashionstylist"",""fashiontiktok"",""thestyletherapist"",""fyp"",""casino"",""caesars"",""caesarsentertainment"",""gamble""]"
7464996185896488222,1738079937,Making Reels-estate #realestate #realestateinvesting #rei #pacemorby #realestategoals #realestateagent #fix #fixerupper #fixandflip #fixnflip #flip #flippingdallas #flipper #renovation #remodel #dfw #dfwrealestate #dfwrealtor ,4729,7.274026617033558e+18,UNSTOPPABLE EVENING,133.0,f,https://tiktok.com/@/video/7464996185896488222,7236129470784324651,f,"[""realestate"",""realestateinvesting"",""rei"",""pacemorby"",""realestategoals"",""realestateagent"",""fix"",""fixerupper"",""fixandflip"",""fixnflip"",""flip"",""flippingdallas"",""flipper"",""renovation"",""remodel"",""dfw"",""dfwrealestate"",""dfwrealtor""]"
7490318526922657055,1743975706,What’s in your bag for 2025?! 🏌️⛳️ Part 2 - SJ  #fypシ #golf #stix #golfclubs #whatsinmybag #golftok #golftiktok #titalist #golfballs #summervibes #irons #driver @Stix Golf #putter #masters #golfbag #stixgolf #stixgolfclubs #pga #livgolf #amature #budget  #holeinone #bogeybois #golflife #2025 #fyp #newtrend ,3405,7.274026617033558e+18,UNSTOPPABLE EVENING,133.0,f,https://tiktok.com/@/video/7490318526922657055,7450012958242423838,f,"[""fyp\u30b7"",""golf"",""stix"",""golfclubs"",""whatsinmybag"",""golftok"",""golftiktok"",""titalist"",""golfballs"",""summervibes"",""irons"",""driver"",""putter"",""masters"",""golfbag"",""stixgolf"",""stixgolfclubs"",""pga"",""livgolf"",""amature"",""budget"",""holeinone"",""bogeybois"",""golflife"",""2025"",""fyp"",""newtrend""]"
7421248390656412974,1727894049,"Whip it up at home or swing by the ONLY spot serving smash tacos in Cleveland! 🌮🔥 Stop in & try some of the best foods & quality meats in The Land 💯 *All meats served at the restaurant are certified Zabiha/Hand Slaughtered, making us the only restaurant in Cleveland that adheres to such standards & quality, alhamdulillah!* @cleavelandgng  📍CleaveLand Grocers & Grill 17024 Pearl Rd.  Strongsville, Ohio #cleaveland #216 #shoplocal #halal #zabihah #chicken #burgers #cleveland #ohio #meat #food ",19034,7.274026617033558e+18,UNSTOPPABLE EVENING,133.0,f,https://tiktok.com/@/video/7421248390656412974,6931758521290556422,f,"[""cleaveland"",""216"",""shoplocal"",""halal"",""zabihah"",""chicken"",""burgers"",""cleveland"",""ohio"",""meat"",""food""]"
7498741077835320622,1745936729,"Did you know you can eat salmon skins? They are incredibly delicious and healthy! 🤤🥰🐟🔥😍❤️‍🔥😋 BBQ Crispy Salmon Skins! Eat them by itself, sprinkle a little salt on top like chips, or crunch up into a salad, add to a rice 🍚 or poke bowl, or lay some skins on top your sushi 🍣 for that extra crunch! Cooking salmon (with skin-on) on a BBQ makes the perfect crunchy salmon skin chips! 🤤🥰🐟🔥😍❤️‍🔥😋  One cup of Salmon skin is around 238 grams and contains approximately 1355 calories, 93 grams of protein, 107 grams of fat, 0 grams of carbohydrates, & high in omega-3s. 🐟🐟🐟🐟 #salishsea #salmon #salmonskin #bbq #crunchy #salmonchips #crunchyfood #asmrfood #crunchyfood #seafoodies #seafood #kingsalmon #salish #whatcom #washingtonstate #foodie #foodtiktok #foodtok #nativefood #wildsalmon #pacificnorthwest #whatcomcounty #lummi #lummiisland #nativefood #nativetiktok #nativetok #lummi #lummination #indigenousfoods #foodiesoftheworld #foodiesbelike #indigenous #native #seafoodrecipes #salmonrecipe #foodies #seafoodasmr #coastsalish #foodiesoftiktok #fyp #fypシ #fypage ",2503,7.274026617033558e+18,UNSTOPPABLE EVENING,133.0,f,https://tiktok.com/@/video/7498741077835320622,7129306655132992558,f,"[""salishsea"",""salmon"",""salmonskin"",""bbq"",""crunchy"",""salmonchips"",""crunchyfood"",""asmrfood"",""seafoodies"",""seafood"",""kingsalmon"",""salish"",""whatcom"",""washingtonstate"",""Foodie"",""foodtiktok"",""FoodTok"",""nativefood"",""wildsalmon"",""pacificnorthwest"",""whatcomcounty"",""lummi"",""lummiisland"",""nativetiktok"",""nativetok"",""lummination"",""indigenousfoods"",""foodiesoftheworld"",""foodiesbelike"",""indigenous"",""native"",""seafoodrecipes"",""salmonrecipe"",""foodies"",""seafoodasmr"",""coastsalish"",""foodiesoftiktok"",""fyp"",""fyp\u30b7"",""fypage""]"
7462808522372271406,1737570564,"📍Lewisville, Tx📍 • Brand New! This property features one of the most beautiful outdoor spaces I’ve seen yet, as well as other top tier🔥community spaces!! Inquire today and take advantage of 8 weeks free! *subject to change • 1b/1b: $1480-$1930/660-866sf 2b/2b: $2295-$2515/1088-1264sf • #dfwapartmentlocator #dfwapartments #dallasapartmentlocator #apartmenttour #apartmentlocator #fyp #dfwrealtor #lewisvilletx #touringwithtevin #CapCut ",6268,7.274026617033558e+18,UNSTOPPABLE EVENING,133.0,f,https://tiktok.com/@/video/7462808522372271406,7010728837999100934,f,"[""dfwapartmentlocator"",""dfwapartments"",""dallasapartmentlocator"",""apartmenttour"",""apartmentlocator"",""fyp"",""dfwrealtor"",""lewisvilletx"",""touringwithtevin"",""capcut""]"
7470174883331247406,1739285685,In october I showed you guys how I overwintered my bell peppers for the first time. This is just a 4 month update. We are almost to the finish line and they are still alive.  #peppers #seedlings #overwinter #gardening #gardentok #gardenersoftiktok #blackgardenerstiktok #zone6b #zone6bgarden #smallgarden #backyardgarden #gardenproject #garden #gardeningtips #gardeninghacks #beginnergardener ,2796,7.274026617033558e+18,UNSTOPPABLE EVENING,133.0,f,https://tiktok.com/@/video/7470174883331247406,7294670613712225323,f,"[""peppers"",""seedlings"",""overwinter"",""gardening"",""gardentok"",""gardenersoftiktok"",""blackgardenerstiktok"",""zone6b"",""zone6bgarden"",""smallgarden"",""backyardgarden"",""gardenproject"",""garden"",""gardeningtips"",""gardeninghacks"",""beginnergardener""]"
7483257483809606942,1742331691,"🏡 Just Listed! ✨ This fully updated, luxury home inside the Beltway is a must-see! Originally built by Hemingway Homes, it has been meticulously upgraded with high-end finishes throughout. 🔹 Chef’s kitchen – Featured in Washington Post Magazine! Two oversized islands, Cambria quartz countertops, butler’s pantry & top-tier appliances 🔹 Spacious primary suite – Private balcony, sitting room/nursery & spa-like bath with a bubble tub 🔹 4 finished levels – 6 beds, 6 full baths, 2 half baths 🔹 Versatile third level – Guest suite, office, playroom, or studio 🔹 Fully finished lower level – Media room, family room & extra storage 🔹 Outdoor oasis – Professional landscaping, stone patio, built-in grill & outdoor audio system 🔹 Smart home features – Upgraded security system & integrated indoor/outdoor sound 📍 Prime location! Close to DC, downtown Bethesda & Potomac River trails 📩 DM me for details or a private tour! 🏡 Listed by Alexa Goulding, Long & Foster • • • #DMVRealEstate #DreamHome #InsideTheBeltway #LongAndFoster #JustListed #DCRealEstate #DMVRealtor #LuxuryLiving #DCRealtor #LNF #Longandfoster #MarylandRealtor #VirginiaRealtor ",2662,7.274026617033558e+18,UNSTOPPABLE EVENING,133.0,f,https://tiktok.com/@/video/7483257483809606942,7045667601352016942,f,"[""dmvrealestate"",""dreamhome"",""insidethebeltway"",""longandfoster"",""justlisted"",""dcrealestate"",""dmvrealtor"",""luxuryliving"",""dcrealtor"",""lnf"",""marylandrealtor"",""virginiarealtor""]"
7459746940272545066,1736857703,"The backhand slice is an essential shot to add your game, it is key to help your team go from a defensive to an offensive position. Try to simplify the motion as much as possible and as you improve you can gradually add more spin’s. Comment down below what you want to learn next ⬇️ #pickleball #pickleballtiktok #pickleballislife #pickleballhighlights #pickleballaddiction #pickleballaddict #pickleballtournament #pickleballers ",11059,7.274026617033558e+18,UNSTOPPABLE EVENING,133.0,f,https://tiktok.com/@/video/7459746940272545066,7331209234359632938,f,"[""pickleball"",""pickleballtiktok"",""pickleballislife"",""pickleballhighlights"",""pickleballaddiction"",""pickleballaddict"",""pickleballtournament"",""pickleballers""]"
7460603070930537759,1737057024,"Went on a self-guided tour at Parq at Camino located in North Las Vegas, Nevada📍 Upon walking in, you get a sight worth seeing in the kitchen. From the beautiful countertops to the kitchen island where you can set some barstools at! And do you see the lights above the island? I think that really sets the presentation for the kitchen 😍 You’ll also see that, in this unit, you have a balcony with a view of the mountains from afar. The balcony is also spacious. Makes it great for early morning coffee or tea time while watching the sun rise! As you walk through the hallway and see the simple, but modern-like bathroom, you’ll also see the bedroom with a very spacious walk-in closet. Although the room is not that big itself, you will have a closet to replace that if you don’t mind having a smaller room! Inside of the closet, there’s a washer and dryer attached. Making washing clothes easy and in a private space. What do you think about this unit? It’s currently available! Would you rent this out?  #apartmenttour #apartmentsearch #apartmentsearching #apartments #fy #foryoupage #nevada #fypage #apartmenttiktok #apartmenttok #apartmenttherapy #parq #parqatcamino #parqapartments #parqnorthvegas #northvegas #northlasvegas #lasvegas #nevadaliving #fyp #fypage ",9560,7.274026617033558e+18,UNSTOPPABLE EVENING,133.0,f,https://tiktok.com/@/video/7460603070930537759,7039454612848198703,f,[]
7389315075728788778,1720458991,#NTXKC Lake Gilmer Recap #bass #bassfishing #GoGetem #Gotem #texasbassfishing #texas #fishing ,5783,7.274026617033558e+18,UNSTOPPABLE EVENING,133.0,f,https://tiktok.com/@/video/7389315075728788778,6660533320654798853,f,"[""ntxkc"",""bass"",""bassfishing"",""gogetem"",""gotem"",""texasbassfishing"",""texas"",""fishing""]"
7494048706325417246,1744844205,"Welcome to Eastside Eats! In this edition we visit @brooklynavepco Chef Jorge Sandoval opened Brooklyn Avenue Pizza Company about five years ago with the goal of creating a neighborhood hub where people could come together for a good time over pizza. The menu features pizza, wings, salads and fries, along with a full bar. The restaurant also partners with The Paramount (@theparamountla) upstairs to support local music events. #eastsideeats #boyleheights ",7102,7.274026617033558e+18,UNSTOPPABLE EVENING,133.0,f,https://tiktok.com/@/video/7494048706325417246,7074307261566911534,f,"[""eastsideeats"",""boyleheights""]"
7493690568845872414,1744760821,"Tuesdays are restock days True Kimchi Korean Cafe  📍2805 E State Blvd Fort Wayne, IN 46805 Hours: Tues-Sat: 11a-7p; Sun: 11a-4p #fortwayne #fortwayneindiana #fortwaynefoodie #visitfortwayne #koreanfoods #koreancafe #indiana #koreanculture #indianafood #smallbusiness #mukbang #koreanconveniencestore #편의점 #먹방 #cutedate #datenight #roadtrip",4356,7.274026617033558e+18,UNSTOPPABLE EVENING,133.0,f,https://tiktok.com/@/video/7493690568845872414,7033146974709318703,f,"[""fortwayne"",""fortwayneindiana"",""fortwaynefoodie"",""visitfortwayne"",""koreanfoods"",""koreancafe"",""indiana"",""koreanculture"",""indianafood"",""SmallBusiness"",""mukbang"",""koreanconveniencestore"",""\ud3b8\uc758\uc810"",""\uba39\ubc29"",""cutedate"",""datenight"",""roadtrip""]"
7504729753291722015,1747331077,Outfit check | Tall girl fashion #tallgirl #tallgirlcheck #tallgirlfashion #outfitideas #grwm @gap @David Yurman ,2159,7.274026617033558e+18,UNSTOPPABLE EVENING,133.0,f,https://tiktok.com/@/video/7504729753291722015,6801957500566848518,f,"[""tallgirl"",""tallgirlcheck"",""tallgirlfashion"",""outfitideas"",""grwm""]"
7494685198500564254,1744992390,We’d love to see YOU‼️#montgomeryalabama #RESET2025 #pikeroadalabama #churchtiktok #blackchurchtiktok #NewHomeStrong #newhomemtmeigs #preachersoftiktok #leebwalkerjr ,3249,7.274026617033558e+18,UNSTOPPABLE EVENING,133.0,f,https://tiktok.com/@/video/7494685198500564254,7076469023092769834,f,"[""montgomeryalabama"",""reset2025"",""pikeroadalabama"",""churchtiktok"",""blackchurchtiktok"",""newhomestrong"",""newhomemtmeigs"",""preachersoftiktok"",""leebwalkerjr""]"
7464265426407607574,1737909729,HOUSE TOUR de la maison aux States #aupair #bropair #garconaupair #vlog #usa #french ,5539,7.274026617033558e+18,UNSTOPPABLE EVENING,133.0,f,https://tiktok.com/@/video/7464265426407607574,6787041098126967813,f,"[""aupair"",""bropair"",""garconaupair"",""Vlog"",""usa"",""french""]"
7385916755459312938,1719667770,OUTFIT CHALLENGE WHICH FIT IS BETTER 1 OR 2?! LET US KNOW IN THE COMMENTS!!! #outfitchallenge #outfit #grwm #sneakers #fypage #foryoupage #foryou ,6666,7.274026617033558e+18,UNSTOPPABLE EVENING,133.0,f,https://tiktok.com/@/video/7385916755459312938,6882811036690400261,f,"[""outfitchallenge"",""outfit"",""grwm"",""sneakers"",""fypage"",""foryoupage"",""foryou""]"
7501173409733283102,1746503063,Juego de champú y acondicionador purificante | Aceite de romero y menta para refrescar el cuero cabelludo y controlar el aceite | Jojoba y caléndula para hidratación y brillo y te ayuda a fortalecer el cabello #alfheim #alfheimshampo #shampoviral #sahmpoanticaida #mejorshampooparaelcabello #viral #parati #fyupageシ #parati #cuidadopersona #hogar #hombre ,5844,7.274026617033558e+18,UNSTOPPABLE EVENING,133.0,f,https://tiktok.com/@/video/7501173409733283102,7338885190913115178,f,"[""alfheim"",""alfheimshampo"",""shampoviral"",""sahmpoanticaida"",""mejorshampooparaelcabello"",""viral"",""parati"",""fyupage\u30b7"",""cuidadopersona"",""hogar"",""hombre""]"
7401658535383207198,1723332937,BEST COFFEE in #SanFrancisco ☕️🌁 #travel #fyp #sffoodie #bayareafoodies #foodies #viral #bayareafood #sanfranciscofood #couple SUBSCRIBE TO OUR YT!!🎥▶️,15450,7.274026617033558e+18,UNSTOPPABLE EVENING,133.0,f,https://tiktok.com/@/video/7401658535383207198,7135172410219693098,f,"[""sanfrancisco"",""travel"",""fyp"",""sffoodie"",""bayareafoodies"",""foodies"",""viral"",""bayareafood"",""sanfranciscofood"",""couple""]"
7405613596157463854,1724253793,They might not be a big upgrades but make motorcycle look way better: 1. Changing exhaust 2. Removing passenger pegs 3. Changing windshield 4. Removing stock mirrors 5. Adding decals to the wheel. #motorcycle #creatorsearchinsights #motorcycleproject #motorcycleupgrades #1000cc #bike #motorbike ,2545,7.274026617033558e+18,UNSTOPPABLE EVENING,133.0,f,https://tiktok.com/@/video/7405613596157463854,7236715791037973547,f,"[""motorcycle"",""creatorsearchinsights"",""motorcycleproject"",""motorcycleupgrades"",""1000cc"",""bike"",""motorbike""]"
7475782737954098462,1740591321,"Testing out the infamous Michigan Olive Burger. If you love olives and mayo you’ll love this burger because it consists of, burger, mayo and olives and a bun.  Final verdict…meh. Have you ever had an olive burger? Thoughts? #oliveburger #michigan #burger #Recipe ",22231,7.274026617033558e+18,UNSTOPPABLE EVENING,133.0,f,https://tiktok.com/@/video/7475782737954098462,7187149142279357482,f,"[""oliveburger"",""michigan"",""burger"",""Recipe""]"
7506383489894255915,1747716165,"Top Five Tips and Tricks for all TCG Collectors!For the One Piece, Pokemon, and sports fans this one’s for you! #nerdculture #tips #tipsandtricks #pokemoninvesting #pokemoncards #tcg #tcgcollector #fyp #binder #creatorsearchinsights ",8685,7.274026617033558e+18,UNSTOPPABLE EVENING,133.0,f,https://tiktok.com/@/video/7506383489894255915,7401019303157433387,f,"[""nerdculture"",""tips"",""tipsandtricks"",""pokemoninvesting"",""pokemoncards"",""tcg"",""tcgcollector"",""fyp"",""binder"",""creatorsearchinsights""]"
7481741307258441006,1741978678,Have you ever shot with a swing-lens camera? #filmcamera #harmanphoto #harmanRED #redscale #35mm #demo #test #howto #film #shootfilm #widelux ,4448,7.274026617033558e+18,UNSTOPPABLE EVENING,133.0,f,https://tiktok.com/@/video/7481741307258441006,7479214208887309358,f,"[""filmcamera"",""harmanphoto"",""harmanred"",""redscale"",""35mm"",""demo"",""test"",""howto"",""film"",""shootfilm"",""widelux""]"
7508497302328315182,1748208302,"This Sunday Flow I’m focusing on hip stabilization and isolation creating a beautiful balance of mind/body awareness. This is a full body moment! With the arms extended and a gentle curl in the upper body I’m creating isolation in the ribcage, focusing on controlling the isolated movement in the legs/hips, all while engaging the core throughout to create a nice sense of balance in the body. Happy Sunday!🙏🏾❤️ #pilates #pilatesworkout #pilateslovers #pilatestiktok #pilatesflow #sunday #sundayflow #pilatesflow #stability #fyp #tiktok #technique #fitness #fittok #trend ",2901,7.274026617033558e+18,UNSTOPPABLE EVENING,133.0,f,https://tiktok.com/@/video/7508497302328315182,7395822438787810347,f,"[""pilates"",""pilatesworkout"",""pilateslovers"",""pilatestiktok"",""pilatesflow"",""sunday"",""sundayflow"",""stability"",""fyp"",""tiktok"",""technique"",""Fitness"",""FitTok"",""trend""]"
7460306244151086366,1736987918,Went on Sunday before the TMNT Shell Shock ride inside Nickelodeon Universe goes into maintenance. Do lots of spinning. Went down to Sea Life aquarium. #queenshellspinner #tmntshellshockride #nickelodeonuniverse #sealifemn #mallofamerica #mn ,13499,7.274026617033558e+18,UNSTOPPABLE EVENING,133.0,f,https://tiktok.com/@/video/7460306244151086366,6800091209215165445,f,"[""queenshellspinner"",""tmntshellshockride"",""nickelodeonuniverse"",""sealifemn"",""mallofamerica"",""mn""]"
7491822155202596126,1744325784,Bachelorette party goodie bags🥳🫶🏽 shoutout to the bride and the party for providing the essentials!👏🏼 Japan here we come!!🎌🍣🤍 #CapCut #travel #lindseysbachweekend #girlstrip #hawaii #japan #fyp #foryoupage #fyppppppppppppppppppppppp  @Summer Burnett @kani namuo @Laur Leong @Lindsey ,2876,7.274026617033558e+18,UNSTOPPABLE EVENING,133.0,f,https://tiktok.com/@/video/7491822155202596126,6690364298374972422,f,"[""capcut"",""travel"",""lindseysbachweekend"",""girlstrip"",""hawaii"",""japan"",""fyp"",""foryoupage"",""fyppppppppppppppppppppppp""]"
7456134644119948590,1736016638,So glad my friend Andie is down to do literally anything!happy new year everyone! #CapCut #hairtransformations #sunsethair #alternativehair #sdhairstylist @The Lab A Salon @Andie ,2400,7.274026617033558e+18,UNSTOPPABLE EVENING,133.0,f,https://tiktok.com/@/video/7456134644119948590,7355747978487825451,f,"[""capcut"",""hairtransformations"",""sunsethair"",""alternativehair"",""sdhairstylist""]"
7459500990916644142,1736800429,Point Reyes Lighthouse @Marin CVB @AllTrails  We walked down 313 steep steps to get to the beautiful view of the Point Reyes Lighthouse #travelblogger #visitcalifornia #hiddengems #northerncalifornia #lighthouses #marincounty #visitmarin #hikingtrails #pointreyes #pointreyesnationalseashore #nationalseashore #sfbayarea #thingstodo #hiking #Inverness #PointReyesBeach,5419,7.274026617033558e+18,UNSTOPPABLE EVENING,133.0,f,https://tiktok.com/@/video/7459500990916644142,6855452384648119302,f,"[""travelblogger"",""visitcalifornia"",""hiddengems"",""northerncalifornia"",""lighthouses"",""marincounty"",""visitmarin"",""hikingtrails"",""pointreyes"",""pointreyesnationalseashore"",""nationalseashore"",""sfbayarea"",""thingstodo"",""Hiking"",""inverness"",""pointreyesbeach""]"
7461717833957838110,1737316574,"Reidsville,NC 🏡 #housetours  #relocating  #movingtonc  #homebuyer   * Listing Presented By Frank Verdi II Hendren Realty*",5790,7.274026617033558e+18,UNSTOPPABLE EVENING,133.0,f,https://tiktok.com/@/video/7461717833957838110,7430824262904054826,f,"[""housetours"",""relocating"",""movingtonc"",""homebuyer""]"
7501366742946549022,1746548087,"There’s casual drinking, and then there’s experiencing a night out at schmuck. Be sure to save this video because I have a good feeling this East Village bar in NYC will be in your rotation. #nyc #bars #cocktails #drinking #CapCut ",8069,7.274026617033558e+18,UNSTOPPABLE EVENING,133.0,f,https://tiktok.com/@/video/7501366742946549022,7035071656590869551,f,"[""nyc"",""bars"",""cocktails"",""drinking"",""capcut""]"
7478403072184552747,1741201452,Detroit apartment hunt! #detroit #fyp #cityliving #nurse #apartmenttour #apartment #moving ,7129,7.274026617033558e+18,UNSTOPPABLE EVENING,133.0,f,https://tiktok.com/@/video/7478403072184552747,6766446158245872646,f,"[""detroit"",""fyp"",""cityliving"",""nurse"",""apartmenttour"",""apartment"",""moving""]"
7511314488990223658,1748864313,"Dining seed oil free at @beefbar_nyc in NYC? Yes, please! 🍔🍟🥩 They’re serving up quality meats cooked in beef tallow — Should I come back and give the dinner menu a go too?   #nyc #sof #seedoils #seedoilfree #nycfood #beeftallow #beefbar #Foodie #nycfoodie #seedoilscout #burger #steak #fyp ",4194,7.274026617033558e+18,UNSTOPPABLE EVENING,133.0,f,https://tiktok.com/@/video/7511314488990223658,7095892211434718254,f,"[""nyc"",""sof"",""seedoils"",""seedoilfree"",""nycfood"",""beeftallow"",""beefbar"",""Foodie"",""nycfoodie"",""seedoilscout"",""burger"",""steak"",""fyp""]"
7488539081232764191,1743561404,Come to work with me at the medspa #Skincare #Beauty #SkinCareRoutine #HealthySkin #GlowingSkin #Esthetician #MedSpa #Aesthetics #MedicalSpa #EstheticianLife #Botox #LipFiller #Microneedling #Hydrafacial #ChemicalPeel #Dermaplaning #AntiAging #Injectables #SkinCareTips #minnesota #BeforeAndAfter #SelfCare #Lashes #Brows #FYP #Viral #Trending #TikTokBeauty #BeautyHac,5245,7.274026617033558e+18,UNSTOPPABLE EVENING,133.0,f,https://tiktok.com/@/video/7488539081232764191,6792027874507490310,f,"[""skincare"",""beauty"",""skincareroutine"",""healthyskin"",""glowingskin"",""esthetician"",""medspa"",""aesthetics"",""medicalspa"",""estheticianlife"",""botox"",""lipfiller"",""microneedling"",""hydrafacial"",""chemicalpeel"",""dermaplaning"",""antiaging"",""injectables"",""skincaretips"",""minnesota"",""beforeandafter"",""SelfCare"",""lashes"",""brows"",""fyp"",""viral"",""trending"",""TikTokBeauty"",""beautyhac""]"
7497381706505194795,1745620241,"Pulled up to Pimpin Shrimp! 🕶️🍤✨ If you haven’t tapped in yet, follow @pimpinshrimpllc (instagram) and catch them at their next popup or event!  I had the Lobster Roll, Rockin’ Shrimp Tacos, and Lobster Grilled Cheese — everything was fresh and fire. From the homemade pico to the airy, crunchy chips, it’s all top-tier flavor. 🔎 DETROIT SEAFOOD FINDS 🔥 BEST POP-UP EATS ✨ Fresh Food, Big Flavor 🎉 Events | Popups | Good Vibes #MotownMunch #DetroitEats #PimpinShrimp #SeafoodLovers #FoodieFinds #PopUpEats #detroitfoodie #detroitseafood #foodie #foodporn #detroiteats #detroitfoodblogger #detroitfoodies #shrimp #lobsterroll ",3202,7.274026617033558e+18,UNSTOPPABLE EVENING,133.0,f,https://tiktok.com/@/video/7497381706505194795,7381861741371950123,f,"[""motownmunch"",""detroiteats"",""pimpinshrimp"",""seafoodlovers"",""foodiefinds"",""popupeats"",""detroitfoodie"",""detroitseafood"",""Foodie"",""foodporn"",""detroitfoodblogger"",""detroitfoodies"",""shrimp"",""lobsterroll""]"
7356085306749209898,1712722111,Tiktok is still holding most of my live footage hostage. 😩 BUUUUUTTT… I did manage to grab a few highlights from this morning. So enjoy the cameo from Loretta the Planarian! 🥰 🤍HYDRA HUMPDAY🤍 tomorrow 4/10 at 5am PST! #atomicforgedagency #microscopy #pondlife #freshwater #microorganism #hydra #cnidarian #planarian #flatworm ,15556,7.274026617033558e+18,UNSTOPPABLE EVENING,133.0,f,https://tiktok.com/@/video/7356085306749209898,7270378377453765674,f,"[""atomicforgedagency"",""microscopy"",""pondlife"",""freshwater"",""microorganism"",""hydra"",""cnidarian"",""planarian"",""flatworm""]"
7504397708904484142,1747253761,Practice Writing 🇺🇲! #clasesdeingles  #clasesdeciudadania  #practicewriting  #cubanosenmiami ,3053,7.274026617033558e+18,UNSTOPPABLE EVENING,133.0,f,https://tiktok.com/@/video/7504397708904484142,7246385830176195627,f,"[""clasesdeingles"",""clasesdeciudadania"",""practicewriting"",""cubanosenmiami""]"
7434348950125169950,1730944268,"Benji is an African Gray Parrot who has gotten into the habit of self-mutilation. We are working tirelessly with our avian vet to get her healed. Some of her wounds got infected before she came to the sanctuary. Hopefully Benji will learn to stop her harmful plucking behavior and become a happy, healthy bird again! #parrotsanctuary #parrotrescue #africangray #birdsoftiktok ",5593,7.274026617033558e+18,UNSTOPPABLE EVENING,133.0,f,https://tiktok.com/@/video/7434348950125169950,7124492294372688938,f,"[""parrotsanctuary"",""parrotrescue"",""africangray"",""birdsoftiktok""]"
7438680701358148906,1731952822,"Hidden gem alert! Today’s food adventure takes us to Buranko Cafe & Bar in Portland, OR! • • Episode 9 • • • #portland #portlandoregon #portlandfood #portlandeats #portlandeater #eaterportland #pdxfoodie #Pdxspots  #foodblog #foodblogger #foodreels #food #foodie #foodiefun #foodstagram #instafood #foodinsta #yummy #foodlover #foodrestaurant #restaurant #foodreview  #eat #foodcritic #topratedeats #comida #portlanddatespots #portlandcomida #viral #Luckybitesss ",6466,7.274026617033558e+18,UNSTOPPABLE EVENING,133.0,f,https://tiktok.com/@/video/7438680701358148906,7430677292790465578,f,"[""portland"",""portlandoregon"",""portlandfood"",""portlandeats"",""portlandeater"",""eaterportland"",""pdxfoodie"",""pdxspots"",""foodblog"",""foodblogger"",""foodreels"",""food"",""Foodie"",""foodiefun"",""foodstagram"",""instafood"",""foodinsta"",""yummy"",""FoodLover"",""foodrestaurant"",""restaurant"",""foodreview"",""eat"",""foodcritic"",""topratedeats"",""comida"",""portlanddatespots"",""portlandcomida"",""viral"",""luckybitesss""]"
7496227574981463338,1745351538,Easy Flower Trend ( Molding Gel)  Gotta love it! Summer vibes ⛱️#nails #nailart #summer #summernails #vbp #fyp #fypシ #trending ,4798,7.274026617033558e+18,UNSTOPPABLE EVENING,133.0,f,https://tiktok.com/@/video/7496227574981463338,6744154595922838534,f,"[""nails"",""nailart"",""Summer"",""summernails"",""vbp"",""fyp"",""fyp\u30b7"",""trending""]"
7463909966928203039,1737827003,Old man Bucky! #wintersoldier #toytok #captainamerica #figuretok #buckybarnes #marvellegends #gijoeclassified #kitbash #custom #tutorial #toys #actionfigures #marvelcomics ,4243,7.274026617033558e+18,UNSTOPPABLE EVENING,133.0,f,https://tiktok.com/@/video/7463909966928203039,6901978383321269253,f,"[""wintersoldier"",""toytok"",""captainamerica"",""figuretok"",""buckybarnes"",""marvellegends"",""gijoeclassified"",""kitbash"",""custom"",""tutorial"",""toys"",""actionfigures"",""marvelcomics""]"
7475210429736717614,1740458091,Carnival Horizon Secret Spots 😱 #cruise #cruiseship #cruisetok #cruiselife #ships #secret #cruisetips ,8234,7.274026617033558e+18,UNSTOPPABLE EVENING,133.0,f,https://tiktok.com/@/video/7475210429736717614,7221567646730912814,f,"[""cruise"",""cruiseship"",""cruisetok"",""cruiselife"",""ships"",""secret"",""cruisetips""]"
7479255854693354794,1741399983,"Hey Houston, this is one of the most beautiful authentic Thai restaurants in the city that is now open for lunch! They have several lunch options available to cater to everyone and don’t forget to order dessert! #houstonrestaurants #houstonfood #houston ",9879,7.274026617033558e+18,UNSTOPPABLE EVENING,133.0,f,https://tiktok.com/@/video/7479255854693354794,6757769147697038341,f,"[""houstonrestaurants"",""houstonfood"",""houston""]"
7458877116680080670,1736655172,"With Chicago Restaurant Week coming up, here are my 5 must try places! 🍽️ #choosechicago #chicago #eatchicago #sienatavern #lilbabareeba #summerhousesantamonica #eden #thealbert #chicagorestaurantweek #chicagorestaurants #restaurantweek #restaurantweekchicago #Foodie #food #foodtok #foodtiktok #restaurantreview #restaurant #firstbitesbash #chitown @Choose Chicago ",7884,7.274026617033558e+18,UNSTOPPABLE EVENING,133.0,f,https://tiktok.com/@/video/7458877116680080670,7053482466238809135,f,"[""choosechicago"",""chicago"",""eatchicago"",""sienatavern"",""lilbabareeba"",""summerhousesantamonica"",""eden"",""thealbert"",""chicagorestaurantweek"",""chicagorestaurants"",""restaurantweek"",""restaurantweekchicago"",""Foodie"",""food"",""FoodTok"",""foodtiktok"",""RestaurantReview"",""restaurant"",""firstbitesbash"",""chitown""]"
7414718263432580385,1726373670,En liten runde om syreskader☕️ #tanntips #tannlege #syreskader #kaffe #fyp ,27873,7.274026617033558e+18,UNSTOPPABLE EVENING,133.0,f,https://tiktok.com/@/video/7414718263432580385,7333155090243421217,f,"[""tanntips"",""tannlege"",""syreskader"",""kaffe"",""fyp""]"
7426745781027228971,1729174008,"As a Naturopathic Doctor who focuses on supporting families with getting and staying healthy, one of my goals is to bring as much nourishment as possible in through diet. Just by making small changes like cooking more meala at home can significantly impact your family’s health! So today im going to share how easy it is to make homemade yogurt in an instant pot. Ingredients: 1 gallon milk (I use raw milk from a local farm) 1/4 cup yogurt starter (I used Maple Hill Organic Greek Yogurt) Tools needed: Instant Pot Thermometer Steps: 1. Put your milk in the instant pot and use the saute function to heat to 180 deg Fahrenheit. 2. Cool milk down to 110 deg Fahrenheit. I put my instant pot bowl into a bowl of ice water to cool it faster, but you can just let it sit.  3. Put your pot back into your instant pot and mix in your yogurt starter. 4. Press the yogurt button on your instant pot. Allow to sit for 8 hours at 110 deg Fahrenheit.  5. Strain the whey liquid off the top of your finished yogurt and store the yogurt in the fridge. Enjoy for up to 10-14 days!  Bonus: sweeten with a little honey, maple syrup, or fruit and enjoy with hemp seeds, chia seeds and any other toppings you love! #recipe #recipesoftiktok #healthyliving #naturopathicmedicine #naturopathicdoctor #holisticpediatrician #womenshealth ",5399,7.274026617033558e+18,UNSTOPPABLE EVENING,133.0,f,https://tiktok.com/@/video/7426745781027228971,6796048250198590469,f,"[""Recipe"",""recipesoftiktok"",""healthyliving"",""naturopathicmedicine"",""naturopathicdoctor"",""holisticpediatrician"",""womenshealth""]"
7510847261841067286,1748755423,"Day 82: Burney Falls delivered 🌊 Didn’t expect to be emotionally moved by a waterfall today but here we are. Started the morning walking away from Burney Guest Ranch with pop-tarts in hand and a volcano in the distance. Hit the 1233 miles-to-Canada sign, strolled through peaceful pine forests… then Burney Falls appeared out of nowhere like something out of a movie. Green cliffs. Electric blue water. Roaring power. Unreal. Trail angel Lisa and her dog Butters fed us sandwiches at the top like absolute legends, then it was back to the grind. Crossed a dam, returned a lost filter, took a dip in a river, and tried to avoid poison oak while Pablo lost the battle. Wrapped it all up with a cowboy camp and a killer sunset. What. A. Day. See you tomorrow for Day 83 🥾🌄 #pacificcresttrail #thruhike #pct2025 #scotland #california #pctgrant #desert #thruhiking #pct #snow #hikertrash ",1213,7.274026617033558e+18,UNSTOPPABLE EVENING,133.0,f,https://tiktok.com/@/video/7510847261841067286,7471231024887137313,f,"[""pacificcresttrail"",""thruhike"",""pct2025"",""Scotland"",""california"",""pctgrant"",""desert"",""thruhiking"",""pct"",""snow"",""hikertrash""]"
7499745476070165791,1746170687,"Day 2 of MAYDE For This 💎💫Took a break from the biz grind to make memories with my crew—because building an empire includes moments like this. The mission is freedom, the vibe is legacy, and the energy? Unmatched.✍🏾 #FYP#ViralMoments #TikTokDaily #WatchThis #ContentQueen #HoustonVibes #vibewithtay #TikTokVlog #DayInTheLife #MomBossMoves #CEOinSneakers #BlackMomsWhoVlog #FamilyLegacy #MomContentCreator #SoftLifeAndSuccess #MAYDEForThis #LegacyLoading#MommyOnAMission",2449,7.274026617033558e+18,UNSTOPPABLE EVENING,133.0,f,https://tiktok.com/@/video/7499745476070165791,6783135176752743430,f,"[""fyp"",""viralmoments"",""tiktokdaily"",""watchthis"",""contentqueen"",""houstonvibes"",""vibewithtay"",""tiktokvlog"",""dayinthelife"",""mombossmoves"",""ceoinsneakers"",""blackmomswhovlog"",""familylegacy"",""momcontentcreator"",""softlifeandsuccess"",""maydeforthis"",""legacyloading"",""mommyonamission""]"
7478197700270312734,1741153597,many glacier hotel linocut print  #linocut #linocutprint #linocutprintmaking #linoleum #printmaker #printmaking #print #art #handcarved #reliefprint #linoldruck #artist  #blockprinting #blockprint #watercolor #watercolorpainting #glaciernationalpark #glaciernps ,1768,7.274026617033558e+18,UNSTOPPABLE EVENING,133.0,f,https://tiktok.com/@/video/7478197700270312734,7250881456999859246,f,"[""linocut"",""linocutprint"",""linocutprintmaking"",""linoleum"",""printmaker"",""printmaking"",""print"",""art"",""handcarved"",""reliefprint"",""linoldruck"",""artist"",""blockprinting"",""blockprint"",""watercolor"",""watercolorpainting"",""glaciernationalpark"",""glaciernps""]"
7468870324503842090,1738981929,"Had to check out the new Daiso and somehow we always end up circling in the snack aisle 😂🍡💕  @Daiso USA Official is a Japanese value store that just opened a new location in West Sac, so we stopped in to put together a Galentine’s basket. Of course, we couldn’t resist grabbing some fun Japanese snacks along the way—because what’s a good gift without good food? From cute kitchen finds to unique treats, this place has way too many fun things to choose from. Might need to make another trip just for the snacks alone. 📍Daiso - 771 Ikea Ct Suite 120, West Sacramento, CA 95605 . . . #galentinesday #daisofinds #mochi #japanesesnacks #discoverdaiso #daisousa #sacramentofoodie #tasteduo ",7541,7.274026617033558e+18,UNSTOPPABLE EVENING,133.0,f,https://tiktok.com/@/video/7468870324503842090,7234304947142313006,f,"[""galentinesday"",""daisofinds"",""mochi"",""japanesesnacks"",""discoverdaiso"",""daisousa"",""sacramentofoodie"",""tasteduo""]"
7462559590354554158,1737512589,📍 A Nu Quan in Garden Grove #vietnamesefood ,8844,7.274026617033558e+18,UNSTOPPABLE EVENING,133.0,f,https://tiktok.com/@/video/7462559590354554158,6871703635946079237,f,"[""vietnamesefood""]"
7497682778645908779,1745690336,San Luis Obispo CA SLO series •Mission San Luis Opispo•Downtown Historic District•Bubble gum ally• Madonna Inn #foryoupage #fyp #tiktoktravel #explore #vixer #california #sanluisobispo ,2081,7.274026617033558e+18,UNSTOPPABLE EVENING,133.0,f,https://tiktok.com/@/video/7497682778645908779,6828384755622167558,f,"[""foryoupage"",""fyp"",""tiktoktravel"",""explore"",""vixer"",""california"",""sanluisobispo""]"
7503541162968485151,1747054375,Here’s the past couple weeks of cookie orders and I felt soooo behind the entire time😩 #sugarcookies #homebaker #smallbusiness #decoratedcookies #gradcookies #fyp #2025grad #cookieartist #fypage #smallcreator #womenowned #cookiebouquet ,1823,7.274026617033558e+18,UNSTOPPABLE EVENING,133.0,f,https://tiktok.com/@/video/7503541162968485151,7050124649775334405,f,"[""sugarcookies"",""homebaker"",""SmallBusiness"",""decoratedcookies"",""gradcookies"",""fyp"",""2025grad"",""cookieartist"",""fypage"",""smallcreator"",""womenowned"",""cookiebouquet""]"
7507349804222041374,1747941098,A day in the life of a aesthetics nurse in Houston TX ✨💉 #fyp #houstoninjector #vlog #nurseinjector #ditl ,2043,7.274026617033558e+18,UNSTOPPABLE EVENING,133.0,f,https://tiktok.com/@/video/7507349804222041374,6908910275454911493,f,"[""fyp"",""houstoninjector"",""Vlog"",""nurseinjector"",""ditl""]"
7474783649980878126,1740358717,"[Spend a Saturday with me vlog✨] My favorite type of Saturdays - was desperate for a nice, relaxful weekend after a long week at work. Hope you’ve had an amazing weekend thus far🫶🏼 #creatorsearchinsights #spendthedaywithme #vlog #latinacreator #lifestyle #dayinmylife #parati #fyp ",2312,7.274026617033558e+18,UNSTOPPABLE EVENING,133.0,f,https://tiktok.com/@/video/7474783649980878126,6798655540233208837,f,"[""creatorsearchinsights"",""spendthedaywithme"",""Vlog"",""latinacreator"",""Lifestyle"",""dayinmylife"",""parati"",""fyp""]"
7501802925631524127,1746649636,I found the BEST Mexican Restaurant in Olive Branch Mississippi 😮‍💨 #fyp #cincodemayo #foodtiktok #review ,4561,7.274026617033558e+18,UNSTOPPABLE EVENING,133.0,f,https://tiktok.com/@/video/7501802925631524127,6773514039051240454,f,"[""fyp"",""cincodemayo"",""foodtiktok"",""review""]"
7507888928049892650,1748066695,"🎧 Day of a Teen DJ: School Edition 📚 From 7:30 AM to 10:00 PM — come behind the scenes as I take you through a full day of DJing, setting up sound, and even putting together a movie screen at school! 🏫💥 It’s not just music — it’s cables, coordination, and creativity all day long. #TeenDJ #SchoolLife #DJSetups #EventSetup #BehindTheScenes #HighSchoolHustle #DJLife #SoundSetup #MovieNightVibes #IamDJRayan",2767,7.274026617033558e+18,UNSTOPPABLE EVENING,133.0,f,https://tiktok.com/@/video/7507888928049892650,7194618973407921194,f,"[""teendj"",""schoollife"",""djsetups"",""eventsetup"",""behindthescenes"",""highschoolhustle"",""djlife"",""soundsetup"",""movienightvibes"",""iamdjrayan""]"
7383766285391367470,1719167064,A blast from the past 🙌! Would drive a 914? Available at Porsche Monterey ask for Keanu 📲 #porsche #porsche914 #914 #classiccar #porscheclub #cars #classiccars #porscheclassic ,17504,7.274026617033558e+18,UNSTOPPABLE EVENING,133.0,f,https://tiktok.com/@/video/7383766285391367470,7238040531704857646,f,"[""porsche"",""porsche914"",""914"",""classiccar"",""porscheclub"",""cars"",""classiccars"",""porscheclassic""]"
7504057373619883310,1747174584,"Comenta si vivirías en esta casa! 🏡 Para mas información, entre al enlace de nuestra biografía! 📲 @titanfactorydirect #casamovil #casadecampo #casaderancho #mobilehome #casamodular #casamoviltx #texas #oklahoma #newmexico #comunidad #decoración #comodidad #comodidadyestilo #casadelujo #español #bienesraices #tejas #casa #fyp #lujo",4646,7.274026617033558e+18,UNSTOPPABLE EVENING,133.0,f,https://tiktok.com/@/video/7504057373619883310,7350310797107692590,f,"[""casamovil"",""casadecampo"",""casaderancho"",""mobilehome"",""casamodular"",""casamoviltx"",""texas"",""oklahoma"",""newmexico"",""comunidad"",""decoraci\u00f3n"",""comodidad"",""comodidadyestilo"",""casadelujo"",""espa\u00f1ol"",""bienesraices"",""tejas"",""casa"",""fyp"",""lujo""]"
7494110680363093294,1744858645,"Today I had the pleasure of sharing something really special with my students I showed them the magazine I’m featured in! On Friday, I gave them a paper to fill out so I could learn more about each of them individually, since I’ll be their long-term teacher until June. I wanted to truly connect with them and understand who they are, beyond just names on a roster. So today, I thought what better way to introduce myself than by letting them in on a little bit of my world outside the classroom? I told them about my journey, what I do as a MUA, and how I got to be in the magazine. Let me tell you… these kids are the sweetest! They made my whole day. I felt like a little celebrity in their eyes, and it was honestly the cutest thing ever. Moments like this remind me why I love what I do, both in beauty and in education. If I can inspire even one of them to chase their dreams or believe in their own magic, then I’ve done something right. Also, I want to give a huge thank you to Mrs. LaTonya for giving me this opportunity to be featured in the magazine to showcase my work, tell my story, and be a part of something so meaningful. I’m truly grateful! I can’t wait for us to connect and do something bomb together , makeup & photography, it’s only up from here! Wishing you and all the amazing women featured in this magazine continued success and growth in your businesses. You all are truly inspiring thank you for letting me be a part of this! 💐🩷 -MUA , @laysluxxuryglam ",1298,7.274026617033558e+18,UNSTOPPABLE EVENING,133.0,f,https://tiktok.com/@/video/7494110680363093294,6791861060649419781,f,[]
7464279995888799007,1737913167,Here are a few tips to help you out when starting your microlock journey.  #microlocks #naturalhairtips #delawarelocs #healthyhairstylist #locs #delawaresalon #delawaresisterlocks #delawaremicrolocks #starterlocs  #hair #gloriousbeautysalon ,2681,7.274026617033558e+18,UNSTOPPABLE EVENING,133.0,f,https://tiktok.com/@/video/7464279995888799007,6859382693500912646,f,"[""microlocks"",""naturalhairtips"",""delawarelocs"",""healthyhairstylist"",""locs"",""delawaresalon"",""delawaresisterlocks"",""delawaremicrolocks"",""starterlocs"",""hair"",""gloriousbeautysalon""]"
7486909753549966623,1743182030,"Let’s take a peek inside the NEW 25-26 Mid-Year planners! Pre-orders will begin April 11, 2025 🫶🏾 #planner#plannercovers#plannertok#plannercommunity#planneraddict#smallbusinessowner#plannershop  ",3199,7.274026617033558e+18,UNSTOPPABLE EVENING,133.0,f,https://tiktok.com/@/video/7486909753549966623,7187739067625456683,f,"[""planner"",""plannercovers"",""plannertok"",""plannercommunity"",""planneraddict"",""smallbusinessowner"",""plannershop""]"
7428187407058504990,1729509698,"Another Day , More Milk #milktok #breastmilk #pumpandpour #pumpingmom #exclusivelypumping #oversupply #viralvideo #momsoftiktok #foryoupageofficiall ",3090,7.274026617033558e+18,UNSTOPPABLE EVENING,133.0,f,https://tiktok.com/@/video/7428187407058504990,6798136743704429573,f,"[""milktok"",""breastmilk"",""pumpandpour"",""pumpingmom"",""exclusivelypumping"",""oversupply"",""viralvideo"",""MomsofTikTok"",""foryoupageofficiall""]"
7468854337997933870,1738978190,a service everyone needs🫵👀@Bankrolldbarber #fypシ #fyp #barber #barberoftiktok #tiktokbarber #barberschool #barberstudent #barbercollege #studentbarber #facial #steamer #facialtreatment #hottowel #hottowelsteam #service #cleanseskin ,5716,7.274026617033558e+18,UNSTOPPABLE EVENING,133.0,f,https://tiktok.com/@/video/7468854337997933870,6730428969243411461,f,"[""fyp\u30b7"",""fyp"",""barber"",""barberoftiktok"",""tiktokbarber"",""barberschool"",""barberstudent"",""barbercollege"",""studentbarber"",""facial"",""steamer"",""facialtreatment"",""hottowel"",""hottowelsteam"",""service"",""cleanseskin""]"
7421761525444136235,1728013520,A little bit about me…#candy #smallbusiness #iowa #womenowned #homemade #icecream #fyp ,3651,7.274026617033558e+18,UNSTOPPABLE EVENING,133.0,f,https://tiktok.com/@/video/7421761525444136235,7056481413064311814,f,"[""candy"",""SmallBusiness"",""iowa"",""womenowned"",""homemade"",""icecream"",""fyp""]"
7499166818129464618,1746035896,"Ahhh it’s time to finally crack open this tin i’ve been keeping since December 🫣 This is Yame no Tsuyu from Hoshino Seichaen. It is soo packed in flavors! If you are into nutty & toasted matchas, you should definitely give it a try! It’s also creamy with a subtle sweetness! Definitely recommend for daily drinking 🌰🥜 #matchareview #matcharecommendations #yamenotsuyu #matcharecipe #hoshinoseichaen #CapCut ",4271,7.274026617033558e+18,UNSTOPPABLE EVENING,133.0,f,https://tiktok.com/@/video/7499166818129464618,7297420804697474090,f,"[""matchareview"",""matcharecommendations"",""yamenotsuyu"",""matcharecipe"",""hoshinoseichaen"",""capcut""]"
7469894135449718059,1739220310,"These new build cottage clusters are small but mighty! 🏡 No driveway or garage, but who needs 'em when you've got low-maintenance living on lock? The small HOA fee might sting a little, but hey—they allow short-term rentals! Perfect if you're looking to flex your real estate portfolio. 💼 Plus, you're just a few blocks from Fremont Street’s foodie heaven. Ready to call this cutie home (or your next investment)? Let’s chat! Not my listing but I can help you buy 🫶 Listed at $525,000 💵 3 Bedrooms 🛌 2 Bathrooms 🛀 1,157 Square feet 📐 Property Taxes: NA MLS ID: 119034302 Schools: K-5: Alameda Elementary School (10/10) 6-8: Beaumont Middle School (7/10) 9-12: Grant High School (8/10) *Ratings according to Greatschools.com, due diligence encouraged. (Listed by Chris Dawkins of Keller Williams PDX Central) ——— #cottage #modernhome #newbuild #portland #portlandhomes #oregon #oregonhomes #portlandrealtor #portlandrealestateagent #housetour #fyp",9623,7.274026617033558e+18,UNSTOPPABLE EVENING,133.0,f,https://tiktok.com/@/video/7469894135449718059,7415825688429184042,f,"[""cottage"",""modernhome"",""newbuild"",""portland"",""portlandhomes"",""oregon"",""oregonhomes"",""portlandrealtor"",""portlandrealestateagent"",""housetour"",""fyp""]"
7498088828750646574,1745784875,Let’s do a deep dive on Popmart’s business model in this 6 part series and find out why we (or those you may know) keep sticking around like a bad habit and continue to give money to this billion dollar toy company. #popmart #businessmodel #pucky #beaniebubbleup #labubu #educational #plushies #blindboxcollector #labubu #skullpanda #blindboxsurprise #CapCut @POP MART US ,1892,7.274026617033558e+18,UNSTOPPABLE EVENING,133.0,f,https://tiktok.com/@/video/7498088828750646574,6777970293551301638,f,"[""popmart"",""businessmodel"",""pucky"",""beaniebubbleup"",""labubu"",""educational"",""plushies"",""blindboxcollector"",""skullpanda"",""blindboxsurprise"",""capcut""]"
7461091986049748254,1737170857,#walmartfinds #walmartswim #walmartswimwear #walmartcoverups #walmartnoboundaries #noboundarieswalmart #timeandtruwalmart #timeandtruswim #walmartswim2025 #summer2025 ,13776,7.274026617033558e+18,UNSTOPPABLE EVENING,133.0,f,https://tiktok.com/@/video/7461091986049748254,6812449578757342214,f,"[""walmartfinds"",""walmartswim"",""walmartswimwear"",""walmartcoverups"",""walmartnoboundaries"",""noboundarieswalmart"",""timeandtruwalmart"",""timeandtruswim"",""walmartswim2025"",""summer2025""]"
7483765781591805215,1742450079,Talk about saving the best for last! Rio Batch 4 closes the chapter so well!  Big thanks to the team @Penelope Bourbon for the bottle! #rio #whiskey #bourbon #thewhiskeyidiots #btt #whiskeychurch #honey #amburana #penelope ,5417,7.274026617033558e+18,UNSTOPPABLE EVENING,133.0,f,https://tiktok.com/@/video/7483765781591805215,7065758430810309678,f,"[""rio"",""whiskey"",""bourbon"",""thewhiskeyidiots"",""btt"",""whiskeychurch"",""honey"",""amburana"",""penelope""]"
7490950769995287850,1744122955,Having trouble wrapping your hands for Boxing or Muay Thai? Use this simple guide to learn how to wrap your hands quickly amd effectively! Once you master it you will have both hands wrapped and secure in 60 seconds! #creatorsearchinsights #handwrapping #tutorial #mma #muaythai #boxing #martialarts ,4065,7.274026617033558e+18,UNSTOPPABLE EVENING,133.0,f,https://tiktok.com/@/video/7490950769995287850,7212654038979478574,f,"[""creatorsearchinsights"",""handwrapping"",""tutorial"",""mma"",""muaythai"",""boxing"",""martialarts""]"
7464705420674731310,1738012209,Can you help me find my waist???🙏🏼🙏🏼 @Boombaofficial #shapewearreview #boombashapewear #boombareview #brownshapewear #brownbodysuit #brownbodysuitoutfit #bodysuitoutfit #bodysuitstyle #howtostyleabodysuit #whitecardigan #whitebowcardigan #fronttiecardigan #tiktokshopspringsale #cutebodysuits #springoutfitideas ,84908,7.274026617033558e+18,UNSTOPPABLE EVENING,133.0,f,https://tiktok.com/@/video/7464705420674731310,7234679497026143278,f,"[""shapewearreview"",""boombashapewear"",""boombareview"",""brownshapewear"",""brownbodysuit"",""brownbodysuitoutfit"",""bodysuitoutfit"",""bodysuitstyle"",""howtostyleabodysuit"",""whitecardigan"",""whitebowcardigan"",""fronttiecardigan"",""tiktokshopspringsale"",""cutebodysuits"",""springoutfitideas""]"
7462083747001814315,1737401806,"You should lift weights as a woman for all other health benefits, looking hot is just a plus #weighttraining #weighttrainingforwomen #workoutsforwomen #girlswholift #weightlifting #weights #fittok #gymtok ",2149,7.274026617033558e+18,UNSTOPPABLE EVENING,133.0,f,https://tiktok.com/@/video/7462083747001814315,6982620454771950597,f,"[""weighttraining"",""weighttrainingforwomen"",""workoutsforwomen"",""girlswholift"",""weightlifting"",""weights"",""FitTok"",""GymTok""]"
7508027463151176990,1748098895,"alright nyc summer 25, let’s do this 🌞🌞🌞 enjoy ur memorial day weekends, lmk what you have going on  #mdw #thingstodoinnyc #nycthisweekend #memorialday",8013,7.274026617033558e+18,UNSTOPPABLE EVENING,133.0,f,https://tiktok.com/@/video/7508027463151176990,6934830151964492805,f,"[""mdw"",""thingstodoinnyc"",""nycthisweekend"",""memorialday""]"
7461971269378919723,1737375709,"Well hey guys! Since we're still here, let me reintroduce myself! #mnrealtor #mnrealestate #minnesotahomes #buyersagent #twincities #twincitiesmn #twincitiesrealestate #twincitiesrealtor #twincitieshomes #mnhomesearch #mnhomesforsale #relocatingtominnesota ",2719,7.274026617033558e+18,UNSTOPPABLE EVENING,133.0,f,https://tiktok.com/@/video/7461971269378919723,7089119970181612587,f,"[""mnrealtor"",""mnrealestate"",""minnesotahomes"",""buyersagent"",""twincities"",""twincitiesmn"",""twincitiesrealestate"",""twincitiesrealtor"",""twincitieshomes"",""mnhomesearch"",""mnhomesforsale"",""relocatingtominnesota""]"
7475048242187799854,1740420353,"Cousins! “Second Sight” is a group exhibition by Austin-based artists that seek to investigate the coalescence of the Black identity as global citizens. Open until June 21, 2025, ya’ll won’t want to miss it.  #whereyallatthough #austin #atx #atxlife #blackaustin #blackhistorymonth #art #blackart #secondsight ",2351,7.274026617033558e+18,UNSTOPPABLE EVENING,133.0,f,https://tiktok.com/@/video/7475048242187799854,7333383858254316586,f,"[""whereyallatthough"",""austin"",""atx"",""atxlife"",""blackaustin"",""blackhistorymonth"",""art"",""blackart"",""secondsight""]"
7397885766346558763,1722454512,Thrift Day🛍️  #CapCut #Fyp #thrifting #thriftshopping #scottsdalearizona #thriftwithme #dayinthelife #tiktokcreatorsearchinsightsincentive #fypシ゚viral ,6560,7.274026617033558e+18,UNSTOPPABLE EVENING,133.0,f,https://tiktok.com/@/video/7397885766346558763,6586330832717103109,f,"[""capcut"",""fyp"",""thrifting"",""thriftshopping"",""scottsdalearizona"",""thriftwithme"",""dayinthelife"",""tiktokcreatorsearchinsightsincentive"",""fyp\u30b7\u309aviral""]"
7399277912836394270,1722778674,Summer visit at the Peabody Museum ♥️ #Harvard #HarvardCollege #CapCut ,18913,7.274026617033558e+18,UNSTOPPABLE EVENING,133.0,f,https://tiktok.com/@/video/7399277912836394270,7054643157791228975,t,"[""harvard"",""harvardcollege"",""capcut""]"
7494378902039629087,1744921076,1 monthhhh . . . #locs #dreads #dreadlocks #starterlocs #locjourney #cgoat #barreltwists #day30 ,4846,7.274026617033558e+18,UNSTOPPABLE EVENING,133.0,f,https://tiktok.com/@/video/7494378902039629087,7471289598170596383,f,"[""locs"",""dreads"",""dreadlocks"",""starterlocs"",""locjourney"",""cgoat"",""barreltwists"",""day30""]"
7515127680149343534,1749752031,Replying to @Chort $800 is indeed expensive - is the Chase Sapphire Reserve worth the new price tag? #chasesapphire #chasesapphirereserve #chasebank #creditcardtips #pointsandmiles #creditcardpoints ,9669,7.274026617033558e+18,UNSTOPPABLE EVENING,133.0,f,https://tiktok.com/@/video/7515127680149343534,6636222273286897669,f,"[""chasesapphire"",""chasesapphirereserve"",""chasebank"",""creditcardtips"",""pointsandmiles"",""creditcardpoints""]"
7503575614209707295,1747062371,"Are you a hat girly? I’m such a hat girly 🙆🏽‍♀️ I don’t steal men’s hoodies, I’m taking a SnapBack or two 🌚 I need to be able to adjust the back for my braids! 😂  #plussize #plussizestyle #plussizefashion #plussizeoutfit #vondutch #vondutchhats ",1384,7.274026617033558e+18,UNSTOPPABLE EVENING,133.0,f,https://tiktok.com/@/video/7503575614209707295,6913097018761479173,f,"[""plussize"",""plussizestyle"",""plussizefashion"",""plussizeoutfit"",""vondutch"",""vondutchhats""]"
7488464288328191262,1743543987,It’s a work travel mini vlog yall in….bourbon cityyyy #worktravel #traveltiktok #travelvlog #louisvillekentucky #travelpr ,3807,7.274026617033558e+18,UNSTOPPABLE EVENING,133.0,f,https://tiktok.com/@/video/7488464288328191262,6921797252324393989,f,"[""worktravel"",""traveltiktok"",""travelvlog"",""louisvillekentucky"",""travelpr""]"
7492533477393403167,1744491423,Here is the single exercise you can keep for your mind body connection. It engages both brain hemispheres and enhance cognitive function. Enjoy V #Mobility #SmartExercise #BodyFreedom #CapCut ,1966,7.274026617033558e+18,UNSTOPPABLE EVENING,133.0,f,https://tiktok.com/@/video/7492533477393403167,6916260149574796293,f,"[""mobility"",""smartexercise"",""bodyfreedom"",""capcut""]"
7462483566723747102,1737494892,"Separate, but shared space was a priority in this primary suite ✨ We chose a relaxing, warm neutral color palette for this space with a gorgeous accent wall in Benjamin Moore “Winter Gates”. This bedroom has double walk-in closets, so it’s definitely not lacking storage. The en suite bathroom is the ultimate retreat, complete with a relaxing soaking tub and separate his & hers vanities. Check out the rest of the Morrison Project on our blog, at kadilakhomes.com  #themorrisonproject #neutralbedroomdesign #luxurybedroom #primarysuitedesign #neutralbedroom #neutralpaintcolor #primarysuitetour",15357,7.274026617033558e+18,UNSTOPPABLE EVENING,133.0,f,https://tiktok.com/@/video/7462483566723747102,6689582986109846533,f,"[""themorrisonproject"",""neutralbedroomdesign"",""luxurybedroom"",""primarysuitedesign"",""neutralbedroom"",""neutralpaintcolor"",""primarysuitetour""]"
7489001934091865366,1743669152,"Circle line croisire une activité incontournable de New York ! 🤯 #circleline, #nyccruise, #boatlife, #harborlights, #sightseeing#creatorsearchinsights ",6766,7.274026617033558e+18,UNSTOPPABLE EVENING,133.0,f,https://tiktok.com/@/video/7489001934091865366,7386968705365967904,f,"[""circleline"",""nyccruise"",""boatlife"",""harborlights"",""sightseeing"",""creatorsearchinsights""]"
7458685871588527403,1736610643,"Switching gears today to help my nephew bring his car’s headlights back to life! These were heavily oxidized, but with some good old-fashioned elbow grease and the right process, we turned them around. Starting with 800 grit, working up to 1500, and finishing with 3000 grit, we polished them to a crystal-clear shine. They look brand new again! A small effort can make a big difference.@Bryan  #HeadlightRestoration #RyobiTools #DIYProject #CarCare #PolishedHeadlights #OxidizedHeadlights #CarDetailing #DIYTips #RyobiDrill #BeforeAndAfter #RestorationProject #CleanAndShiny  #WrenchingWithDad #menhelpingmen #AutoMaintenance #teamworkmakesthedreamwork  #AutoAtCES2025 #TikTokAutoCampaign",3077,7.274026617033558e+18,UNSTOPPABLE EVENING,133.0,f,https://tiktok.com/@/video/7458685871588527403,7436275582293771307,f,"[""headlightrestoration"",""ryobitools"",""diyproject"",""carcare"",""polishedheadlights"",""oxidizedheadlights"",""cardetailing"",""diytips"",""ryobidrill"",""beforeandafter"",""restorationproject"",""cleanandshiny"",""wrenchingwithdad"",""menhelpingmen"",""automaintenance"",""teamworkmakesthedreamwork"",""autoatces2025"",""tiktokautocampaign""]"
7361135312648752430,1713897884,Come behind the scenes with me to take yearbook photos!  #bts #behindthescenes #photographer #photography #Portraitphotography ,3859,7.274026617033558e+18,UNSTOPPABLE EVENING,133.0,f,https://tiktok.com/@/video/7361135312648752430,6961089882509984774,f,"[""bts"",""behindthescenes"",""photographer"",""photography"",""portraitphotography""]"
7463135696631401774,1737646702,"Day 7/12 of placing tiles made completely out of LEGO bricks until they form a mini image. The first 4 people to guess what I’m building will win a Lego set of your choice up to $50 in value! I repeat, the first 4 to guess will win the prize! One guess allowed per post.  When I return back home from the holidays, I will continue to post videos for the large mosaic challenge. Happy holidays! 🌲  . . . #legoart #legoartist #foryoupage #mosaicart #mysteryart ",18348,7.274026617033558e+18,UNSTOPPABLE EVENING,133.0,f,https://tiktok.com/@/video/7463135696631401774,7285526629757174826,f,"[""legoart"",""legoartist"",""foryoupage"",""mosaicart"",""mysteryart""]"
7503601642613312814,1747068446,Scalp health is a huge component of maintaining healthy hair! Sometimes an imbalanced scalp can be responsible for why you may feel stagnant on your hair journey🌸 • • • #houston #houstonstylist   #htxstylist  #houstonhairstylist #houstonsilkpress #htxsilkpress #houstoncolorist #htxcolorist #houstonhairdye #houstoncolorspecialist #naturalhair #naturalhairinspo #hairinspo ,2003,7.274026617033558e+18,UNSTOPPABLE EVENING,133.0,f,https://tiktok.com/@/video/7503601642613312814,6909643136810877957,f,[]
7501514674001726766,1746582499,"Pick Your Own Strawberries 🍓 at Miller Farms in Clinton, MD 🙌🏽 Each weekend in May expect a jump pad & face painter ($) too! There’s also a concession stand on-site and farm market down the road. Free parking lot! Must register online through their website. #strawberryseason #4dmvkids #dmvkids ",5442,7.274026617033558e+18,UNSTOPPABLE EVENING,133.0,f,https://tiktok.com/@/video/7501514674001726766,6809930105763202053,f,"[""strawberryseason"",""4dmvkids"",""dmvkids""]"
7390403952535178538,1720712515,@Pixie Cup Has A Clutch Menustral Disk Kit For Your Time Of The Month! Save Money By No Longer Having To Use Tampons And Pads! ❤️ #fyp #CapCut #fypシ゚viral #pixiecup #pixiedisc #menustralcycle #timeofthemonth #femininecare #feminineproducts #period #periodtips #ugc #ugccontentcreator ,8534,7.274026617033558e+18,UNSTOPPABLE EVENING,133.0,f,https://tiktok.com/@/video/7390403952535178538,6975284820445332485,f,"[""fyp"",""capcut"",""fyp\u30b7\u309aviral"",""pixiecup"",""pixiedisc"",""menustralcycle"",""timeofthemonth"",""femininecare"",""feminineproducts"",""period"",""periodtips"",""ugc"",""ugccontentcreator""]"
7461776923740654894,1737330337,Ditch the glue and upgrade to comfort #ditch #theglue #readytowear #comfort #gluelesswig ,4667,7.274026617033558e+18,UNSTOPPABLE EVENING,133.0,f,https://tiktok.com/@/video/7461776923740654894,6813475667309904901,f,"[""ditch"",""theglue"",""readytowear"",""comfort"",""gluelesswig""]"
7475790823053905183,1740593203,"Tips To Breaking 80 From A Guy Who Breaks 70 To break 80 you don’t need to make a bunch or birdies, you need to make a bunch of pars. This is why it’s important to be consistent around the greens. The easiest way I’ve found to do that is to keep the ball on the ground or get it on the ground as quick as possible. The bump and run shot is always going to be the safer/more consistent option compared to the high route.  #Golfpro #golftok #golfing #golfer #viraltiktok #golftips ",7746,7.274026617033558e+18,UNSTOPPABLE EVENING,133.0,f,https://tiktok.com/@/video/7475790823053905183,6909070530344961030,f,"[""golfpro"",""golftok"",""golfing"",""golfer"",""viraltiktok"",""golftips""]"
7385288806817140011,1719521553,"🌟 Welcome to Elevated Wellness Network! 🌟 Join us on a journey to elevate health and fitness in the RGV community. Our podcast is dedicated to showcasing and highlighting the incredible people and businesses that make our community thrive. Tune in for inspiring stories, expert advice, and a whole lot of motivation. Whether you're a fitness enthusiast, a health professional, or just starting your wellness journey, Elevated Wellness Network is here to support and celebrate you. Let's grow stronger together! 💪✨ #ElevatedWellnessNetwork #HealthAndFitness #RGVCommunity #WellnessJourney #SupportLocal #Inspiration #Motivation --- Feel free to tweak it to better suit your needs!",1571,7.274026617033558e+18,UNSTOPPABLE EVENING,133.0,f,https://tiktok.com/@/video/7385288806817140011,7382025144964908078,f,"[""elevatedwellnessnetwork"",""healthandfitness"",""rgvcommunity"",""wellnessjourney"",""supportlocal"",""inspiration"",""motivation""]"
7380517489878322474,1718410645,"We made a card game! Learn Korean as you play 🇰🇷 Save 15% with promo code 'KOREA2024'! Don’t miss out - Play, Love, and Learn Korean today! Click link in bio to shop ❤️  #Goko #GokoGames #LearnKorean #cardgame #Korean #boardgame #gamenight #easykorean #koreanteacher #iykyk #capcut #meme #koreanmeme #fypage #gongyoo #hyunbin #kdrama #squidgame #korean_drama #newjeans #hypeboy #ditto #bts #armybts #dailyvlog #comedy #day1 ",1826,7.274026617033558e+18,UNSTOPPABLE EVENING,133.0,f,https://tiktok.com/@/video/7380517489878322474,7268404967286473771,f,"[""goko"",""gokogames"",""learnkorean"",""cardgame"",""korean"",""boardgame"",""GameNight"",""easykorean"",""koreanteacher"",""iykyk"",""capcut"",""meme"",""koreanmeme"",""fypage"",""gongyoo"",""hyunbin"",""kdrama"",""squidgame"",""korean_drama"",""newjeans"",""hypeboy"",""ditto"",""bts"",""armybts"",""dailyvlog"",""comedy"",""day1""]"
7503934803268341034,1747146033,"POV: You accidentally create the cutest little Magneto ever. I 3D printed his helmet, added a onesie & cape, and BAM… cutest villain unlocked.  - Be honest… is this the cutest Magneto ever or the most dangerous? Comment ‘CUTE’ or ‘DANGER’ below! - File: @yosh_studios Printer: Bambulabs X1C Filament: Sunlu White & Grey - #3DPrinting #XMenCosplay #MiniMagneto #ComicBookFamily #ParentingGoals #GeekDad #BambulabX1C #CosplayForKids #MakerLife #FYP #CosplayDIY #FamilyContent #SuperVillainCutie #PrintMagic #DiYParenting",1965,7.274026617033558e+18,UNSTOPPABLE EVENING,133.0,f,https://tiktok.com/@/video/7503934803268341034,7485175559157351470,f,"[""3dprinting"",""xmencosplay"",""minimagneto"",""comicbookfamily"",""parentinggoals"",""geekdad"",""bambulabx1c"",""cosplayforkids"",""makerlife"",""fyp"",""cosplaydiy"",""familycontent"",""supervillaincutie"",""printmagic"",""diyparenting""]"
7486161761863814430,1743007879,Traded in Vanlife for Barebells Buslife for a night in the PNW. I took the opportunity to stock my van with as many Barebells as it could hold @Barebells USA #20gramsofprotein #noaddedsugar #barebellspartner ,1757,7.274026617033558e+18,UNSTOPPABLE EVENING,133.0,f,https://tiktok.com/@/video/7486161761863814430,7193622990404928558,f,"[""20gramsofprotein"",""noaddedsugar"",""barebellspartner""]"
7501405562958138670,1746557150,As a SAHM the work never stops 😩. #SAHM #cleaning #alldayeveryday #stayathomemom #fyppppppppppppppppppppppp #fypシ゚ ,652,7.274026617033558e+18,UNSTOPPABLE EVENING,133.0,f,https://tiktok.com/@/video/7501405562958138670,7031368146225660934,f,"[""sahm"",""cleaning"",""alldayeveryday"",""stayathomemom"",""fyppppppppppppppppppppppp"",""fyp\u30b7\u309a""]"
7398961663979818283,1722705012,Best Nylon Shorts For Your Brand 🔥  Embroidered Shorts made for @shopiso.co Using @shaka_wear nylon running shorts 🩳  #shakwear #nylon #shorts #embroideryplug #clothingbrand #streetwear #clothing #howto #embroidery #embroiderytutorial ,6983,7.274026617033558e+18,UNSTOPPABLE EVENING,133.0,f,https://tiktok.com/@/video/7398961663979818283,6868846224419636230,f,"[""shakwear"",""nylon"",""shorts"",""embroideryplug"",""clothingbrand"",""streetwear"",""clothing"",""howto"",""embroidery"",""embroiderytutorial""]"
7412339695427833130,1725819828,I guess you could swim there 🤔 Follow for more courses!! @Haig Point Daufuskie Island  #golf #golfer #downtogolf #dtg #golflife #islandgolf #daufuskieisland #southcarolina #hiltonhead #tiktokgolf #boat #coast #golfbuddies #golftrip #tripreview #teetime #golfing ,6811,7.274026617033558e+18,UNSTOPPABLE EVENING,133.0,f,https://tiktok.com/@/video/7412339695427833130,7298191435660346414,f,"[""golf"",""golfer"",""downtogolf"",""dtg"",""golflife"",""islandgolf"",""daufuskieisland"",""southcarolina"",""hiltonhead"",""tiktokgolf"",""boat"",""coast"",""golfbuddies"",""golftrip"",""tripreview"",""teetime"",""golfing""]"
7461376597954809134,1737237120,"Come with me on my third day in Honolulu, Hawaii doing my first helicopter ride with rainbow Oahu tours and hiking the Diamondhead trail  #hawaiitok #hawaiivacation #honoluluhawaii  ",6192,7.274026617033558e+18,UNSTOPPABLE EVENING,133.0,f,https://tiktok.com/@/video/7461376597954809134,23650461,f,"[""hawaiitok"",""hawaiivacation"",""honoluluhawaii""]"
7461332766488153374,1737226917,✨Squeezes  with bleach only ✨ #squeezeasmrsponge #asmrsounds #cloralen #satisfying #fyp #parati #cleaningtiktok #cleantok  #asmrlovers ,2958,7.274026617033558e+18,UNSTOPPABLE EVENING,133.0,f,https://tiktok.com/@/video/7461332766488153374,7452189306589840430,f,"[""squeezeasmrsponge"",""asmrsounds"",""cloralen"",""satisfying"",""fyp"",""parati"",""cleaningtiktok"",""CleanTok"",""asmrlovers""]"
7498101176336911647,1745787744,"wasted time, gas, & energy!!😡 the best part about this drive was my fav mask from @Abib Cosmetics 🫶🏽 skin is always on GLOW after using it😍 #skincare #koreanskincare #abib #glassskin #kbeauty #collagenmask #cleanbeauty ",2792,7.274026617033558e+18,UNSTOPPABLE EVENING,133.0,f,https://tiktok.com/@/video/7498101176336911647,7023913030924977157,f,"[""skincare"",""koreanskincare"",""abib"",""glassskin"",""kbeauty"",""collagenmask"",""cleanbeauty""]"
7356244214788803883,1712759128,"🏡 Prime Fourplex Alert! Located at 1402 N Platinum Drive S, Pharr, Texas 78577, this gem offers easy access to 69C and nearby entertainment & retail spots like Pharr Town Center Cinema, Burlington, Ross, and TJ Maxx. Don’t miss out! Contact me at 956.607.8299 for details and to schedule a viewing. . . . . Bryanna Hernandez, Texas REALTOR® 📞 (956)607-8299 📧 bryannahdzrealtor@gmail.com 💻https://bryanna.imperiohomes.com/ #buysellinvest #realestate #realtor #realestateagent #realtors #realtorlife #selling #investment #investing #bryannahernandezrealtor #realestateinvesting #newconstruction #building #newlisting #listingagent #newlistingalert #listingoftheday #firsttimehomebuyer #homebuyer #explorepage #explore #ClosingCostAssistance #NewConstruction  #RealEstate #InvestmentOpportunity #PharrTX #fourplex #fourplexforsale #foryou #foryoupage ",7830,7.274026617033558e+18,UNSTOPPABLE EVENING,133.0,f,https://tiktok.com/@/video/7356244214788803883,7286158544407725102,f,"[""buysellinvest"",""realestate"",""realtor"",""realestateagent"",""realtors"",""realtorlife"",""selling"",""investment"",""investing"",""bryannahernandezrealtor"",""realestateinvesting"",""newconstruction"",""building"",""newlisting"",""listingagent"",""newlistingalert"",""listingoftheday"",""firsttimehomebuyer"",""homebuyer"",""explorepage"",""explore"",""closingcostassistance"",""investmentopportunity"",""pharrtx"",""fourplex"",""fourplexforsale"",""foryou"",""foryoupage""]"
7487990336845778219,1743433665,"It’s Model Home Monday 🏡 Come tour this fabulously designed home in Upper Marlboro, Maryland with me. Everything in this model was so functional and I loved every minute of it. Thanks again to Stanley Martin @stanleymartinhomes for the invitation 🤗 If you absolutely Loved what you saw contact me today to schedule your private tour!  Are you looking to buy a home or sell your current one? I would love to talk to you about how my exclusive services can benefit your needs. Click the link in my bio for a free consultation!  Marecya Burton, BML Properties Realty Marecya.Burton@BMLProperties.com 240-764-5092 www.Recyatherealtor.com",1954,7.274026617033558e+18,UNSTOPPABLE EVENING,133.0,f,https://tiktok.com/@/video/7487990336845778219,6802211122075812869,f,[]
7466939458877721886,1738532360,"First time for everything @Mala Town  📍929 Amsterdam Ave, New York, NY 10025",4383,7.274026617033558e+18,UNSTOPPABLE EVENING,133.0,f,https://tiktok.com/@/video/7466939458877721886,6805010350918026245,f,[]
7439494093698288927,1732142217,Ready to find your dream home in Minnesota? Let me help you turn this vision into reality—reach out today to start your home-buying journey! #minnesota #maplegrove #fyp #trendingvideo #multiaverso #dreamhome #work #tiktokshop #foryoupageofficiall ,3200,7.274026617033558e+18,UNSTOPPABLE EVENING,133.0,f,https://tiktok.com/@/video/7439494093698288927,7414943644514698282,f,"[""minnesota"",""maplegrove"",""fyp"",""trendingvideo"",""multiaverso"",""dreamhome"",""work"",""TikTokShop"",""foryoupageofficiall""]"
7507750745081515295,1748034461,"Come to work with me! After multiple mental breakdowns, we made it to Friday folks! #corporateamerica #workfromhome #workwithme #fyp #adayinmylife ",2588,7.274026617033558e+18,UNSTOPPABLE EVENING,133.0,f,https://tiktok.com/@/video/7507750745081515295,7423099360458130474,f,"[""corporateamerica"",""workfromhome"",""workwithme"",""fyp"",""adayinmylife""]"
7493874652109098286,1744803676,Latest update of the actual ATI teas7 exam available  Version 1  Subject- math   All versions and all subjects and all Q&A available #teas7study #atiteas7exam #atiteas7 #studywithme #exams #medicalfield #nurse ,4362,7.274026617033558e+18,UNSTOPPABLE EVENING,133.0,f,https://tiktok.com/@/video/7493874652109098286,7487034078270489642,f,"[""teas7study"",""atiteas7exam"",""atiteas7"",""studywithme"",""exams"",""medicalfield"",""nurse""]"
7462213868782177582,1737432089,Up to 6 weeks free 💫 Elevating everyday living at The Star in Frisco - where luxury meets lifestyle ✨ #dallas #dallastexas #friscotx #friscotexas #legacywest  #plano #luxurylife #luxurylifestyle #luxuryrealestate ,3636,7.274026617033558e+18,UNSTOPPABLE EVENING,133.0,f,https://tiktok.com/@/video/7462213868782177582,7013459154585355270,f,"[""dallas"",""dallastexas"",""friscotx"",""friscotexas"",""legacywest"",""plano"",""luxurylife"",""luxurylifestyle"",""luxuryrealestate""]"
7494329978276941099,1744909685,"Travel smarter, not harder. Our TSA-Approved Clarity Jetset Case is the perfect organizer for makeup and skincare that eliminates the stress of TSA, while carrying your essentials in style. 💫 Shop at the link in bio. #whatsinmybag #makeupessentials #selfcareroutine #SustainableStyle #TruffleOnTheGo #LuxuryOrganizer #makeupbag ",388,7.274026617033558e+18,UNSTOPPABLE EVENING,133.0,f,https://tiktok.com/@/video/7494329978276941099,7060912668721038382,f,"[""whatsinmybag"",""makeupessentials"",""selfcareroutine"",""sustainablestyle"",""truffleonthego"",""luxuryorganizer"",""makeupbag""]"
7493713379794717954,1744766135,"Day 38 — brutal climbs, surprise trail magic, and the town day I was dreaming of Woke up sticky and slow, tent damp from the night before and the sun already creeping over the ridgeline. My bag half-packed, my legs already protesting. Tehachapi was on the horizon — but it was going to make me earn it. Seven miles straight uphill to start, no shade, no warm-up, just pure trail honesty. Views opened up fast — dry valleys below, heat pressing in. Signed a trail register with a sweaty thumbprint and found the most random hiker rest stop: two chairs and a line of empty lockers in the middle of nowhere. Like a post-apocalyptic break room. No idea who set it up, but I owe them a thank you. Eventually the turbines appeared — a whole army of them spinning like they’d been waiting for me. The wind kicked up just in time to slap me around a bit, and the trail threw in a section that had completely washed out. Crossed it with the grace of a baby giraffe. Somehow stayed upright. Snack breaks, wild views, broken turbines laying on the ground like fallen giants. Crossed a bridge and just like that… Tehachapi. All that stood between me and food was a hitch in the wind. And then, trail magic. A kind soul scooped us up and dropped us at a hiker house that was actual heaven. Bikes ready to ride into town, cold drinks, good vibes. We hit a Chinese buffet like it was a mission. Five hikers. Four bikes. One rode handlebars. One sprayed whipped cream straight into their mouth back at base. Day 38 was endless sun, uphill battles, sketchy crossings, but worth every step. Town never felt so good. See you tomorrow for Day 39. #pacificcresttrail ",1413,7.274026617033558e+18,UNSTOPPABLE EVENING,133.0,f,https://tiktok.com/@/video/7493713379794717954,7471231024887137313,f,"[""pacificcresttrail""]"
7389096976010317099,1720408212,A simple way to edit haircut videos  #barber #barbershop #barbereducation #haireducation #fade #fadehaircut#menshairstyle #barbertok ,15575,7.274026617033558e+18,UNSTOPPABLE EVENING,133.0,f,https://tiktok.com/@/video/7389096976010317099,7171299176870822958,f,"[""barber"",""barbershop"",""barbereducation"",""haireducation"",""fade"",""fadehaircut"",""menshairstyle"",""barbertok""]"
7466503094608629038,1738430769,Part 1 -  Please excuse my stuffy voice I’m getting over a cold 🥴 My locating services are 100% free to you! So please shoot me a message or click the link in my bio for a list of apartments here in Houston. 😘 #htxapartmentlocator #houstonlocator #htxhighrise #htxapartmentlocator #houstonapartments #houstonliving #houstonrealestate #houstonhighrise #houstonapartments #downtownhouston #downtownhtx #downtown #movingtohouston #movetohouston #highrise #luxuryapartments #apartmentlocator #midtown #heights #medicalcenter #galleria #eado #downtownhouston #houstonliving #htx #houstonrealestate #htxhighrise ,3173,7.274026617033558e+18,UNSTOPPABLE EVENING,133.0,f,https://tiktok.com/@/video/7466503094608629038,7367330331136115755,f,"[""htxapartmentlocator"",""houstonlocator"",""htxhighrise"",""houstonapartments"",""houstonliving"",""houstonrealestate"",""houstonhighrise"",""downtownhouston"",""downtownhtx"",""downtown"",""movingtohouston"",""movetohouston"",""highrise"",""luxuryapartments"",""apartmentlocator"",""midtown"",""heights"",""medicalcenter"",""galleria"",""eado"",""htx""]"
7516256382643916062,1750014825,"This double DoorDash order made no sense at all. Tell me why they sent me across town and back just to go to the same store that I went to the first time. And what’s even crazier I was only picking up one item for the second order, I did not realize this at all when excepting this order I just saw the price and said I need that💅 with over 6000 DoorDash deliveries very few leave me shocked, but this one definitely did #DoorDashDriver #DoorDash #DoorDasher #DoorDashing #KobeJoDeliveries #GigWork #DeliveryLife #SideHustleLife #DoordashingAdventure #DoordashingAdventures #MaleDasher #FirstDashOfTheDay #DrinkOfTheDash #DrinkInMyCart #DashLife #GigEconomy #MultiAppLife #FoodDeliveryVibes #HustleContent #OnTheDash #DashWithMe #DasherChronicles ",5405,7.274026617033558e+18,UNSTOPPABLE EVENING,133.0,f,https://tiktok.com/@/video/7516256382643916062,81343312191754240,f,"[""doordashdriver"",""doordash"",""doordasher"",""doordashing"",""kobejodeliveries"",""gigwork"",""deliverylife"",""sidehustlelife"",""doordashingadventure"",""doordashingadventures"",""maledasher"",""firstdashoftheday"",""drinkofthedash"",""drinkinmycart"",""dashlife"",""gigeconomy"",""multiapplife"",""fooddeliveryvibes"",""hustlecontent"",""onthedash"",""dashwithme"",""dasherchronicles""]"
7385334644704628011,1719532226,"Introducing the John Geiger 004 ""Melon"". Available tomorrow 12pm Eastern on Johngeigerco.com #johngeiger #foryou #fypage #foryoupage ",6909,7.274026617033558e+18,UNSTOPPABLE EVENING,133.0,f,https://tiktok.com/@/video/7385334644704628011,6882811036690400261,f,"[""johngeiger"",""foryou"",""fypage"",""foryoupage""]"
7356439076611820843,1712804454,The site’s goal is to include the stories of enslaved  humans as part of the day-to-day interpretation for visitors.  #saytheirnames  Sal Cupid Jack Hagar Peg Julia Wall/Watt Sylvia Little Sam Will Charlotte  Ben Achilles  George Caesar Jerry Grange Jack Venus Jenny Betty Nann  Moll Isabella Rhody  #history #historybeforeus #knoxville #tennessee #ancestors #historylover #historymatters #education  #changingthenarrative #travelhistory #historytravel ,1361,7.274026617033558e+18,UNSTOPPABLE EVENING,133.0,f,https://tiktok.com/@/video/7356439076611820843,7071578957108692010,f,"[""saytheirnames"",""history"",""historybeforeus"",""knoxville"",""tennessee"",""ancestors"",""historylover"",""historymatters"",""education"",""changingthenarrative"",""travelhistory"",""historytravel""]"
7458301072826780958,1736521060,"Replying to @maria🫶🏽 Check out this list of activities that happening in the Twin Cities metro area this weekend January 11 & 12. If I missed anything, drop it in the comments! #thingstodoinmpls #twincitiesevents #twincitiesrecommendations #minneapoliswinter #minneapolisitinerary #minneapolisweekend #saintpaulweekend #twincitiesweekend #creatorsearchinsights ",4692,7.274026617033558e+18,UNSTOPPABLE EVENING,133.0,f,https://tiktok.com/@/video/7458301072826780958,6844971133009298438,f,"[""thingstodoinmpls"",""twincitiesevents"",""twincitiesrecommendations"",""minneapoliswinter"",""minneapolisitinerary"",""minneapolisweekend"",""saintpaulweekend"",""twincitiesweekend"",""creatorsearchinsights""]"
7486543290657967382,1743096697,"This is how I film in 4K with NO storage problems! The EX400U from @corsair available in 1TB, 2TB and 4TB. Absolute game changer if you film on your iPhone directly.  . . . . . . . Like share, save and follow @naj_visuals for more desk setup content inspirations . . . . #interiordecor #livingroomdecor #detailsmatter #hometour #interiordecorator #livingroomideas #homestyle #cozyvibes #tech ",2462,7.274026617033558e+18,UNSTOPPABLE EVENING,133.0,f,https://tiktok.com/@/video/7486543290657967382,7075808788141720581,f,"[""interiordecor"",""livingroomdecor"",""detailsmatter"",""hometour"",""interiordecorator"",""livingroomideas"",""homestyle"",""cozyvibes"",""tech""]"
7468077005322423598,1738797223,Apt 2206 is available now😍 Apply today to get $500 off your first full months rent! Call us at (469) 803-5038 for more information😊 See you at Atherton✨ #friscoapartments #apartmentliving #locators #atherton #tour #frisco #lovewhereyoulive #home #foryoupage #apartments #friscotx #texas #pool #apartmenttherapy #apartmenthunting #apartmenttour #platinum ,2310,7.274026617033558e+18,UNSTOPPABLE EVENING,133.0,f,https://tiktok.com/@/video/7468077005322423598,7098855921619747882,f,"[""friscoapartments"",""apartmentliving"",""locators"",""atherton"",""tour"",""frisco"",""lovewhereyoulive"",""Home"",""foryoupage"",""apartments"",""friscotx"",""texas"",""pool"",""apartmenttherapy"",""apartmenthunting"",""apartmenttour"",""platinum""]"
7463965745869851934,1737839989,"LPS G7S2 Collector set unboxing, the wolf and horse are my favorite!  (Also not my fav. video bc of lightning and was tired) lol @Littlest Pet Shop @Basic Fun! @Amazon  #lpstiktok #lps #littlestpetshop #fyp #fyplps #littlestpetshoptiktok #G7 #wave3 #new #lpsg7wave3 #lpscommunity #toysoftiktok #collector #lpspopular #jellycat #teamworkmakesthedreamwork #littlestpetshopcommunity #lpstok #lpscollection #lp #toycollector #collectible #healinginnerchild #blindboxes #toysforkids #target #holiday #whatnot #lpsdeer #swan #creatorsearchinsights #plushies  #fypシ #fypシ゚viral #fypviraltiktok🖤シ゚☆♡ #fypviralシ #wolf #horse #clydesdales #penguin #polarbear #artic #fish",2521,7.274026617033558e+18,UNSTOPPABLE EVENING,133.0,f,https://tiktok.com/@/video/7463965745869851934,7439450002253841454,f,"[""lpstiktok"",""lps"",""littlestpetshop"",""fyp"",""fyplps"",""littlestpetshoptiktok"",""g7"",""wave3"",""new"",""lpsg7wave3"",""lpscommunity"",""toysoftiktok"",""collector"",""lpspopular"",""jellycat"",""teamworkmakesthedreamwork"",""littlestpetshopcommunity"",""lpstok"",""lpscollection"",""lp"",""toycollector"",""collectible"",""healinginnerchild"",""blindboxes"",""toysforkids"",""target"",""holiday"",""whatnot"",""lpsdeer"",""swan"",""creatorsearchinsights"",""plushies"",""fyp\u30b7"",""fyp\u30b7\u309aviral"",""fypviraltiktok\ud83d\udda4\u30b7\u309a\u2606\u2661"",""fypviral\u30b7"",""wolf"",""horse"",""clydesdales"",""penguin"",""polarbear"",""artic"",""fish""]"
7464976842655583518,1738075456,Vietnamese Food in Miami 🔥📍PhoMi2Go in North Miami Beach! #miami #miamifood #vietnamesefood #banhmi #northmiamibeach #miamifoodie #miamifoodblogger ,4794,7.274026617033558e+18,UNSTOPPABLE EVENING,133.0,f,https://tiktok.com/@/video/7464976842655583518,6963727047811335173,f,"[""miami"",""miamifood"",""vietnamesefood"",""banhmi"",""northmiamibeach"",""miamifoodie"",""miamifoodblogger""]"
7493604142884130079,1744740714,EULEX ADHESIVE REMOVER..! #eulex #eulexadhesive #removeradhesivo #kochchemieusa #kochchemie #detailingaddicts #detailinglife #detailingproducts #paratii #viralvideo #axelsmobilecarwash @Aj’s auto detail LLC @R&B auto detailing @💥SPARK AUTO DETAILING LLC💥 ,1887,7.274026617033558e+18,UNSTOPPABLE EVENING,133.0,f,https://tiktok.com/@/video/7493604142884130079,7260580702201070638,f,"[""eulex"",""eulexadhesive"",""removeradhesivo"",""kochchemieusa"",""kochchemie"",""detailingaddicts"",""detailinglife"",""detailingproducts"",""paratii"",""viralvideo"",""axelsmobilecarwash""]"
7480647001210670366,1741723897,"""Night Service Elegance: The Perfect Blend of Classic and Sharp"" ""Stepping into the night with timeless style 🌌✨. This look combines a light blue Oxford shirt, sleek black trousers, and polished loafers, elevated with a plaid tie and a black leather briefcase. The perfect outfit for the modern professional—balancing sophistication and effortless charm. Watch until the end for a closer look at how the details pull everything together! #MensStyle #SharpDressing #OOTD #ClassicLook  #BusinessCasual #OfficeStyle #DapperLook #ModernProfessional #PlaidTie #LeatherBriefcase #PolishedLook #DetailsMatter #TikTokFashion #StyleGoals #OutfitInspo #TrendingNow",8253,7.274026617033558e+18,UNSTOPPABLE EVENING,133.0,f,https://tiktok.com/@/video/7480647001210670366,7004179511831938054,f,"[""mensstyle"",""sharpdressing"",""OOTD"",""classiclook"",""businesscasual"",""officestyle"",""dapperlook"",""modernprofessional"",""plaidtie"",""leatherbriefcase"",""polishedlook"",""detailsmatter"",""TikTokFashion"",""stylegoals"",""outfitinspo"",""trendingnow""]"
7382680058722340139,1718914158,"Galvanized pipes, commonly used in homes built before the 1960s, are steel pipes coated with a layer of zinc to prevent rust and corrosion.  Over time, the zinc layer can erode, leading to corrosion, reduced water pressure, and potential leaks or contamination in the water supply.  Many homeowners opt to replace galvanized pipes with more modern materials like copper or PEX (like you se here) to ensure better water quality and plumbing reliability. #galvanizedpipes #pexplumbing #plumber #plumbing #homeinspector #homeinspection #realtor #realestate #michiganrealtor #michigan ",6936,7.274026617033558e+18,UNSTOPPABLE EVENING,133.0,f,https://tiktok.com/@/video/7382680058722340139,7192578317474710570,f,"[""galvanizedpipes"",""pexplumbing"",""plumber"",""plumbing"",""homeinspector"",""homeinspection"",""realtor"",""realestate"",""michiganrealtor"",""michigan""]"
7483602946618346795,1742412105,"In this video, I’m unveiling seven of the coolest vintage lighters we restored this past week! These 7 table lighters are all rare and unique but keep an eye out for the two mustangs that you won’t believe until you see them.  #CoolestLighters #VintageLighters #TableLighters #fypage #UniqueLighters #histoireduneflamme #curatedflame #LighterRestoration  #creatorsearchinsights ",2819,7.274026617033558e+18,UNSTOPPABLE EVENING,133.0,f,https://tiktok.com/@/video/7483602946618346795,6821284531976193029,f,"[""coolestlighters"",""vintagelighters"",""tablelighters"",""fypage"",""uniquelighters"",""histoireduneflamme"",""curatedflame"",""lighterrestoration"",""creatorsearchinsights""]"
7488835809865452842,1743630505,"How to install your curtains like a designer ⬇️ -install curtains rods at a height 2/3 of the distance between your window frame and ceiling -curtain rods should be at least a few inches wider than your window frame  -curtains should lightly brush the ground, not be excessively pooling at the bottom or hovering above the floor -curtain panels should be 2x the width of the window. If you have two panels each should be the width of the window.  #curtaininstallation #curtainhack #curtainrods #curtains",6300,7.274026617033558e+18,UNSTOPPABLE EVENING,133.0,f,https://tiktok.com/@/video/7488835809865452842,144318576596746240,f,"[""curtaininstallation"",""curtainhack"",""curtainrods"",""curtains""]"
7367150089636154655,1715298314,"Had a real fun time at Gläs Häus Racing!   This set up gives you the most realistic driving that I’ve experienced. You can group up to 8 cars locally and if you have a competitive spirit, like me, it’s a great way to earn bragging rights! And they even have leagues! They believe it’s one of the best set ups in the country and I see why.  #esports #esportsracing #wichitakansas  📍7817 E 37th St N, Wichita, KS ",4375,7.274026617033558e+18,UNSTOPPABLE EVENING,133.0,f,https://tiktok.com/@/video/7367150089636154655,6798712385895433222,f,"[""esports"",""esportsracing"",""wichitakansas""]"
7478838035317017861,1741302679,M4 MacBook Air 13 First Look & Impressions! ,10766,7.274026617033558e+18,UNSTOPPABLE EVENING,133.0,f,https://tiktok.com/@/video/7478838035317017861,6714029076208862214,f,[]
7512590718146383150,1749161350,This Acura Integra received our $295 full detail package 🧼 Ready for a detail by us yet? We are 5 star rated with 180+ 5 star Google reviews ⭐️⭐️⭐️⭐️⭐️ BsAutoDetailing.com 📱954-394-7778 📌APPOINTMENTS ONLY  📅Monday-Saturday Looking to get your vehicle professionally detailed message us or give us a call today 📞  VISIT OUR WEBSITE BSAUTODETAILING.COM #mobiledetailing #cardetailing #autodetailing #carecareproducts #quality #tireshine #browardcounty #bsdrippinwettireshine #satisfying #ceramiccoating #paintprotection #foamwash #asmr #cleaning #wheelcleaning #detailersofinstagram #southflorida #miami #browardcounty #bsautodetailing ,3480,7.274026617033558e+18,UNSTOPPABLE EVENING,133.0,f,https://tiktok.com/@/video/7512590718146383150,6919266899629605894,f,"[""mobiledetailing"",""cardetailing"",""autodetailing"",""carecareproducts"",""quality"",""tireshine"",""browardcounty"",""bsdrippinwettireshine"",""satisfying"",""ceramiccoating"",""paintprotection"",""foamwash"",""asmr"",""cleaning"",""wheelcleaning"",""detailersofinstagram"",""southflorida"",""miami"",""bsautodetailing""]"
7403191319167880490,1723689806,"My hope is to one day be knowledgeable enough to feel confident in doing educational voice overs. For now, just relax and enjoy these big Stentor beauts! 😍 #atomicforgedagency #microscopy #pondlife #freshwater #microorganisms #stentor #ciliate ",2502,7.274026617033558e+18,UNSTOPPABLE EVENING,133.0,f,https://tiktok.com/@/video/7403191319167880490,7270378377453765674,f,"[""atomicforgedagency"",""microscopy"",""pondlife"",""freshwater"",""microorganisms"",""stentor"",""ciliate""]"
7486249293943246126,1743028273,"Honey Sriracha Party Ribs These are perfect for the big game! You can find the @Bearmountain BBQ Maple Bourbon Pecan Pellets at Walmart! Recipe • Cut a rack of baby back ribs in between the bones. • Use a Bachan’s binder then season with All Day SPG and Honey Garlic Sriracha from @Ninjacue  • Smoked the ribs at 250°F for 2 hours using Bear Mountain BBQ Maple Bourbon Pecan Pellets. Spritz every 30 minutes with apple juice • Make the sauce with 1 stick of melted butter, ¼ cup Bachan’s, 3 tbsp Sriracha, ¼ cup honey, 1 tbsp minced ginger and 1 tbsp garlic powder. Mix and cook on low heat for 5 minutes until combined. • Remove the ribs from the smoker then place in a foil pan.  • Pour the sauce over top then top with foil and place back on the smoker for another hour. • Uncover the ribs for the last 15 minutes to help the sauce tack up. • Remove once they reach an internal temperature of 195°F.  • Top with green onions and sesame seeds then enjoy! #bbq #recipe #BearMountainBBQ",4827,7.274026617033558e+18,UNSTOPPABLE EVENING,133.0,f,https://tiktok.com/@/video/7486249293943246126,6917607288765203461,f,"[""bbq"",""Recipe"",""bearmountainbbq""]"
7470338368220695854,1739323728,"📍 HANEUM by Chef Kang (Koreatown, LA) Address: 539 S Western Ave, Los Angeles, CA 90020 Hours: Tuesday   11 AM–3 PM, 5–10 PM Wednesday 11 AM–3 PM, 5–10 PM Thursday   11 AM–3 PM, 5–10 PM Friday   11 AM–3 PM, 5 PM–1 AM Saturday   11 AM–3 PM, 5 PM–1 AM Sunday   11 AM–3 PM, 5–9 PM Monday   11 AM–3 PM, 5–10 PM Go show them some lovee",3034,7.274026617033558e+18,UNSTOPPABLE EVENING,133.0,f,https://tiktok.com/@/video/7470338368220695854,7069935133704766506,f,[]
7481748417857719582,1741980333,Here are some of our tips when it comes to placing an order at a screen printing shop!  Let us know if this was helpful and be sure to check out our website for any of your future printing needs!  #fyp #trending #shoplocal #localbusiness #screenprinting #customshirts #printshop #sanjose #explorepage #tshirtprinting #ScreenPrintedShirts  #authenticimprints #tshirtbusiness #mrcompanies ,2033,7.274026617033558e+18,UNSTOPPABLE EVENING,133.0,f,https://tiktok.com/@/video/7481748417857719582,6941397044611712006,f,"[""fyp"",""trending"",""shoplocal"",""localbusiness"",""screenprinting"",""customshirts"",""printshop"",""sanjose"",""explorepage"",""tshirtprinting"",""screenprintedshirts"",""authenticimprints"",""tshirtbusiness"",""mrcompanies""]"
7504733584029420846,1747331972,"I’ve started taking travel content seriously… and this is only the beginning 🌍 Every location, every experience, every detail — capturing it all 📸  #NewportBeach #ugctravel #travelcontent #travelugc #travelcontentcreator #fyp ",2069,7.274026617033558e+18,UNSTOPPABLE EVENING,133.0,f,https://tiktok.com/@/video/7504733584029420846,7377179005601170475,f,"[""newportbeach"",""ugctravel"",""travelcontent"",""travelugc"",""travelcontentcreator"",""fyp""]"
7489068608283331871,1743684679,"Harvesting Pak Choi & Tatsoi from Our Viral DIY Aeroponic System for Plants 🌱 👉 Our DIY aeroponic system video for plants went viral with over 4 million views, and now we're thrilled to share the harvest of our Pak Choi and Tatsoi from this container build! After weeks of care, it's finally time to showcase the results of our indoor growing journey. If you missed any of the steps for this DIY Aeroponic System, don't worry! We’ve broken everything down into multiple parts on our page. From building the system, setting up the watering, and adjusting the lighting, to mixing fertilizer for the plants—check out all the details in our posts! ✨️ 🌱 For the harvest, I carefully trimmed each Pak Choi, starting with cutting off the roots and removing any discolored leaves before slicing the base off. The Tatsoi was by far the largest and most beautiful of the bunch—almost too perfect to believe! We ended up with 5 large Pak Choi and several baby Pak Choi, all from the same system. After the harvest, we sautéed some Pak Choi for a stir fry—so fresh and tasty! The rest we bagged and stored in the fridge for later use. While growing Pak Choi and Tatsoi in the aeroponic system was a lot of fun, I personally prefer growing crops like Swiss chard. It grows faster and gives you multiple harvests in the same time it takes to grow a single batch of Pak Choi and Tatsoi. Overall, this DIY Aeroponic System made growing our own fresh greens indoors so easy!  (supplies linked in bio) #verticalgarden #hydroponics  #gardening #agriculture #diygarden #urbanfarmer #DIY #containergardening #growyourown #knowyourfarmer #microgreensfarm #DIYgarden #GardeningTips #Garden #Gardening #Harvest",3476,7.274026617033558e+18,UNSTOPPABLE EVENING,133.0,f,https://tiktok.com/@/video/7489068608283331871,6932459699255297029,f,"[""verticalgarden"",""hydroponics"",""gardening"",""agriculture"",""diygarden"",""urbanfarmer"",""DIY"",""containergardening"",""growyourown"",""knowyourfarmer"",""microgreensfarm"",""gardeningtips"",""garden"",""harvest""]"
7512583052082597150,1749159559,"There are just days left before New York legislators end their session -- and we still need to pass the TEMP Bill! This legislation will protect workers from extreme heat on the job with basic, common sense steps that any employer can take. We can't go one more summer with workers suffering heat stress at the hands of companies who are putting profits over safety. We need our elected officials to vote on the TEMP Bill without delay! #1u #TEMPbill #climate #climateaction ",3162,7.274026617033558e+18,UNSTOPPABLE EVENING,133.0,f,https://tiktok.com/@/video/7512583052082597150,7239814174917870635,f,"[""1u"",""tempbill"",""climate"",""climateaction""]"
7457699719662341406,1736381037,Free online estimate - link in bio!  Barlinek installation process. #barlinek #barlinekwoodenfloors #floorinstallation #hardwoodinstallation #woodinstallation #workprocess #installprocess #floorwork #floorworktechnique #bostonhardwoodfloor #bostonhardwoodcompany #massachusettshomes #bostonhomes #bostonrenovation #bostonservices #massachusettsflooring #bostonflooring #homeflooring #flooring #hardwoodflooringinstallation #hardwoodfloors #installation #process ,40714,7.274026617033558e+18,UNSTOPPABLE EVENING,133.0,f,https://tiktok.com/@/video/7457699719662341406,6922256882020205574,f,"[""barlinek"",""barlinekwoodenfloors"",""floorinstallation"",""hardwoodinstallation"",""woodinstallation"",""workprocess"",""installprocess"",""floorwork"",""floorworktechnique"",""bostonhardwoodfloor"",""bostonhardwoodcompany"",""massachusettshomes"",""bostonhomes"",""bostonrenovation"",""bostonservices"",""massachusettsflooring"",""bostonflooring"",""homeflooring"",""flooring"",""hardwoodflooringinstallation"",""hardwoodfloors"",""installation"",""process""]"
7385347707902315822,1719535269,@Nightingale Ice Cream really perfected the ice cream sandwich. I can’t wait to try rhe other flavors. #icecreamsandwich #icecream #creatorsearchinsights ,4702,7.274026617033558e+18,UNSTOPPABLE EVENING,133.0,f,https://tiktok.com/@/video/7385347707902315822,7335663027863487530,f,"[""icecreamsandwich"",""icecream"",""creatorsearchinsights""]"
7447006340318350638,1733891285,Come spend a cozy afternoon at OOIN Media here in NYC 😍 #ooinmedia #tiktokshop #tiktokpartner #tiktoklive ,535,7.274026617033558e+18,UNSTOPPABLE EVENING,133.0,f,https://tiktok.com/@/video/7447006340318350638,7427312029377807402,f,"[""ooinmedia"",""TikTokShop"",""tiktokpartner"",""tiktoklive""]"
7441278446032014635,1732557657,"🚨Come claim your 10% off at Del Taco!🚨 📍 Highway 99, Vancouver, WA 📍 NE Burnside Rd, Gresham, OR 🗓️ Offer valid from Nov 25 - Jan 1 ✅ Rules: 1️⃣ Follow me on TikTok or Instagram. 2️⃣ Show it at checkout to redeem! Tag someone who needs to know about this deal and enjoy! 🎉 Today’s food adventure takes us to Del Taco on Highway 99 in Vancouver, WA @DelTaco  • Episode 12 • • • #portlandeats #PDXfoodie #portlandfood #foodielife #foodreview #pdxspots #Luckybitesss #tastyfood #portlandoregon #foodvibes #foodiefinds #viraleats #portlandrestaurants #musttryeats #foodietiktok",5520,7.274026617033558e+18,UNSTOPPABLE EVENING,133.0,f,https://tiktok.com/@/video/7441278446032014635,7430677292790465578,f,"[""portlandeats"",""pdxfoodie"",""portlandfood"",""foodielife"",""foodreview"",""pdxspots"",""luckybitesss"",""tastyfood"",""portlandoregon"",""foodvibes"",""foodiefinds"",""viraleats"",""portlandrestaurants"",""musttryeats"",""foodietiktok""]"
7388283701970390314,1720218858,"Hemoglobin A1c is a crucial blood test that reveals your average blood sugar levels over the past 2-3 months, helping doctors diagnose and manage diabetes. Think of it as a report card for your body's sugar management. #Diabetes #HemoglobinA1c #BloodSugar #Health #Wellness #MedicalTest #HealthyLiving #Fitness #Nutrition #PreDiabetes #DiabetesAwareness #DiabetesManagement #HealthyLifestyle #Exercise #SugarControl #HealthTips #DoctorAdvice #MedicalInfo #HealthEducation #StayHealthy #HealthyEating #HeartHealth #KidneyHealth #VisionHealth #NerveHealth Disclaimer: This content is for educational purposes only and does not substitute for medical diagnosis or advice. Please discuss your lab results with your doctor for specific health implications and an appropriate treatment plan.",7225,7.274026617033558e+18,UNSTOPPABLE EVENING,133.0,f,https://tiktok.com/@/video/7388283701970390314,7006117585420125190,f,"[""diabetes"",""hemoglobina1c"",""bloodsugar"",""health"",""wellness"",""medicaltest"",""healthyliving"",""Fitness"",""nutrition"",""prediabetes"",""diabetesawareness"",""diabetesmanagement"",""healthylifestyle"",""exercise"",""sugarcontrol"",""healthtips"",""doctoradvice"",""medicalinfo"",""healtheducation"",""stayhealthy"",""healthyeating"",""hearthealth"",""kidneyhealth"",""visionhealth"",""nervehealth""]"
7482928479697194283,1742255085,Butter yellow nails for spring💛🌼🐝 Let’s try out the @dndgel gimmie’ butter  #nailsoftiktok #springnails #springnailinspo #nailsathome #yellownails #springtrends #nailinspo ,14689,7.274026617033558e+18,UNSTOPPABLE EVENING,133.0,f,https://tiktok.com/@/video/7482928479697194283,6806510572793299974,f,"[""nailsoftiktok"",""springnails"",""springnailinspo"",""nailsathome"",""yellownails"",""springtrends"",""nailinspo""]"
7380585236955991302,1718426416,Respuesta a @AlegraTV  SONANCE es una de las marcas que instalamos en nuestros proyectos residenciales y comerciales  • #sound #amazing #design #audiosystem #speaker #sonance #james #fortuneacoustics #mexico🇲🇽 ,6108,7.274026617033558e+18,UNSTOPPABLE EVENING,133.0,f,https://tiktok.com/@/video/7380585236955991302,6985187729496294406,f,"[""sound"",""amazing"",""design"",""audiosystem"",""speaker"",""sonance"",""james"",""fortuneacoustics"",""mexico\ud83c\uddf2\ud83c\uddfd""]"
7412711658780445983,1725906437,#CapCut #buffet #buffet_asia #buffetasia #comidachina. #lasvegas  ¿CUANTO CREEN QUE FUE LA CUENTA FINAL? ,1643,7.274026617033558e+18,UNSTOPPABLE EVENING,133.0,f,https://tiktok.com/@/video/7412711658780445983,6774595591273382917,f,"[""capcut"",""buffet"",""buffet_asia"",""buffetasia"",""comidachina"",""lasvegas""]"
7513349317684514070,1749337965,"Day 92: Mountains are done (for now). After back-to-back summits of Whitney, Forester and Kearsarge, we dragged our broken bodies down to the trailhead in the dark. Headlamps, mystery eyes glowing in the bushes, and a questionable number of water crossings. Got lucky with a hitch into town, came with a puppy and everything. From there it was chaos: pancakes the size of my face, hot sauce induced joy, a hole in my sleeping bag, and Giles brushing his teeth in his pants in the laundrette. Rest days hit different. Bishop’s been kind. Found a bed, a pool, and a resupply. Legs are grateful. Stomach’s full. Spirit’s slightly less crushed. Tomorrow, we go again. #pacificcresttrail #thruhike #pct2025 #scotland #california #pctgrant #desert #thruhiking #pct #snow #hikertrash ",960,7.274026617033558e+18,UNSTOPPABLE EVENING,133.0,f,https://tiktok.com/@/video/7513349317684514070,7471231024887137313,f,"[""pacificcresttrail"",""thruhike"",""pct2025"",""Scotland"",""california"",""pctgrant"",""desert"",""thruhiking"",""pct"",""snow"",""hikertrash""]"
7459870698048228654,1736886510,"We turned this narrow kitchen space into a beautiful area with an island that fit perfectly! This kitchen was only 128” wide, and our client really wanted an island. So, we got creative and made it happen! To fit everything in without compromising on style or functionality, we crafted the island cabinets to be just 18” deep. Then, we added extended panels on the sides (30” total versus the standard 36”) to give the illusion of full-depth cabinets. The result? A sleek, functional island that doesn’t overwhelm the space! Tour the entire project, “Transforming a Historic Family Home,” on kadilakhomes.com #smallkitchendesign #smallkitchenisland #kitchenislandideas #kitchenrenovationideas #kitchenislandseating #smallspacerenovation #smallkitchens ",13969,7.274026617033558e+18,UNSTOPPABLE EVENING,133.0,f,https://tiktok.com/@/video/7459870698048228654,6689582986109846533,f,"[""smallkitchendesign"",""smallkitchenisland"",""kitchenislandideas"",""kitchenrenovationideas"",""kitchenislandseating"",""smallspacerenovation"",""smallkitchens""]"
7490761063714016555,1744078752,We went to try out Smith in Capitol Hill! It’s a New American Cuisine. #fyp #seattle #food #smith #capitolhill ,2281,7.274026617033558e+18,UNSTOPPABLE EVENING,133.0,f,https://tiktok.com/@/video/7490761063714016555,6642740459209342981,f,"[""fyp"",""seattle"",""food"",""smith"",""capitolhill""]"
7464014065447308575,1737851237,a little weight loss won’t hurt huh ? i’m also short so that plays a role . idk we’ll see! restarting my healthy girl era was fun now let’s make it sustainable  #vlog #dayinmylife #dayinmylifevlog #blackgirlfitness #gymvlog ,1266,7.274026617033558e+18,UNSTOPPABLE EVENING,133.0,f,https://tiktok.com/@/video/7464014065447308575,6725886981505680390,f,"[""Vlog"",""dayinmylife"",""dayinmylifevlog"",""blackgirlfitness"",""gymvlog""]"
7484775225238785310,1742685055,This the best way to shoot content #filmmaking #podcastproducer #fyp #videographer @FINAO @Shunie ,1761,7.274026617033558e+18,UNSTOPPABLE EVENING,133.0,f,https://tiktok.com/@/video/7484775225238785310,6788530176215352326,f,"[""filmmaking"",""podcastproducer"",""fyp"",""videographer""]"
7510963843233975598,1748782662,"Come apartment touring with me in Charlotte, NC!!  Today we’re at Avalon Highland Creek. I really enjoyed this tour because the community seemed very quiet, they didn’t offer a whole bunch of amenities but it was still nice. They are located in the Highland creek area which I’m a fan of. It’s out of the way, good shopping area and only a 15 minute drive from uptown.  What do we think of Avalon?  #charlotte #charlottenc #clt #cItnc #queencity #apartmenthunting #apartmentsincharlotte #charlotteapartments #thingstodoincharlotte #charlottegirls",2483,7.274026617033558e+18,UNSTOPPABLE EVENING,133.0,f,https://tiktok.com/@/video/7510963843233975598,6731353595263845382,f,"[""charlotte"",""charlottenc"",""clt"",""citnc"",""queencity"",""apartmenthunting"",""apartmentsincharlotte"",""charlotteapartments"",""thingstodoincharlotte"",""charlottegirls""]"
7491733104218869035,1744305052,Bindrip day💙! #bindrip #bindripllc #explorepage #viralvideo #contentcreator #laredotx #fyp #foryoupage #trashcancleaning #trashcancleaningservice ,2300,7.274026617033558e+18,UNSTOPPABLE EVENING,133.0,f,https://tiktok.com/@/video/7491733104218869035,6734863100305130502,f,"[""bindrip"",""bindripllc"",""explorepage"",""viralvideo"",""contentcreator"",""laredotx"",""fyp"",""foryoupage"",""trashcancleaning"",""trashcancleaningservice""]"
7512492233023589663,1749138414,Dragon Ball Super Gogeta vs Broly Part 2 #fyp #anime #animetiktok #dragonball #supersaiyan #dbs #goku #vegeta #gogeta #broly #dbz #viral #freiza #fight #clips ,2505,7.274026617033558e+18,UNSTOPPABLE EVENING,133.0,f,https://tiktok.com/@/video/7512492233023589663,7485217785330107438,f,"[""fyp"",""anime"",""animetiktok"",""dragonball"",""supersaiyan"",""dbs"",""goku"",""vegeta"",""gogeta"",""broly"",""dbz"",""viral"",""freiza"",""fight"",""clips""]"
7514807982912310546,1749677587,My favorite Pokémon!!! 🤩 I hope round1 releases more Pokémon soon. #fyp #arcade #clawmachine #round1 #pokemon #bulbasaur #hack #tips #viral #philippines #america ,4164,7.274026617033558e+18,UNSTOPPABLE EVENING,133.0,f,https://tiktok.com/@/video/7514807982912310546,7461491673701975047,f,"[""fyp"",""arcade"",""clawmachine"",""round1"",""pokemon"",""bulbasaur"",""hack"",""tips"",""viral"",""philippines"",""america""]"
7462781565912010030,1737564276,#fitcheck #ootd #remoteworkootd ,2286,7.274026617033558e+18,UNSTOPPABLE EVENING,133.0,f,https://tiktok.com/@/video/7462781565912010030,6743226100656112645,f,"[""fitcheck"",""OOTD"",""remoteworkootd""]"
7373526559929404714,1716782941,"Channel Island National Park - Anacapa Island  We used Island Packers to get to the island.  Amazing views, beautiful wildlife but wouldnt recommend if you have a fear of birds 😬🫣#channelislands #nationalpark #canationalpark #eastanacapa #Nps #creatorsearchinsights ",5330,7.274026617033558e+18,UNSTOPPABLE EVENING,133.0,f,https://tiktok.com/@/video/7373526559929404714,7371580810148824107,f,"[""channelislands"",""nationalpark"",""canationalpark"",""eastanacapa"",""nps"",""creatorsearchinsights""]"
7493691809407814958,1744761099,How do you practice or what did you guys do? Help! Thanks! #ron #remoteonlinenotary #remoteonlinenotarization #notarytiktok #notarypublic #loansigningagent #loansigningsystem #smallbusinessowner #proof #notarize #remoteonlinenotarybusiness #notary ,1489,7.274026617033558e+18,UNSTOPPABLE EVENING,133.0,f,https://tiktok.com/@/video/7493691809407814958,7474039023096808490,f,"[""ron"",""remoteonlinenotary"",""remoteonlinenotarization"",""notarytiktok"",""notarypublic"",""loansigningagent"",""loansigningsystem"",""smallbusinessowner"",""proof"",""notarize"",""remoteonlinenotarybusiness"",""notary""]"
7515821721270635806,1749913633,Help me decorate this area!! #apartmentseries #decoronabudget #apartmentdecor #minivlog #fyp #apartmentfinds #listestylevlog #decortok #decortips #firstapartment #decoratewithme ,3232,7.274026617033558e+18,UNSTOPPABLE EVENING,133.0,f,https://tiktok.com/@/video/7515821721270635806,6958568563855885318,f,"[""apartmentseries"",""decoronabudget"",""apartmentdecor"",""minivlog"",""fyp"",""apartmentfinds"",""listestylevlog"",""decortok"",""decortips"",""firstapartment"",""decoratewithme""]"
7509595834812697902,1748464072,Post-Vacation Reset ☀️🏝️. #WeeklyReset #travel #parati #fyp #paratiiiiiiiiiiiiiiiiiiiiiiiiiiiiiii #iwanttogoviralthisweek ,2363,7.274026617033558e+18,UNSTOPPABLE EVENING,133.0,f,https://tiktok.com/@/video/7509595834812697902,6923690394530366470,f,"[""weeklyreset"",""travel"",""parati"",""fyp"",""paratiiiiiiiiiiiiiiiiiiiiiiiiiiiiiii"",""iwanttogoviralthisweek""]"
7456504904761265454,1736102847,"RERUN: This video is from all the way back in 2022 (when we could still get food for under $10). I have no idea what the current prices are, but regardless these spring rolls from Brodard Chateau in Garden Grove are definitely worth it!  It’s funny to see this video because I hadn’t yet met almost any of the business owners and content creators I’ve met over the years, so I was really just flying by the seat of my pants. I think I need to return a little more to that.  @brodard.chateau @brodardrestaurant  📍9100 Trask Ave, Garden Grove, CA 92844 #ocfoodie #ocfood #oceats #orangecounty #cheapfood #cheapeats #springrolls #gardengrove ",6457,7.274026617033558e+18,UNSTOPPABLE EVENING,133.0,f,https://tiktok.com/@/video/7456504904761265454,7001165578178446342,f,"[""ocfoodie"",""ocfood"",""oceats"",""orangecounty"",""cheapfood"",""cheapeats"",""springrolls"",""gardengrove""]"
7462096852024905003,1737404854,first bp lesson 🤣 thx mom. do not follow this advice maybe lol?? #premed #medicine #medschool #medicalschool #tutorial #bloodpressure ,9019,7.274026617033558e+18,UNSTOPPABLE EVENING,133.0,f,https://tiktok.com/@/video/7462096852024905003,13338384,f,"[""premed"",""medicine"",""medschool"",""medicalschool"",""tutorial"",""bloodpressure""]"
7490602143645289759,1744041761,Local store run to get some Xtreme Pellets. #africancichlids #africa #cichlids #starsapphire #marineland #aquatics #florida #FishTok #Aquarium #Aquascape #FishKeeping #AquariumLife #TropicalFish #FishTank #AquariumSetup #FishCommunity #PetFish #AquariumAddiction #AquariumHobby #AquariumLove #Fishtagram #UnderwaterWorld #waterchange #maintenance #weekly #passion #peacockcichlids #lakemalawi #laketanganyikacichlids #mbuna #seachem #aquatics,4528,7.274026617033558e+18,UNSTOPPABLE EVENING,133.0,f,https://tiktok.com/@/video/7490602143645289759,7486711210375791662,f,"[""africancichlids"",""africa"",""cichlids"",""starsapphire"",""marineland"",""aquatics"",""florida"",""fishtok"",""aquarium"",""aquascape"",""fishkeeping"",""aquariumlife"",""tropicalfish"",""fishtank"",""aquariumsetup"",""fishcommunity"",""petfish"",""aquariumaddiction"",""aquariumhobby"",""aquariumlove"",""fishtagram"",""underwaterworld"",""waterchange"",""maintenance"",""weekly"",""passion"",""peacockcichlids"",""lakemalawi"",""laketanganyikacichlids"",""mbuna"",""seachem""]"
7459856137706409258,1736883119,"Eviction is never fun… But sometimes that where we end up. Long story short, this seller decided she wanted to rent the home back from us after closing but never rent even after she had received almost $240k in proceeds. Be on the lookout for more from this story.  #realestateinvestor  #realestateinvesting  #fixerupper  #eviction ",7343,7.274026617033558e+18,UNSTOPPABLE EVENING,133.0,f,https://tiktok.com/@/video/7459856137706409258,6808131059302663174,f,"[""realestateinvestor"",""realestateinvesting"",""fixerupper"",""eviction""]"
7400087553342246174,1722967169,Is this the best fully automatic 35mm point & shoot film camera of all time?  #olympusmjuii #35mmfilm #filmcameraclub,3496,7.274026617033558e+18,UNSTOPPABLE EVENING,133.0,f,https://tiktok.com/@/video/7400087553342246174,7051747526886081541,f,"[""olympusmjuii"",""35mmfilm"",""filmcameraclub""]"
7461806836455427359,1737337314,"I couldn’t post this last night before the #tiktokban went into place 😅 Check out all our cute wins from Top Canvas!  😍A realistic date night at a claw machine arcade 🕹️ 🥰 R1 prizes have been so mid lately and I needed a dose of cuteness. Top Canvas is usually stocked with my favorite Rilakkuma and Mofusand plushies! They even have Pokemon plushies!  💵We spent $50 and got 115 tokens. We initially only planned on using half, but we overspent 🤣 in total, we spent about $40 worth of tokens  🧸The machines with the cute plushies tend to be a bit harder, so be sure to ask the staff for a reset and ask them for tips if needed. Beginners may find this location difficult, so save yourself the hassle and just ask for help! 🔂You’re also allowed to exchange for any plushies within the machine, so go ahead and grab whatever is easiest    📍Top Canvas Tustin (Claw Machine City)  2477 Park Ave, Tustin, CA 92782 The District at Tustin Legacy @Top Canvas @Claw Machine City  #clawmachine #clawmachinearcade #clawmachinewins #arcade #arcadewins #plushies #plushiesoftiktok #datenight #orangecounty #thingstodoinoc #familyfriendlyfun #sanrio #sanx #rilakkuma #korilakkuma #mofusand #pokemon #datenight #vlog",4354,7.274026617033558e+18,UNSTOPPABLE EVENING,133.0,f,https://tiktok.com/@/video/7461806836455427359,6783865556640187397,f,"[""tiktokban"",""clawmachine"",""clawmachinearcade"",""clawmachinewins"",""arcade"",""arcadewins"",""plushies"",""plushiesoftiktok"",""datenight"",""orangecounty"",""thingstodoinoc"",""familyfriendlyfun"",""sanrio"",""sanx"",""rilakkuma"",""korilakkuma"",""mofusand"",""pokemon"",""Vlog""]"
7385962895755988266,1719678503,2024 Porsche 911 Carrera S Cabriolet 🔥 Available at Porsche Monterey ask for Keanu 📲 #porsche #porsche911 #porsche992 ,10409,7.274026617033558e+18,UNSTOPPABLE EVENING,133.0,f,https://tiktok.com/@/video/7385962895755988266,7238040531704857646,f,"[""porsche"",""porsche911"",""porsche992""]"
7426821024244632875,1729191524,Preperations are underway for the crowning of the 98th and 14th💛💙 • • • • • • • • #jcsu #johnsoncsmithuniversity #johnsoncsmithuniversity💙💛💙 #goldenbulls💙💛 #hbcu #hbcupride #hbculife #hbcutiktok #fyp #fypage #fypシ゚viral #fyppppppppppppppppppppppp #viraltiktok #viral ,2031,7.274026617033558e+18,UNSTOPPABLE EVENING,133.0,f,https://tiktok.com/@/video/7426821024244632875,7194536703745377326,f,"[""jcsu"",""johnsoncsmithuniversity"",""johnsoncsmithuniversity\ud83d\udc99\ud83d\udc9b\ud83d\udc99"",""goldenbulls\ud83d\udc99\ud83d\udc9b"",""hbcu"",""hbcupride"",""hbculife"",""hbcutiktok"",""fyp"",""fypage"",""fyp\u30b7\u309aviral"",""fyppppppppppppppppppppppp"",""viraltiktok"",""viral""]"
7483336601679056158,1742350092,"If you can imagine it, we can make it happen, big or small! Our team is ready to take on any challenge and make it a reality. 💪 #landscape #backyardvibes #summervibes #pavers #beautiful #starttofinish #foryoupage #like #followerstiktok #landscaping #landscapephotography #design #saltlakecity #utah #hardwork #elquequierepuede #FamiliaPadilla #blessed ",3141,7.274026617033558e+18,UNSTOPPABLE EVENING,133.0,f,https://tiktok.com/@/video/7483336601679056158,7483268532018267182,f,"[""landscape"",""backyardvibes"",""summervibes"",""pavers"",""beautiful"",""starttofinish"",""foryoupage"",""like"",""followerstiktok"",""landscaping"",""landscapephotography"",""design"",""saltlakecity"",""utah"",""hardwork"",""elquequierepuede"",""familiapadilla"",""blessed""]"
7459199189541539102,1736730159,clean up with 7 month old’s breakfast with me 🫧 #firsttimemom #newmom #motherhood #momtok #sahm #baby #babytok #babytiktok #blw #blwjourney #babyledweaning #startingsolids  #7monthold #7months #cleantok #blwcleanup ,5772,7.274026617033558e+18,UNSTOPPABLE EVENING,133.0,f,https://tiktok.com/@/video/7459199189541539102,7212002559770739755,f,"[""firsttimemom"",""newmom"",""motherhood"",""momtok"",""sahm"",""baby"",""babytok"",""babytiktok"",""blw"",""blwjourney"",""babyledweaning"",""startingsolids"",""7monthold"",""7months"",""CleanTok"",""blwcleanup""]"
7491487470954056990,1744247860,Anyone loves 🍪🍪? #cookies #baking #nystylecookies #cookielover #bakingcookies #ilovebaking @Janet89 ,743,7.274026617033558e+18,UNSTOPPABLE EVENING,133.0,f,https://tiktok.com/@/video/7491487470954056990,7241626334645027886,f,"[""cookies"",""baking"",""nystylecookies"",""cookielover"",""bakingcookies"",""ilovebaking""]"
7482889938044865823,1742246117,Saturdal DIML! ✨💋🎥💍🤩💄#carolinegracecosmetics #glam #makeup #mua #ncmua #ncmua🥰💄 #makeupartist #weddingmua #fyp #trending #fory #weddingmakeup #diml #northcarolinamakeupartist #viral ,1837,7.274026617033558e+18,UNSTOPPABLE EVENING,133.0,f,https://tiktok.com/@/video/7482889938044865823,7395005796864459819,f,"[""carolinegracecosmetics"",""glam"",""makeup"",""mua"",""ncmua"",""ncmua\ud83e\udd70\ud83d\udc84"",""makeupartist"",""weddingmua"",""fyp"",""trending"",""fory"",""weddingmakeup"",""diml"",""northcarolinamakeupartist"",""viral""]"
7484326727473237278,1742580641,"📍Armature Works (Stall #13, 1910 N Ola Ave, Tampa, FL 33602 Tampa foodies, you NEED to try this spot! 🍝DalMoros at Armature Works is serving up fresh, delicious pasta made to order—so many options, and trust me, they’re ALL amazing! #tampa#pasta#reel#reels#mustry#tampagirl#viral#instagram#contentcreator#fyp#foryou #foryoupage ",10960,7.274026617033558e+18,UNSTOPPABLE EVENING,133.0,f,https://tiktok.com/@/video/7484326727473237278,6541872796544516102,f,"[""13"",""tampa"",""pasta"",""reel"",""reels"",""mustry"",""tampagirl"",""viral"",""instagram"",""contentcreator"",""fyp"",""foryou"",""foryoupage""]"
7439534974459596078,1732151722,Tis the season for dark and healthy hair 😍 @Matrix #MatrixPartner  #Matrixtonalcontrol #matrixbuildabond #hairtok #hairbytrishv #healthyhair #winterhairinspo #darkhair #darkhairgoals #lasvegashairstylist #lahairstylist #hawaiihairstylist,9967,7.274026617033558e+18,UNSTOPPABLE EVENING,133.0,f,https://tiktok.com/@/video/7439534974459596078,6743993593001051142,f,"[""matrixpartner"",""matrixtonalcontrol"",""matrixbuildabond"",""hairtok"",""hairbytrishv"",""healthyhair"",""winterhairinspo"",""darkhair"",""darkhairgoals"",""lasvegashairstylist"",""lahairstylist"",""hawaiihairstylist""]"
7512472327347752238,1749133784,"☀️ Summer just got a whole lot cooler at the City Museum gift shop 😎🛍️ From colorful camp shirts to Bog bags and backpacks, we’ve got everything you need to style your next adventure! #CityMuseum #SummerVibes #stlouis #GiftShopFinds #MuseumMerch #SummerStyle #BogBag #CampShirtSeason #ThingsToDoInSTL #ShopLocal #TikTokMadeMeBuyIt #fyp #AestheticFinds #MuseumTok ",2376,7.274026617033558e+18,UNSTOPPABLE EVENING,133.0,f,https://tiktok.com/@/video/7512472327347752238,6736673892557571078,f,"[""citymuseum"",""summervibes"",""stlouis"",""giftshopfinds"",""museummerch"",""summerstyle"",""bogbag"",""campshirtseason"",""thingstodoinstl"",""shoplocal"",""tiktokmademebuyit"",""fyp"",""aestheticfinds"",""museumtok""]"
7482701229949193503,1742202239,Matilda cast then and now #thenandnow #matilda #cast #usa #history ,2078,7.274026617033558e+18,UNSTOPPABLE EVENING,133.0,f,https://tiktok.com/@/video/7482701229949193503,7478720916752958507,f,"[""thenandnow"",""matilda"",""cast"",""usa"",""history""]"
7491817346491829547,1744324667,"One Pan Boursin Chicken Orzo Bake Easy and delicious one pan meal that will make a delicious dinner and have enough for a delicious leftover lunch the next day! 2 tbsp @Chosen Foods avocado oil 1 lb diced chicken breast  1/2 tsp paprika 1/2 tsp garlic powder  1/2 tsp @Trader Joe's Aglio Olio seasoning (or Italian seasoning  1/2 tsp salt 1/2 tsp black pepper Juice from 1 lemon 1 @Boursin Cheese Shallot & Chive 1/2 C Chopped sundried tomatoes 1/4 C frozen spinach, defrosted  1.5 C Orzo  2 C low sodium chicken broth 1 C water Preheat oven to 400F In a large baking dish, add avocado oil and diced chicken breast. Add all seasonings and lemon juice, then mix well. Create a hole in the center of the dish and place the Boursin cheese. Add in sundried tomatoes and spinach throughout entire dish. Add orzo throughout entire sish, then add chicken broth and water. Gently push orzo down to submerge under liquid. Place in oven, then bake 35-40 minutes. When done, remove from oven and mix entire dish. Let it sit 5-10 minutes for the orzo to soak up all the liquid, then enjoy!  #recipe #recipeshares #foodie #foodtok #easyrecipes #foodtiktok #foodblogger #cooking #dinner #dinnerideas #dinnerinspo #easyrecipe #easymeal #easymeals #weeknightdinner #weeknightmeals #weeknightdinnerrecipes #onepanmeal #orzo #tiktokfood #dinnertime #dinnerwithme ",3749,7.274026617033558e+18,UNSTOPPABLE EVENING,133.0,f,https://tiktok.com/@/video/7491817346491829547,7473534518453699626,f,"[""Recipe"",""recipeshares"",""Foodie"",""FoodTok"",""EasyRecipes"",""foodtiktok"",""foodblogger"",""cooking"",""dinner"",""DinnerIdeas"",""dinnerinspo"",""EasyRecipe"",""easymeal"",""easymeals"",""weeknightdinner"",""weeknightmeals"",""weeknightdinnerrecipes"",""onepanmeal"",""orzo"",""tiktokfood"",""dinnertime"",""dinnerwithme""]"
7404292387620605226,1723946168,My new phone case AOTESIER 😍 #fypage #fypシ゚viral #fyppppppppppppppppppppppp #amazonfinds #amazonphonecase #sagegreen #sagegreenaesthetic #iphonecase #iphone12minigreen ,9948,7.274026617033558e+18,UNSTOPPABLE EVENING,133.0,f,https://tiktok.com/@/video/7404292387620605226,6844968926919050245,f,"[""fypage"",""fyp\u30b7\u309aviral"",""fyppppppppppppppppppppppp"",""amazonfinds"",""amazonphonecase"",""sagegreen"",""sagegreenaesthetic"",""iphonecase"",""iphone12minigreen""]"
7457972895751376170,1736444635,Real Estate Photograohy Behind The Scenes #photographytips #photography #realestatephotography #dayinthelife #zillow ,2659,7.274026617033558e+18,UNSTOPPABLE EVENING,133.0,f,https://tiktok.com/@/video/7457972895751376170,6944166911370478598,f,"[""photographytips"",""photography"",""realestatephotography"",""dayinthelife"",""zillow""]"
7499497957444701471,1746112977,"Happy Opening Day to Quarry Oaks Golf Club! 🔥  After 2.5 years of dedication and hard work, the big day is finally here. I'm excited for everyone who played a part in the renovation and I’m even more excited for the golfers that will get to enjoy the new property. The vision was bold—and the results speak for themselves. 🔥 #fyp #golf #drone #nebraska #golftiktok ",3124,7.274026617033558e+18,UNSTOPPABLE EVENING,133.0,f,https://tiktok.com/@/video/7499497957444701471,6700269299531088902,f,"[""fyp"",""golf"",""drone"",""nebraska"",""golftiktok""]"
7493091874358545694,1744621553,"Day 4, 4/13/25 #vlog #vlogs #vlogger #vlogging #vlogtiktok #adayinmylife #adayinthelife #adayinmylifevlog #adayinmylifevlog #hawaii #hawaiitiktok #hawaiilife ",1274,7.274026617033558e+18,UNSTOPPABLE EVENING,133.0,f,https://tiktok.com/@/video/7493091874358545694,6740165878790538246,f,"[""Vlog"",""vlogs"",""vlogger"",""vlogging"",""vlogtiktok"",""adayinmylife"",""adayinthelife"",""adayinmylifevlog"",""hawaii"",""hawaiitiktok"",""hawaiilife""]"
7458747476070321454,1736624983,"Transforming my Frame TV into the ultimate statement piece for our family room 🎨✨ With a couple hours of DIY, several episodes of SATC, and a little help, I created a custom frame that blends seamlessly into this room. #frametv #diy #tvframe #homedecor #interiordesign #fyp ",3472,7.274026617033558e+18,UNSTOPPABLE EVENING,133.0,f,https://tiktok.com/@/video/7458747476070321454,7358082045279028267,f,"[""frametv"",""DIY"",""tvframe"",""homedecor"",""interiordesign"",""fyp""]"
7493007200609226015,1744601721,Un minivlog de nuestra rutina de viernes y así son casi todos nuestros días 😂 pero felicesss!!  #goldenretriever #dogsoftiktok #dog #goldenretrieverlife #boston #latina #lifestyle ,2063,7.274026617033558e+18,UNSTOPPABLE EVENING,133.0,f,https://tiktok.com/@/video/7493007200609226015,124701946480865280,f,"[""goldenretriever"",""dogsoftiktok"",""dog"",""goldenretrieverlife"",""boston"",""latina"",""Lifestyle""]"
7515524730779077930,1749844504,Like and follow our TikTok for 20$ off your next visit!!😊❤️#laserhairremoval #lexingtonky #lasertattooremoval #skintigheningtreatment #facialtreatment #skincare #skincare #skincare #skincare #kentucky #foryoupage ,6087,7.274026617033558e+18,UNSTOPPABLE EVENING,133.0,f,https://tiktok.com/@/video/7515524730779077930,7120628177261970478,f,"[""laserhairremoval"",""lexingtonky"",""lasertattooremoval"",""skintigheningtreatment"",""facialtreatment"",""skincare"",""kentucky"",""foryoupage""]"
7492876672161565974,1744571302,"Need a good mouse? I gotchu. The @Logitech mx master 3 is top tier. Been using it since the day it was released and I will NOT be changing any time soon.  . . . . . . Like share, save and follow @naj_visuals for more desk setup content inspirations . . . . #interiordecor #livingroomdecor #detailsmatter #hometour #interiordecorator #livingroomideas #homestyle #cozyvibes #desksetup #desk #setupinspiration",1511,7.274026617033558e+18,UNSTOPPABLE EVENING,133.0,f,https://tiktok.com/@/video/7492876672161565974,7075808788141720581,f,"[""interiordecor"",""livingroomdecor"",""detailsmatter"",""hometour"",""interiordecorator"",""livingroomideas"",""homestyle"",""cozyvibes"",""desksetup"",""desk"",""setupinspiration""]"
7369988685468552491,1715959225,We’ve got some feelings when it comes to senior living because we know it can be done better. And that’s what we’re on a mission to do each day. Your loved ones deserve it! #therestoracy #eldercare #seniorcare #seniorcarereimagined #seniorlivingcommunity #skillednursing #nationalnursinghomeweek #seniorlivingicks #ickschallenge ,2253,7.274026617033558e+18,UNSTOPPABLE EVENING,133.0,f,https://tiktok.com/@/video/7369988685468552491,7273519759530312750,f,"[""therestoracy"",""eldercare"",""seniorcare"",""seniorcarereimagined"",""seniorlivingcommunity"",""skillednursing"",""nationalnursinghomeweek"",""seniorlivingicks"",""ickschallenge""]"
7461046562576272682,1737160281,"For paints that can be worn in the office, going out, and everywhere in between check out the 365 Chino! @Huckberry   #mensstyleguide #menspants #fashiontiktok ",16130,7.274026617033558e+18,UNSTOPPABLE EVENING,133.0,f,https://tiktok.com/@/video/7461046562576272682,7055095549611230213,f,"[""mensstyleguide"",""menspants"",""fashiontiktok""]"
7442049809135029546,1732737253,"Looking to elevate your recovery? Meet @antivdote – the ultimate electrolyte drink packed with TH Vitamin C to boost hydration, calm nerves, and support restful sleep. Stay sharp, stay hydrated!  https://spn.so/exh0diqw #rest #relax #hydrationdrink #electrolytes #energydrink #antivdotepartner #explore #exploreage #viral #foryoupage #fyp #antivdote ",1397,7.274026617033558e+18,UNSTOPPABLE EVENING,133.0,f,https://tiktok.com/@/video/7442049809135029546,7431591252808713258,f,"[""rest"",""relax"",""hydrationdrink"",""electrolytes"",""energydrink"",""antivdotepartner"",""explore"",""exploreage"",""viral"",""foryoupage"",""fyp"",""antivdote""]"
7498367113489337646,1745849683,Man the framing for the tub area was also off on this house so I have to come back sometime this week and finish it  uhhh 😬 #newconstruction #bluecollar #plumber #florida #construction #plumbing  #trades #work #house ,4869,7.274026617033558e+18,UNSTOPPABLE EVENING,133.0,f,https://tiktok.com/@/video/7498367113489337646,6592703592946368517,f,"[""newconstruction"",""bluecollar"",""plumber"",""florida"",""construction"",""plumbing"",""trades"",""work"",""house""]"
7419554159663353119,1727499596,"FOR SALE: 📍213 Buffalo Rd, Clarksville VA 23927📍 ✅3 bed ✅2 Bath 💰$289,740 📲Give me a call to check it out today! 434-210-7990📲 Listed by Nathan White, Realtor 😁Colby Bailey😁 🌲Southern Pine Realty Solutions🌲 #realtor #realestate #realestateagent #kerrlake ",3703,7.274026617033558e+18,UNSTOPPABLE EVENING,133.0,f,https://tiktok.com/@/video/7419554159663353119,7327277602037089310,f,"[""realtor"",""realestate"",""realestateagent"",""kerrlake""]"
7475571576059006251,1740542173,Food Dye in Gatorade Lab #teachersoftiktok #tiktokuniversity #teacher #teacherlife #professor #chemistry #lab #hawaii #gatorade ,703,7.274026617033558e+18,UNSTOPPABLE EVENING,133.0,f,https://tiktok.com/@/video/7475571576059006251,6848979921735484422,f,"[""teachersoftiktok"",""tiktokuniversity"",""teacher"",""teacherlife"",""professor"",""chemistry"",""lab"",""hawaii"",""gatorade""]"
7429273119375887648,1729762451,"Replying to @K U H I S 🔱 195 on a 7j wheel. Because of the 50 Profile tire didnt stretch, i will try 45 or 40 profile Next. #stretchtires #fyp #tiresstretch #tirefitting #195on7j #creatorsearchinsights ",14119,7.274026617033558e+18,UNSTOPPABLE EVENING,133.0,f,https://tiktok.com/@/video/7429273119375887648,7381410098725979168,f,"[""stretchtires"",""fyp"",""tiresstretch"",""tirefitting"",""195on7j"",""creatorsearchinsights""]"
7463637126328978718,1737763474,"E.C. Pops is the place to go for all things Maryland themed! They have everything from the best candles made in Baltimore @Milk Reclamation Barn Candles  to an impressive selection of @Route One Apparel ! The Ellicott City location also has a window where you can watch them make their many varieties of popcorn! You are even able to sample each flavor that they offer. 🍿 They have truly everything you can imagine including home decor, Maryland snacks, every flavor of soda imaginable, and a whole kitchen/cooking section!  E.C. Pops has locations in Old Ellicott City, Fells Point, and an outlet store in Cockeysville! The Ellicott City location is my personal favorite, but each location has something unique to offer! I highly recommend checking them out! 📍3709 Old Columbia Pike  Ellicott City, MD 21043  #md #maryland #ecpops #ellicottcity #fellspoint #popcorn #routeoneapparel #howardcounty #baltimore #meetmeinmd ",4253,7.274026617033558e+18,UNSTOPPABLE EVENING,133.0,f,https://tiktok.com/@/video/7463637126328978718,7425827426562196522,f,"[""md"",""maryland"",""ecpops"",""ellicottcity"",""fellspoint"",""popcorn"",""routeoneapparel"",""howardcounty"",""baltimore"",""meetmeinmd""]"
7481276782860111147,1741870505,"What do you think of this proposal? 👍 Good use of the space 👎 Doesn’t fit the area Paragon Place: New Supportive Housing Project Moves Forward 1️⃣ Project Overview: A new four-story, 50-unit permanent supportive housing project has been proposed for 2205 N Washington St in Denver. The development will include 4,000 square feet of commercial space designated for a nonprofit service provider and 42 parking spaces on-site. 2️⃣ What’s Planned? The project aims to provide 100% income-restricted housing, designated for individuals experiencing housing insecurity. The site, currently an open dog park, would be repurposed to accommodate the new building, which requires a rezoning to C-MX-5 to move forward. 3️⃣ Community Discussion: Some local residents have raised concerns about the project’s size, design, and fit within the neighborhood. A community meeting is scheduled for Thursday, March 13, from 6-7:30 PM at the Barney Ford Apartment Building (2024 N Clarkson St) for further discussion. 🏗 Development Team: * Developer: Cohen-Esrey * Architect: Davis Partnership Architects Stay tuned for more updates as this project moves through the approval process. #developingdenver #denverhousing #denverdevelopment #affordablehousing #denverrealestate #denverconstruction #supportivehousing #denverurbanism #communitydevelopment #paragonplacedenver #denvergrowth #denver #denvercommunitymeeting #denverplanning #northcapitolhill #denverzoning",4538,7.274026617033558e+18,UNSTOPPABLE EVENING,133.0,f,https://tiktok.com/@/video/7481276782860111147,7253904203714626606,f,"[""developingdenver"",""denverhousing"",""denverdevelopment"",""affordablehousing"",""denverrealestate"",""denverconstruction"",""supportivehousing"",""denverurbanism"",""communitydevelopment"",""paragonplacedenver"",""denvergrowth"",""denver"",""denvercommunitymeeting"",""denverplanning"",""northcapitolhill"",""denverzoning""]"
7465907928088825130,1738292187,Making an adjustable ruffle bonnet…fail kinda lol. I quickly realized i need a bigger pattern for the bonnet. Part 2 soon with a second attempt!  #sewingtiktok #bonnet #satinbonnets #diysewing ,3569,7.274026617033558e+18,UNSTOPPABLE EVENING,133.0,f,https://tiktok.com/@/video/7465907928088825130,7246949996433327150,f,"[""sewingtiktok"",""bonnet"",""satinbonnets"",""diysewing""]"
7412229196346395947,1725794122,Another favorite added to the rotation! @TORRIDEN US  #torriden #cellmazing #vitaminc #skincare #eyecream  ,14781,7.274026617033558e+18,UNSTOPPABLE EVENING,133.0,f,https://tiktok.com/@/video/7412229196346395947,6798122162030707718,f,"[""torriden"",""cellmazing"",""vitaminc"",""skincare"",""eyecream""]"
7469896270686014763,1739220811,New cherry charm added to my collection 🍒✨ #pursetok #pursecollection #pursecollector #pursecharms #tiktokshopfinds #tiktokshop #creatorsearchinsight #fy #fyp #fyp ,3657,7.274026617033558e+18,UNSTOPPABLE EVENING,133.0,f,https://tiktok.com/@/video/7469896270686014763,6969203697754653701,f,"[""pursetok"",""pursecollection"",""pursecollector"",""pursecharms"",""tiktokshopfinds"",""TikTokShop"",""creatorsearchinsight"",""fy"",""fyp""]"
7465047531551182126,1738091886,3 tips to build momentum in the gym! #fyp #foryoupage #foryou #gyminspo #gymtips #gymtok #fitnessjourney #gymrat #fitness ,967,7.274026617033558e+18,UNSTOPPABLE EVENING,133.0,f,https://tiktok.com/@/video/7465047531551182126,6673861442163082246,f,"[""fyp"",""foryoupage"",""foryou"",""gyminspo"",""gymtips"",""GymTok"",""fitnessjourney"",""gymrat"",""Fitness""]"
7503956199054904606,1747150991,Feels SO good to be back home!!! Happy start of summer:)  #cleaningtiktok #organize #unpacking #summer #CapCut ,853,7.274026617033558e+18,UNSTOPPABLE EVENING,133.0,f,https://tiktok.com/@/video/7503956199054904606,6639856545789100037,f,"[""cleaningtiktok"",""organize"",""unpacking"",""Summer"",""capcut""]"
7458412550556978478,1736547004,Checking out the 3 chicken tender plate from @That Mother Clucker in the High Desert of California. The Nashville chicken is legit hot and this place is a hidden treasure 😍 #chicken #eating #foodies #travel #asmr  #finedining #reviews #streetfood #applevalley #highdesert #trysomethingnew #hungry ,5569,7.274026617033558e+18,UNSTOPPABLE EVENING,133.0,f,https://tiktok.com/@/video/7458412550556978478,6666995819642830854,f,[]
7483309593125195038,1742343812,"I’m not a chef, but I do love a cozy night in the kitchen. 🍽️ Tonight, we’re making my favorite, turkey meatloaf—because comfort food doesn’t have to be hard to make! Let’s get cooking! 🧑🏾‍🍳✨ 🥄 Turkey Meatloaf Recipe 🥄 Ingredients: ▢ Ketchup 🍅 ▢ Honey to taste 🍯 ▢ BBQ sauce 🔥 ▢ Worcestershire sauce ▢ 1 small onion, minced 🧅 ▢ 2 packs ground turkey  ▢ 1 cup seasoned breadcrumbs ▢ 2 large eggs 🥚 Instructions: 1️⃣ Preheat oven to 350°F (175°C). 2️⃣ In a small bowl, mix honey, BBQ sauce, ketchup, and Worcestershire sauce. 3️⃣ In a skillet, heat olive oil and cook onions on low until translucent (3-5 mins). 4️⃣ In a bowl, combine turkey, onions, breadcrumbs, eggs, ketchup, and seasonings. 5️⃣ Shape into a loaf and place in a loaf pan or baking pan. 6️⃣ Spoon sauce on top and bake uncovered for 55-60 minutes. 7️⃣ Let sit cool and it’s ready to serve. Would you try this? Comment below! 👇✨  #CookWithMe #CozyRecipes #EasyDinners #TurkeyMeatloaf ",3542,7.274026617033558e+18,UNSTOPPABLE EVENING,133.0,f,https://tiktok.com/@/video/7483309593125195038,6555090269434363906,f,"[""CookWithMe"",""cozyrecipes"",""easydinners"",""turkeymeatloaf""]"
7490319997684682015,1743976047,Replying to @SpaceGodzilla Sometimes ish happens…and it sucks and is frustrating! We sympathize! #whiskey #thewhiskeyidiots #btt #whiskeychurch #barrelpicks #information #knowledgedrop #love #community #penelope17alw @WoodfordBourbonGuy @ThatOneDudeRyan (Ryan Mills) @BONZO @Onebigpikey ,1818,7.274026617033558e+18,UNSTOPPABLE EVENING,133.0,f,https://tiktok.com/@/video/7490319997684682015,7065758430810309678,f,"[""whiskey"",""thewhiskeyidiots"",""btt"",""whiskeychurch"",""barrelpicks"",""information"",""knowledgedrop"",""Love"",""community"",""penelope17alw""]"
7475380766243949866,1740497778,"New build, new deals! 🏠 Builders are offering incredible incentives, now’s the perfect time to snag your dream home💰 #hometour#tour#denver#colorado#realestate#realtor#homedecor#homeimprovement#homemade#bienesraices#spanishtiktok#bilingual#fypシ#fyp#home#goals#buynow#newconstruction#newbuild#casanueva#aurora#denvernuggets#coloradolife#CapCut ",5018,7.274026617033558e+18,UNSTOPPABLE EVENING,133.0,f,https://tiktok.com/@/video/7475380766243949866,6807995389606806534,f,"[""hometour"",""tour"",""denver"",""colorado"",""realestate"",""realtor"",""homedecor"",""homeimprovement"",""homemade"",""bienesraices"",""spanishtiktok"",""bilingual"",""fyp\u30b7"",""fyp"",""Home"",""goals"",""buynow"",""newconstruction"",""newbuild"",""casanueva"",""aurora"",""denvernuggets"",""coloradolife"",""capcut""]"
7488152731962707246,1743471452,"Soft skin, calm mind. Nutseline in my daily ritual #Nutseline #skincareroutin #simplebeauty #ugc #content #contentcreator #reels #kskincare @nutseline_global ",1152,7.274026617033558e+18,UNSTOPPABLE EVENING,133.0,f,https://tiktok.com/@/video/7488152731962707246,7418990635295704110,f,"[""nutseline"",""skincareroutin"",""simplebeauty"",""ugc"",""content"",""contentcreator"",""reels"",""kskincare""]"
7489232480629706014,1743722829,@Sam’s Club @byDash  #fyp #SincerelyTakisha #Samsclub #dash #greatfinds #melaninmomsoftiktok ,2215,7.274026617033558e+18,UNSTOPPABLE EVENING,133.0,f,https://tiktok.com/@/video/7489232480629706014,6955866911687427077,f,"[""fyp"",""sincerelytakisha"",""samsclub"",""dash"",""greatfinds"",""melaninmomsoftiktok""]"
7407486132629359902,1724689788,i got a lot of questions about shampooing with sulfate free shampoo  Here’s a tutorial!  1. Get your hair soaking wet  2. Lather the shampoo in your hands first  3. Scrub your scalp in circular motions  4. Rinse out 1st wash  5. Repeat!  6. Rinse out 2nd wash  #lather #sulfatefree #shampootutorial #howtoshampoo #hairtutorial #hairstylist #shampooandconditioner #shampooreview #fentybeauty #showerhack #beautyreview #makeuptutorial #tutorial ,9166,7.274026617033558e+18,UNSTOPPABLE EVENING,133.0,f,https://tiktok.com/@/video/7407486132629359902,6826522903972250629,f,"[""lather"",""sulfatefree"",""shampootutorial"",""howtoshampoo"",""hairtutorial"",""hairstylist"",""shampooandconditioner"",""shampooreview"",""fentybeauty"",""showerhack"",""BeautyReview"",""makeuptutorial"",""tutorial""]"
7491012205631048991,1744137226,"Personal Branding Tips - Part 2 💫 Why I ALWAYS rock a RED HAT 🤔 We’re in an era where social media gives you the choice to shape YOUR PERSONAL BRAND in the way you see fit! A Personal Brand Consists of: VISUAL CONTENT  Photo and Video SPECIFIC COLORS  To Communicate Brand Messaging AUDIO Your Voice, Tone, Music Choice and SFX TEXT The Font(s) Chosen To Represent Your Brand Out of these 4 categories choose at least one to idea on a characteristic that will separate you from those in your niche! Being UNIQUE is the true currency now, and Authenticity will take you TO THE STARS 💫 Drop a comment and tell me what makes your content unique‼️ #contenttips #contentcreation #personalbrand #filmmaking #cameratips #fyp ",1277,7.274026617033558e+18,UNSTOPPABLE EVENING,133.0,f,https://tiktok.com/@/video/7491012205631048991,886978,f,"[""contenttips"",""contentcreation"",""personalbrand"",""filmmaking"",""cameratips"",""fyp""]"
7497693623195094303,1745692860,Una tarde conmigo como Mx en la montaña 🏔️🐻🌲🇺🇸  @Grocery Outlet  #mexicanaenusa #mexicanaenlamontaña #unatardeconmigo #adayinmylife #undiaconmigo #spendthedaywithme #bigbearcalifornia #bigbearlake #undiaconmigo #fyp #fypシ #parati #paratiiiiiiiiiiiiiiiiiiiiiiiiiiiiiii #vlog ,1366,7.274026617033558e+18,UNSTOPPABLE EVENING,133.0,f,https://tiktok.com/@/video/7497693623195094303,7302530530473395243,f,"[""mexicanaenusa"",""mexicanaenlamonta\u00f1a"",""unatardeconmigo"",""adayinmylife"",""undiaconmigo"",""spendthedaywithme"",""bigbearcalifornia"",""bigbearlake"",""fyp"",""fyp\u30b7"",""parati"",""paratiiiiiiiiiiiiiiiiiiiiiiiiiiiiiii"",""Vlog""]"
7468774807056764203,1738959697,"Getting into another fabulous needle drop from Invincible Season Three on Amazon Prime Featuring #grammys nominated Dance record, Go by The Chemical Brothers. It hosts vocals from Q-Tip and samples Bobby Byrd & James Brown as well as Bunny Sigler. My previous video on Invincible’s use of Final Days by Michael Kiwanuka:  @hennyondatube  ",2578,7.274026617033558e+18,UNSTOPPABLE EVENING,133.0,f,https://tiktok.com/@/video/7468774807056764203,6776808141624837126,f,"[""grammys""]"
7401181315694890283,1723221815,"📍6820 Mystic Grove, Brownsville, TX. 78526 💲325,000 🛏️3 bed | 2.5 bath | 1,817 sqft Step into your dream home! 🏡 Join me for an exclusive tour of this gorgeous new listing. Ready to make it yours? Contact me today for more details and to schedule a private showing!  LA: Dora Garcia, Nexus Real Estate. Mauricio De Los Santos Nexus Real Estate Realtor 📞(956)372-6880 📧mdlsrealestate@outlook.com TikTok: realestatewithmau FB: Mauricio De Los Santos, Texas RGV Realtor #DreamHome #HouseTour #RealEstate #NewListing #realtor #rgvrrealtor #rgv #brownsville #rgv #rgvhomes #newhome #homebuying #homeownership #",2969,7.274026617033558e+18,UNSTOPPABLE EVENING,133.0,f,https://tiktok.com/@/video/7401181315694890283,7301203553537655854,f,"[""dreamhome"",""housetour"",""realestate"",""newlisting"",""realtor"",""rgvrrealtor"",""rgv"",""brownsville"",""rgvhomes"",""newhome"",""homebuying"",""homeownership""]"
7465780935728860459,1738262627,"High Protein Dairy Free Cookie Dough with only 5 ingredients!  ⭐️ Ingredients: @Legion Supplements vanilla vegan protein dairy free dark chocolate chips raw honey nutzo nut butter Almond Milk Why Legion? All natural ingredients, has effective ingredients nd doses, third party tested, and their flavors just taste soooo good. ⭐️ Recipe: -2 scoops of protein  -a drizzle which was about about 10g of raw honey -around 3/4 cup of almond milk- I recommend adding a little mixing it up and then slowly adding more to get the right texture -2 tbsp of nut butter  -1/3 cup of the dark chocolate chips Mix it up, put it in the freezer for 5-10 minutes, then enjoy!  ⭐️Legion protein is BOGO 50% off right now! Go snag some ASAP because idk how long that deal will be going on.  ➡️ Add my code DJFIT for extra points and money off for future orders too!🫶🏼 (message me if you use my code so I can thank you 🤍) And of course make sure to save this video so you can make this delicious cookie dough too when your protein order gets delivered! #protein #highprotein #proteinsnacks #leanout #legion",2453,7.274026617033558e+18,UNSTOPPABLE EVENING,133.0,f,https://tiktok.com/@/video/7465780935728860459,6566541661257121794,f,"[""protein"",""highprotein"",""proteinsnacks"",""leanout"",""legion""]"
7454276689284107563,1735584043,"During the holiday season, we wanted to show our appreciation for our amazing team in a meaningful way. Our Maine-based tech support superstar Josh crafted 100 handmade sake cups—one for every member of the Skutt family! 🍶 Josh poured his heart and skill into these unique gifts, reminding us all of the creativity, craftsmanship, and teamwork that inspire us as we step into 2025. Take a look at how these beautiful cups came to life.   #thrownonaskutt #madeinaskutt #sakecup #pottery #ceramics ",1198,7.274026617033558e+18,UNSTOPPABLE EVENING,133.0,f,https://tiktok.com/@/video/7454276689284107563,7197823937729692718,f,"[""thrownonaskutt"",""madeinaskutt"",""sakecup"",""pottery"",""ceramics""]"
7461746667889560878,1737323293,"Hot honey and pizza and sesame crust 🤝 so good 😮‍💨😮‍💨 @pauliegeessoulcity was one of the first pizza shops in NYC recommended to me by a friend and it is totally worth the hype! In a city where there are slice shops at every corner, they do a really great job in making a unique but not too out there slice. I constantly think of the sesame crust here that lines their beautifully fluffy crust 😮‍💨 the hellboy is so good with hot honey and is definitely the slice I would get here every time. I also loved the Mootz as a white slice lover as well as the sausage slice 😍😍 so good! And I love how the prices are reasonable and that there are vegan options too which is rare. Definitely come check them out and see what the hype is all about! 📍Pauline Gee’s Slice Shop 110 Franklin St, Brooklyn, NY 11222 #pizza #nycslice #nycpizza #cheapeats #nyceats #nycfood #aapifoodiefam #baeeatsworld #hothoney #pepperoni #greenpoint #brooklyn",2493,7.274026617033558e+18,UNSTOPPABLE EVENING,133.0,f,https://tiktok.com/@/video/7461746667889560878,7249532067355984942,f,"[""pizza"",""nycslice"",""nycpizza"",""cheapeats"",""nyceats"",""nycfood"",""aapifoodiefam"",""baeeatsworld"",""hothoney"",""pepperoni"",""greenpoint"",""brooklyn""]"
7509251319748693294,1748383863,"A while back I checked out #StoneTerraceGastroPub for the very first time. This is an upscale contemporary dining destination in San Antonio's Stone Oak neighborhood, infusing classic French techniques into American and Italian fusion dishes. A standout feature is the ""food flights,"" allowing patrons to sample a variety of dishes in one order. Options include beef, seafood, surf & turf, and chicken flights, each comprising multiple small portions for a diverse tasting experience. I really enjoyed my experience and everything I tried was exceptional so do yourself a favor and #CheckEmouut 📍20626 Stone Oak Pkwy #103, San Antonio, TX 78258 #SanAntonioEats #SanAntonioFoodie #SanAntonio #AsSeenInSA #PuroSanAntonio #210 ",3360,7.274026617033558e+18,UNSTOPPABLE EVENING,133.0,f,https://tiktok.com/@/video/7509251319748693294,7002266557208708101,f,"[""stoneterracegastropub"",""checkemouut"",""103"",""sanantonioeats"",""sanantoniofoodie"",""sanantonio"",""asseeninsa"",""purosanantonio"",""210""]"
7463443261928017182,1737718407,"Made the ultimate crunch-worthy salad 🥗✨ Perfect balance of flavors with teriyaki chicken, crispy shallots, and seaweed! 🌿🥕🍊 Who said salads have to be boring? 🤤 #HealthyEats #SaladGoals #FoodieLife #QuickMeals #TikTokCooks #theartoflivingwell #livingwell",2122,7.274026617033558e+18,UNSTOPPABLE EVENING,133.0,f,https://tiktok.com/@/video/7463443261928017182,7431326274913715243,f,"[""healthyeats"",""saladgoals"",""foodielife"",""quickmeals"",""tiktokcooks"",""theartoflivingwell"",""livingwell""]"
7495426778161433902,1745165073,Restoring a legend. Can confirm it’s up and running now. What should I do with it? #gpu #gaming #techtok #restoration #pc #nvidia ,2755,7.274026617033558e+18,UNSTOPPABLE EVENING,133.0,f,https://tiktok.com/@/video/7495426778161433902,6721097254457738246,f,"[""gpu"",""gaming"",""techtok"",""restoration"",""pc"",""nvidia""]"
7500364034969963818,1746314614,"Who Would Live In A Trailer? Me, And This Is Why 🌄 . #trailer #trailerlife #sunset #travel #traveltiktok #traveling #rv #rvlife #outdoors #nature #outside #camp #camping #van #vanlife #roadtrip #mountain #mountains #tow #towing #haul #hauling #diesel #truck ",1776,7.274026617033558e+18,UNSTOPPABLE EVENING,133.0,f,https://tiktok.com/@/video/7500364034969963818,7454616565239972910,f,"[""trailer"",""trailerlife"",""sunset"",""travel"",""traveltiktok"",""traveling"",""rv"",""rvlife"",""Outdoors"",""nature"",""outside"",""camp"",""camping"",""van"",""vanlife"",""roadtrip"",""mountain"",""mountains"",""tow"",""towing"",""haul"",""hauling"",""diesel"",""truck""]"
7459501511337364766,1736800553,"Homemade Grape Juice 🍇 (Swipe Up & Save 10% On The Kuvings Auto10 Plus Auto10 Plus Juicer) Grapes are one of the most astringent fruits on the planet which makes them great for promoting the bodies natural detoxification process ⚡️ Astringent foods like grapes & oranges or limes are going to increase lymphatic flow within the body, boosting the immune system in the process! Black grapes are one of my favorite for homemade grape juice recipes! Would you try this juice? 🍇 Ingredients: yields roughly 1 liter of fresh juice 2lbs fresh grapes #growyourown #grapejuice #grape #grapes #juice #freshjuice #homemadejuice #immuneboost #lymphaticdrainage #nutritious #juicingforhealth #healthiswealth #healthandwellness #growyourownfood #growyourownlives #fruitheals #healingfruit #natureheals #healingnature #fy #fyp #fypシ #foryou #foryoupage",5212,7.274026617033558e+18,UNSTOPPABLE EVENING,133.0,f,https://tiktok.com/@/video/7459501511337364766,7092469813306852394,f,"[""growyourown"",""grapejuice"",""grape"",""grapes"",""juice"",""freshjuice"",""homemadejuice"",""immuneboost"",""lymphaticdrainage"",""nutritious"",""juicingforhealth"",""healthiswealth"",""healthandwellness"",""growyourownfood"",""growyourownlives"",""fruitheals"",""healingfruit"",""natureheals"",""healingnature"",""fy"",""fyp"",""fyp\u30b7"",""foryou"",""foryoupage""]"
7458695441798974750,1736612877,"In my five years of teaching, I’ve always paired hand movements with each letter sound of the alphabet to make learning more interactive and memorable for my kinders. But this year, I’m taking it up a notch by introducing movements for blends and digraphs, too! Here’s why: connecting a movement to a sound gives kids an extra layer of learning—it’s tactile, auditory, and visual all at once! And let me tell you, they’ve been loving it. In this reel, we practiced s blends by pairing each blend with a movement and then worked on decoding words together using backward decoding slides. Why backward decoding? It helps kids focus on the ending sounds of a word first, which is often where they get stuck. By decoding backwards, they build a stronger understanding of how sounds blend together, boosting their confidence and accuracy when reading. #teachersoftiktok #kindergarten #kinder #phonicsfun #sor #earlyliteracy #earlylearning #earlychildhood #literacyforall #scienceofreadingteachers #phonics #phonicsactivities",2490,7.274026617033558e+18,UNSTOPPABLE EVENING,133.0,f,https://tiktok.com/@/video/7458695441798974750,7121702952998847534,f,"[""teachersoftiktok"",""kindergarten"",""kinder"",""phonicsfun"",""sor"",""earlyliteracy"",""earlylearning"",""earlychildhood"",""literacyforall"",""scienceofreadingteachers"",""phonics"",""phonicsactivities""]"
7465841863778389294,1738276806,#shelter #godswork #boston #massachusetts #donate #today #humble #thefamily #myshelterfamily #boslady ,1091,7.274026617033558e+18,UNSTOPPABLE EVENING,133.0,f,https://tiktok.com/@/video/7465841863778389294,7213508942212351022,f,"[""shelter"",""godswork"",""boston"",""massachusetts"",""donate"",""today"",""humble"",""thefamily"",""myshelterfamily"",""boslady""]"
7510645266416979231,1748708397,"Listen, it’s not rocket science when it comes to growing your TikTok account! Keep it simple, keep it engaging, and give value! Join a community of people that want to grow their accounts and are sharing the strategies that are working for them! #tiktokstrategy #contentcreators #tiktokgrowth #goviralontiktok @@Tyler Miller @Authentic Vision Pros ",1103,7.274026617033558e+18,UNSTOPPABLE EVENING,133.0,f,https://tiktok.com/@/video/7510645266416979231,7340905716397556778,f,"[""tiktokstrategy"",""contentcreators"",""tiktokgrowth"",""goviralontiktok""]"
7513586588853554463,1749393230,Men Invisible Locs w/extensions🔥🔥 #meninvisiblelocs #invisiblelocs #twistswithextensions #atlantabraider #viral #fypシ ,5355,7.274026617033558e+18,UNSTOPPABLE EVENING,133.0,f,https://tiktok.com/@/video/7513586588853554463,7117389950815749162,f,"[""meninvisiblelocs"",""invisiblelocs"",""twistswithextensions"",""atlantabraider"",""viral"",""fyp\u30b7""]"
7479112563507121439,1741366635,It’s been a busy couple months! Rise Up Bakery just keeps getting better and better! We are proud to bake for you daily!  • • • • • #gilbertarizona #eastvalleymoms #azbakery #azfoodie #azfoodblogger #gilbertarizona #gilbertmoms #arizonabakery #arizonabaker ,7743,7.274026617033558e+18,UNSTOPPABLE EVENING,133.0,f,https://tiktok.com/@/video/7479112563507121439,7231692062461084714,f,"[""gilbertarizona"",""eastvalleymoms"",""azbakery"",""azfoodie"",""azfoodblogger"",""gilbertmoms"",""arizonabakery"",""arizonabaker""]"
7490615515216629038,1744044899,"Sharing my favorite Amazon finds for kitchen organization! These picks keep everything tidy, functional, and stylish. Use my code 108PR7ZD for an exclusive discount - valid until April 30! Shop via the link in bio. Find them all in my Amazon Storefront under the “Home Organization Essentials” list⤴️ @DELAMUHOME #AmazonFinds #KitchenOrganization #AmazonFavorites #kitchenfinds #kitchenfavorites ",10342,7.274026617033558e+18,UNSTOPPABLE EVENING,133.0,f,https://tiktok.com/@/video/7490615515216629038,7251471534244856875,f,"[""amazonfinds"",""kitchenorganization"",""amazonfavorites"",""kitchenfinds"",""kitchenfavorites""]"
7460906837034962222,1737127755,Prosciutto / Pesto / Arugula / Balsamic  525F / 67% Hydration / 24hr Ferment . . . . . . #pizza #apizzadude #pizzatok #pizzatime #pizzalover #viralvideo #rednote ,2732,7.274026617033558e+18,UNSTOPPABLE EVENING,133.0,f,https://tiktok.com/@/video/7460906837034962222,7336849199592391722,f,"[""pizza"",""apizzadude"",""pizzatok"",""pizzatime"",""pizzalover"",""viralvideo"",""rednote""]"
7468059905342115114,1738793243,"🏡✨The Best Way to Showcase a Home? An FPV Drone Tour!✨🏡 Traditional real estate videos capture a home's beauty —but FPV drone tours bring it to life. With seamless, one-take fly-throughs, potential buyers experience the flow, layout, and unique details of a property like never before. In this video, watch as our FPV drone glides effortlessly from room to room, offering a cinematic perspective that static images and standard video simply can't match. Engaging, immersive, and dynamic —this is the future of real estate marketing. Thinking about using FPV for your listings? Let's talk!🚀📸#FPVdrone #RealEstateMarketing #DroneCinematography #ImmersiveTours",2636,7.274026617033558e+18,UNSTOPPABLE EVENING,133.0,f,https://tiktok.com/@/video/7468059905342115114,7245662531059958830,f,"[""fpvdrone"",""realestatemarketing"",""dronecinematography"",""immersivetours""]"
7459076595429510446,1736701612,"The Francis Howell girls improve to 9-1 on the season!  Follow on TikTok and Instagram @archcitysports for daily St. Louis sports content! Full episodes available on YouTube, Spotify, and Amazon Music! Link in bio. Go subscribe!! #stlouis #stl #basketball #hoops #highschoolbasketball #francishowell #girlsbasketball #fyp #viralvideo #trending #sports #podcast #archcitysports ",2625,7.274026617033558e+18,UNSTOPPABLE EVENING,133.0,f,https://tiktok.com/@/video/7459076595429510446,7353703242247423018,f,"[""stlouis"",""stl"",""basketball"",""hoops"",""highschoolbasketball"",""francishowell"",""girlsbasketball"",""fyp"",""viralvideo"",""trending"",""sports"",""podcast"",""archcitysports""]"
7488328527402798382,1743512410,My morning bus commute (attempt 🤷🏾‍♀️🤣🤣) #bikecommute #buscommute #rochesterny #upstateny #supportpublictransit #multimodal #commutewithme #rts #safestreets #pedestriansafety ,1228,7.274026617033558e+18,UNSTOPPABLE EVENING,133.0,f,https://tiktok.com/@/video/7488328527402798382,6794947391579014150,f,"[""bikecommute"",""buscommute"",""rochesterny"",""upstateny"",""supportpublictransit"",""multimodal"",""commutewithme"",""rts"",""safestreets"",""pedestriansafety""]"
7490743450028051755,1744074654,Ive seen comments saying that you dont know what to try outside of Moscato and I love Moscato and other lighter wines but Im recommending these in case you’re curious about other options! 🍷 Reiesling.  White Zinfandel.  Lambrusco.  Do yall like these? 🍷👀 #wine #winerecommedations #winereviews #wineinfo #whattodrink #winehelps #riesling #whitezinfandel #lambrusco #dmv #blackmen #blackwomen #blackguyandwine ,914,7.274026617033558e+18,UNSTOPPABLE EVENING,133.0,f,https://tiktok.com/@/video/7490743450028051755,7114702381863453738,f,"[""wine"",""winerecommedations"",""winereviews"",""wineinfo"",""whattodrink"",""winehelps"",""riesling"",""whitezinfandel"",""lambrusco"",""dmv"",""blackmen"",""blackwomen"",""blackguyandwine""]"
7462499605880524062,1737498615,Simple Cake Decorating ❤️ • Enjoy the music 🕺🏽 #storeboughtisfine #cakedecorating  #sheetcake #minniemouse #happybirthday  #cakedesigner #explorepage ,2517,7.274026617033558e+18,UNSTOPPABLE EVENING,133.0,f,https://tiktok.com/@/video/7462499605880524062,7030105111058891782,f,"[""storeboughtisfine"",""cakedecorating"",""sheetcake"",""minniemouse"",""happybirthday"",""cakedesigner"",""explorepage""]"
7462324952675536174,1737458042,The delivery driver is just happy I didn’t order a larger one 😅🏎️🍕 #pizzaboymetalworks #cncmachining #fabrication #fusion360 #machinist #smallbusiness #motorsport #metrology ,2065,7.274026617033558e+18,UNSTOPPABLE EVENING,133.0,f,https://tiktok.com/@/video/7462324952675536174,6756372599205790725,f,"[""pizzaboymetalworks"",""cncmachining"",""fabrication"",""fusion360"",""machinist"",""SmallBusiness"",""Motorsport"",""metrology""]"
7488857942582627615,1743635636,"Welcome to Eastside Eats! In this edition we visit @unsolosol Inspired by natural medicine, Carlos Ortez opened Un Solo Sol in Boyle Heights to offer healthy dining options in the neighborhood. From green pozole to dishes inspired by Mexican, Lebanese, and Indian cuisine, Un Solo Sol is redefining comfort food — one nourishing bite at a time. #eastsideeats #boyleheights ",1055,7.274026617033558e+18,UNSTOPPABLE EVENING,133.0,f,https://tiktok.com/@/video/7488857942582627615,7074307261566911534,f,"[""eastsideeats"",""boyleheights""]"
7485602173347237151,1742877612,Monday morning as an MRI tech 🧲 #mri #mritech #radiologylife #monday #diml,997,7.274026617033558e+18,UNSTOPPABLE EVENING,133.0,f,https://tiktok.com/@/video/7485602173347237151,6753754081321436165,f,"[""mri"",""mritech"",""radiologylife"",""monday"",""diml""]"
7466656525503696170,1738466473,Un día conmigo como estudiante de inglés en NYC 🗽🎀 #creatorsearchinsights #fyp #fypシ #parati #paratii #chilena #chilenaenusa #latina #latinas #latinasenusa #latinastiktok #latinasennyc ,1639,7.274026617033558e+18,UNSTOPPABLE EVENING,133.0,f,https://tiktok.com/@/video/7466656525503696170,7413898859703370782,f,"[""creatorsearchinsights"",""fyp"",""fyp\u30b7"",""parati"",""paratii"",""chilena"",""chilenaenusa"",""latina"",""latinas"",""latinasenusa"",""latinastiktok"",""latinasennyc""]"
7504352908369218862,1747243333,looks like your fyp wants you to lift 👀 #beverlyhills #losangeles #injector #injections ,5229,7.274026617033558e+18,UNSTOPPABLE EVENING,133.0,f,https://tiktok.com/@/video/7504352908369218862,7253996937760883754,f,"[""beverlyhills"",""losangeles"",""injector"",""injections""]"
7513038703439219999,1749265653,2-MINUTE CHOCOLATE CAKE ✨ #ketofriendly 🍫 You don’t have to comment. Here’s the recipe: • 5 tablespoons of protein powder (I used @ShopFlavCity Vanilla Cream ) • 1 large egg • 1.5 tablespoons of unsweetened Greek yogurt • 10 Lily’s chocolate chips • 1.5 tablespoons of soy milk • tbsp cacao powder  • 1/2 tsp of baking powder  • sweetener of choice I used monkfruit  ✨ mix everything together and microwave for 90-120 seconds.  Approx. macros: Calories: 287.5 kcal Protein: 36.3 g Fat: 12.8 g Carbs: 12.1 g ##healthydessert##easydessert##highprotein##chocolatecake##CapCut,5453,7.274026617033558e+18,UNSTOPPABLE EVENING,133.0,f,https://tiktok.com/@/video/7513038703439219999,6757800043371774982,f,"[""ketofriendly"",""healthydessert"",""easydessert"",""highprotein"",""chocolatecake"",""capcut""]"
7497820610521877791,1745722426,#Ready to kickstart your wellness journey? Tap the link in the description and grab your ACV Wellness Cleanse today! #ACVCleanse #WellnessJourney #Wellness #wellnesstips  #GutHealth #DetoxTime #WeightLossSupport #HealthyHabits #gummies #supplements #supplementsforwomen #tiktokcreator  #tiktokshop #tiktokaffiliate #tiktokaffiliatemarketing  #tiktokmademebuyit #tiktokpartner #shop #applecidervinegar #acv #weightloss #iherb #trending #trendingvideo #wellness #contentcreator #teamwork #roadto10k #girlssupportgirls #tiktokshoprestock ,2803,7.274026617033558e+18,UNSTOPPABLE EVENING,133.0,f,https://tiktok.com/@/video/7497820610521877791,6622424760944066565,f,"[""ready"",""acvcleanse"",""wellnessjourney"",""wellness"",""wellnesstips"",""guthealth"",""detoxtime"",""weightlosssupport"",""healthyhabits"",""gummies"",""supplements"",""supplementsforwomen"",""tiktokcreator"",""TikTokShop"",""tiktokaffiliate"",""tiktokaffiliatemarketing"",""tiktokmademebuyit"",""tiktokpartner"",""shop"",""applecidervinegar"",""acv"",""weightloss"",""iherb"",""trending"",""trendingvideo"",""contentcreator"",""teamwork"",""roadto10k"",""girlssupportgirls"",""tiktokshoprestock""]"
7500358228761513247,1746313258,I can’t believe I’m raising a teenager 😣 it feels like we were in the potty training trenches yesterday! #ditlofamom #boymomlife #raisingsons ,612,7.274026617033558e+18,UNSTOPPABLE EVENING,133.0,f,https://tiktok.com/@/video/7500358228761513247,6850594353900323846,f,"[""ditlofamom"",""boymomlife"",""raisingsons""]"
7465424357410508075,1738179623,🚨COMING BACK🥳 This 3/2 Utah will be back on the lot very soon!!  Schedule your appointment with CHRISTIAN soon!  Text/Call ☎️(850)490-3111 ☎️ ✅ - Sheetrock  ✅ - Fireplace ✅ - Ceiling vents ✅ - walk-in closets ✅ - ceiling fans Come ask for CHRISTIAN at  📍409 St. John’s rd Bonifay FL📍#regionalhomesofbonifay #manufactured #fypシ゚viral #speedboat #fancy #getitnow #hamilton #wow #doublewide #fyp #itsback ,3313,7.274026617033558e+18,UNSTOPPABLE EVENING,133.0,f,https://tiktok.com/@/video/7465424357410508075,7332915946456433706,f,"[""regionalhomesofbonifay"",""manufactured"",""fyp\u30b7\u309aviral"",""speedboat"",""fancy"",""getitnow"",""hamilton"",""wow"",""doublewide"",""fyp"",""itsback""]"
7495064375787539758,1745080692,If you was a paperboy in the hood you was getting money. But the hood ripped on you. We use to have a ball going on my Homie paper route as kids. Shot out to the paperboys back in the day. #paperboy #nostalgia #oldschool #pittsburghcourier #pittsburgh #newspaper #delivery #fun #hoodburgh #hoodburghslang #burgh #fyp #foryourpage #explorepage #kids #vintage #vintagepittsburgh #nostalgic ,1888,7.274026617033558e+18,UNSTOPPABLE EVENING,133.0,f,https://tiktok.com/@/video/7495064375787539758,7023561520375006213,f,"[""paperboy"",""nostalgia"",""oldschool"",""pittsburghcourier"",""pittsburgh"",""newspaper"",""delivery"",""fun"",""hoodburgh"",""hoodburghslang"",""burgh"",""fyp"",""foryourpage"",""explorepage"",""kids"",""vintage"",""vintagepittsburgh"",""nostalgic""]"
7475058660775824683,1740422776,Replying to @0809alonsogonzales @Keeperstop #advice #question #qanda #athlete #tips #goalkeeper #keeper #gk #soccer #football #footballer #distribution #skill #technique ,1088,7.274026617033558e+18,UNSTOPPABLE EVENING,133.0,f,https://tiktok.com/@/video/7475058660775824683,6891420695328736261,f,"[""advice"",""question"",""qanda"",""athlete"",""tips"",""goalkeeper"",""keeper"",""gk"",""Soccer"",""football"",""footballer"",""distribution"",""skill"",""technique""]"
7459881841500310830,1736889102,"The Salty Donut’s new savory menu might just be my new favorite thing! Make sure you add this to your list of breakfast spots because I promise you, it won’t disappoint 🥐🍩☕️ Thank you @The Salty Donut for having me 🫶 #hosted #thesaltydonut #thesaltydonutorlando #orlandodonuts #orlandofoodie #orlandofood #orlandofoodspots #orlandobreakfast #orlandobreakfastspots #orlandofoodienews #wheretoeatinorlando #orlandodonutshop #orlandocoffeeshop #orlandocoffeespots #donutshop #coffeeshop #cragel #creatorsearchinsights ",2529,7.274026617033558e+18,UNSTOPPABLE EVENING,133.0,f,https://tiktok.com/@/video/7459881841500310830,6788280612392600582,f,"[""hosted"",""thesaltydonut"",""thesaltydonutorlando"",""orlandodonuts"",""orlandofoodie"",""orlandofood"",""orlandofoodspots"",""orlandobreakfast"",""orlandobreakfastspots"",""orlandofoodienews"",""wheretoeatinorlando"",""orlandodonutshop"",""orlandocoffeeshop"",""orlandocoffeespots"",""donutshop"",""coffeeshop"",""cragel"",""creatorsearchinsights""]"
7496490799794834718,1745412794,Come work with me at Alabama Power Corporate Headquarters! #SparklesLuxBalloons #BalloonGarland #BalloonDecor #Balloons #Birmingham #BirminghamBalloons #BirthdayPartyBalloons #BabyShowerBalloons #BridalShowerBallons #BalloonStylist #BalloonDecorator #globos #BalloonSetUp #BalloonTutorial #BalloonStyling #Decorator #BalloonTok #BalloonArtist,864,7.274026617033558e+18,UNSTOPPABLE EVENING,133.0,f,https://tiktok.com/@/video/7496490799794834718,7230799932130640938,f,"[""sparklesluxballoons"",""balloongarland"",""balloondecor"",""balloons"",""birmingham"",""birminghamballoons"",""birthdaypartyballoons"",""babyshowerballoons"",""bridalshowerballons"",""balloonstylist"",""balloondecorator"",""globos"",""balloonsetup"",""balloontutorial"",""balloonstyling"",""decorator"",""balloontok"",""balloonartist""]"
7491383464252476715,1744223694,Tired of bedside burnout? Here are remote RN job titles you’ve probably NEVER heard of—but should be searching on LinkedIn right now! #nursesoftiktok #nursetok #nursing #nurselife #nurse #nurses #fyp #foru #fypシ #fypシ゚viral #rn ,3108,7.274026617033558e+18,UNSTOPPABLE EVENING,133.0,f,https://tiktok.com/@/video/7491383464252476715,6941742143275697157,f,"[""nursesoftiktok"",""nursetok"",""nursing"",""nurselife"",""nurse"",""nurses"",""fyp"",""foru"",""fyp\u30b7"",""fyp\u30b7\u309aviral"",""rn""]"
7497303547583778090,1745602026,"“Organ donation and transplant have reopened doors that I had thought were closed forever. It’s given me the chance to be present and have a full, happy life with my husband, son and daughter.” -Brad, Heart Transplant Recipient    Read more about Brad's story at infinitelegacyblog.org. #DonateLife #HeartTransplant #organdonation ",951,7.274026617033558e+18,UNSTOPPABLE EVENING,133.0,f,https://tiktok.com/@/video/7497303547583778090,7153652524129027115,f,"[""donatelife"",""hearttransplant"",""organdonation""]"
7369297389577899306,1715798270,Obsessed 🔥🧡⛰️ #vw #vwatlas #atlaspeakedition #vwdealer #cartok #cartour #volkswagen #2024vwatlas @volkswagen @VW #dealertok ,8820,7.274026617033558e+18,UNSTOPPABLE EVENING,133.0,f,https://tiktok.com/@/video/7369297389577899306,7077975357580231722,f,"[""vw"",""vwatlas"",""atlaspeakedition"",""vwdealer"",""cartok"",""cartour"",""volkswagen"",""2024vwatlas"",""dealertok""]"
7462850375893257518,1737580294,"Crispy Salmon w/ a cashew sauce 🍣🥜🧄 Let yall in on a little secret, this cashew sauce is outta this workd and easy to make!  Purple cabbage goes great with it and leave a comment if you need the detailed recipe Follow for 4ish TASTY ASS recipes a week‼️ #recipes #recipeideas #easyrecipe #healthyfoods #weeknightmeals #salmon #cashew #sauce #cashewbutter #salads #dressing ",1532,7.274026617033558e+18,UNSTOPPABLE EVENING,133.0,f,https://tiktok.com/@/video/7462850375893257518,7333454086061507626,f,"[""recipes"",""recipeideas"",""EasyRecipe"",""healthyfoods"",""weeknightmeals"",""salmon"",""cashew"",""sauce"",""cashewbutter"",""salads"",""dressing""]"
7502917061291576619,1746909041,Let me know how yall feel about this one 👀  #scifibooks #fantasybooks #blinddate #grwm ,1209,7.274026617033558e+18,UNSTOPPABLE EVENING,133.0,f,https://tiktok.com/@/video/7502917061291576619,7287774500694541355,f,"[""scifibooks"",""fantasybooks"",""blinddate"",""grwm""]"
7505247281390767406,1747451590,"Shoutout to @Talo Organic 🌮 🍟 🥗  ✅ Organic ingredients ✅ Pasture raised protein ✅ Seed oil free ✅ Natural kitchen cleaning ✅ Sustainable practices (minimal plastic) ✅ Incredible community  ✅ @airestech certified space!  CAPTAIN APPROVED! 🫡  #LiveTheCaptainsLifestyle #LeadingTheFutureOfBusiness Together, when we vote with our dollars, we will #MakeThrivingStandard ",2968,7.274026617033558e+18,UNSTOPPABLE EVENING,133.0,f,https://tiktok.com/@/video/7505247281390767406,6734970482317460485,f,[]
7491767719981845802,1744313115,"Assembling my full-size 3D printed Buster Sword from Final Fantasy VII. This thing is MASSIVE — and yes, it’s all plastic… for now. #busterSword #finalfantasy7 #cloudstrife #cosplaybuild #3dprinting #propmaking #satisfyingbuild #ff7remake #giantsword #nerdtok",1486,7.274026617033558e+18,UNSTOPPABLE EVENING,133.0,f,https://tiktok.com/@/video/7491767719981845802,7485175559157351470,f,"[""bustersword"",""finalfantasy7"",""cloudstrife"",""cosplaybuild"",""3dprinting"",""propmaking"",""satisfyingbuild"",""ff7remake"",""giantsword"",""nerdtok""]"
7493696390367825198,1744762168,1/4” @zibrapainting square brush for these nice outlines. It took me the whole day just to paint these letters. I thought I would be further along with this mural but I underestimated the scaffolding and how many times I needed to go up and down it. 😂  #mural #muralartist #linepainting #asmrvideo #asmrtiktoks ,4289,7.274026617033558e+18,UNSTOPPABLE EVENING,133.0,f,https://tiktok.com/@/video/7493696390367825198,7044707110815712261,f,"[""mural"",""muralartist"",""linepainting"",""asmrvideo"",""asmrtiktoks""]"
7439123359285251358,1732055889,Where to buy the latest magazines and get coffee in New York City? Iconic Magazines in Mulberry St  #wheretogo #wheretobuy #booksandcoffee #magazine #magazines #fashion #weekly #NewYork #NYC #SoHo ,1609,7.274026617033558e+18,UNSTOPPABLE EVENING,133.0,f,https://tiktok.com/@/video/7439123359285251358,7377789631918621739,f,"[""wheretogo"",""wheretobuy"",""booksandcoffee"",""magazine"",""magazines"",""fashion"",""weekly"",""newyork"",""nyc"",""soho""]"
7458884519177866538,1736656893,Replying to @kcsrqhz  Brow Map String @POSH BROWS LA Use Code Brisi90 at check out for a discount $  #browmapping #browmappingtutorial #lasvegasbrows ,3451,7.274026617033558e+18,UNSTOPPABLE EVENING,133.0,f,https://tiktok.com/@/video/7458884519177866538,6888395695443837958,f,"[""browmapping"",""browmappingtutorial"",""lasvegasbrows""]"
7466579608385785134,1738448571,Part 2 of these modern railings! #welding#fabrication#metal#work#art#table#earnyourgeave #bluecollar#bluecollarlife#tig#mig#custom#dirtyhands#clea nmoney#furick#homedecor#home#fyp#foryoupage#foryou#siegmund#siegmundwelding#railings#wiest#home#fypシ #fypシ゚viral @Residential Railing ,8357,7.274026617033558e+18,UNSTOPPABLE EVENING,133.0,f,https://tiktok.com/@/video/7466579608385785134,7289519128887690282,f,"[""welding"",""fabrication"",""metal"",""work"",""art"",""table"",""earnyourgeave"",""bluecollar"",""bluecollarlife"",""tig"",""mig"",""custom"",""dirtyhands"",""clea"",""furick"",""homedecor"",""Home"",""fyp"",""foryoupage"",""foryou"",""siegmund"",""siegmundwelding"",""railings"",""wiest"",""fyp\u30b7"",""fyp\u30b7\u309aviral""]"
7464320166151589151,1737922499,"Totally worth checking out! A lovely and wide selection of Black literature, essays, novels, books, & photography. Also fun souvenirs and figurines to take with you! Always a great time here. 10/10 recommend ✨🤎 #tampa #tampafl #blackauthors #blackauthor #blackliterature #blackwriters #author #authortok #literature #books #book #booktok #bookrecs #fyp #fypシ #fypシ゚viral ",997,7.274026617033558e+18,UNSTOPPABLE EVENING,133.0,f,https://tiktok.com/@/video/7464320166151589151,6740758034743673861,f,"[""tampa"",""tampafl"",""blackauthors"",""blackauthor"",""blackliterature"",""blackwriters"",""author"",""authortok"",""literature"",""books"",""book"",""BookTok"",""bookrecs"",""fyp"",""fyp\u30b7"",""fyp\u30b7\u309aviral""]"
7489584527526890794,1743804815,"This pho spot in Fountain Valley lowkey surprised me 😳🔥 Broth was mad flavorful and those chả giò? CRISPY crispy. If you’re a pho person, this place might be your new go-to 🍜👀 - - 📍Yummy Pho | 11035 Warner Ave, Fountain Valley, CA 92708 #vietnamese #pho #yummypho #fountainvalley #ocfoodie #orangecounty #vietnamesefood ",10376,7.274026617033558e+18,UNSTOPPABLE EVENING,133.0,f,https://tiktok.com/@/video/7489584527526890794,6679956740023092229,f,"[""vietnamese"",""pho"",""yummypho"",""fountainvalley"",""ocfoodie"",""orangecounty"",""vietnamesefood""]"
7469150689554435374,1739047200,Morning or night? 😘 #momlife #childhoodmemories #cutebaby #motherhood #embe #funnybaby #momanddaughter ,1989,7.274026617033558e+18,UNSTOPPABLE EVENING,133.0,f,https://tiktok.com/@/video/7469150689554435374,7306533935508718638,f,"[""momlife"",""childhoodmemories"",""cutebaby"",""motherhood"",""embe"",""funnybaby"",""momanddaughter""]"
7495950466606566698,1745287010,Ex night shifter going back??👀  #fyp #foryoupage #blackgirlnurses #nursesoftiktok #nurselife #nightshiftnurse #dayshiftnurse #nursingstudent #nursehumor ,968,7.274026617033558e+18,UNSTOPPABLE EVENING,133.0,f,https://tiktok.com/@/video/7495950466606566698,6777402067126322181,f,"[""fyp"",""foryoupage"",""blackgirlnurses"",""nursesoftiktok"",""nurselife"",""nightshiftnurse"",""dayshiftnurse"",""nursingstudent"",""nursehumor""]"
7474708767955848491,1740341282,Let’s get our Martha on and make a super easy Easter / spring version of the viral bow garland 🎀🎀🎀🐣 #diydecor #easterdecor #easterideas #bows #bowgarland #diycrafts #diycraftideas #easterdecoration #creatorsearchinsights #springdecor ,3732,7.274026617033558e+18,UNSTOPPABLE EVENING,133.0,f,https://tiktok.com/@/video/7474708767955848491,7449953656239916062,f,"[""diydecor"",""easterdecor"",""easterideas"",""bows"",""bowgarland"",""diycrafts"",""diycraftideas"",""easterdecoration"",""creatorsearchinsights"",""springdecor""]"
7464656847518076191,1738000927,Winter hair trends that are a must for a black girl.  Bundles are from @Indique Hair  #winter #wintertrend #hair #hairstylist #blackgirlhairstyles #blackgirlhair #fyp #fypシ゚viral ,3134,7.274026617033558e+18,UNSTOPPABLE EVENING,133.0,f,https://tiktok.com/@/video/7464656847518076191,6810823531599086597,f,"[""winter"",""wintertrend"",""hair"",""hairstylist"",""blackgirlhairstyles"",""blackgirlhair"",""fyp"",""fyp\u30b7\u309aviral""]"
7505411061160365343,1747489720,Part 2 of women inventors who have changed the world! #fyp #womeninventors #girlpower #viral #empoweringwomen #womeninhistory #strongwomen #womeninstem #womeninmedicine ,880,7.274026617033558e+18,UNSTOPPABLE EVENING,133.0,f,https://tiktok.com/@/video/7505411061160365343,7455717613382747182,f,"[""fyp"",""womeninventors"",""girlpower"",""viral"",""empoweringwomen"",""womeninhistory"",""strongwomen"",""womeninstem"",""womeninmedicine""]"
7463999529738784046,1737847853,@Unityrideshop & @Tiny Ramp Co  ^^^^^ tap iiiiiin 🛹🔥💨,1934,7.274026617033558e+18,UNSTOPPABLE EVENING,133.0,f,https://tiktok.com/@/video/7463999529738784046,7437377829476598830,f,[]
7467749133034523934,1738720869,I’m nervous but also excited for this journey 🥳 my program is 100% online #msw #bsw #socialwork #student #fyp #foryoupage ,2480,7.274026617033558e+18,UNSTOPPABLE EVENING,133.0,f,https://tiktok.com/@/video/7467749133034523934,7045953821428597807,f,"[""msw"",""bsw"",""socialwork"",""student"",""fyp"",""foryoupage""]"
7508451221527645471,1748197552,"Just in time for the Florida heatwave—Christmas in a cup is BACK! We’ve got Winter White Raspberry Delight at Cold Stone Oviedo, loaded with raspberry white chocolate ice cream, white chocolate flakes, fudgy brownies, and tart raspberries. Swing by and grab it before it’s gone! #ColdStoneCreamery #IceCreamLovers #raspberry ",2003,7.274026617033558e+18,UNSTOPPABLE EVENING,133.0,f,https://tiktok.com/@/video/7508451221527645471,7394832420606608426,f,"[""coldstonecreamery"",""icecreamlovers"",""raspberry""]"
7496199764317441310,1745345057,Ferry rides really feel better on two wheels!  #CapCut #sportbikeaddicts #sportbikelife #bikergirlsoftiktok #washingtonstate #pnwonderland ,636,7.274026617033558e+18,UNSTOPPABLE EVENING,133.0,f,https://tiktok.com/@/video/7496199764317441310,6730061468450866182,f,"[""capcut"",""sportbikeaddicts"",""sportbikelife"",""bikergirlsoftiktok"",""washingtonstate"",""pnwonderland""]"
7367394979163016490,1715355336,An someone offer some assistance on how to properly set up a Photoshop file for large format printers? #largeformat #largeprinter #largeformatprinters #epsonprintersetup #epsonlargeformatprinter #photoshop #photoshophelp #bannersetup #banner #fypage @TechDad81 #epsont5475 #epsontseries ,5348,7.274026617033558e+18,UNSTOPPABLE EVENING,133.0,f,https://tiktok.com/@/video/7367394979163016490,7249810037118845995,f,"[""largeformat"",""largeprinter"",""largeformatprinters"",""epsonprintersetup"",""epsonlargeformatprinter"",""photoshop"",""photoshophelp"",""bannersetup"",""banner"",""fypage"",""epsont5475"",""epsontseries""]"
7461755776646827310,1737325420,ITALIAN STUFFED PEPPERS 🫑 - Ingredients: Assorted bell peppers Olive oil Ground turkey Italian sausage (mild or hot) Diced tomatoes Diced onions Italian seasoning Minced garlic Oregano Salt Red pepper flakes Cooked rice (white or brown) - #fyp #mealprep #healthyfood #easyrecipes #dinner #lunch #recipe #food #reels #shorts #pepper #italianfood #dinnerideas #lunchideas #sunday #mealplan #cooking #cookingathome #trendingreels #trending #foodporn #nutrition #turkey #sausage #reelsinstagram #share #like #comment #gym #gains ,5987,7.274026617033558e+18,UNSTOPPABLE EVENING,133.0,f,https://tiktok.com/@/video/7461755776646827310,7193828173988365354,f,"[""fyp"",""mealprep"",""healthyfood"",""EasyRecipes"",""dinner"",""lunch"",""Recipe"",""food"",""reels"",""shorts"",""pepper"",""italianfood"",""DinnerIdeas"",""lunchideas"",""sunday"",""mealplan"",""cooking"",""cookingathome"",""trendingreels"",""trending"",""foodporn"",""nutrition"",""turkey"",""sausage"",""reelsinstagram"",""share"",""like"",""comment"",""gym"",""gains""]"
7492852551239486751,1744565716,My Sunday vibes today #bookcommunity #coffeeshops #books #bookish #sundayfunday #morningvibes ,503,7.274026617033558e+18,UNSTOPPABLE EVENING,133.0,f,https://tiktok.com/@/video/7492852551239486751,6806443647954666502,f,"[""bookcommunity"",""coffeeshops"",""books"",""bookish"",""sundayfunday"",""morningvibes""]"
7509269438659579167,1748388054,Starting a business is easy these days! #entrepreneurship #businesscoach #productivity #smallbusiness #marketing #challenge #buildwithrandi #CapCut ,84998,7.274026617033558e+18,UNSTOPPABLE EVENING,133.0,f,https://tiktok.com/@/video/7509269438659579167,7473707787708531758,f,"[""entrepreneurship"",""businesscoach"",""productivity"",""SmallBusiness"",""marketing"",""challenge"",""buildwithrandi"",""capcut""]"
7514570371220131103,1749622267,"Back at GameStop Retro in Kingsport, TN! #gamestop #gamehunting #retrogamestore #retrogamescollector #videogames #ps3games #ps3 #dreamcast #gaming #gamer ",1126,7.274026617033558e+18,UNSTOPPABLE EVENING,133.0,f,https://tiktok.com/@/video/7514570371220131103,6972336273672307717,f,"[""gamestop"",""gamehunting"",""retrogamestore"",""retrogamescollector"",""videogames"",""ps3games"",""ps3"",""dreamcast"",""gaming"",""gamer""]"
7464608006794399022,1737989570,The process 😮‍💨 #producertok #fypシ #woodworking #musicstudio #musictok #beforeandafter ,1707,7.274026617033558e+18,UNSTOPPABLE EVENING,133.0,f,https://tiktok.com/@/video/7464608006794399022,7069438979784590382,f,"[""producertok"",""fyp\u30b7"",""woodworking"",""musicstudio"",""musictok"",""beforeandafter""]"
7462571638173764894,1737515383,"Embracing the volume in the back….  LA AREA💈 If you are looking for a high-end haircut tailored towards you, CLICK THE LINK IN BIO to lock in a hair shape. ",3478,7.274026617033558e+18,UNSTOPPABLE EVENING,133.0,f,https://tiktok.com/@/video/7462571638173764894,6763489806090994693,f,[]
7463582400027659551,1737750743,Risky trip but worth the reward for 18 dollars #bins #tacoma #washington #thriftingfinds ,3397,7.274026617033558e+18,UNSTOPPABLE EVENING,133.0,f,https://tiktok.com/@/video/7463582400027659551,6675526572013339653,f,"[""bins"",""tacoma"",""washington"",""thriftingfinds""]"
7484775346173201707,1742685095,Replying to @Alvaro Medina Supreme x Nike Stripe Rugby try-on #supreme #nike #supremenike #rugby #fashion #clothing #streetwear ,5698,7.274026617033558e+18,UNSTOPPABLE EVENING,133.0,f,https://tiktok.com/@/video/7484775346173201707,6779818006878307334,f,"[""supreme"",""nike"",""supremenike"",""rugby"",""fashion"",""clothing"",""streetwear""]"
7476969224301268266,1740867585,Arcade 👾 My first page using my new @grabieofficial acrylic markers!! They are such a game changer! Book: @Vivi Tinta Coloring Book Sweetheart 💗 #creatorsearchinsights #colortok #coloringtiktok #cozycoloring #cozycoloringbook #coloring #coloringbook #cozyhobbies #colouring #colouringbook #cozycolouring  #ohuhu #ohuhumarkers  #satisfying #colorwithme #coloringtutorial #vivitinta #vivitintacoloringpage #vivitintasweetheart ,1860,7.274026617033558e+18,UNSTOPPABLE EVENING,133.0,f,https://tiktok.com/@/video/7476969224301268266,7092186424405312554,f,"[""creatorsearchinsights"",""colortok"",""coloringtiktok"",""cozycoloring"",""cozycoloringbook"",""coloring"",""coloringbook"",""cozyhobbies"",""colouring"",""colouringbook"",""cozycolouring"",""ohuhu"",""ohuhumarkers"",""satisfying"",""colorwithme"",""coloringtutorial"",""vivitinta"",""vivitintacoloringpage"",""vivitintasweetheart""]"
7486585385695464750,1743106509,Shop the Top Handle Klare at the link in my profile or text my store at +1224-334-3339! What do you guys think of the Top Handle Klare?! @coach #coachoutletemployee #coachoutlet #coachny #shopping #outletshopping #chicago #coachbag #sale #fyp #fypシ ,5551,7.274026617033558e+18,UNSTOPPABLE EVENING,133.0,f,https://tiktok.com/@/video/7486585385695464750,6744336567038428166,f,"[""coachoutletemployee"",""coachoutlet"",""coachny"",""shopping"",""outletshopping"",""chicago"",""coachbag"",""sale"",""fyp"",""fyp\u30b7""]"
7457229197400902958,1736271489,trying out the @Shark Beauty SpeedStyle Pro Flex blowdryer 🌟 • so far I am a huge fan! It speeds up blow drying time and I love the attachments. only worry is the lifetime since I am blow drying all day and it tends to get hot after a while.  • • #sharkblowdryer #sharkspeedstyle #sharkspeedstylereview #shark #sharkspeedstyleproflex #sharkproflex #hairstylistreview #hairstylist #blowout #blowdry ,2249,7.274026617033558e+18,UNSTOPPABLE EVENING,133.0,f,https://tiktok.com/@/video/7457229197400902958,7411179733241431086,f,"[""sharkblowdryer"",""sharkspeedstyle"",""sharkspeedstylereview"",""shark"",""sharkspeedstyleproflex"",""sharkproflex"",""hairstylistreview"",""hairstylist"",""blowout"",""blowdry""]"
7470298485468843307,1739314440,Always excited about new tools and helping out other American Made brands! 🇺🇸🏎️🍕 #pizzaboymetalworks #machinist #smallbusiness #machineshop #fusion360 #cncmachining #haascnc #madeintheusa ,2329,7.274026617033558e+18,UNSTOPPABLE EVENING,133.0,f,https://tiktok.com/@/video/7470298485468843307,6756372599205790725,f,"[""pizzaboymetalworks"",""machinist"",""SmallBusiness"",""machineshop"",""fusion360"",""cncmachining"",""haascnc"",""madeintheusa""]"
7491395878528470318,1744226577,POWERHAUS #2 @PowerHaus Fitness  #gym #gymbuild #bodybuilding #powerlifting #baseball #fitness ,966,7.274026617033558e+18,UNSTOPPABLE EVENING,133.0,f,https://tiktok.com/@/video/7491395878528470318,6873166949720785926,f,"[""2"",""gym"",""gymbuild"",""bodybuilding"",""powerlifting"",""baseball"",""Fitness""]"
7437174802034609454,1731602203,My favorite fragrance from the Givenchy Gentleman line.  Givenchy Gentleman EDP  What's your favorite? #fragrance #fragrancetiktok #givenchy ,3357,7.274026617033558e+18,UNSTOPPABLE EVENING,133.0,f,https://tiktok.com/@/video/7437174802034609454,7392203954979865642,f,"[""fragrance"",""fragrancetiktok"",""givenchy""]"
7489087556231990559,1743689092,After a couple tries and failed attempts I think I found the easiest way to mod my Ricoh GRIII and add filtration to it. One of the main downfalls of this awesome camera is the front lens element is relatively exposed. By modding the lens you are able to create a barrier for dust and debris while also getting able to get diffusion and other benefits you get from lens filters.  There are a couple different methods and no set guide on how to do it. So hopefully this helps you on your process to modding your own point and shoot #ricoh #ricohgriii #ricohgr3 #camerahack #cameratricks #cameratok #pointandshoot #phototips #phototricks #cameramod #cameras #photography101 #photographer ,4180,7.274026617033558e+18,UNSTOPPABLE EVENING,133.0,f,https://tiktok.com/@/video/7489087556231990559,7024073757085991942,f,"[""ricoh"",""ricohgriii"",""ricohgr3"",""camerahack"",""cameratricks"",""cameratok"",""pointandshoot"",""phototips"",""phototricks"",""cameramod"",""cameras"",""photography101"",""photographer""]"
7418935593498905886,1727355581,"Mullet un corte en tendencia, sencillo y muy clasico 🍃 #haircut #des #barbershop #georgia #atlant #johnscreek #tende #tikr #work ",2391,7.274026617033558e+18,UNSTOPPABLE EVENING,133.0,f,https://tiktok.com/@/video/7418935593498905886,6630609607663009798,f,"[""haircut"",""des"",""barbershop"",""georgia"",""atlant"",""johnscreek"",""tende"",""tikr"",""work""]"
7488025870213467434,1743441936,"Uhhh interior in pt. 2 I’m too tired to keep editing (it’s 2am vru 🥀) Anyways, in typical Washington fashion, we have sun and wind today and rain and thunder tomorrow woohoo! #detail #detailing #detailer #mobiledetailing #autodetailing #washington #seattle #bmw #asmr #satisfying #cleaningtiktok #autodetailer #business #businessowner #smallbusiness #fyp #satisfyingvideo #cardetailing #povs ",1366,7.274026617033558e+18,UNSTOPPABLE EVENING,133.0,f,https://tiktok.com/@/video/7488025870213467434,7431790445246202923,f,"[""detail"",""detailing"",""detailer"",""mobiledetailing"",""autodetailing"",""washington"",""seattle"",""bmw"",""asmr"",""satisfying"",""cleaningtiktok"",""autodetailer"",""business"",""businessowner"",""SmallBusiness"",""fyp"",""satisfyingvideo"",""cardetailing"",""povs""]"
7509259167274683691,1748385687,What I eat in a day as a breastfeeding mom on a weightloss journey 💪🏼🍴@BUILT #whatieatinaday #weightloss #healthyrecipes #healthylifestyle #diet #caloriedeficit #mom #postpartum #fitnessmotivation #fyp #fypシ #trending ,599,7.274026617033558e+18,UNSTOPPABLE EVENING,133.0,f,https://tiktok.com/@/video/7509259167274683691,6808962157092455430,f,"[""whatieatinaday"",""weightloss"",""healthyrecipes"",""healthylifestyle"",""diet"",""caloriedeficit"",""mom"",""postpartum"",""fitnessmotivation"",""fyp"",""fyp\u30b7"",""trending""]"
7470904092718746926,1739455425,Called the short and it printed before nap time 🍼💰 Trust the signal! #Daytrading #Investing #financialfreedom #crypto #stockmarket #entrepreneur #success #trading ,2018,7.274026617033558e+18,UNSTOPPABLE EVENING,133.0,f,https://tiktok.com/@/video/7470904092718746926,7468924789841036318,f,"[""daytrading"",""investing"",""financialfreedom"",""crypto"",""stockmarket"",""entrepreneur"",""success"",""trading""]"
7516600743688752406,1750094993,"Stepping out of my comfort zone to share my dev journey, my indie hacker experiments, and my lifestyle 🌞   If you're building in France (or anywhere), say hi  #buildinpublic #indihacker #aidev #freelancedeveloper #founderjourney  Let’s ship together 🚀",644,7.274026617033558e+18,UNSTOPPABLE EVENING,133.0,f,https://tiktok.com/@/video/7516600743688752406,7514352752173827104,f,"[""buildinpublic"",""indihacker"",""aidev"",""freelancedeveloper"",""founderjourney""]"
7503628215974382878,1747074618,"Christopher, one of our CFIs, is showing us around the Cirrus SR20! This aircraft plays a big role in our #CoastFlightTraining Cirrus program.🛩️ Which plane would you like to see next? Let us know in the comments! ✈️ • • • 🏷️ #CoastFlightTraining #Cirrus #CirrusSR20 #CoastAcademy #Fleet #SanDiego #SanDiegoPilots #CFI #SanDiegoAviation #FlightTraining #AviationEducation #PlaneTour #PilotLife",2113,7.274026617033558e+18,UNSTOPPABLE EVENING,133.0,f,https://tiktok.com/@/video/7503628215974382878,7127418479956050990,f,"[""coastflighttraining"",""cirrus"",""cirrussr20"",""coastacademy"",""fleet"",""sandiego"",""sandiegopilots"",""cfi"",""sandiegoaviation"",""flighttraining"",""aviationeducation"",""planetour"",""pilotlife""]"
7463935363178941739,1737832916,"Replying to @Cole P Tattoo in the workplace discussion. To sleeve, or not to sleeve?  #tattoo #tattoosleeve #fullsleevetattoo #tattootiktok ",3776,7.274026617033558e+18,UNSTOPPABLE EVENING,133.0,f,https://tiktok.com/@/video/7463935363178941739,6605601862941573121,f,"[""tattoo"",""tattoosleeve"",""fullsleevetattoo"",""tattootiktok""]"
7459212894941564203,1736733347,A day in my life as a bakery owner can be stresfull. But we always find time to laugh and have fun! #bakerytiktok #bakerylife #bakery #bakeryowner  ,1286,7.274026617033558e+18,UNSTOPPABLE EVENING,133.0,f,https://tiktok.com/@/video/7459212894941564203,6848752560477389829,f,"[""bakerytiktok"",""bakerylife"",""bakery"",""bakeryowner""]"
7371953541147036970,1716416692,"📝 review | HIGHERDOSE INFRARED SAUNA BLANKET 🔥 For years, I have wanted an at-home sauna as I felt I would use it more + save money in the long run from going somewhere to use one. I sat on that for a while because of 2 main reasons: 1️⃣ full infrared saunas are VERY expensive, especially the quality ones 2️⃣ the SPACE! Trying to find a room in someone’s home can be really hard + have the right plug-in for it. When I saw the @HigherDOSE sauna blanket, I did A LOT of research. I was a bit worried it wouldn’t give the full effect- but even though I do wish I had red light therapy with it, my main objective is really to increase circulation and sweat a little bit extra throughout my week. 📝 OVERALL: I absolutely love it. I think not only is it more cost-effective, but MUCH more space saving. I store mine in my coffee table, but a lot of people have used their closets or under their bed, easily. 🧼 CLEANUP: I 100% recommend also purchasing their sauna towels as it wraps around you like a layer to the sauna. Any time I use it, I rarely find any sweat left in the actual sauna after using. The only issue I have is it’s LARGE to always wash afterwards. I’ve also worn sweatpants + a sweatshirt without the blanket and have been ok. You can easily full open it after it’s cooled and just clean it that way. 🔥 HEAT: I would say my biggest complaint about this is I do wish it got a bit hotter BUT I do think it gets plenty hot. I just stay longer than usual, but I do like the levels. You don’t always need to get in it and sweat. If you just want to build a little body heat, set it on level 2 and enjoy. Right now I’m at levels 7/8 and it’s a good spot for me. 📲 MULTI-TASKING: personally, I actually prefer being able to do something while I’m in it. Compared to sitting in a full sauna just listening to a podcast or music, I can get work done, watch a movie, read a book, etc (without anything overheating lol) and it actually gets me to stay it it longer. That may just be me, but it’s a perk. - If you are interesting in purchasing, click the link in my bio as i have it saved for you! If you have any other questions, comment below! ⬇️ - - - #higherdose #higherdoseinfraredsaunablanket #infraredsaunablanket #wellnesstips #wellnessitems #wellnesstools #sauna #circulationhelp #detox #healthyliving #healthtips #messywellness #charlottenc #queencity #charlottewellness ",10688,7.274026617033558e+18,UNSTOPPABLE EVENING,133.0,f,https://tiktok.com/@/video/7371953541147036970,282902,f,"[""higherdose"",""higherdoseinfraredsaunablanket"",""infraredsaunablanket"",""wellnesstips"",""wellnessitems"",""wellnesstools"",""sauna"",""circulationhelp"",""detox"",""healthyliving"",""healthtips"",""messywellness"",""charlottenc"",""queencity"",""charlottewellness""]"
7449115460240526635,1734382352,"Doughnut underestimate the power of a perfect donut 🍩✨ Had a sweet time at Champ Donut Company in Fort Worth! 🏆 If you’re looking for the real MVP of treats, this is the place to be. #DonutGoals #ChampDonutCompany #FortWorthEats  #dallas #SweetToothSatisfied #DFWblogger #fortworth #donuts #yummy #yummyfood #tasty ",3480,7.274026617033558e+18,UNSTOPPABLE EVENING,133.0,f,https://tiktok.com/@/video/7449115460240526635,6908576708485989381,f,"[""donutgoals"",""champdonutcompany"",""fortwortheats"",""dallas"",""sweettoothsatisfied"",""dfwblogger"",""fortworth"",""donuts"",""yummy"",""yummyfood"",""tasty""]"
7350765425627565358,1711483463,⁉️ What is LAUNCH ANGLE ⁉️ #TheBaseballMill  . . . Launch angle is the angle at which the ball leaves the bat. Every ball put in play gets a launch angle. I hate hearing people say “launch angle swing.” It would be similar to someone saying “exit velocity swing.” I hope this video helps you clear up one of our games biggest misconceptions! ↗️ . . . #baseball #softball #hittrax #hittraxbaseball #hittraxsoftball #launchangle #hitting #hittingdrills #hittingcoach #hittingmechanics #hittingpost #hittinglessons ,1351,7.274026617033558e+18,UNSTOPPABLE EVENING,133.0,f,https://tiktok.com/@/video/7350765425627565358,6986528468772471813,f,"[""thebaseballmill"",""baseball"",""softball"",""hittrax"",""hittraxbaseball"",""hittraxsoftball"",""launchangle"",""hitting"",""hittingdrills"",""hittingcoach"",""hittingmechanics"",""hittingpost"",""hittinglessons""]"
7506558233277123886,1747756857,🍓 Strawberry Sorbet – Pt. 1 🍓 Fresh. Sweet. Just the beginning. Catch the behind-the-scenes magic of how we turn real strawberries into scoopable joy 🍧✨ • • • #DrunkenCherry #StrawberrySorbet #HomemadeGoodness #BlackOwnedBusiness #SorbetSeries #PartOne,1154,7.274026617033558e+18,UNSTOPPABLE EVENING,133.0,f,https://tiktok.com/@/video/7506558233277123886,7498084175020835871,f,"[""drunkencherry"",""strawberrysorbet"",""homemadegoodness"",""blackownedbusiness"",""sorbetseries"",""partone""]"
7459228467587042603,1736736974,Succulent succulents 🌵 #handmadearrings #handmade #earrings #jewelrydesigner #jewelrytok #earringtok #smallbusiness #statementearrings #earringdesign #polymerclay #handmadejewelry #make #create #polymerclayearrings #clay #claytok #bts #artist #colorfulearrings #flowerearrings #succulents ,2053,7.274026617033558e+18,UNSTOPPABLE EVENING,133.0,f,https://tiktok.com/@/video/7459228467587042603,7439531695252194350,f,"[""handmadearrings"",""handmade"",""earrings"",""jewelrydesigner"",""jewelrytok"",""earringtok"",""SmallBusiness"",""statementearrings"",""earringdesign"",""polymerclay"",""handmadejewelry"",""make"",""create"",""polymerclayearrings"",""clay"",""claytok"",""bts"",""artist"",""colorfulearrings"",""flowerearrings"",""succulents""]"
7468620889605655854,1738923984,"The Hidden Gem for Pho  Vietnamese cuisine 📍2641 Jerome Avenue Bronx NY 10468 Take the 4 train to kingsbridge. It’s Small yet with an intimate interior, delicious with generous serving portions. I personally ordered the combination beef pho & spring rolls as an appetizer with a taste of that cheesecake yogurt 😋 come check this place out and let me know how was your experience.  #bronxeats #Pho #tiktokeats #nycfoodie #goodeats #delicious #vietnamesefood #hiddengems #souplovers #domoslyfestyle #foodontiktok #fyp #revivew #",1473,7.274026617033558e+18,UNSTOPPABLE EVENING,133.0,f,https://tiktok.com/@/video/7468620889605655854,6810494295826514949,f,"[""bronxeats"",""pho"",""tiktokeats"",""nycfoodie"",""goodeats"",""delicious"",""vietnamesefood"",""hiddengems"",""souplovers"",""domoslyfestyle"",""foodontiktok"",""fyp"",""revivew""]"
7447730543728348434,1734059904,#lohobride bridal shopping in La with loho bride and shay from ‘say yes to the dress’ #bride #weddin #weddingdress @LOHO BRIDE ,6618,7.274026617033558e+18,UNSTOPPABLE EVENING,133.0,f,https://tiktok.com/@/video/7447730543728348434,6805813700604396545,f,"[""lohobride"",""bride"",""weddin"",""weddingdress""]"
7488780603836599598,1743617624,Here's day 1 of the 60 soft challenge @Aldrich @Life with Lexi Lu and I are doing. We can't do 75 because that runs into our summer fun so 60 will suffice. Hold me accountable yall so I don't dip off lol btw I know it's day 2 but here's day one #postpartumbody  #momfitness #postpartumjourney #75softchallenge ,703,7.274026617033558e+18,UNSTOPPABLE EVENING,133.0,f,https://tiktok.com/@/video/7488780603836599598,6794657071712207878,f,"[""postpartumbody"",""momfitness"",""postpartumjourney"",""75softchallenge""]"
7465099899156057390,1738104049,"I finally upgraded my MacBook Pro 🙌🏾 I travel alot and need something to edit on the go so this was a must  My MacBook has: M4 Pro Chip 24GB of Unified Memory, which is what Apple calls their RAM 512GB of storage  I can’t wait to use it!  Will you be upgrading soon? 🤔 #apple #macbook #tech #techtok #technology #unboxing ",2904,7.274026617033558e+18,UNSTOPPABLE EVENING,133.0,f,https://tiktok.com/@/video/7465099899156057390,6883205928822719494,f,"[""apple"",""macbook"",""tech"",""techtok"",""technology"",""unboxing""]"
7459476038444158251,1736794620,When the locks get too heavy. Dread got your back 🙌🏾💪🏾 Trim day #dreadedbydrea #foryoupage #DBDdrip #locs #loccurls #dreathelocdoc #loctrim ,1415,7.274026617033558e+18,UNSTOPPABLE EVENING,133.0,f,https://tiktok.com/@/video/7459476038444158251,6532295469052198914,f,"[""dreadedbydrea"",""foryoupage"",""dbddrip"",""locs"",""loccurls"",""dreathelocdoc"",""loctrim""]"
7470702670672579882,1739408546,"glow from the inside out with this blue spirulina milk recipe made in the @Nama M1! this machine makes the most dreamy, high quality milks in 2 minutes. plus, no soaking your nuts prior is a huge bonus! use code KRISTAM1 to save - link in bio🩵💙 this vibrant blue milk tastes unbelievably delicious, like nothing I’ve ever had before!  packed with antioxidants, supports hormone balance, boosts energy, and aids in detoxification, I am obsessed! ingredients: 1 tbsp @Ellie’s Best 🌿 organic blue spirulina powder (code WELL10 to save $$) 1 cup cashews  1/2 cup coconut shreds 2 @Natural Delights dates, pit removed  1/2 tsp vanilla extract (that I spilled everywhere🙃)  3-4 cups of filtered water to blend  #bluespirulina #healthyglow #homemademilk #bluespirulinamilk #namam1 #namawell #healthyglow #plantbased ",2012,7.274026617033558e+18,UNSTOPPABLE EVENING,133.0,f,https://tiktok.com/@/video/7470702670672579882,6810789049549849606,f,"[""bluespirulina"",""healthyglow"",""homemademilk"",""bluespirulinamilk"",""namam1"",""namawell"",""plantbased""]"
7503998832577957151,1747160912,#modelingtips #chicagomodel #nymodel #therockagency #modeling #modellifestyle #blackchicago ,1361,7.274026617033558e+18,UNSTOPPABLE EVENING,133.0,f,https://tiktok.com/@/video/7503998832577957151,7051011980026659846,f,"[""modelingtips"",""chicagomodel"",""nymodel"",""therockagency"",""modeling"",""modellifestyle"",""blackchicago""]"
7466228847319633198,1738366900,accountability and accessibility let's host game night Misfit Heroes and Mystic vale #mysticvale #MisfitHeroes #AEG #boardgames #bechillgameon ,1388,7.274026617033558e+18,UNSTOPPABLE EVENING,133.0,f,https://tiktok.com/@/video/7466228847319633198,7192065569847084075,f,"[""mysticvale"",""misfitheroes"",""aeg"",""boardgames"",""bechillgameon""]"
7499317039438253343,1746070843,START THE BUSINESS!!! 🤌🏼😊😎 #fyp #entrepreneur #womenownedbusiness #mobilebartender #mobilebarservice  #empowerment #trending ,646,7.274026617033558e+18,UNSTOPPABLE EVENING,133.0,f,https://tiktok.com/@/video/7499317039438253343,6881418657618134021,f,"[""fyp"",""entrepreneur"",""womenownedbusiness"",""mobilebartender"",""mobilebarservice"",""empowerment"",""trending""]"
7496301123746417966,1745368658,Why are so many OC homeowners building ADU’s ? 🏠 #construction #houserenovation #accessorydwellingunit #familybusiness #constructionlife #adu @Mike Aceves Jr. ,5342,7.274026617033558e+18,UNSTOPPABLE EVENING,133.0,f,https://tiktok.com/@/video/7496301123746417966,7211987723769742378,f,"[""construction"",""houserenovation"",""accessorydwellingunit"",""familybusiness"",""constructionlife"",""adu""]"
7459401078757510443,1736777171,Just another oil boiler tune-up.. yall still dealing with oil? #bluecollar #hvac #entrepreneur #fypシ #trusttheprocess ,2379,7.274026617033558e+18,UNSTOPPABLE EVENING,133.0,f,https://tiktok.com/@/video/7459401078757510443,7393751094477964331,f,"[""bluecollar"",""hvac"",""entrepreneur"",""fyp\u30b7"",""trusttheprocess""]"
7504337395278531882,1747239722,"Magical Folk & Flora coffee flights will be available at @CoolBeansMedina on Sunday, June 1st, check ‘em out! 🍄🐈‍⬛💐 #booktokfyp #indiebookstore #blackcatbooksandoddities #cleveland #bookstore #shoplocal #medinaohio #2025festivals #2025festivalseason #folkfestival #coffeeflight #clevelandcoffee #cleveland #coolbeans #folkandflorafest #cottagecore #cottagecorefestival ",1206,7.274026617033558e+18,UNSTOPPABLE EVENING,133.0,f,https://tiktok.com/@/video/7504337395278531882,7227970712124425262,f,"[""booktokfyp"",""indiebookstore"",""blackcatbooksandoddities"",""cleveland"",""bookstore"",""shoplocal"",""medinaohio"",""2025festivals"",""2025festivalseason"",""folkfestival"",""coffeeflight"",""clevelandcoffee"",""coolbeans"",""folkandflorafest"",""cottagecore"",""cottagecorefestival""]"
7509259562826861855,1748385756,THE DAY HAS COME! MEET MURPH 🐶🤍 #murph #havanese #puppy #gotchaday #dogsoftiktok #puppytiktok #family ,1202,7.274026617033558e+18,UNSTOPPABLE EVENING,133.0,f,https://tiktok.com/@/video/7509259562826861855,7390176054021014570,f,"[""murph"",""havanese"",""puppy"",""gotchaday"",""dogsoftiktok"",""puppytiktok"",""family""]"
7493552293124623659,1744728659,"The Ripple Effect: Episode 1 - Zac & Raquel Zac & Raquel are two of our day one members. They came into Bodhe as strangers-both entrepreneurs, both looking for community to offset the isolation of working from home. Fast forward: they're not just friends, but now collaborators as their two businesses, @_Tru_Wild and @socialstatusllc, just teamed up at Expo West. This series is all about that-how one shared space, and a common center, can create an unexpected ripple - told through stories from our members. Apply today to join our out of office club! #bodhe #bodhelajolla #workfrombodhe #sandiegocoworking #sandiegocommunity #networking #sandiegobusiness #sandiegohiddengems",2121,7.274026617033558e+18,UNSTOPPABLE EVENING,133.0,f,https://tiktok.com/@/video/7493552293124623659,7324664686471857195,f,"[""bodhe"",""bodhelajolla"",""workfrombodhe"",""sandiegocoworking"",""sandiegocommunity"",""networking"",""sandiegobusiness"",""sandiegohiddengems""]"
7449575749197122847,1734489526,"¿Qué hacer en Nueva York ? Visita el OculusEn el World Trade Center!te muestro tres experiencias increíbles que debes vivir en este emblemático lugar. Que otro lugar debería visitar? 🤔 📍 185 Greenwich St LL3110, New York, NY 10006 @eatalynewyorkcity @westfieldworldtradecenter @worldtradecenter #nyc #vlogs #cityblogs #theoculus #cosasquehacerennewyork #worldtradecenter #parati #foryou #fyp ",4121,7.274026617033558e+18,UNSTOPPABLE EVENING,133.0,f,https://tiktok.com/@/video/7449575749197122847,6791161564705440774,f,"[""nyc"",""vlogs"",""cityblogs"",""theoculus"",""cosasquehacerennewyork"",""worldtradecenter"",""parati"",""foryou"",""fyp""]"
7476492625348971807,1740756649,☘️ This #FlavorFriday we explore what makes our March Seasonals so special ✨ 🌈 Lucky Charms 🍺 Grasshopper Guinness 🍋‍🟩 Moscow Mule,1725,7.274026617033558e+18,UNSTOPPABLE EVENING,133.0,f,https://tiktok.com/@/video/7476492625348971807,6718946633126298630,f,"[""flavorfriday""]"
7482981353923939614,1742267397,"GRWM - outfit ideas for @Off The Grid NYC 3/29 Gala event @Fifth Avenue What’s your pick? 1, 2, 3 or 4? #grwm #grwm_aesthetics #fyp #viral #trending #outfitideas #outfitinspo #cocktaildresses #blacktie ",1205,7.274026617033558e+18,UNSTOPPABLE EVENING,133.0,f,https://tiktok.com/@/video/7482981353923939614,6888881155991716869,f,"[""grwm"",""grwm_aesthetics"",""fyp"",""viral"",""trending"",""outfitideas"",""outfitinspo"",""cocktaildresses"",""blacktie""]"
7498821288362839327,1745955397,Great place to watch the sunset and have some cocktails and dinner in St. Pete 🌞🫶🏻  #stpete #datenight #dinner #stpetersburg ,2866,7.274026617033558e+18,UNSTOPPABLE EVENING,133.0,f,https://tiktok.com/@/video/7498821288362839327,7431756491784979499,f,"[""stpete"",""datenight"",""dinner"",""stpetersburg""]"
7501172112581774622,1746502756,A $4.99 chicken sandwich in the Tampa Bay area that’s definitely worth checking out — so full of flavor and juicy! 📍 The Red Bird Hot Chicken & Fries 11301 N 56th St. Ste 6 in Temple Terrace #Tampa #TampaFoodie #TampaFood #TampaRestaurants #HotChicken #ChickenSandwich ,1473,7.274026617033558e+18,UNSTOPPABLE EVENING,133.0,f,https://tiktok.com/@/video/7501172112581774622,6810915804013003781,f,"[""tampa"",""tampafoodie"",""tampafood"",""tamparestaurants"",""hotchicken"",""chickensandwich""]"
7460268408731421982,1736979102,My new fav EPCOT treat is officially in Germany. I’ve been sleeping on the cookies and Werther’s OG popcorn! @Werther’s Original @Disney Parks Would you try this? #epcot #werthersoriginal #wertherscaramel #caramel #disneyworld #disneypark #disneyadult #disneycontent #disneyfoodie #foodie #disneytreat #epcotball ,1690,7.274026617033558e+18,UNSTOPPABLE EVENING,133.0,f,https://tiktok.com/@/video/7460268408731421982,6634338092390842374,f,"[""epcot"",""werthersoriginal"",""wertherscaramel"",""caramel"",""disneyworld"",""disneypark"",""disneyadult"",""disneycontent"",""disneyfoodie"",""Foodie"",""disneytreat"",""epcotball""]"
7505225841622781215,1747446578,let’s make a burrito/taco salad for dinner… #tacosalad #dinner #cookwithme #healthyrecipes #sahm #salad #saladrecipe #momdiaries ,311,7.274026617033558e+18,UNSTOPPABLE EVENING,133.0,f,https://tiktok.com/@/video/7505225841622781215,7010062872974787590,f,"[""tacosalad"",""dinner"",""CookWithMe"",""healthyrecipes"",""sahm"",""salad"",""saladrecipe"",""momdiaries""]"
7492975345503817006,1744594304,sunny sunday living in SF ☀️ #sanfrancisco #sfvlog #dayinmylifevlog #sf #sanfranciscolife #sffoodie #sfthingstodo #sfbayarea #sfcontentcreator #sftok #fyp #sfeats #dailyvlog #sfparks ,1369,7.274026617033558e+18,UNSTOPPABLE EVENING,133.0,f,https://tiktok.com/@/video/7492975345503817006,7035534731736007727,f,"[""sanfrancisco"",""sfvlog"",""dayinmylifevlog"",""sf"",""sanfranciscolife"",""sffoodie"",""sfthingstodo"",""sfbayarea"",""sfcontentcreator"",""sftok"",""fyp"",""sfeats"",""dailyvlog"",""sfparks""]"
7488426469316726046,1743535191,Like for this living space to be yours… Follow @masondlopez for more luxury home tour content in Las Vegas. Considering buying or selling? Interview @masondlopez You’ll be glad you did!  #dreamhomes #lasvegas #luxuryhometours #sellingvegas,1113,7.274026617033558e+18,UNSTOPPABLE EVENING,133.0,f,https://tiktok.com/@/video/7488426469316726046,6830100911069004806,f,"[""dreamhomes"",""lasvegas"",""luxuryhometours"",""sellingvegas""]"
7496259577323932974,1745358974,"Dive into this Northern Michigan Project with us, as we take you through the stages from start to finish!👏🏡🌊 Designed by @desrosiersarchitects. 🎥: @marketgsocialhouse #realestate #architect #architecture #luxuryarchitect #megamansion #architecturaldigest #milliondollarhome #homeinspo #michiganarchitect #houseinspo #luxuryhome #luxuryrealestate #customhome",1950,7.274026617033558e+18,UNSTOPPABLE EVENING,133.0,f,https://tiktok.com/@/video/7496259577323932974,7057902418304435246,f,"[""realestate"",""architect"",""architecture"",""luxuryarchitect"",""megamansion"",""architecturaldigest"",""milliondollarhome"",""homeinspo"",""michiganarchitect"",""houseinspo"",""luxuryhome"",""luxuryrealestate"",""customhome""]"
7442011669280148782,1732728371,"Have you tried unflavored protein powder? 💪 Pure, raw protein with no added flavor, giving you the freedom to customize it your way. Mix it with your favorite fruits, spices, or drinks—your protein, your style! 🌟#protein #proteinshake #gym #health ",3627,7.274026617033558e+18,UNSTOPPABLE EVENING,133.0,f,https://tiktok.com/@/video/7442011669280148782,7256450796592907307,f,"[""protein"",""proteinshake"",""gym"",""health""]"
7513943365017242910,1749476313,Post Work As A Volleyball Player! 💼🏐 @CelsiusOfficial  #celsiusambassador #celsiuslivefit #volleyball #volleyballworld #sand #beach #volleyballworld #volleyballplayer #sports #brodesvolleyball #Summer #haikyuu #volleyballgame,1457,7.274026617033558e+18,UNSTOPPABLE EVENING,133.0,f,https://tiktok.com/@/video/7513943365017242910,7248288599678125098,f,"[""celsiusambassador"",""celsiuslivefit"",""volleyball"",""volleyballworld"",""sand"",""beach"",""volleyballplayer"",""sports"",""brodesvolleyball"",""Summer"",""haikyuu"",""volleyballgame""]"
7490412006785191199,1743997479,Average Throwers Club Trick Tutorial #9:  Mexican Duck Pond (Additional Pre Requisite would be Gyroscopic flop!) #creatorsearchinsights #yoyo #yoyotricks #yoyotutorial #averagethrowersclub ##tutorial,1547,7.274026617033558e+18,UNSTOPPABLE EVENING,133.0,f,https://tiktok.com/@/video/7490412006785191199,7336007592661402670,f,"[""9"",""creatorsearchinsights"",""yoyo"",""yoyotricks"",""yoyotutorial"",""averagethrowersclub"",""tutorial""]"
7462875380966231326,1737586111,I just discovered the best auto-editing feature to detect and delete silences and pauses in talking videos! Using @adobevideo @Adobe @Adobe Design  Premier Pro on my desktop. This actually saved me a full hour so i wanted to share. Let me know if you try or have pther questions!  #videoediting #adobe #videoedit #editingtutorial #howtoedit ,3427,7.274026617033558e+18,UNSTOPPABLE EVENING,133.0,f,https://tiktok.com/@/video/7462875380966231326,6816434400567428101,f,"[""videoediting"",""adobe"",""videoedit"",""editingtutorial"",""howtoedit""]"
7464621340255964447,1737992609,Welcome to my home salon #sunshynenailedit #servicewithsunshyne #wenailiteverytime #scnailtech #homebasednailtech #fyp #columbiascnailtech #dontquityourdaydream ,841,7.274026617033558e+18,UNSTOPPABLE EVENING,133.0,f,https://tiktok.com/@/video/7464621340255964447,6928478667677156358,f,"[""sunshynenailedit"",""servicewithsunshyne"",""wenailiteverytime"",""scnailtech"",""homebasednailtech"",""fyp"",""columbiascnailtech"",""DontQuitYourDaydream""]"
7503405685649149230,1747022826,on the hunt for #prismaticevolutions  Eevee pouch @tcsrockets  #pokemon #ddtc #pokemontcg #pokemoncards #pokemoncommunity #onthehunt ,1820,7.274026617033558e+18,UNSTOPPABLE EVENING,133.0,f,https://tiktok.com/@/video/7503405685649149230,7422564731880178731,f,"[""prismaticevolutions"",""pokemon"",""ddtc"",""pokemontcg"",""pokemoncards"",""pokemoncommunity"",""onthehunt""]"
7492868719530609951,1744569473,Review: Wearing the $90 V5 RNR for a week!!!,10455,7.274026617033558e+18,UNSTOPPABLE EVENING,133.0,f,https://tiktok.com/@/video/7492868719530609951,6882811036690400261,f,[]
7489168873091108139,1743708025,Let’s talk about where your brows should really begin. A small change makes a big difference! ✨  #BrowMapping #BrowArtist #BrowsOnPoint #BrowsOnFleek #PerfectBrows #BrowsGoals #TampaBrows #Tampa #SouthTampa #TampaBay ,7399,7.274026617033558e+18,UNSTOPPABLE EVENING,133.0,f,https://tiktok.com/@/video/7489168873091108139,6678426962870584325,f,"[""browmapping"",""browartist"",""browsonpoint"",""browsonfleek"",""perfectbrows"",""browsgoals"",""tampabrows"",""tampa"",""southtampa"",""tampabay""]"
7458717777407298859,1736618068,#soils #promix #healthysoil #soilislife #gardeningtools ,5157,7.274026617033558e+18,UNSTOPPABLE EVENING,133.0,f,https://tiktok.com/@/video/7458717777407298859,7058852736475939886,f,"[""soils"",""promix"",""healthysoil"",""soilislife"",""gardeningtools""]"
7495874108824276270,1745269241,The one-month mark of my freshly washed and styled bono knotless braids 🖤 #washday #bohoknotlessbraids #foryoupage #fyp #bohobraids #braids #blackgirlhairstyles #hairtutorial #hairstyle #haircare #hairtransformation #boxbraids #hairstyles #blackgirlmagic ,2925,7.274026617033558e+18,UNSTOPPABLE EVENING,133.0,f,https://tiktok.com/@/video/7495874108824276270,7482065358321566766,f,"[""washday"",""bohoknotlessbraids"",""foryoupage"",""fyp"",""bohobraids"",""braids"",""blackgirlhairstyles"",""hairtutorial"",""hairstyle"",""haircare"",""hairtransformation"",""boxbraids"",""hairstyles"",""blackgirlmagic""]"
7499275603556748575,1746061192,I GOT A DOG…meet Dinero 😭 #frenchbulldog #frenchiesoftiktok #frenchie #frenchies #dogsoftiktok #dogshopping #dogshoppinghaul #fyp #explorepage #4urpage #dogmom #dogmomlife ,633,7.274026617033558e+18,UNSTOPPABLE EVENING,133.0,f,https://tiktok.com/@/video/7499275603556748575,6984788333042041862,f,"[""frenchbulldog"",""frenchiesoftiktok"",""frenchie"",""frenchies"",""dogsoftiktok"",""dogshopping"",""dogshoppinghaul"",""fyp"",""explorepage"",""4urpage"",""dogmom"",""dogmomlife""]"
7460327691137404191,1736992909,"Make homemade koobideh with beef or lamb, on the grill or in the oven, and in less than 30 minutes no matter what! This classic Persian kabob is super juicy and spiced with a combination of sweet, peppery, and lemony seasonings. You won’t be able to stop after just one! #silkroadrecipes #persian #koobideh #koobidehkabob #kabob #lamb ",1473,7.274026617033558e+18,UNSTOPPABLE EVENING,133.0,f,https://tiktok.com/@/video/7460327691137404191,7133294927078278187,f,"[""silkroadrecipes"",""persian"",""koobideh"",""koobidehkabob"",""kabob"",""lamb""]"
7485537958498553118,1742862651,Here is our break in service with the Glove pounder. Catchers mitt cost $50-$75 depending if the glove was bought with us or not. Turn around is usually 1-2 days. #a2000 #wilson #catcher #mitt #glove #breakin #pound #glovecare #littleleague #usssa #highschool #pony #travel #baseball #softball #glovebreakin #2025 #spring #mlb #charlierose #sanjose #california #bayarea #fyp ,1000,7.274026617033558e+18,UNSTOPPABLE EVENING,133.0,f,https://tiktok.com/@/video/7485537958498553118,6883696079902475269,f,"[""a2000"",""wilson"",""catcher"",""mitt"",""glove"",""breakin"",""pound"",""glovecare"",""littleleague"",""usssa"",""highschool"",""pony"",""travel"",""baseball"",""softball"",""glovebreakin"",""2025"",""spring"",""MLB"",""charlierose"",""sanjose"",""california"",""bayarea"",""fyp""]"
7487019948154572078,1743207715,Tank looks cycled! Phosphates are slightly high #reeftok #reeftank #cyclingreeftank #parameters #reefaddict #reefaquarium #reeftanksetup #hannainstruments @Hanna Instruments ,3631,7.274026617033558e+18,UNSTOPPABLE EVENING,133.0,f,https://tiktok.com/@/video/7487019948154572078,7194818527854052398,f,"[""reeftok"",""reeftank"",""cyclingreeftank"",""parameters"",""reefaddict"",""reefaquarium"",""reeftanksetup"",""hannainstruments""]"
7396826485065043230,1722207887,@Lashedbyleasia Only $50 deposit required to book your slot! Dm me to book this luxury treatment ✨🥂 #lashesspartanburgsc #spartanburgsceshetician #spartanburgslashtech #greerscesthetician #greenvillescesthetician #lashesgreenvillesc #greenvillesclashes #packagedeals #beautypackagedeal #beautypackages💆💇💅👰👸 ,26211,7.274026617033558e+18,UNSTOPPABLE EVENING,133.0,f,https://tiktok.com/@/video/7396826485065043230,6864355688686076933,f,"[""lashesspartanburgsc"",""spartanburgsceshetician"",""spartanburgslashtech"",""greerscesthetician"",""greenvillescesthetician"",""lashesgreenvillesc"",""greenvillesclashes"",""packagedeals"",""beautypackagedeal"",""beautypackages\ud83d\udc86\ud83d\udc87\ud83d\udc85\ud83d\udc70\ud83d\udc78""]"
7507392898019626270,1747951130,Easy lemon pasta 🍋🌱   #veganrecipes  #plantbasedfood ,852,7.274026617033558e+18,UNSTOPPABLE EVENING,133.0,f,https://tiktok.com/@/video/7507392898019626270,6784813881988482054,f,"[""veganrecipes"",""plantbasedfood""]"
7460603043080441118,1737057019,"Is this million dollar house in Victor, NY worth it?",3163,7.274026617033558e+18,UNSTOPPABLE EVENING,133.0,f,https://tiktok.com/@/video/7460603043080441118,6826322209389315078,f,[]
7461012313747934510,1737152308,Medusa 🐍💗 #medusatattoo #medusa #tattooinspiration #neotraditionaltattoo ,2211,7.274026617033558e+18,UNSTOPPABLE EVENING,133.0,f,https://tiktok.com/@/video/7461012313747934510,7395739897044976683,f,"[""medusatattoo"",""medusa"",""tattooinspiration"",""neotraditionaltattoo""]"
7464986629430611231,1738077712,Trying out the new Buzzsaw 🔥 This one is a beauty! #discgolf #discgolflife #discgolfnation #sport #sportstiktok #discraft #throwdiscraft #buzzz #buzzzsaw ,2934,7.274026617033558e+18,UNSTOPPABLE EVENING,133.0,f,https://tiktok.com/@/video/7464986629430611231,7388201407965283370,f,"[""discgolf"",""discgolflife"",""discgolfnation"",""sport"",""sportstiktok"",""discraft"",""throwdiscraft"",""buzzz"",""buzzzsaw""]"
7505641637389896990,1747543403,"This beautiful Port Hueneme home, priced just under $600K, offers 2 bedrooms, 2 bathrooms, a spacious layout with 1,017 sq ft, and a 2-car garage. Enjoy brand-new vinyl floors, freshly painted walls, and a clean, updated ceiling-all just 6 minutes from the beach. Comment SHOW if you want to schedule a private showing! Jordan Navarro | eXp Realty DRE: 02266810 (805) 794-8955 #realtor #realestateforsale #venture #venturacounty #homesforsale #porthueneme #forsale #reality #newhomes #venturaharbor #realtor ",1567,7.274026617033558e+18,UNSTOPPABLE EVENING,133.0,f,https://tiktok.com/@/video/7505641637389896990,6791708781521716229,f,"[""realtor"",""realestateforsale"",""venture"",""venturacounty"",""homesforsale"",""porthueneme"",""forsale"",""reality"",""newhomes"",""venturaharbor""]"
7417849586234019114,1727102706,"Did you know IV drug use can cause a heart infection? It might be a condition called infective endocarditis. That translates to you having a bacterial or fungal infection in the heart tissue due to IV drug use. When it comes to IV drug use, the story usually starts off with a lot of caution. Everything is clean and sterile. And then we become desperate and risky so clean and sterile is less important. You have to assume everything you put into your bloodstream will make its way to the heart. And that's where the bacteria or fungus can infect the tissue around one of your heart valves. An infected valve might allow for backflow or regurgitation. You see the problem. There’s a solution. Reach out for help to get sober. Speak with a cardiologist and tell them the honest story of your drug use because they have to figure out what type of intervention you need. Maybe antibiotics. Maybe surgery. Healing happens. You can do it. Tag someone that needs to see this. … #s#sobrietya#addictiona#alcoholisms#sobert#trendingh#helpo#overdosen#newsmedical ",21981,7.274026617033558e+18,UNSTOPPABLE EVENING,133.0,f,https://tiktok.com/@/video/7417849586234019114,6917731113649685510,f,"[""sobriety"",""addiction"",""alcoholism"",""sober"",""trending"",""help"",""overdose"",""news""]"
7501819769746771246,1746653562,LATE NIGHT ORGANIZATION: bathroom edition ✨ #organize #asmr #organizewithme #organizationasmr #california #moving #orangecounty #gettingmylifetogether #cleantok ,1059,7.274026617033558e+18,UNSTOPPABLE EVENING,133.0,f,https://tiktok.com/@/video/7501819769746771246,7390176054021014570,f,"[""organize"",""asmr"",""organizewithme"",""organizationasmr"",""california"",""moving"",""orangecounty"",""gettingmylifetogether"",""CleanTok""]"
7496654253813992746,1745450874,Dusting off Studio Luz 💡✨ #vallejo #latinaownedbusiness #photographystudio #fyp ,904,7.274026617033558e+18,UNSTOPPABLE EVENING,133.0,f,https://tiktok.com/@/video/7496654253813992746,7119997417072280619,f,"[""vallejo"",""latinaownedbusiness"",""photographystudio"",""fyp""]"
7491762992531492142,1744312014,Did I save bro? 💈 #CapCut #nrh #keller #kellerbarber #nrhbarber #fade #fortworth #taper #menscut #mensstyle #straighthair #fortworthbarber #lowmaintenance #romerofadez #shorthair ,2694,7.274026617033558e+18,UNSTOPPABLE EVENING,133.0,f,https://tiktok.com/@/video/7491762992531492142,6917690270226777093,f,"[""capcut"",""nrh"",""keller"",""kellerbarber"",""nrhbarber"",""fade"",""fortworth"",""taper"",""menscut"",""mensstyle"",""straighthair"",""fortworthbarber"",""lowmaintenance"",""romerofadez"",""shorthair""]"
7473112764576206122,1739969671,"Craving the juiciest, most flavorful burgers in the Bronx? 🍔 check out @Bronx Burger Co. in the Boogie Down Food Hall at Bronx Terminal Market.  #BronxBurgerCo #BurgerLovers #nycburger #BronxEats #JuicyBurgers #bronxfood @Mustard Food App   ",5604,7.274026617033558e+18,UNSTOPPABLE EVENING,133.0,f,https://tiktok.com/@/video/7473112764576206122,6811884114343511046,f,"[""bronxburgerco"",""burgerlovers"",""nycburger"",""bronxeats"",""juicyburgers"",""bronxfood""]"
7489538005405945118,1743793983,The best worst film camera you can buy  #filmphotography #mediumformat #holga,1398,7.274026617033558e+18,UNSTOPPABLE EVENING,133.0,f,https://tiktok.com/@/video/7489538005405945118,6847298297821824005,f,"[""filmphotography"",""mediumformat"",""holga""]"
7355723354323586350,1712637817,"New Super Pho in Duluth, GA!  Open until 2am daily!   #vietfood #noodlesoup #beefnoodlesoup #atlanta #duluth #rice #pho #foodie #vietnamesefood #georgia #newsuperpho #latenight #asianfood ",8938,7.274026617033558e+18,UNSTOPPABLE EVENING,133.0,f,https://tiktok.com/@/video/7355723354323586350,7285945600934642734,f,"[""vietfood"",""noodlesoup"",""beefnoodlesoup"",""atlanta"",""duluth"",""rice"",""pho"",""Foodie"",""vietnamesefood"",""georgia"",""newsuperpho"",""latenight"",""asianfood""]"
7477003517073427755,1740875566,Can’t stand air pockets in your sculpture? This foil trick will prevent air pockets from deforming your pieces when baking! 💨🚫 . . . #polymerclay #clayartist #artist #sculpting #claysculpture #characterdesign #chibi #chibidesign #theraputic #arttherappy #claytips #claytipsandtricks #claytechniques #polymerclaytutorial #polymerclaytipsandtricks,1589,7.274026617033558e+18,UNSTOPPABLE EVENING,133.0,f,https://tiktok.com/@/video/7477003517073427755,7364576215459529770,f,"[""polymerclay"",""clayartist"",""artist"",""sculpting"",""claysculpture"",""characterdesign"",""chibi"",""chibidesign"",""theraputic"",""arttherappy"",""claytips"",""claytipsandtricks"",""claytechniques"",""polymerclaytutorial"",""polymerclaytipsandtricks""]"
7496362058066251050,1745382820,🍉Dollar tree summer items are out & fully stocked!!!☀️👙🍉Run to your local store to get all the fun outdoor activity items before they sell out! @Dollar Tree #dollartree #fyp #dollartreefinds #summer #activityideas #outdoor #shop #shopping #shoppingvlog #dollartreediy #dollartreehaul #fypシ  #poolparty #musthaves #summerfun #fun ,1381,7.274026617033558e+18,UNSTOPPABLE EVENING,133.0,f,https://tiktok.com/@/video/7496362058066251050,6966787032672748549,f,"[""dollartree"",""fyp"",""dollartreefinds"",""Summer"",""activityideas"",""outdoor"",""shop"",""shopping"",""shoppingvlog"",""dollartreediy"",""dollartreehaul"",""fyp\u30b7"",""poolparty"",""musthaves"",""summerfun"",""fun""]"
7461693734229495082,1737310964,Banana Caramel Protein shake! 🍌🍮 🧊 - Ice 🍌 - Super Ripe Banana  🌰 - Pitted Date 🌱 - Plant Protein (@ora.organic code: FINEAPPLEVEGAN) 🥜 - Powdered Peanut Butter  🪵 - Cinnamon  🥥 - Coconut Milk  ✨️ Super Delicious and Filling! The PERFECT base for #proteinicecream if you have a @ninjakitchen Creami! ✨️ S/N: You can add #hemphearts for extra benefits! #foryoupage #fyp #weightloss #fitness #protein #vegan #plantbased ,1989,7.274026617033558e+18,UNSTOPPABLE EVENING,133.0,f,https://tiktok.com/@/video/7461693734229495082,6804136431696954373,f,"[""proteinicecream"",""hemphearts"",""foryoupage"",""fyp"",""weightloss"",""Fitness"",""protein"",""vegan"",""plantbased""]"
7461788533976665390,1737333041,"5 cosas que no sabías sobre el S&P 500 y cómo usarlo para crecer tu dinero.💰📈 El S&P 500 puede ayudarte a: 1️⃣ Aprovechar el crecimiento de las 500 empresas más grandes de USA.  2️⃣ Ganar hasta un promedio del 10% anual. 3️⃣ Proteger tu dinero de caídas con un IUL. 4️⃣ Planear un retiro seguro y libre de impuestos.  Si quieres aprender a utilizar para crecer tu dinero, comenta “Protección” para recibir asesoría gratuita. 📩 #SP500 #IUL #DineroSeguro #FinanzasPersonales #LatinosEnUSA #CrecimientoFinanciero #EducacionFinanciera #AhorrosInteligentes",2348,7.274026617033558e+18,UNSTOPPABLE EVENING,133.0,f,https://tiktok.com/@/video/7461788533976665390,7125502926714881070,f,"[""sp500"",""iul"",""dineroseguro"",""finanzaspersonales"",""latinosenusa"",""crecimientofinanciero"",""educacionfinanciera"",""ahorrosinteligentes""]"
7516221190554291487,1750006639,"BLIND BAG HEAVEN at Five Below 🛍️✨ I found a One Piece mini figure AND a Labubu dupe that’s lowkey giving Pop Mart vibes?? 😭💅 or so I thought at least when I tell you, I was scared for my life. You can see the shock on my face. This was not what I was expecting to pull out of this blind box of course, I unboxed them both. Let me know should I go back and get more 👀 #FiveBelowFinds #BlindBagUnboxing ##Labubu##PopMartDupe##popmart##popmartunboxing##labubu##lafufu##labubuunboxing##labububigintoenergy##skullpanda##blingbag##fivebelow##OnePieceBlindBox##ToyTok##Collectibles##KawaiiFinds##KobeJoDelivers",2354,7.274026617033558e+18,UNSTOPPABLE EVENING,133.0,f,https://tiktok.com/@/video/7516221190554291487,81343312191754240,f,"[""fivebelowfinds"",""blindbagunboxing"",""labubu"",""popmartdupe"",""popmart"",""popmartunboxing"",""lafufu"",""labubuunboxing"",""labububigintoenergy"",""skullpanda"",""blingbag"",""fivebelow"",""onepieceblindbox"",""toytok"",""collectibles"",""kawaiifinds"",""kobejodelivers""]"
7499480669655993646,1746108959,Butterfly embroidery cake #cakesfromscratch #cakedecorating #embroiderycake #butterflycake #custommadecakes #homebakery #cakedecoratingideas ,681,7.274026617033558e+18,UNSTOPPABLE EVENING,133.0,f,https://tiktok.com/@/video/7499480669655993646,6665417130018832389,f,"[""cakesfromscratch"",""cakedecorating"",""embroiderycake"",""butterflycake"",""custommadecakes"",""homebakery"",""cakedecoratingideas""]"
7458795424195808543,1736636151,"Home trends we are leaving behind in 2024:  1) Minimalism—we are seeing more vibrant colors and personalized spaces  2) Overly sleek kitchens—buyers want warmth and character  3) Excessive maximalism— decor is more intentional  4) All white bouclé aesthetic— instead of all white furniture, we’re moving towards more diverse textures and colors that add depth Let us know in the comments if you agree or disagree! 📲 Call or Text: 615-330-0987  💻 Email: lorene@hetheringtonteam.com • • • • • •  #nashvillehomesforsale #paradeofhomes #nashvillenewhomesforsale #bellemeadehomesforsale #homesforsalenashville #luxuryhomesforsale #luxuryhomesforsaleinnashville #nashvillehomesforsalelorenehetherington #besthomesforsaleinnashvilletn #homesforsaleinnashville #homesforsaleinnashvilletennessee #homesforsaleinnashvilletn  #franklintn #nashvilletn #nashville #brentwoodtn #movingtonashville #movingtofranklin #visitfranklintn #visitfranklin #visitnashville #luxuryhomes #franklinluxury #nashvilleluxury #nashvillerealtor #brentwoodrealtor #franklinrealtor #homesforsale ",3912,7.274026617033558e+18,UNSTOPPABLE EVENING,133.0,f,https://tiktok.com/@/video/7458795424195808543,6887376873010021382,f,"[""nashvillehomesforsale"",""paradeofhomes"",""nashvillenewhomesforsale"",""bellemeadehomesforsale"",""homesforsalenashville"",""luxuryhomesforsale"",""luxuryhomesforsaleinnashville"",""nashvillehomesforsalelorenehetherington"",""besthomesforsaleinnashvilletn"",""homesforsaleinnashville"",""homesforsaleinnashvilletennessee"",""homesforsaleinnashvilletn"",""franklintn"",""nashvilletn"",""nashville"",""brentwoodtn"",""movingtonashville"",""movingtofranklin"",""visitfranklintn"",""visitfranklin"",""visitnashville"",""luxuryhomes"",""franklinluxury"",""nashvilleluxury"",""nashvillerealtor"",""brentwoodrealtor"",""franklinrealtor"",""homesforsale""]"
7458414957777014059,1736547565,🚨 Stay alert! Walking pneumonia cases are on the rise. Protect yourself and your loved ones—consult with White Flint Family Pharmacy for prevention tips and treatment options. 🩺💊💙 #HealthAlert #WalkingPneumonia #StaySafe #WhiteFlintFamilyPharmacy ,4558,7.274026617033558e+18,UNSTOPPABLE EVENING,133.0,f,https://tiktok.com/@/video/7458414957777014059,7277266438334579754,f,"[""healthalert"",""walkingpneumonia"",""staysafe"",""whiteflintfamilypharmacy""]"
7501400781019565354,1746556033,"FOR SALE IN RANCHO CUCAMONGA 91737‼️  Endless Possibilities on Nearly an Acre in North Rancho Cucamonga! Welcome to your dream property—a rare flat lot just under an acre, nestled in the highly desirable area of North Rancho Cucamonga. Surrounded by million-dollar estates and offering stunning mountain views, this property is a true blank slate ready for your vision. Whether you're dreaming of horses, a custom pool, an additional unit, or expansive gardens, the potential here is endless. The beautifully updated main home offers 2,380 square feet of living space with 3 spacious bedrooms and a versatile flex room—perfect as a home office, gym, or guest room—with its own exterior service door leading to the fenced backyard. DM me for more information or to schedule a tour call  at ☎️ (626) 615-7013  #realestate #bestrealtor #bestrealtor #homeforsale #picorivera #newconstructionhomes  For easy access to the property links and more, follow me on instegram @realtor.sonia_  Sonia Roman  Home View Realty  DRE# 02225179 L/O Sarah Dykema L/A Capital & Influence",2984,7.274026617033558e+18,UNSTOPPABLE EVENING,133.0,f,https://tiktok.com/@/video/7501400781019565354,6823199337079915526,f,"[""realestate"",""bestrealtor"",""homeforsale"",""picorivera"",""newconstructionhomes""]"
7508328023192505631,1748168892,Updated look at the Chase Pops! @OriginalFunko  #fyp ##fypシ #funkotiktok #funko #funkopop #popvinyl #collector #funkochase #funkocollector #funkocommunity ,460,7.274026617033558e+18,UNSTOPPABLE EVENING,133.0,f,https://tiktok.com/@/video/7508328023192505631,6954421971514262533,f,"[""fyp"",""fyp\u30b7"",""funkotiktok"",""funko"",""funkopop"",""popvinyl"",""collector"",""funkochase"",""funkocollector"",""funkocommunity""]"
7491810602785049902,1744323099,"Some of the best coffee I’ve tried so far! ☕️ 📍Vavela Cafe - 440 E McCullough Dr, #210, Charlotte, NC 28262 #charlotte #clt #coffee #coffeetok #thingstodoincharlotte #vavelacafe #coffeetiktok #espresso ",1052,7.274026617033558e+18,UNSTOPPABLE EVENING,133.0,f,https://tiktok.com/@/video/7491810602785049902,7484628717668729899,f,"[""210"",""charlotte"",""clt"",""coffee"",""coffeetok"",""thingstodoincharlotte"",""vavelacafe"",""coffeetiktok"",""espresso""]"
7499090449949379870,1746018095,Did yall miss me….? I’m back!😭👩🏼‍💻 #socialmediamarketing #marketing #fyp #viral ,631,7.274026617033558e+18,UNSTOPPABLE EVENING,133.0,f,https://tiktok.com/@/video/7499090449949379870,91357373302206464,f,"[""socialmediamarketing"",""marketing"",""fyp"",""viral""]"
7492605437074885919,1744508159,"Sample Saturday! Limestone Farms Bloodline Heritage 6yr bourbon  Proof: 92 Mash Bill: 78% Corn, 13% Rye, 9% Malted Barley Barrel: American White Oak Aged: 6-year-old Thanks @Eric Hultgren for the sample! Very unique pour. #samplesaturday #whiskey #rye #bourbon #whisky #thewhiskeyidiots #btt #whiskeychurch #limestonefarms #community ",1028,7.274026617033558e+18,UNSTOPPABLE EVENING,133.0,f,https://tiktok.com/@/video/7492605437074885919,7065758430810309678,f,"[""samplesaturday"",""whiskey"",""rye"",""bourbon"",""whisky"",""thewhiskeyidiots"",""btt"",""whiskeychurch"",""limestonefarms"",""community""]"
7491292579502460206,1744202489,"Check out @Rowan in Fairfax Corner, Virginia for high quality and affordable piercings with licensed nurses! 🫶🏻💖   📍 4209 Fairfax Corner Ave E, Fairfax, VA, 22030  With 40+ locations across the United States, Rowan is the PERFECT place to get your next piercings.  #heyrowan #piercings #thingstodoindc #dmv #fyp ",3091,7.274026617033558e+18,UNSTOPPABLE EVENING,133.0,f,https://tiktok.com/@/video/7491292579502460206,6706668029830366214,f,"[""heyrowan"",""piercings"",""thingstodoindc"",""dmv"",""fyp""]"
7474294610966121758,1740244872,"The more you know. Works 2%of the time, every time 👍🏻💯 #dobbybouglas #tattoo #tattok #tattywizard #tattooartist #nytattooartist #themoreyouknow ",1768,7.274026617033558e+18,UNSTOPPABLE EVENING,133.0,f,https://tiktok.com/@/video/7474294610966121758,6654957561991561222,f,"[""dobbybouglas"",""tattoo"",""tattok"",""tattywizard"",""tattooartist"",""nytattooartist"",""themoreyouknow""]"
7506952509618015519,1747848600,The perfect getaway spot in St Pete Beach 🏖️📍 #hotelzamora #hotels #stpete #stpetebeach #floridavacation ,1212,7.274026617033558e+18,UNSTOPPABLE EVENING,133.0,f,https://tiktok.com/@/video/7506952509618015519,7431756491784979499,f,"[""hotelzamora"",""hotels"",""stpete"",""stpetebeach"",""floridavacation""]"
7458703056859843882,1736614640,"Satisfying Sounds 🎶 Unwrapping our Black Angus brisket—foil, plastic wrap, and all that smoky goodness. 💯🐷 ",3206,7.274026617033558e+18,UNSTOPPABLE EVENING,133.0,f,https://tiktok.com/@/video/7458703056859843882,6910235741658530821,f,[]
7485488809388346670,1742851207,"Welcome to The Lyon Apartments Located in the East Village of Des Moines!  This property features luxury amenities such as stainless steel appliances, safe mail carriage, 24/7 weight and fitness room, and best of all incredible views!🌃 #renovation #desmoines #iowa #rentalproperty #apartmenttour #fyp #newapartment #luxuryhomes #remodel ",2561,7.274026617033558e+18,UNSTOPPABLE EVENING,133.0,f,https://tiktok.com/@/video/7485488809388346670,7300959564836865067,f,"[""renovation"",""desmoines"",""iowa"",""rentalproperty"",""apartmenttour"",""fyp"",""newapartment"",""luxuryhomes"",""remodel""]"
7492172945041853742,1744407490,"This one’s for my thrifty fam! I found  a Black-owned thrift store in ATL that’s giving Goodwill but better! EVERYDAY color tag deals, name brands, makeup, home goods, all for the low! Me & the boys had a timeee at @2WThrift  Location:  300 Wharton Cir SW, Atlanta, GA 30336 Pull up and, when  you do tell them Milaya sent you ✨🌻 #2WThrift #BlackOwnedThrift #ATLThrifting #ThriftTok #ThriftWithMe #FamilyThriftRun #AffordableFinds #fypシ  #milayadagoddess ",566,7.274026617033558e+18,UNSTOPPABLE EVENING,133.0,f,https://tiktok.com/@/video/7492172945041853742,6805676661699249157,f,"[""2wthrift"",""blackownedthrift"",""atlthrifting"",""thrifttok"",""thriftwithme"",""familythriftrun"",""affordablefinds"",""fyp\u30b7"",""milayadagoddess""]"
7516726009803066637,1750124182,"If you're new to bartening and want to know when to shake vs. stir a cocktail, this is for you. Let me know if this clears it up and if you have any other questions! #newbartender  #howtobartend  #johanthebartender ",1477,7.274026617033558e+18,UNSTOPPABLE EVENING,133.0,f,https://tiktok.com/@/video/7516726009803066637,6790407635063030789,f,"[""newbartender"",""howtobartend"",""johanthebartender""]"
7460245689327521055,1736973815,“Keep on”-1-15-2025 #loveletterstomywife #team #selfhealing #romancebooks #fypシ゚ #booktok #positivevibes #poetry #loveyourself ,783,7.274026617033558e+18,UNSTOPPABLE EVENING,133.0,f,https://tiktok.com/@/video/7460245689327521055,7362588451101590571,f,"[""loveletterstomywife"",""team"",""selfhealing"",""romancebooks"",""fyp\u30b7\u309a"",""BookTok"",""positivevibes"",""poetry"",""loveyourself""]"
7498748033488948522,1745938348,a fun little monday in my life in nyc  testing makeup & dance class ❤️ missed you @Suhana  #dayinmylife #dayinthelife #nycdayinthelife #nycvlog #nycsushi #nycdancer #indian #giftedbythayers @Thayers #indiandance #telugu #tamil #desi #indian #indianvlogger #teluguvlogs ,2675,7.274026617033558e+18,UNSTOPPABLE EVENING,133.0,f,https://tiktok.com/@/video/7498748033488948522,180504364350849024,f,"[""dayinmylife"",""dayinthelife"",""nycdayinthelife"",""nycvlog"",""nycsushi"",""nycdancer"",""indian"",""giftedbythayers"",""indiandance"",""telugu"",""tamil"",""desi"",""indianvlogger"",""teluguvlogs""]"
7393095323817659691,1721339148,Black owned french pastry shop in STL. Fye 🔥🔥🔥 #trending #fy #stl #pastry #macarons #blackownedbusiness ,1011,7.274026617033558e+18,UNSTOPPABLE EVENING,133.0,f,https://tiktok.com/@/video/7393095323817659691,6896665205042037765,f,"[""trending"",""fy"",""stl"",""pastry"",""macarons"",""blackownedbusiness""]"
7474301477712923946,1740246464,🏡✨ Take a tour of West Village Campus and check out the perfect place to live at the #NJCU!  Want to call NJCU home? Apply by March 1st to become a #GothicKnight! Click the link in our bio to apply NOW! 🔗✅ #NJCU #WestVillage #CampusLiving #FutureGothicKnight #ApplyNow #tour #fyp #dormtour #foryou @NJCUniversity ,1938,7.274026617033558e+18,UNSTOPPABLE EVENING,133.0,f,https://tiktok.com/@/video/7474301477712923946,7273193870690059307,f,"[""njcu"",""gothicknight"",""westvillage"",""campusliving"",""futuregothicknight"",""applynow"",""tour"",""fyp"",""dormtour"",""foryou""]"
7496728569284939038,1745468178,"Beauty isn't a size. It's a mindset, a presence, and a power. Every curve, every stretch mark, every unique feature tells a story of strength and survival. I don’t shrink myself to fit society’s standard—I expand in confidence, self-love, and boldness. This body? It's beautiful. It's mine. And it's worthy of celebration—every single day. Let this be your reminder: You are not defined by numbers, filters, or anyone else's opinion. You are enough just as you are. Own your beauty. Celebrate your body. Stand in your power. #BodyPositive  #LoveYourself #ConfidenceIsBeautiful #PlusSizeQueen #curvygirl  #EmpoweredWomen #CurvesAreBeautiful #blacktiktok #blackgirlmagic #plussizeedition #plussize #curvytiktok #curvy #beautiful ",742,7.274026617033558e+18,UNSTOPPABLE EVENING,133.0,f,https://tiktok.com/@/video/7496728569284939038,6622424760944066565,f,"[""bodypositive"",""loveyourself"",""confidenceisbeautiful"",""plussizequeen"",""curvygirl"",""empoweredwomen"",""curvesarebeautiful"",""BlackTikTok"",""blackgirlmagic"",""plussizeedition"",""plussize"",""curvytiktok"",""curvy"",""beautiful""]"
7497302009473764630,1745601657,#pourtoii #fyp #etudiantdechange #vlog #dailyvlogs #memphis #elvispresley 🩵,775,7.274026617033558e+18,UNSTOPPABLE EVENING,133.0,f,https://tiktok.com/@/video/7497302009473764630,6777884532906673158,f,"[""pourtoii"",""fyp"",""etudiantdechange"",""Vlog"",""dailyvlogs"",""memphis"",""elvispresley""]"
7488500920532077855,1743552513,"Unboxing a set of Sunday Series Smiskis! We ordered online directly from @Smiski USA . And finally got our package yesterday!    Will we ever pull a secret Smiski? 🙈(I need some @MadamDang 𐙚₊˚⊹ luck)  At least we have a new unboxing video where I don’t start crying 🤣   💚Smiski Sunday Series Weights  🐱Sunbathing (with cat)- 42g / 46g  🎸 Sing a long - 34/38g 🪴 Gardening - 40g ✈️ Paper Airplane - 38g / 40g 🫧 Blowing Bubbles - 44g 🛹 Skateboard - 44g Take our weights with a grain of salt, I don’t think our scale was weighing the grams properly 😅 #smiski #sundayseries #smiskisundayseries #blindbox #unboxingvideo ",2351,7.274026617033558e+18,UNSTOPPABLE EVENING,133.0,f,https://tiktok.com/@/video/7488500920532077855,6783865556640187397,f,"[""smiski"",""sundayseries"",""smiskisundayseries"",""blindbox"",""unboxingvideo""]"
7457399192991026478,1736311065,Diamond Reveal - Sterling Club Size 7 #diamonds #rings #surprisejewelryreveals #bp #glitzeboujie ,772,7.274026617033558e+18,UNSTOPPABLE EVENING,133.0,f,https://tiktok.com/@/video/7457399192991026478,7399081411855434794,f,"[""diamonds"",""rings"",""surprisejewelryreveals"",""bp"",""glitzeboujie""]"
7496198328238001450,1745344738,"Still got heat left! Our post-420 deals are live until we’re sold out — if you missed out this weekend, here’s your second chance. Tap into the Treats On Hand section to order now before it’s gone! ❤️#cookies #gardening #garden #lollipop #gardenproject #brownie #brownies #gardening101 #cookie #candy ",1575,7.274026617033558e+18,UNSTOPPABLE EVENING,133.0,f,https://tiktok.com/@/video/7496198328238001450,7444826954691560494,f,"[""cookies"",""gardening"",""garden"",""lollipop"",""gardenproject"",""brownie"",""brownies"",""gardening101"",""cookie"",""candy""]"
7460279969298664747,1736981796,So impressed with this @2aN cushion foundation!! #2an #2ancushion # kbeauty #cushionfoundation #makeup #glassskin #flawlessskin ,1197,7.274026617033558e+18,UNSTOPPABLE EVENING,133.0,f,https://tiktok.com/@/video/7460279969298664747,7258799889163764778,f,"[""2an"",""2ancushion"",""cushionfoundation"",""makeup"",""glassskin"",""flawlessskin""]"
7503642013892496670,1747077834,#creatorsearchinsights #garnier #auburn #redhair #auburnhair #garnierpartner #fyp #cali #sandiego #redhairdye #boxdye #skincare #womenover40 #beauty #beautytips #tiktok @GarnierUSA ,7715,7.274026617033558e+18,UNSTOPPABLE EVENING,133.0,f,https://tiktok.com/@/video/7503642013892496670,7332600492214813739,f,"[""creatorsearchinsights"",""garnier"",""auburn"",""redhair"",""auburnhair"",""garnierpartner"",""fyp"",""cali"",""sandiego"",""redhairdye"",""boxdye"",""skincare"",""womenover40"",""beauty"",""beautytips"",""tiktok""]"
7485533147447184683,1742861521,"If you’re looking for a cocktail bar with great drinks, delicious food, and a fun vibe, you have to check out L’Annexe in Washington, DC. For drinks I highly recommend the seasonal margarita and the Queen of the South. For food we loved the spicy ahi tuna, candied bacon, satay chicken skewers, and bourbon duck fat brownie. All so good! #dcfoodie #dcbars #dcrestaurants #washingtondc #georgetowndc ",1137,7.274026617033558e+18,UNSTOPPABLE EVENING,133.0,f,https://tiktok.com/@/video/7485533147447184683,6806787245942277125,f,"[""dcfoodie"",""dcbars"",""dcrestaurants"",""washingtondc"",""georgetowndc""]"
7486155662074973483,1743006457,"Creative DIY: Transform Your Wardrobe! Used my husband’s old #powerangers tshirt to make this #toddleroutfit this tshirt romper pattern is from Ohmeohmysewing #sewinginspiration, #diyfashion, #upcycle, #fashiontutorials, #sewingtips #creatorsearchinsights ",2645,7.274026617033558e+18,UNSTOPPABLE EVENING,133.0,f,https://tiktok.com/@/video/7486155662074973483,6982008274871190534,f,"[""powerangers"",""toddleroutfit"",""sewinginspiration"",""diyfashion"",""upcycle"",""fashiontutorials"",""sewingtips"",""creatorsearchinsights""]"
7465327481214537003,1738157086,"New construction home adventures in Corpus Christi. #homeinspections #realestatelife🏡 #fyp #foryoupage #corpuschristirealestate #empirebuilder #realtor #realtorlife #homeinspection #bestinspector #corpuschristirealtor #newhome #homebuying@The Home Inspector, CMI® @Infinity Inspector @inspector_fletch @chosen1homeinspector @ZNR Home Inspector ",1389,7.274026617033558e+18,UNSTOPPABLE EVENING,133.0,f,https://tiktok.com/@/video/7465327481214537003,7006672092423013382,f,"[""homeinspections"",""realestatelife\ud83c\udfe1"",""fyp"",""foryoupage"",""corpuschristirealestate"",""empirebuilder"",""realtor"",""realtorlife"",""homeinspection"",""bestinspector"",""corpuschristirealtor"",""newhome"",""homebuying""]"
7470334867633491230,1739322920,For the city ❤️‍🩹 Rise LA 2025 #losangeles ,1585,7.274026617033558e+18,UNSTOPPABLE EVENING,133.0,f,https://tiktok.com/@/video/7470334867633491230,6852596600998560773,f,"[""losangeles""]"
7510302356874202414,1748628575,Sushi loverssss check out this new sushi boat @ home concept from SUSHI BOAT in SUNNYVALE. Their ig is @ sushiboat Extremely high quality fish and every side you could want!! #capcut #sunnyvale #southbayfood #sushi #sushiboat #sushinight #southbayfoodie #bayareafood ,3383,7.274026617033558e+18,UNSTOPPABLE EVENING,133.0,f,https://tiktok.com/@/video/7510302356874202414,6936261670701532166,f,"[""capcut"",""sunnyvale"",""southbayfood"",""sushi"",""sushiboat"",""sushinight"",""southbayfoodie"",""bayareafood""]"
7383878596353395999,1719193227,Ninja Bun & Bang 🔥                                                                                                                                                 . 📍I’m Still Accepting New Clients. 📍Located In Cedar Hill Tx 🔗www.shayesdvineperfection.com. . ”No copyright infringement is intended. I do not own nor claim to own the rights to any of the music in this video shared”. .  #trendingreels #cedarhill #closureinstall #thestylist #fypシ #explorepage #ClickTheLink #booknow #favorite #quickweaves ,1528,7.274026617033558e+18,UNSTOPPABLE EVENING,133.0,f,https://tiktok.com/@/video/7383878596353395999,53733056188006400,f,"[""trendingreels"",""cedarhill"",""closureinstall"",""thestylist"",""fyp\u30b7"",""explorepage"",""clickthelink"",""booknow"",""favorite"",""quickweaves""]"
7500608222756212011,1746371458,"Motthaven Spirits invited BWO to visit. #ad  Can you guess where we went? Straight to the @McBride Sisters Collection! Monica owns @motthavenspirits and is committed to making the customer experience great! She even rang up our founder herself. If you're 21+ and looking for an expansive wine and spirits collection + in the area, stop by and mention Black Woman Owned for an extra gift after your purchase!  Special note: Motthaven Spirits is open to working with new and established wine and spirit brands for samplings and tastings, so get in touch if you're interested! #BlackWomanOwnedBusiness #BlackWomanOwned #BlackWomanOwnedSmallBusiness #BlackOwned #WomanOwnedBusiness #winetiktok🍷 #winetimе ",569,7.274026617033558e+18,UNSTOPPABLE EVENING,133.0,f,https://tiktok.com/@/video/7500608222756212011,7339572138611999786,f,"[""ad"",""blackwomanownedbusiness"",""blackwomanowned"",""blackwomanownedsmallbusiness"",""blackowned"",""womanownedbusiness"",""winetiktok\ud83c\udf77"",""winetim\u0435""]"
7496952547660352790,1745520291,Back in my favourite city 🥹 1st night in New York🗽🇺🇸✨ #newyorkcity #newyorker #comealongwithme ,492,7.274026617033558e+18,UNSTOPPABLE EVENING,133.0,f,https://tiktok.com/@/video/7496952547660352790,7446715936919274528,f,"[""newyorkcity"",""newyorker"",""comealongwithme""]"
7436201462444690730,1731375578,iced coconut latte🥥🤍🤌🏽 #icedcoffee #icedcoconutlatte #icedcoffeeathome #foryoupage #explorepage #smallbusiness #bayarea #icedcoffeerecipe #sanleandro #falldrinks #coffeetiktok #coffeelover #icedcoffeecheck ,1107,7.274026617033558e+18,UNSTOPPABLE EVENING,133.0,f,https://tiktok.com/@/video/7436201462444690730,7256199096737006634,f,"[""icedcoffee"",""icedcoconutlatte"",""icedcoffeeathome"",""foryoupage"",""explorepage"",""SmallBusiness"",""bayarea"",""icedcoffeerecipe"",""sanleandro"",""falldrinks"",""coffeetiktok"",""coffeelover"",""icedcoffeecheck""]"
7506622344115391775,1747771734,"Replying to @𝐂𝐡𝐞𝐥𝐬𝐞𝐚 𝐌𝐚𝐫𝐢𝐞 Thank you girlie, when I filmed this, I totally forgot you were the one who suggest this!! 💛✨@H&M #hm #hmplussize #plussizedress #shopmycloset #closetcleanoutseries #clotheshacks #plussizestyle #styling #fyp #ootdinspo #OOTD ",912,7.274026617033558e+18,UNSTOPPABLE EVENING,133.0,f,https://tiktok.com/@/video/7506622344115391775,6818270651003372550,f,"[""hm"",""hmplussize"",""plussizedress"",""shopmycloset"",""closetcleanoutseries"",""clotheshacks"",""plussizestyle"",""styling"",""fyp"",""ootdinspo"",""OOTD""]"
7486629616921218335,1743116804,Hilltop has moved to the top of my coffee list☕️ 📍10227 Mallard Creek Rd  #clt #charlottenc #blackowned #coffee #cofeetime #blackwomanownedbusiness #blackwomanowned ,1403,7.274026617033558e+18,UNSTOPPABLE EVENING,133.0,f,https://tiktok.com/@/video/7486629616921218335,7484628717668729899,f,"[""clt"",""charlottenc"",""blackowned"",""coffee"",""cofeetime"",""blackwomanownedbusiness"",""blackwomanowned""]"
7498839179342941486,1745959570,PART 3! Let's do a deep dive on Popmart's business model in this 6 part series and find out why we (or those you may know) keep sticking around like a bad habit and continue to give money to this billion dollar toy company. #popmart #businessmodel #pucky #beaniebubbleup #labubu #educational #plushies #blindboxcollector #labubu #skullpanda #blindboxsurprise #FOMO #secretfigures #limiteddrops @POP MART US ,1393,7.274026617033558e+18,UNSTOPPABLE EVENING,133.0,f,https://tiktok.com/@/video/7498839179342941486,6777970293551301638,f,"[""popmart"",""businessmodel"",""pucky"",""beaniebubbleup"",""labubu"",""educational"",""plushies"",""blindboxcollector"",""skullpanda"",""blindboxsurprise"",""fomo"",""secretfigures"",""limiteddrops""]"
7424546528414551338,1728661955,#AD I tried Dyson's new Chitosan products with the Airwrap ID!  They have 4 different formulas available...I'm using their curly to coily rich formula. Their pre-style cream has long-lasting flexible hold for all styling purposes and works great for brush styling my curls. Their post-style serum offers a light touchable hold as well to help maintain shine and make the styles last. I'm excited to use these for the occasional blowout too!  I'll be sharing more about the Airwrap ID soon!  @Dyson USA #DysonPartner #DysonChitosan #DysonAirwrap #CurlyHair,1745,7.274026617033558e+18,UNSTOPPABLE EVENING,133.0,f,https://tiktok.com/@/video/7424546528414551338,6817787452612314118,f,"[""ad"",""dysonpartner"",""dysonchitosan"",""dysonairwrap"",""curlyhair""]"
7492533144340548894,1744491347,"Beautiful new construction ~ country living at its best! Welcome to 6112 N Pedaso Del Sol St, Edinburg, TX – a 3 bed, 2 bath farmhouse-style gem on a corner lot with tons of natural light, rustic charm & modern perks like foam insulation, alarm wiring, & cameras! Spacious backyard + 2 sided garage + dreamy front porch. Schedule your personal tour today! Dolce Vita Realty 🏠 Representing Buyers, Sellers, Landlords & Renters ☎️ (956) 332-5853 📧 info@dolcevitargv.com www.dolcevitargv.com #your956realtors #dolcevitarealty #texasrealtors #dolcevitargv #rgvrealtors #rgvhomesforsale #rgvrealestate #southtexasrealtors#texasrealtors #becausethesweetlifestartsathome  #DolceVitaRealty #EdinburgTXHomes #FarmhouseVibes #TexasLiving #RealEstateTikTok #ForSaleTexas #CountryLiving #DreamHome #HouseHunting #RealtorLife",1390,7.274026617033558e+18,UNSTOPPABLE EVENING,133.0,f,https://tiktok.com/@/video/7492533144340548894,6840704187560084485,f,"[""your956realtors"",""dolcevitarealty"",""texasrealtors"",""dolcevitargv"",""rgvrealtors"",""rgvhomesforsale"",""rgvrealestate"",""southtexasrealtors"",""becausethesweetlifestartsathome"",""edinburgtxhomes"",""farmhousevibes"",""texasliving"",""realestatetiktok"",""forsaletexas"",""countryliving"",""dreamhome"",""househunting"",""realtorlife""]"
7465405082901826859,1738175128,"When they offer advancement for free, you better take it! 🙌🏽 #tiktoktips #ai #techtok ",335,7.274026617033558e+18,UNSTOPPABLE EVENING,133.0,f,https://tiktok.com/@/video/7465405082901826859,6931374465310180357,f,"[""tiktoktips"",""ai"",""techtok""]"
7480369161043037482,1741659191,I guess I’m doing this thing. Let me know what kind of videos you want to see! 🪄 . Follow my Instagram as well! @dannyhmagic . . . . . #magic #magician #magicians #MagicWithDannyH #DannyHmagic #cardmagic #instamagic #DenverMagician #DenverMagicShow #OrlandoMagician #MiamiMagician #denverentertainment #corporateentertainment #corporatemagician #collegemagician #collegeentertainment #magictutorials ,657,7.274026617033558e+18,UNSTOPPABLE EVENING,133.0,f,https://tiktok.com/@/video/7480369161043037482,6797601754269991942,f,"[""magic"",""magician"",""magicians"",""magicwithdannyh"",""dannyhmagic"",""cardmagic"",""instamagic"",""denvermagician"",""denvermagicshow"",""orlandomagician"",""miamimagician"",""denverentertainment"",""corporateentertainment"",""corporatemagician"",""collegemagician"",""collegeentertainment"",""magictutorials""]"
7474377356363255083,1740264137,Let me know if there is something I should cover next? #fyp #fypシ゚viral #careerfair #careersdvice #college #network #jobsearchtips #jobsearching #viral #career #careertiktok #recruiting ,2155,7.274026617033558e+18,UNSTOPPABLE EVENING,133.0,f,https://tiktok.com/@/video/7474377356363255083,6672009643360796678,f,"[""fyp"",""fyp\u30b7\u309aviral"",""careerfair"",""careersdvice"",""college"",""network"",""jobsearchtips"",""jobsearching"",""viral"",""career"",""careertiktok"",""recruiting""]"
7401114076744568110,1723206162,"Mulch and woody materials close to your foundation can be a termite magnet! 🐜🔍 Termites thrive in moist, organic matter, so keeping mulch or wood at least 12 inches away from your home is crucial. This simple step helps prevent costly damage and keeps pests at bay. Stay proactive and protect your property! 🏠✨ #homeinspection #HomeImprovement #TermitePrevention #PropertyMaintenance ",7847,7.274026617033558e+18,UNSTOPPABLE EVENING,133.0,f,https://tiktok.com/@/video/7401114076744568110,7247725754934592558,f,"[""homeinspection"",""homeimprovement"",""termiteprevention"",""propertymaintenance""]"
7499265021642411295,1746058727,"Para la motivación, parateeee 😂🫶🏻 Hasta yo lo usaré cuando no me quiera parar 😂 #boricua🇵🇷 #nyc #bilingue #puertorican #bilingual #boricua #bilingue #CapCut ",581,7.274026617033558e+18,UNSTOPPABLE EVENING,133.0,f,https://tiktok.com/@/video/7499265021642411295,6765339520666780677,f,"[""boricua\ud83c\uddf5\ud83c\uddf7"",""nyc"",""bilingue"",""puertorican"",""bilingual"",""boricua"",""capcut""]"
7485896684254268703,1742946167,"Another home buyer gets the $50,000 grant!  If you haven’t heard about this program that the city of Houston offers and your thinking about buying a home definitely have someone get you the information. It’s extremely beneficial to first time homebuyers because you can use this money however you would like. Want a low interest rate? Use the money to buy down points. Don’t want to bring to much out of ok for closing cost? Use this to cover most if not all. Don’t like the price tag of a home? Use the money to bring that down! And this is just what the city offers and not what else we can negotiate for you So proud of my realtor and so happy for their clients! 😁 #homebuyerprogram #howtogetalowintrestrate #houstonhomebuying #houstonhomebuyerprogram  #assumablemortgage #buyingahomeinhouston ",1712,7.274026617033558e+18,UNSTOPPABLE EVENING,133.0,f,https://tiktok.com/@/video/7485896684254268703,6933049230245233669,f,"[""homebuyerprogram"",""howtogetalowintrestrate"",""houstonhomebuying"",""houstonhomebuyerprogram"",""assumablemortgage"",""buyingahomeinhouston""]"
7499577662520724766,1746131516,I found a new coffee spot today! Della coffee in Montrose 🌱 #houstonspots #houston ,785,7.274026617033558e+18,UNSTOPPABLE EVENING,133.0,f,https://tiktok.com/@/video/7499577662520724766,6778649216454673414,f,"[""houstonspots"",""houston""]"
7493133869630197035,1744631273,Average Throwers Club Trick #10:  Flashy Double Green Triangle  #creatorsearchinsights #yoyo #yoyotricks #yoyotutorial #averagethrowersclub #tutorial ,1190,7.274026617033558e+18,UNSTOPPABLE EVENING,133.0,f,https://tiktok.com/@/video/7493133869630197035,7336007592661402670,f,"[""10"",""creatorsearchinsights"",""yoyo"",""yoyotricks"",""yoyotutorial"",""averagethrowersclub"",""tutorial""]"
7462820045698370862,1737573243,step 4: accessorizing  #personalstylist #fashionstylist #personalshopper #stylist #foryoupage #foryou #howtostyle #fashionseries #fypシ゚viral #newyeargoals #howtoaccesorize ,5385,7.274026617033558e+18,UNSTOPPABLE EVENING,133.0,f,https://tiktok.com/@/video/7462820045698370862,7228267451955659819,f,"[""personalstylist"",""fashionstylist"",""personalshopper"",""stylist"",""foryoupage"",""foryou"",""howtostyle"",""fashionseries"",""fyp\u30b7\u309aviral"",""newyeargoals"",""howtoaccesorize""]"
7496612434258562350,1745441130,#fyp #fypシ #work #nutrition #dietitian #wieiad #8to4 #timestamps ,781,7.274026617033558e+18,UNSTOPPABLE EVENING,133.0,f,https://tiktok.com/@/video/7496612434258562350,6824929099069703174,f,"[""fyp"",""fyp\u30b7"",""work"",""nutrition"",""dietitian"",""wieiad"",""8to4"",""timestamps""]"
7497716074637479214,1745698089,"Tensai Sushi ✨📍 7718 McPherson Rd, Laredo, TX 78045 Hours: ⏰ (Mon-Fri: 11AM-11PM) (Sat/Sun: 12-11PM, 12-10PM) Come enjoy delicious appetizers, sushi 🍣  & more!🩵👀😎 Follow for more content! 😍  #laredo #laredotx #laredotexas956 #laredotxcheck #laredotexasnuevolaredo❤️❤️🇺🇸🇲🇽 #laredotexasborder #laredotexasprank #laredotexasphotography #laredotexas #fyp #foryoupage #viral #956 #956valley #956cuhh #food #Foodie #foodtiktok #FoodTok #foodies #FoodLover #foodreview #follow #tensaisushi #tensaisushilaredo #tensaisushilaredotexas ",1436,7.274026617033558e+18,UNSTOPPABLE EVENING,133.0,f,https://tiktok.com/@/video/7497716074637479214,7319543186207949867,f,"[""laredo"",""laredotx"",""laredotexas956"",""laredotxcheck"",""laredotexasnuevolaredo\u2764\ufe0f\u2764\ufe0f\ud83c\uddfa\ud83c\uddf8\ud83c\uddf2\ud83c\uddfd"",""laredotexasborder"",""laredotexasprank"",""laredotexasphotography"",""laredotexas"",""fyp"",""foryoupage"",""viral"",""956"",""956valley"",""956cuhh"",""food"",""Foodie"",""foodtiktok"",""FoodTok"",""foodies"",""FoodLover"",""foodreview"",""follow"",""tensaisushi"",""tensaisushilaredo"",""tensaisushilaredotexas""]"
7465033984645303582,1738088740,"These SB’s are kinda ""eh"" imo. But, not ever collab has to be crazy, or does it? 👀 #nikesbdunk #supreme #sneakerhead #streetwear #collab @Nike SB @Supreme ",1930,7.274026617033558e+18,UNSTOPPABLE EVENING,133.0,f,https://tiktok.com/@/video/7465033984645303582,7081466521714050094,f,"[""nikesbdunk"",""supreme"",""sneakerhead"",""streetwear"",""collab""]"
7475367232353078558,1740494617,Mazapan latte 🥜 • • • #Bham #BhamAL #BirminghamAL #BirminghamAlabama #MagicCity #BhamLife #BhamNow #BhamFoodie #BhamGram #BhamEvents #BhamLiving #ExploreBham #BhamBusiness #InstaBham #BirminghamLife #AlabamaLife #ALliving #bhamcoffee #bhamcoffeeshop,1707,7.274026617033558e+18,UNSTOPPABLE EVENING,133.0,f,https://tiktok.com/@/video/7475367232353078558,6995233425758290950,f,"[""bham"",""bhamal"",""birminghamal"",""birminghamalabama"",""magiccity"",""bhamlife"",""bhamnow"",""bhamfoodie"",""bhamgram"",""bhamevents"",""bhamliving"",""explorebham"",""bhambusiness"",""instabham"",""birminghamlife"",""alabamalife"",""alliving"",""bhamcoffee"",""bhamcoffeeshop""]"
7490306230968225054,1743972848,"Exploré 📍Chelsea Market 75 9th Ave, New York, NY 10011 Me enamoré de sus opciones gastronómicas.  Desde tacos de adobada hasta noodles caseros y mini donas. ¡No te pierdas este viaje culinario! #nyc #blog #reels #fyp #parati #fypシ #follow  #ChelseaMarket #NuevaYork #Foodie #Gastronomia #Viajes  #follow #lifestyleblogger #nyc ",2597,7.274026617033558e+18,UNSTOPPABLE EVENING,133.0,f,https://tiktok.com/@/video/7490306230968225054,6791161564705440774,f,"[""nyc"",""blog"",""reels"",""fyp"",""parati"",""fyp\u30b7"",""follow"",""chelseamarket"",""nuevayork"",""Foodie"",""gastronomia"",""viajes"",""lifestyleblogger""]"
7476515740871298334,1740762015,@Cash Cards Unlimited @Cash Cards Unlimited TCG #greenscreen #targeted #trending #mtgfam #fyp #viral #play #followers #mtgtok #mtgcontentcreator #tolariancommunitycollege #cashcardsunlimited #dnd #dndbeyond #commandermtg #broken #howtobreakit #aguythatexists ,22252,7.274026617033558e+18,UNSTOPPABLE EVENING,133.0,f,https://tiktok.com/@/video/7476515740871298334,6911468295959053317,f,"[""greenscreen"",""targeted"",""trending"",""mtgfam"",""fyp"",""viral"",""play"",""followers"",""mtgtok"",""mtgcontentcreator"",""tolariancommunitycollege"",""cashcardsunlimited"",""dnd"",""dndbeyond"",""commandermtg"",""broken"",""howtobreakit"",""aguythatexists""]"
7488098952022166826,1743458936,"Welcome Home! 🏡 5 Bedrooms 3 Bathrooms 2,670 SQFT 9,148 LOT SQFT 💰$998,000  📲Questions on loan scenario? Estimated monthly mortgage? Interested in a private tour? DM me! Luis Colores NMLS 2191772 DRE 2128288 Barrett Financial Group • Real Brokerage Listed by Kalynn Brown DRE LIC# 01745755 Wedgewood Homes Realty #luxury #luxuryhomes #creatorsearchinsights #temecula #temeculaexperience #temeculawinery #wine #socal #temeculavalley #oldtowntemecula #fyp ##realestate #lookingtorahome #socalrealestate #inlandempire #homes #viral #explorepage#firsttimehomebuyer #trendingnow #foryoupage #homebuyingtips #casaenventa #bienesraices #loanofficer #mortgage #sandiego #sandiegorealestate ",1436,7.274026617033558e+18,UNSTOPPABLE EVENING,133.0,f,https://tiktok.com/@/video/7488098952022166826,7462860021525693482,f,"[""luxury"",""luxuryhomes"",""creatorsearchinsights"",""temecula"",""temeculaexperience"",""temeculawinery"",""wine"",""socal"",""temeculavalley"",""oldtowntemecula"",""fyp"",""realestate"",""lookingtorahome"",""socalrealestate"",""inlandempire"",""homes"",""viral"",""explorepage"",""firsttimehomebuyer"",""trendingnow"",""foryoupage"",""homebuyingtips"",""casaenventa"",""bienesraices"",""loanofficer"",""mortgage"",""sandiego"",""sandiegorealestate""]"
7507822604326096158,1748051185,I’m so glad hubby and I got a date day in at the Taste of Florida Wine and Food Festival! We had a great time enjoying the bites and eats! #dateday #winefestival #foodfestival #apopka #thingstodoinorlando #blueberrymoscato #blacklove ,622,7.274026617033558e+18,UNSTOPPABLE EVENING,133.0,f,https://tiktok.com/@/video/7507822604326096158,7131514958278427691,f,"[""dateday"",""winefestival"",""foodfestival"",""apopka"",""thingstodoinorlando"",""blueberrymoscato"",""blacklove""]"
7458071588458515758,1736467613,Kids will love this! #minipixelcamera #minicamera #tinycamera ,17996,7.274026617033558e+18,UNSTOPPABLE EVENING,133.0,f,https://tiktok.com/@/video/7458071588458515758,6902595462974915589,f,"[""minipixelcamera"",""minicamera"",""tinycamera""]"
7378362837791624494,1717908977,"Stop in & try some of the best foods & quality meats in The Land 💯 *All meats served at the restaurant are certified Zabiha/Hand Slaughtered, making us the only restaurant in Cleveland that adheres to such standards & quality, alhamdulillah!* @cleavelandgng  📍CleaveLand Grocers & Grill 17024 Pearl Rd.  Strongsville, Ohio #cleaveland #216 #shoplocal #halal #zabihah #chicken #burgers #cleveland #ohio #meat #food ",2714,7.274026617033558e+18,UNSTOPPABLE EVENING,133.0,f,https://tiktok.com/@/video/7378362837791624494,6931758521290556422,f,"[""cleaveland"",""216"",""shoplocal"",""halal"",""zabihah"",""chicken"",""burgers"",""cleveland"",""ohio"",""meat"",""food""]"
7381579572040437035,1718657931,"Day 4! We made a card game! Learn Korean as you play 🇰🇷 Save 15% with promo code 'KOREA2024'! Don’t miss out - Play, Love, and Learn Korean today! Click link in bio to shop ❤️  #Goko #GokoGames #LearnKorean #cardgame #Korean #boardgame #gamenight #easykorean #koreanteacher #iykyk #capcut #meme #koreanmeme #fypage #gongyoo #hyunbin #kdrama #squidgame #korean_drama #newjeans #hypeboy #ditto #bts #armybts #dailyvlog #comedy #day1 #day4 ",947,7.274026617033558e+18,UNSTOPPABLE EVENING,133.0,f,https://tiktok.com/@/video/7381579572040437035,7268404967286473771,f,"[""goko"",""gokogames"",""learnkorean"",""cardgame"",""korean"",""boardgame"",""GameNight"",""easykorean"",""koreanteacher"",""iykyk"",""capcut"",""meme"",""koreanmeme"",""fypage"",""gongyoo"",""hyunbin"",""kdrama"",""squidgame"",""korean_drama"",""newjeans"",""hypeboy"",""ditto"",""bts"",""armybts"",""dailyvlog"",""comedy"",""day1"",""day4""]"
7510398232992746782,1748650874,"Replying to @Megan Roegner  Greek Roasted Chickpeas 🧄✨Crispy, salty, and packed with flavor— these oven-roasted chickpeas are the perfect plant-based protein for bowls, salads, or healthy snacking. 🛒You’ll Need: •1 can chickpeas, drained & rinsed •1 tbsp olive oil •½ tsp garlic powder •½ tsp onion powder • ½ tsp oregano • ½ tsp paprika • 1-2 cloves of garlic  •Salt & pepper to taste ✨How to Make: 1️⃣ Preheat oven to 425°F  2️⃣Rinse chickpeas well & pat very dry (this makes them extra crispy!). 3️⃣Toss with olive oil + seasonings. 4️⃣Spread on a baking sheet—avoid overcrowding. 5️⃣Roast 25–30 min, shaking halfway. 6️⃣Let cool to crisp fully.  Literally so addicting. Vegan, gluten-free, and full of flavor. Great for meal prep, Meatless Monday, or straight from the pan. #Healthy#healthysnacks e#veganrecipesr#vegetarianrecipess#meatlessmondaya#plantbasedt#foodtutorialsc#EasyRecipesf#glutenfreeotein #mealprep#meallthymeals",681,7.274026617033558e+18,UNSTOPPABLE EVENING,133.0,f,https://tiktok.com/@/video/7510398232992746782,7494378147346957342,f,"[""healthy"",""healthysnacks"",""veganrecipesr"",""vegetarianrecipess"",""meatlessmondaya"",""plantbasedt"",""foodtutorialsc"",""easyrecipesf"",""glutenfreeotein"",""mealprep"",""meallthymeals""]"
7493642334941318431,1744749594,MINDSET 106 ( MAKING CHANGE) #purpose #greatness #motivationmonday #growth #fyp #change #growth #motivation #motivational ,431,7.274026617033558e+18,UNSTOPPABLE EVENING,133.0,f,https://tiktok.com/@/video/7493642334941318431,6791995438724662278,f,"[""purpose"",""greatness"",""motivationmonday"",""growth"",""fyp"",""change"",""motivation"",""motivational""]"
7507625199701888287,1748005240,What was your favorite piece you saw from our bathroom visit? What should we add?? Leave suggestions in the comments!!😂✨ #tattooshop #tattoo #tattooartistsoftiktok #tattooartist #shoptour #tour #funny #michigantattooartist #michigantattooers #silly ,1052,7.274026617033558e+18,UNSTOPPABLE EVENING,133.0,f,https://tiktok.com/@/video/7507625199701888287,7506614244564321326,f,"[""tattooshop"",""tattoo"",""tattooartistsoftiktok"",""tattooartist"",""shoptour"",""tour"",""funny"",""michigantattooartist"",""michigantattooers"",""silly""]"
7382913282807565599,1718968471,Do your scaps have the same issue? #functionalpatterns #basketball #basketballtrainer #fpisthestandard #biomechanics #training #posture #health #fitness #running #sprinting #mobility #rehab #backpain #nomorepain #healthyjoints #probasketball #functionaltraining #regeneration #longevity #functionalfitness #performancetraining #sportsperformance #sportsperformancetraining #sportspecifictraining #nba #broward #fortlauderdale #miami #miamibasketball ,1365,7.274026617033558e+18,UNSTOPPABLE EVENING,133.0,f,https://tiktok.com/@/video/7382913282807565599,7053405825549009925,f,"[""functionalpatterns"",""basketball"",""basketballtrainer"",""fpisthestandard"",""biomechanics"",""training"",""posture"",""health"",""Fitness"",""Running"",""sprinting"",""mobility"",""rehab"",""backpain"",""nomorepain"",""healthyjoints"",""probasketball"",""functionaltraining"",""regeneration"",""longevity"",""functionalfitness"",""performancetraining"",""sportsperformance"",""sportsperformancetraining"",""sportspecifictraining"",""NBA"",""broward"",""fortlauderdale"",""miami"",""miamibasketball""]"
7478184635743112479,1741150556,Tuesday’s deliveries 📦  #instacartshopper #amazonfresh #amazonflexdelivery #amazonflexdriver #groceriesdelivery ,583,7.274026617033558e+18,UNSTOPPABLE EVENING,133.0,f,https://tiktok.com/@/video/7478184635743112479,6852506991336965126,f,"[""instacartshopper"",""amazonfresh"",""amazonflexdelivery"",""amazonflexdriver"",""groceriesdelivery""]"
7497386954904964395,1745621475,New sticks just hit different. Let’s see what these new irons are about. @takomogolf  • • • • #golfunboxing #takomogolf #clubjunkie #fyp #golftok #golfgear #takomo101T #inthebag #golfcontent #midcapmagic ,2224,7.274026617033558e+18,UNSTOPPABLE EVENING,133.0,f,https://tiktok.com/@/video/7497386954904964395,6918091357161899013,f,"[""golfunboxing"",""takomogolf"",""clubjunkie"",""fyp"",""golftok"",""golfgear"",""takomo101t"",""inthebag"",""golfcontent"",""midcapmagic""]"
7499796323483274538,1746182515,Thank you @Tim & @Nola Pedal Barge for having me! It was the best time! ❤️❤️❤️ Let them know you came from my video if you do make a reservation! You can bring your own drinks & food which was a plus! Loved the entire experience & I felt very safe! Also shout outs to @Meagan in New Orleans & @Krystal Jade for making it even more fun! (Plus Hope) ❤️#nolapedalbarge #swamplife #swamptour #louisianathings #thingstodoinnola #NOLA #nolaactivities #louisianatiktok #louisianacheck #nolalife #swamppuppy #gator #alligator ,1059,7.274026617033558e+18,UNSTOPPABLE EVENING,133.0,f,https://tiktok.com/@/video/7499796323483274538,7444676199576241198,f,"[""nolapedalbarge"",""swamplife"",""swamptour"",""louisianathings"",""thingstodoinnola"",""nola"",""nolaactivities"",""louisianatiktok"",""louisianacheck"",""nolalife"",""swamppuppy"",""gator"",""alligator""]"
7487010971693714731,1743205623,Another successful #budgetfriendlymeal @Rock N’Potato LV . HIGHLY Recommended. Can’t wait to visit again to try the #brirriatacos  #vegascheapeats #vegasrestaurants #rocknpotatolv #rocknpotatolasvegas #rocknpotato #vegas #vegasvacay #vegastiktok #lasvegas #lasvegasrestaurants #lasvegascheapeats #cheapvegasrestaurants #asvegastiktok #lasvegasfood #lasvegasfoodie #asvegasfoodies #lasvegasfoodiestiktok #eatinvegas #FoodTok #foodtiktok #eatwithme #frychicken #loadedpotato ,3692,7.274026617033558e+18,UNSTOPPABLE EVENING,133.0,f,https://tiktok.com/@/video/7487010971693714731,7272590469643797546,f,"[""budgetfriendlymeal"",""brirriatacos"",""vegascheapeats"",""vegasrestaurants"",""rocknpotatolv"",""rocknpotatolasvegas"",""rocknpotato"",""vegas"",""vegasvacay"",""vegastiktok"",""lasvegas"",""lasvegasrestaurants"",""lasvegascheapeats"",""cheapvegasrestaurants"",""asvegastiktok"",""lasvegasfood"",""lasvegasfoodie"",""asvegasfoodies"",""lasvegasfoodiestiktok"",""eatinvegas"",""FoodTok"",""foodtiktok"",""eatwithme"",""frychicken"",""loadedpotato""]"
7460999539449810219,1737149334,Still enjoying the process of creating these tiny Black girl portraits 🤗 #blackartistsoftiktok #blackgirldrawing #womenartistsoftiktok #artistsoftiktok #blackgirlportrait #inksketch #watercolorpainting ,606,7.274026617033558e+18,UNSTOPPABLE EVENING,133.0,f,https://tiktok.com/@/video/7460999539449810219,6821155894290924549,f,"[""blackartistsoftiktok"",""blackgirldrawing"",""womenartistsoftiktok"",""artistsoftiktok"",""blackgirlportrait"",""inksketch"",""watercolorpainting""]"
7490724395770547487,1744070211,Hydration is 🔑 for a cats overall health & wellbeing! My cats have a total of 4 water bowls around our home. Adding a fountain will encourage them to drink more water! #catmom #catmomlife #waterpetfountainbowl #catwaterfountain #catessentials #cathealthtips #cathealth #catdad ,2182,7.274026617033558e+18,UNSTOPPABLE EVENING,133.0,f,https://tiktok.com/@/video/7490724395770547487,6785633735805076485,f,"[""catmom"",""catmomlife"",""waterpetfountainbowl"",""catwaterfountain"",""catessentials"",""cathealthtips"",""cathealth"",""catdad""]"
7490757588305530158,1744077943,"I used to feel guilty for changing. For growing. For outgrowing. But now? I know this version of me deserves the space she used to shrink in. If you’re evolving and unbothered, this is your sign to keep going. No apology needed. #unapologetic  #PivotWithPurpose #ThisIs50 #UnapologeticGrowth #ReinventionEra #over40 #growth ",571,7.274026617033558e+18,UNSTOPPABLE EVENING,133.0,f,https://tiktok.com/@/video/7490757588305530158,7416061072797353006,f,"[""unapologetic"",""pivotwithpurpose"",""thisis50"",""unapologeticgrowth"",""reinventionera"",""over40"",""growth""]"
7467648526239943982,1738697457,"Come with me today as I install a logo at the brand new aquatic center located in Queen Creek, Arizona. It is projected to open up in late spring. While the main focus is the aquatic center it will also be a recreation center with a ton of parks surrounding it.  #queencreek #arizona #aquatic #center #openingsoon #construction #logo #building #creatorsearchinsights #tiktok #viral #bluecollar ",1287,7.274026617033558e+18,UNSTOPPABLE EVENING,133.0,f,https://tiktok.com/@/video/7467648526239943982,7416843093281129515,f,"[""queencreek"",""arizona"",""aquatic"",""center"",""openingsoon"",""construction"",""logo"",""building"",""creatorsearchinsights"",""tiktok"",""viral"",""bluecollar""]"
7469822114493779242,1739203585,I’m sorry some of the clips are somewhat out of frame 😭 but this is what I ate in a day! Let me know if you want to see more videos like this and what your go-to meals are! 🖤 #whatieatianday #whatieatinadayrealistic #smallbusiness #food #foodtiktok #foodtok ,508,7.274026617033558e+18,UNSTOPPABLE EVENING,133.0,f,https://tiktok.com/@/video/7469822114493779242,7283567990512845870,f,"[""whatieatianday"",""whatieatinadayrealistic"",""SmallBusiness"",""food"",""foodtiktok"",""FoodTok""]"
7458436557842713898,1736552591,"Balanced Meal for Baby! 👏🏻⭐️ When creating a balanced meal for a baby I aim to focus on three types of foods. ✅High-iron foods. If you have been following me for even a little bit, you know that adequate iron intake is a major goal when introducing solid foods to prevent iron deficiency. Providing a high iron food with every meal is recommended. Examples of high iron foods are beans, lentils, animal based products, sardines, eggs, tofu, etc.  ✅Vitamin C containing food. These foods tag team the high iron foods and aid in iron absorption. Most all fruits and veggies contain vitamin C and are also important for babies to be consuming for their vitamin and antioxidant content. Other vitamin C food sources are oranges, grapefruit, grapes, berries, collards, cantaloupe, raspberries, etc.  ✅Energy-Dense/Healthy Fat Food. We know that every bite counts when starting solids so choose a food option that contains tons of healthy fats and calories to help meet their nutritional needs. Fats are also recommended to be unrestricted for the first two years of life to aid in brain development! Examples of energy dense and healthy fat foods - avocado, sardines, cheese, olive oil, avocado oil, animal products, eggs, etc.  👉🏻Remember that some of these foods may overlap and meet both the high iron and the energy dense food requirement!  Use this simple method to create a balanced meal for your little one! But don’t worry if your little one isn’t always eating a balanced meal.  #blw #babyledweaning #babyledfeeding #foodforbaby #babynutritionist #infantnutritionist #infantnutrition #pediatricdietitian #dietitianforbaby #babyfoods #fyp #viral  #CapCut ",2699,7.274026617033558e+18,UNSTOPPABLE EVENING,133.0,f,https://tiktok.com/@/video/7458436557842713898,6848626980692362245,f,"[""blw"",""babyledweaning"",""babyledfeeding"",""foodforbaby"",""babynutritionist"",""infantnutritionist"",""infantnutrition"",""pediatricdietitian"",""dietitianforbaby"",""babyfoods"",""fyp"",""viral"",""capcut""]"
7405710835135417631,1724276438,175g curly k-tip install 🫶🏽 #ktipextensions #hairextensions #extentions #vegashairstylist #lasvegassalon #extensionspecialist #lasvegashairstylist #lasvegasextensions ,1775,7.274026617033558e+18,UNSTOPPABLE EVENING,133.0,f,https://tiktok.com/@/video/7405710835135417631,6774515752772649990,f,"[""ktipextensions"",""hairextensions"",""extentions"",""vegashairstylist"",""lasvegassalon"",""extensionspecialist"",""lasvegashairstylist"",""lasvegasextensions""]"
7488515229836463403,1743555854,New car!!! #toyotacamry #toyotacamryxse #2025 #brandnew #iloveit #toyotagirl ,1136,7.274026617033558e+18,UNSTOPPABLE EVENING,133.0,f,https://tiktok.com/@/video/7488515229836463403,6797521855580783622,f,"[""toyotacamry"",""toyotacamryxse"",""2025"",""brandnew"",""iloveit"",""toyotagirl""]"
7485208525640158494,1742785948,34 hour resets are much needed 💆🏽‍♂️ #truckinglife #truckersoftiktok #34hourreset #truckingvlog #fyp,659,7.274026617033558e+18,UNSTOPPABLE EVENING,133.0,f,https://tiktok.com/@/video/7485208525640158494,7478640698997146667,f,"[""truckinglife"",""truckersoftiktok"",""34hourreset"",""truckingvlog"",""fyp""]"
7495355390255828270,1745148548,The Fern is an amazing women owned small coffee & tea house. Everything was incredible 10/10☕️🫖🍵💐 #thefern #ferndale #royaloak #smallbuisness #coffeeshop #coffeesunday #planttok #coffeetok #CapCut ,1064,7.274026617033558e+18,UNSTOPPABLE EVENING,133.0,f,https://tiktok.com/@/video/7495355390255828270,6705481368392614918,f,"[""thefern"",""ferndale"",""royaloak"",""smallbuisness"",""coffeeshop"",""coffeesunday"",""PlantTok"",""coffeetok"",""capcut""]"
7498794109893872942,1745949075,"Buying an engagement ring? Don’t miss this! 🚨🚨🚨 Whether you choose a natural diamond or a lab-grown one, what REALLY matters is that it comes with a GIA or IGI certificate. 💎💍 That certificate is your guarantee — it tells you exactly what you’re getting. No certificate? You could be overpaying for something that’s not what it seems.💎💎💎 Don’t risk your investment. Message me for free advice. Your perfect ring, with real peace of mind✨🥰  #labdiamond #naturaldiamonds #tip ",2039,7.274026617033558e+18,UNSTOPPABLE EVENING,133.0,f,https://tiktok.com/@/video/7498794109893872942,7395626161601381422,f,"[""labdiamond"",""naturaldiamonds"",""tip""]"
7376378399427726634,1717446935,Just a couple tee shots from the round this werkend at Enagic Golf Club! #golf #golftiktok #nomorebogeys2024 #golftok #bennybogeygolf #brnrminidriver #minidriver #taylormade #callaway #callawayaismoke #callawayaismokeirons ,1258,7.274026617033558e+18,UNSTOPPABLE EVENING,133.0,f,https://tiktok.com/@/video/7376378399427726634,6957385726040343558,f,"[""golf"",""golftiktok"",""nomorebogeys2024"",""golftok"",""bennybogeygolf"",""brnrminidriver"",""minidriver"",""taylormade"",""callaway"",""callawayaismoke"",""callawayaismokeirons""]"
7495907789957729582,1745277076,"This dumping soup might curb that craving! 1) Add sesame oil to a pan. 2) Thinly slice 1/4 green cabbage and 1/4 red onion, add to the pan. 3) Peel a carrot into the pan, I like peeling to get really thin pieces. 4) Add two cloves of diced garlic. 5) Stir and sautée until vegetables are translucent. 6) Add 1 cup of water and 1 vegetable bouillon cube.  7) If you like spice, add some sriracha. Also add goyza sauce and everything bagel seasoning.  8) Once dissolved, add the dumplings (I use bibigo dumplings). I also cut the dumplings up so they’re in bite size pieces, this is optional! 9) Let simmer for 5 min, then remove from heat and enjoy!  #dumplings #soup #Recipe #dinner 🥟🥟🥟",876,7.274026617033558e+18,UNSTOPPABLE EVENING,133.0,f,https://tiktok.com/@/video/7495907789957729582,7452830502799557674,f,"[""dumplings"",""soup"",""Recipe"",""dinner""]"
7417317499504528646,1726978822,How to make a carved candle 🔪🫶,2511,7.274026617033558e+18,UNSTOPPABLE EVENING,133.0,f,https://tiktok.com/@/video/7417317499504528646,6773131772907750406,f,[]
7437203703519579425,1731608934,Range sessions #CapCut #golftiktok #golfmemes #MemeCut #videoviral #drivingrange #golftok ,985,7.274026617033558e+18,UNSTOPPABLE EVENING,133.0,f,https://tiktok.com/@/video/7437203703519579425,7411823617263584289,f,"[""capcut"",""golftiktok"",""golfmemes"",""memecut"",""videoviral"",""drivingrange"",""golftok""]"
7498398128488582446,1745856878,"You’ll never find an estie-bestie like Kelsey! With a passion for skincare and a true talent for making clients feel confident and cared for, Kelsey brings warmth, expertise, and a personalized touch to every service. She’s all about helping you achieve your glow goals, whether it’s through customized facials, expert waxing, or her favorite — advanced skincare treatments, like a Diamond Glow!    Book your next appointment with Kelsey — your skin will thank you! 📍 3500 North St. Suite 103 📞 (936)-244-1695 💻 thewellbodysolutions.com #esthetician #estiebestie #bookyourappointment #wellbodysolutions ",1085,7.274026617033558e+18,UNSTOPPABLE EVENING,133.0,f,https://tiktok.com/@/video/7498398128488582446,7226782389724267566,f,"[""esthetician"",""estiebestie"",""bookyourappointment"",""wellbodysolutions""]"
7480390103098133806,1741664079,Quick overview in photos 📸#oldtownspring #audaciousspirits #airbnb #staycation #smalltown ,3257,7.274026617033558e+18,UNSTOPPABLE EVENING,133.0,f,https://tiktok.com/@/video/7480390103098133806,7081799835418100779,f,"[""oldtownspring"",""audaciousspirits"",""airbnb"",""staycation"",""smalltown""]"
7500354582824996138,1746312423,"Motthaven Spirits invited BWO to visit. #ad  Can you guess where we went? Straight to the @McBride Sisters Collection! Monica co-owns @motthavenspirits and is committed to making the customer experience great! She even rang up our founder herself. If you're 21+ and looking for an expansive wine and spirits collection + in the area, stop by and mention Black Woman Owned for an extra gift after your purchase!  Special note: Motthaven Spirits is open to working with new and established wine and spirit brands for samplings and tastings, so get in touch if you're interested! #BlackWomanOwnedBusiness #BlackWomanOwned #BlackWomanOwnedSmallBusiness #BlackOwned #WomanOwnedBusiness #winetiktok🍷 #winetimе ",430,7.274026617033558e+18,UNSTOPPABLE EVENING,133.0,f,https://tiktok.com/@/video/7500354582824996138,7339572138611999786,f,"[""ad"",""blackwomanownedbusiness"",""blackwomanowned"",""blackwomanownedsmallbusiness"",""blackowned"",""womanownedbusiness"",""winetiktok\ud83c\udf77"",""winetim\u0435""]"
7472556147174673710,1739840085,Layer one done of my fiancé’s newest portrait painting ❤️ Stay tuned for the reveal 👀🎨 Follow Jackson Wrede on IG for more! #portraitpainting #oilpainting #fineart #finearts #realismart #realismpainting #comissionartist #gamblinoilpaint #blickartmaterials #paintersoftiktok #painter ,1097,7.274026617033558e+18,UNSTOPPABLE EVENING,133.0,f,https://tiktok.com/@/video/7472556147174673710,6807839346277712902,f,"[""portraitpainting"",""oilpainting"",""fineart"",""finearts"",""realismart"",""realismpainting"",""comissionartist"",""gamblinoilpaint"",""blickartmaterials"",""paintersoftiktok"",""painter""]"
7491089332162350382,1744155160,How to make going to the super charger “cool” 😑  . #superchargerfail #tesla #teslasupercharger #coolnotcool #helpme #teslamodely #minivlog #teslaowners #ev ,2473,7.274026617033558e+18,UNSTOPPABLE EVENING,133.0,f,https://tiktok.com/@/video/7491089332162350382,7242057159172604971,f,"[""superchargerfail"",""tesla"",""teslasupercharger"",""coolnotcool"",""helpme"",""teslamodely"",""minivlog"",""teslaowners"",""ev""]"
7420857971024121134,1727803146,New Client wanted a burst fade! So i had to get him right!! #burstfade #CapCut @Teagan Lescody #fyp #goviraltiktok #viraltiktok #greensboroncbarber #greensboronc ,6527,7.274026617033558e+18,UNSTOPPABLE EVENING,133.0,f,https://tiktok.com/@/video/7420857971024121134,6809257234636948486,f,"[""burstfade"",""capcut"",""fyp"",""goviraltiktok"",""viraltiktok"",""greensboroncbarber"",""greensboronc""]"
7459041206849326379,1736693379,"the state flower of every state she’s lived in: orange blossom, dogwood, and mountain laurel growing out of a conch shell 🐚💐 #shelltattoo #floraltattoo #flowertattoo #finelinetattoo #fyp ",1359,7.274026617033558e+18,UNSTOPPABLE EVENING,133.0,f,https://tiktok.com/@/video/7459041206849326379,6682456932723049478,f,"[""shelltattoo"",""floraltattoo"",""flowertattoo"",""finelinetattoo"",""fyp""]"
7488206244105260330,1743483925,Tour the Villas At Northpoint with me in Spring Lake NC #apartmenttours #twobedroomapartment #affordableapartments #springlakenc #northcarolina #apartmenthuntingnc #tourguide #newapartment #luxuryapartments #springlakencapartments ,1838,7.274026617033558e+18,UNSTOPPABLE EVENING,133.0,f,https://tiktok.com/@/video/7488206244105260330,7393189428549026858,f,"[""apartmenttours"",""twobedroomapartment"",""affordableapartments"",""springlakenc"",""northcarolina"",""apartmenthuntingnc"",""tourguide"",""newapartment"",""luxuryapartments"",""springlakencapartments""]"
7383075921147989294,1719006325,"Just listed at $435k, you could be living full time at the beach!  #condo #orangebeach #gulfshores #engelandvölkers #realestate #realtor #michellebuskens",1403,7.274026617033558e+18,UNSTOPPABLE EVENING,133.0,f,https://tiktok.com/@/video/7383075921147989294,7240263393948894251,f,"[""condo"",""orangebeach"",""gulfshores"",""engelandv\u00f6lkers"",""realestate"",""realtor"",""michellebuskens""]"
7396485037635554591,1722128389,"20,000 Mile Update on the 2024 Mack MD6 #mack #trucklife #mackmd6 ",1079,7.274026617033558e+18,UNSTOPPABLE EVENING,133.0,f,https://tiktok.com/@/video/7396485037635554591,7262513176075125802,f,"[""mack"",""trucklife"",""mackmd6""]"
7482121658103287082,1742067235,"OOTD w/ the $20 Graffiti tee, coming soon • • • #wolfgang #wolfgangny #wolfgangnyc #madeforlife #hashtag #trending #streetwear #nyc #StreetFashion #StreetStyle #fyp #fashion #fashiontiktok #SmallBusiness #shirt #graphictee #grwm #ootd #fypage",834,7.274026617033558e+18,UNSTOPPABLE EVENING,133.0,f,https://tiktok.com/@/video/7482121658103287082,7467622786874295327,f,"[""wolfgang"",""wolfgangny"",""wolfgangnyc"",""madeforlife"",""hashtag"",""trending"",""streetwear"",""nyc"",""StreetFashion"",""StreetStyle"",""fyp"",""fashion"",""fashiontiktok"",""SmallBusiness"",""shirt"",""graphictee"",""grwm"",""OOTD"",""fypage""]"
7493999277564366122,1744832714,Making friends in your late 20s 👯‍♀️ #makingfriends #makingnewfriends #meetingnewpeople #makingfriends101 #tipstomakefriends ,1098,7.274026617033558e+18,UNSTOPPABLE EVENING,133.0,f,https://tiktok.com/@/video/7493999277564366122,6806722729249866757,f,"[""makingfriends"",""makingnewfriends"",""meetingnewpeople"",""makingfriends101"",""tipstomakefriends""]"
7493540929043844395,1744726006,Celebrating Haitian Flag Day in Miami last year… Part One! 🇭🇹 Stayed tuned for part 2 and this years festivities! #fyp #miami #haitiantiktok #haitianflagday ,639,7.274026617033558e+18,UNSTOPPABLE EVENING,133.0,f,https://tiktok.com/@/video/7493540929043844395,6801595709013902341,f,"[""fyp"",""miami"",""haitiantiktok"",""haitianflagday""]"
7465491418404883743,1738195209,Thank you Dane for renting fx3 ,1029,7.274026617033558e+18,UNSTOPPABLE EVENING,133.0,f,https://tiktok.com/@/video/7465491418404883743,6765610742479553542,f,[]
7469153891184053546,1739047939,Potters gonna pot! #thesims #thesims4 #EAPartner #simsnews ,711,7.274026617033558e+18,UNSTOPPABLE EVENING,133.0,f,https://tiktok.com/@/video/7469153891184053546,98681434529280000,f,"[""thesims"",""thesims4"",""eapartner"",""simsnews""]"
7459161401408507178,1736721357,This is a great coloring book with a unique vibe to broaden your coloring horizon and allow creativity to flow! I love @Jessica Rose 🖤 Coloring Books’s style and imagination in this! ❤️ ,700,7.274026617033558e+18,UNSTOPPABLE EVENING,133.0,f,https://tiktok.com/@/video/7459161401408507178,7373459786090300459,f,[]
7404880669043723563,1724083144,"@ebony 🖤 lookgoodsmellbetter put me on to this bomb edge laying combo!! Use any edge control that you like, my choice was @Sheisbombcollection edge control and then top it with @schwarzkopfprofessional #got2bglued!!! I added my melting band for longevity and I absolutely loved how my edges looked and lasted throughout the day! Have you tried this? #edgestutorial #edges #edgesonfleek #edgeslaid #babyhairtutorial ",723,7.274026617033558e+18,UNSTOPPABLE EVENING,133.0,f,https://tiktok.com/@/video/7404880669043723563,6773425087875171333,f,"[""got2bglued"",""edgestutorial"",""edges"",""edgesonfleek"",""edgeslaid"",""babyhairtutorial""]"
7507020951654010142,1747864530,I robbed Lululemon 😂 best deals yet ‼️#lululemon #lululemonaddict #lululemonhaul ,845,7.274026617033558e+18,UNSTOPPABLE EVENING,133.0,f,https://tiktok.com/@/video/7507020951654010142,6801090785967490053,f,"[""lululemon"",""lululemonaddict"",""lululemonhaul""]"
7379280683677584670,1718122734,My wife and I decided to take the kids to @FUNBOX.COM | Bounce House and we had a blast ! Highly recommended also plan your day out because you buy your tickets in timeslots. Correct me if im wrong but i belueve you can jump for about 2 hours and then your seesion is over. Overall 10/10 experience and I would definitely do it again #connecticut #foryoupage #thingstodo #familytime ,2151,7.274026617033558e+18,UNSTOPPABLE EVENING,133.0,f,https://tiktok.com/@/video/7379280683677584670,6924333703418086405,f,"[""connecticut"",""foryoupage"",""thingstodo"",""familytime""]"
7493485624486382894,1744713192,XC Prac: KMMU -> KLNS with @flywithdaniyal  #fyp #studentpilot #flighttraining #crosscountry #morristownnj #lancasterpa #kmmu #klns,607,7.274026617033558e+18,UNSTOPPABLE EVENING,133.0,f,https://tiktok.com/@/video/7493485624486382894,6851326036995720197,f,"[""fyp"",""studentpilot"",""flighttraining"",""crosscountry"",""morristownnj"",""lancasterpa"",""kmmu"",""klns""]"
7507401666644200734,1747953171,"Kid-friendly, budget-approved. You NEED to check out Provo Rec Center this summer! #utahmoms #thingstodoinutah #provoutah #waterpark #indoorwaterpark #toddlerfriendly ",1575,7.274026617033558e+18,UNSTOPPABLE EVENING,133.0,f,https://tiktok.com/@/video/7507401666644200734,6982940632235852806,f,"[""utahmoms"",""thingstodoinutah"",""provoutah"",""waterpark"",""indoorwaterpark"",""toddlerfriendly""]"
7466226124759026975,1738366271,Our ladies of Seneca might have TOO much power! #game #fun #challenge #seniors #seniorliving #community #seneca ,2416,7.274026617033558e+18,UNSTOPPABLE EVENING,133.0,f,https://tiktok.com/@/video/7466226124759026975,7407428000886080554,f,"[""game"",""fun"",""challenge"",""seniors"",""seniorliving"",""community"",""seneca""]"
7514808037018717470,1749677603,Just a regular smegular day with the Nesbitts 😉 #fyp #sincerelytakisha  #momtok #sahmsoftiktok #MelaninMomsOfTiktok #momsover40 ,235,7.274026617033558e+18,UNSTOPPABLE EVENING,133.0,f,https://tiktok.com/@/video/7514808037018717470,6955866911687427077,f,"[""fyp"",""sincerelytakisha"",""momtok"",""sahmsoftiktok"",""melaninmomsoftiktok"",""momsover40""]"
7375349087522016554,1717207280,What’s one OG set you wish you could build? Comment Below! #lego #legostarwars #legotiktok #legotiktoker #legoshi #build #arc170 #arc170starfighter #rebuildinglego ,1619,7.274026617033558e+18,UNSTOPPABLE EVENING,133.0,f,https://tiktok.com/@/video/7375349087522016554,7361471818793813038,f,"[""lego"",""legostarwars"",""legotiktok"",""legotiktoker"",""legoshi"",""build"",""arc170"",""arc170starfighter"",""rebuildinglego""]"
7480312878810221870,1741646091,"This pop-up book is seriously cool! Encyclopedia Prehistorica: Dinosaurs brings prehistoric giants to life—T. rex lunges off the page, raptors take flight, and every spread is packed with dino facts and fun details. Found this gem at @Barnes & Noble along with a bug pop-up book! There’s also a shark edition I need to grab next—stay tuned! #CreativeLearning #homeschool #homesteading #homeschoolmom #homeschoollife #homeschooltok #homeschoolbooks #homeschooling #HomeschoolFamily #HomeschoolJourney #HandsOnLearning #HomeEducation #HomeschoolRoutine #HomeschoolCommunity #HomeschoolLife #HomeschoolIdeas #library #dinosaur #dinosaurbook #popupbook #EncyclopediaPrehistorica",1138,7.274026617033558e+18,UNSTOPPABLE EVENING,133.0,f,https://tiktok.com/@/video/7480312878810221870,7426148482111128618,f,[]
7462124120663280926,1737411201,"Home for sale in tranquil suburb of Bartlett, IL #Realestate #ChicagoRealEstate #BartlettIllinois #HomeForSale #Homebuyer #Homebuyers  #firsttimehomebuyer #firsttimehomebuyers #firsttimehomeowner #relocatetochicago #realtoroftiktok #ChicagoRealtor #ChicagoRealestateAgent #BuyersAgent #HomebuyerSpecialist #NewHome #NewHomeowners #NewHomeForSale",1077,7.274026617033558e+18,UNSTOPPABLE EVENING,133.0,f,https://tiktok.com/@/video/7462124120663280926,6811468097174848518,f,"[""realestate"",""chicagorealestate"",""bartlettillinois"",""homeforsale"",""homebuyer"",""homebuyers"",""firsttimehomebuyer"",""firsttimehomebuyers"",""firsttimehomeowner"",""relocatetochicago"",""realtoroftiktok"",""chicagorealtor"",""chicagorealestateagent"",""buyersagent"",""homebuyerspecialist"",""newhome"",""newhomeowners"",""newhomeforsale""]"
7499617372366540074,1746140777,#soccer #hardwork #discipline beautiful day.☀️,663,7.274026617033558e+18,UNSTOPPABLE EVENING,133.0,f,https://tiktok.com/@/video/7499617372366540074,7316276021091615790,f,"[""Soccer"",""hardwork"",""discipline""]"
7515288797463072031,1749789543,"I didn’t film a lot of her speaking because I wanted to be present, but my heart is so full! 🌹  #buryourbonesinthemidnightsoil #veschawb #booktour #booktok #fantasybooktok  @Victoria “V.E.” Schwab ",516,7.274026617033558e+18,UNSTOPPABLE EVENING,133.0,f,https://tiktok.com/@/video/7515288797463072031,6567463982826995717,f,"[""buryourbonesinthemidnightsoil"",""veschawb"",""booktour"",""BookTok"",""fantasybooktok""]"
7375234403842247982,1717180578,My experience in #lufthansa #premiumeconomy ,13594,7.274026617033558e+18,UNSTOPPABLE EVENING,133.0,f,https://tiktok.com/@/video/7375234403842247982,6767566130874680325,f,"[""lufthansa"",""premiumeconomy""]"
7433459882164063519,1730737273,@Rizos Curls new Biotin Wash System Review!  . Does anyone else have election anxiety or or or just me? . #rizoscurls #curlyhair #curlyhairroutine #curlyhairtips ,4276,7.274026617033558e+18,UNSTOPPABLE EVENING,133.0,f,https://tiktok.com/@/video/7433459882164063519,6757476576356860933,f,"[""rizoscurls"",""curlyhair"",""curlyhairroutine"",""curlyhairtips""]"
7463915052123426090,1737828191,@Pizza Boy BILLY 🍕👑 will quench your pizza and wings cravings.  📍1746 W Grand Ave #chicagofoodies #chicagofood #chicagofoodspots #explorechicago #chicagopizza ,1914,7.274026617033558e+18,UNSTOPPABLE EVENING,133.0,f,https://tiktok.com/@/video/7463915052123426090,6762535485887235077,f,"[""chicagofoodies"",""chicagofood"",""chicagofoodspots"",""explorechicago"",""chicagopizza""]"
7508541888308202782,1748218660,Think you know what it takes to buy a house in Seattle? 🏠 You might be surprised. Here are 3 common myths about buying a house. What’s the biggest myth you’ve heard? 🤔 #seattle #kingcountyrealestate #latinarealtor #mythbusting #vanessaseattlerealtor #rsvpbrokersera ,1076,7.274026617033558e+18,UNSTOPPABLE EVENING,133.0,f,https://tiktok.com/@/video/7508541888308202782,7496697040989832238,f,"[""seattle"",""kingcountyrealestate"",""latinarealtor"",""mythbusting"",""vanessaseattlerealtor"",""rsvpbrokersera""]"
7489190146382892331,1743712976,"“🚨**MID DROP FADE ALERT!**🚨 My client came in wanting that clean, low-maintenance look, so I hit him with a crispy mid drop fade that blends like butter! 🔥✨ This cut is perfect for adding sharp definition while keeping it versatile & stylish—whether you’re at the gym, in the office, or out for the weekend. The mid drop fade is one of the hottest trends for 2025, and it’s easy to see why. It keeps that natural flow up top while serving flawless transitions on the sides. Ready to level up your fade game? Hit me up! Tag someone who needs a fresh cut!  #CapCut #nrh #keller #kellerbarber #nrhbarber #fade #fortworth #fortworthbarber #razor #skinfade #middropfade #dropfade #texturedfringe #menshaircut #menshairstyle #",1128,7.274026617033558e+18,UNSTOPPABLE EVENING,133.0,f,https://tiktok.com/@/video/7489190146382892331,6917690270226777093,f,"[""capcut"",""nrh"",""keller"",""kellerbarber"",""nrhbarber"",""fade"",""fortworth"",""fortworthbarber"",""razor"",""skinfade"",""middropfade"",""dropfade"",""texturedfringe"",""menshaircut"",""menshairstyle""]"
7496164520340016414,1745336861,this is your plan to come find us this sunday in san diego 🤍 #matcha #fypシ゚viral #sandiego #vlog #chocolatecoveredstrawberries #losangeles #viral #smallbusiness #dubaichocolate #foryoupage #fyp #thingstodo ,954,7.274026617033558e+18,UNSTOPPABLE EVENING,133.0,f,https://tiktok.com/@/video/7496164520340016414,6924911221074412550,f,"[""matcha"",""fyp\u30b7\u309aviral"",""sandiego"",""Vlog"",""chocolatecoveredstrawberries"",""losangeles"",""viral"",""SmallBusiness"",""dubaichocolate"",""foryoupage"",""fyp"",""thingstodo""]"
7379333715895340330,1718135025,sandwiches after gym sessions are elite🤌🏻 #gymtok #postworkoutmeal #pullday #gymgirl #gymrat #gymlife #summer2024 #summer2024countdown #eatyourprotein ,2827,7.274026617033558e+18,UNSTOPPABLE EVENING,133.0,f,https://tiktok.com/@/video/7379333715895340330,6974470740071859206,f,"[""GymTok"",""postworkoutmeal"",""pullday"",""gymgirl"",""gymrat"",""GymLife"",""summer2024"",""summer2024countdown"",""eatyourprotein""]"
7487383197022440750,1743292280,Lmk what yall think in the comments 💈🔥 W or L?  #keller #nrh #kellerbarber #nrhbarber #fade #dropfade #fortworth #fortworthbarber #beardwork #razor #menshaircut #eyebrows #barbershop #layers #mullet #modernmullet ,987,7.274026617033558e+18,UNSTOPPABLE EVENING,133.0,f,https://tiktok.com/@/video/7487383197022440750,6917690270226777093,f,"[""keller"",""nrh"",""kellerbarber"",""nrhbarber"",""fade"",""dropfade"",""fortworth"",""fortworthbarber"",""beardwork"",""razor"",""menshaircut"",""eyebrows"",""barbershop"",""layers"",""mullet"",""modernmullet""]"
7491167480287595819,1744173355,Old House Problems #bluestonepropertysolutions #chicagorealestate #chicagorealestatemarket #chicagosuburbs #chicagoland #houseflipping #flippinghomes #realestateinvesting #ChicagoHomes #chicagohomesforsale #chicagoproperties ,1198,7.274026617033558e+18,UNSTOPPABLE EVENING,133.0,f,https://tiktok.com/@/video/7491167480287595819,6917689133163365381,f,"[""bluestonepropertysolutions"",""chicagorealestate"",""chicagorealestatemarket"",""chicagosuburbs"",""chicagoland"",""houseflipping"",""flippinghomes"",""realestateinvesting"",""chicagohomes"",""chicagohomesforsale"",""chicagoproperties""]"
7479564073537965358,1741471747,"Hidden gems, tasty snacks, and the cutest finds—VMART has it all! 🛍️💖 From boba drinks to plushies, this locally owned market is my go-to ‘Asian Market’ in Corpus Christi! Have you been yet? Let me know what you’re grabbing on your next visit! ⬇️🍜🎉 #ShopLocal #VMART #CorpusChristiEats #fyp ",2158,7.274026617033558e+18,UNSTOPPABLE EVENING,133.0,f,https://tiktok.com/@/video/7479564073537965358,6633836812215681029,f,"[""shoplocal"",""vmart"",""corpuschristieats"",""fyp""]"
7458670634457976106,1736607094,A spicy twist on a classic breakfast! 🌶️🥓#unioncafeboston #cafe #boston #union #bostontiktok #weekendvibes #bostonfoodie #foodie #yum #brunch #brunchtok #breakfast #benny #chipotle #chorizo ,981,7.274026617033558e+18,UNSTOPPABLE EVENING,133.0,f,https://tiktok.com/@/video/7458670634457976106,7303590900914144302,f,"[""unioncafeboston"",""cafe"",""boston"",""union"",""bostontiktok"",""WeekendVibes"",""bostonfoodie"",""Foodie"",""yum"",""brunch"",""brunchtok"",""breakfast"",""benny"",""chipotle"",""chorizo""]"
7460685316635102510,1737076169,"Getting back to doing something I love the most, spending time alone 🙈  12 solo dates this year? Lets do it!  @Sawyer Yards  . . . #thingstodoinhouston #sawyeryards #thingstodoinhtx #houstonevents #houstonhotspots #solodateideas #houstondates ",821,7.274026617033558e+18,UNSTOPPABLE EVENING,133.0,f,https://tiktok.com/@/video/7460685316635102510,6818654764264719365,f,"[""thingstodoinhouston"",""sawyeryards"",""thingstodoinhtx"",""houstonevents"",""houstonhotspots"",""solodateideas"",""houstondates""]"
7404157840702655774,1723914852,"Which friend of yours owes you a drink from New Grounds!? Happy Saturday, enjoy the weekend and make sure to stop in and grab your favorite drink!! ☕️🧋🤍⭐️ #coffeetiktok #localbusiness #smallbusiness #coffeeshops #locallyowned #foryoupage #coffeetok #newgroundscoffeehouse #coffee #coffeecrew #barista #baristatok #baristalife #fyp #trending #thisinitial ",1759,7.274026617033558e+18,UNSTOPPABLE EVENING,133.0,f,https://tiktok.com/@/video/7404157840702655774,7153374189889995819,f,"[""coffeetiktok"",""localbusiness"",""SmallBusiness"",""coffeeshops"",""locallyowned"",""foryoupage"",""coffeetok"",""newgroundscoffeehouse"",""coffee"",""coffeecrew"",""barista"",""baristatok"",""baristalife"",""fyp"",""trending"",""thisinitial""]"
7486948366136429854,1743191021,Asking Newbold BMW employees what they’re favorite BMW is.  - - #dealershiplifetiktok #dealershipvibes #bmwemployee #favoritecar ,5951,7.274026617033558e+18,UNSTOPPABLE EVENING,133.0,f,https://tiktok.com/@/video/7486948366136429854,7356674373216076843,f,"[""dealershiplifetiktok"",""dealershipvibes"",""bmwemployee"",""favoritecar""]"
7468399441570221358,1738872266,15” Alpha Phi Alpha Wall Plaque  #blutheorycustoms #fyp #d9 #divine9 #1906 #alphaphialpha #diyproject #greeklife #NPHC #fraternity #aphia #ΑΦΑ ,1016,7.274026617033558e+18,UNSTOPPABLE EVENING,133.0,f,https://tiktok.com/@/video/7468399441570221358,6991562236963734533,f,"[""blutheorycustoms"",""fyp"",""d9"",""divine9"",""1906"",""alphaphialpha"",""diyproject"",""greeklife"",""nphc"",""fraternity"",""aphia"",""\u03b1\u03c6\u03b1""]"
7411640411459964202,1725657013,"Have you ever walked into our D&K Suit City Mt. Zion Location? 🤯 You are definitely missing out! Come see why it’s rated one of the best locations for customers satisfaction, suits, women’s wear, and even Furniture! 🛋️  #dksuitcity #atlfashion #mtzion #morrowga #nensfashion #atlantafashion #fyp ",2175,7.274026617033558e+18,UNSTOPPABLE EVENING,133.0,f,https://tiktok.com/@/video/7411640411459964202,6927759939457876998,f,"[""dksuitcity"",""atlfashion"",""mtzion"",""morrowga"",""nensfashion"",""atlantafashion"",""fyp""]"
7487824742112824622,1743395097,Session 3 tutorial #midfade  #midfadedcut #midfadehaircut #fadehaircut #faded #fade #medellin #cresthillmiddleschool #cresthillillinois #jolietillinois #joliet #medellincolombia #medellincolombia🇨🇴🇨🇴🇨🇴disfrutemos #patillera #trimmer #hombres #barbershop #teamwork #desvanecido #bogotacolombia #bogota #viral #viraltiktok ,1172,7.274026617033558e+18,UNSTOPPABLE EVENING,133.0,f,https://tiktok.com/@/video/7487824742112824622,7258838925710492714,f,"[""midfade"",""midfadedcut"",""midfadehaircut"",""fadehaircut"",""faded"",""fade"",""medellin"",""cresthillmiddleschool"",""cresthillillinois"",""jolietillinois"",""joliet"",""medellincolombia"",""medellincolombia\ud83c\udde8\ud83c\uddf4\ud83c\udde8\ud83c\uddf4\ud83c\udde8\ud83c\uddf4disfrutemos"",""patillera"",""trimmer"",""hombres"",""barbershop"",""teamwork"",""desvanecido"",""bogotacolombia"",""bogota"",""viral"",""viraltiktok""]"
7464623843483667755,1737993249,"Looking for a date night idea that goes beyond dinner? Boston and Cambridge has so much to offer — including a visit to the MIT Museum! Start with a cozy stop at the Museum’s café, @RIPPLE CAFE for a coffee, a bite to eat, and some laid-back vibes. Then, explore the Museum’s incredible exhibits, from science and photography to art. Don’t forget to swing by the MIT Museum Store before you leave — it’s the perfect spot for unique gifts (or something special for yourself)! Check out @MIT Museum for more 🧬🔬🖼️🎨 #boston #cambridge #thingstodoinboston #meetboston",1232,7.274026617033558e+18,UNSTOPPABLE EVENING,133.0,f,https://tiktok.com/@/video/7464623843483667755,7330686378814030890,f,"[""boston"",""cambridge"",""thingstodoinboston"",""meetboston""]"
7491490921016462623,1744248661,"Seated hip flexor hurdles are an underrated drill that targets the deep muscles responsible for hip stability and control—key for anyone who lifts.  . By actively lifting your leg over an imaginary hurdle while seated, you build strength in the hip flexors through a full range of motion, which is often overlooked in traditional gym workouts.  . This exercise improves mobility and control, helping you squat deeper, lunge more efficiently, and maintain better positioning under heavy loads.  . It also helps reduce your risk of hip, knee, and lower back injuries by strengthening stabilizers that support compound lifts.  . Adding this to your warm-up or accessory routine can unlock new levels of strength, mobility, and injury resilience. . Ready to take your fitness to the next level? I’m now accepting new clients for personalized one on one or small group training sessions. Send me a message to schedule your free consultation today! 💪🏼 . SAVE this post for your next workout. ✅ . SHARE this with someone who needs to see this! ✉️ . COMMENT with your thoughts or what you’d like to see me demonstrate next 🗣️ . . #Fitness #FitFam #WorkoutGoals #BodyPositive #FitnessMotivation #GymLife #HealthAndFitness #HIIT #FitJourney #Powerlifting #YogaLife #CardioWorkout #TransformationTuesday #FlexFriday #WorkoutWednesday #BodyBuilding #SweatySaturday #RunningCommunity #FitnessChallenge #personaltrainer #nasm ",1344,7.274026617033558e+18,UNSTOPPABLE EVENING,133.0,f,https://tiktok.com/@/video/7491490921016462623,7193160574427137067,f,"[""Fitness"",""fitfam"",""workoutgoals"",""bodypositive"",""fitnessmotivation"",""GymLife"",""healthandfitness"",""hiit"",""fitjourney"",""powerlifting"",""yogalife"",""cardioworkout"",""transformationtuesday"",""flexfriday"",""workoutwednesday"",""bodybuilding"",""sweatysaturday"",""runningcommunity"",""fitnesschallenge"",""personaltrainer"",""nasm""]"
7413115255821290798,1726000403,Havent done a video like this before.. should I make more?🤭  #lashextensions #wispywetset #veyeslashes #roundrocklashes ,1863,7.274026617033558e+18,UNSTOPPABLE EVENING,133.0,f,https://tiktok.com/@/video/7413115255821290798,7039793124509484078,f,"[""lashextensions"",""wispywetset"",""veyeslashes"",""roundrocklashes""]"
7449138866830740779,1734387801,Write Your Holiday Wishes in Style – Traditional Feather Pen.  What’s your favorite color? @BradleyWorld #pen #gift #featherpen,3219,7.274026617033558e+18,UNSTOPPABLE EVENING,133.0,f,https://tiktok.com/@/video/7449138866830740779,7198190256768107562,f,"[""pen"",""gift"",""featherpen""]"
7479876592831827231,1741544512,Best Audio Interface for Music Producers in 2025🔥🎶 #musictech #audiointerface #producerlife #musicproduction #techreview #asmr #studio #foryourpage ,1143,7.274026617033558e+18,UNSTOPPABLE EVENING,133.0,f,https://tiktok.com/@/video/7479876592831827231,10891512,f,"[""musictech"",""audiointerface"",""producerlife"",""musicproduction"",""techreview"",""asmr"",""studio"",""foryourpage""]"
7385601212592311594,1719594290,"🐾 The 5️⃣📜 Commandments 🐾 The commands discussed in the video are the five essential things your dog needs to know. If your dog has a basic understanding of these commands, then exposure and practice are the only things preventing you from taking your dog anywhere with reliable obedience. 🌭 If you want to take your dog to a family cookout, start by grilling in the backyard alone. Gradually build up to more challenging situations. 🐕 If your dog struggles at the next level of training, go back to the basics and increase the difficulty gradually. 🚶‍♂️🎓 #dogtraining #dogsoftiktok #dog #dogtok #dogdad #dogmom #dogtrainer #grill #ribeye #steak ",853,7.274026617033558e+18,UNSTOPPABLE EVENING,133.0,f,https://tiktok.com/@/video/7385601212592311594,7246408463234958378,f,"[""DogTraining"",""dogsoftiktok"",""dog"",""dogtok"",""dogdad"",""dogmom"",""dogtrainer"",""grill"",""ribeye"",""steak""]"
7490314425602215211,1743974759,"Renovating your pool in New Jersey or Pennsylvania? Don’t overlook the most used part of your pool — the steps. From manpower to materials, Laguna does it right. Certified Pebble Tec applicators.  Watch how we turn details into luxury. #PoolRenovation #PebbleTec   #LuxuryPools #PoolDesign #BeforeAndAfter #pooltime ",2364,7.274026617033558e+18,UNSTOPPABLE EVENING,133.0,f,https://tiktok.com/@/video/7490314425602215211,7399341052036351019,f,"[""poolrenovation"",""pebbletec"",""luxurypools"",""pooldesign"",""beforeandafter"",""pooltime""]"
7500999260205321495,1746462490,#pourtoii #fyp #etudiantdechange #vlog #dailyvlogs ❤️,578,7.274026617033558e+18,UNSTOPPABLE EVENING,133.0,f,https://tiktok.com/@/video/7500999260205321495,6777884532906673158,f,"[""pourtoii"",""fyp"",""etudiantdechange"",""Vlog"",""dailyvlogs""]"
7494461473389874475,1744940311,"This cut is all about balance! Center part, side part, or no part it still looks perfectly shaped and effortless every time. . #houstontexasstylist #hairstylisthouston #rezocuthoustontx #rezocuthumbletx #houstontx #transformationhair #finecurlyhair #houstontexascurlystylist ",477,7.274026617033558e+18,UNSTOPPABLE EVENING,133.0,f,https://tiktok.com/@/video/7494461473389874475,6928123348015580166,f,"[""houstontexasstylist"",""hairstylisthouston"",""rezocuthoustontx"",""rezocuthumbletx"",""houstontx"",""transformationhair"",""finecurlyhair"",""houstontexascurlystylist""]"
7505937443351301422,1747612280,Tampa’s coziest coffee shop might just be Elevenses. From rotating desserts to themed drinks and a super friendly staff— you gotta try it! ⭐️9/10 #TampaEats #CoffeeLovers #ElevensesBakery #TampaCoffeeShops #DessertReview #FoodieFinds #LatteArt #CozyCafes #BundtCakeVibes #SupportLocalFL,937,7.274026617033558e+18,UNSTOPPABLE EVENING,133.0,f,https://tiktok.com/@/video/7505937443351301422,7465428021164868639,f,"[""tampaeats"",""coffeelovers"",""elevensesbakery"",""tampacoffeeshops"",""dessertreview"",""foodiefinds"",""latteart"",""cozycafes"",""bundtcakevibes"",""supportlocalfl""]"
7512497524628802859,1749139648,Yay we FINALLY got one of the new 2025 VW Tiguans in! Take a tour of the base model S with Nathan! . #volkswagen #vw #vwtiguan #suv #luxury #tour #deanteam #stl #stlouis #fyp #foryou ,2016,7.274026617033558e+18,UNSTOPPABLE EVENING,133.0,f,https://tiktok.com/@/video/7512497524628802859,7002272517013226501,f,"[""volkswagen"",""vw"",""vwtiguan"",""suv"",""luxury"",""tour"",""deanteam"",""stl"",""stlouis"",""fyp"",""foryou""]"
7501044560760409386,1746473083,Pressing a shirt using my @heatpressnation True Spec Heat Press. Check it out on heatpressnation.com link is in my bio #heatpress #smallbusiness #tutorial #printshop ,887,7.274026617033558e+18,UNSTOPPABLE EVENING,133.0,f,https://tiktok.com/@/video/7501044560760409386,6819464922965214214,f,"[""heatpress"",""SmallBusiness"",""tutorial"",""printshop""]"
7507035052543364395,1747867816,"Criminal defense requires building a defense. There’s wheelers and dealers, and smooth talkers, and then there’s Vazquez Law. Call us if you want someone thatturns every stone and builds your defense case from the ground up!  #VazquezLaw #Houston #HarrisCounty #Criminal #Defense #Attorney #Lawyer #Law #HoustonLawyer #HoustonAttorney #Crime #Jail #FYP #ForYouPage ",24159,7.274026617033558e+18,UNSTOPPABLE EVENING,133.0,f,https://tiktok.com/@/video/7507035052543364395,7247349404415198251,f,"[""vazquezlaw"",""houston"",""harriscounty"",""criminal"",""defense"",""attorney"",""lawyer"",""law"",""houstonlawyer"",""houstonattorney"",""crime"",""jail"",""fyp"",""foryoupage""]"
7465702379749592366,1738244379,"All meals are put together for a 1 person household but could possibly feed 2. Budget will vary depending on the household size. If you don’t like eating leftovers, this may not work for you. ⁣Me..I’m lazy & hate cooking lol  ⁣ (2 days)⁣ Chicken, broccoli , potatoes, corn⁣ ⁣ Pizza (1 day) ⁣ ⁣ Shrimp salad (2 days)⁣ ⁣ Chicken Caesar sandwich & fries (2 days)⁣ ⁣ KFC Bowl⁣ chicken, corn, gravy , tenders,mashed potatoes (2 days)⁣ ⁣ Stuffed Shells-I forgot to get ricotta cheese even if you grab it you’ll still be under the $75 budget (2 days)⁣ ⁣ Quesadillas, salad, rice (2 day)⁣ ⁣ Hot tenders and fries (1 day )⁣ ⁣ I don’t tend to eat breakfast, if I do it’s coffee and fruit. I got cereal and raisin bread for the days I may want something to add extra with my fruit. I didn’t get too much fruit because I had some left from the last trip.  #aldi #aldifinds #alditiktok #aldihaul  #aldiusa #groceryhaul #groceriesonabudget #shoppingchallenge ",666,7.274026617033558e+18,UNSTOPPABLE EVENING,133.0,f,https://tiktok.com/@/video/7465702379749592366,6809140143083193350,f,"[""aldi"",""aldifinds"",""alditiktok"",""aldihaul"",""aldiusa"",""groceryhaul"",""groceriesonabudget"",""shoppingchallenge""]"
7514367641688083758,1749575097,📢 Before you delete that TikTok that flopped… you need to hear this 👇 🔖 #TikTokAlgorithm #TikTokGrowthTips #ContentStrategy#creatorsearchinsights ,1031,7.274026617033558e+18,UNSTOPPABLE EVENING,133.0,f,https://tiktok.com/@/video/7514367641688083758,6800086861894632453,f,"[""tiktokalgorithm"",""tiktokgrowthtips"",""contentstrategy"",""creatorsearchinsights""]"
7509576390547754271,1748459534,trying to get better at budgeting …so decided to see how I spend my money each month 🫣 and it was not fun #howmuchispendinamonth #lifeinnyc #budgeting ,1578,7.274026617033558e+18,UNSTOPPABLE EVENING,133.0,f,https://tiktok.com/@/video/7509576390547754271,6847707732499612678,f,"[""howmuchispendinamonth"",""lifeinnyc"",""budgeting""]"
7487059057740746026,1743216809,Come with me and @Nic to my first ever @[solidcore] class! #pilates #solidcore #fitness #fittok #shake #westhollywood #weho ,854,7.274026617033558e+18,UNSTOPPABLE EVENING,133.0,f,https://tiktok.com/@/video/7487059057740746026,7475216782029112366,f,"[""pilates"",""solidcore"",""Fitness"",""FitTok"",""shake"",""westhollywood"",""weho""]"
7473333517305318698,1740021087,Welcome to Editing for Visual Learners  Lesson 2: Text on Screen Program: CapCut #capcut #capcutedit #videoediting #capcuttutorial #capcuttutorials #videoedit #microinfluencertips #contentcreatortips #videoeditor @CapCut ,623,7.274026617033558e+18,UNSTOPPABLE EVENING,133.0,f,https://tiktok.com/@/video/7473333517305318698,7207252280906466350,f,"[""capcut"",""capcutedit"",""videoediting"",""capcuttutorial"",""capcuttutorials"",""videoedit"",""microinfluencertips"",""contentcreatortips"",""videoeditor""]"
7465808209551379742,1738268989,Most of these items are in my Amazon storefront. Link in BIO | #yspark #hairextensionspecialist #hairextensiontools #hairtools #hairmusthaves #hairtok #extensions #bellami #amazon #lahairstylist #hairextension #kti #weftextensions #tapeinextensions ,1992,7.274026617033558e+18,UNSTOPPABLE EVENING,133.0,f,https://tiktok.com/@/video/7465808209551379742,6871784124634416134,f,"[""yspark"",""hairextensionspecialist"",""hairextensiontools"",""hairtools"",""hairmusthaves"",""hairtok"",""extensions"",""bellami"",""amazon"",""lahairstylist"",""hairextension"",""kti"",""weftextensions"",""tapeinextensions""]"
7465042372011822366,1738090682,"Want to save $$$ on your energy bills in Las Vegas? Let's talk about Beazer Homes! Got to tour some pretty cool new homes for sale in Henderson. These energy efficient homes go above and beyond what you'll find with most new construction homes in the Las Vegas area.  This includes: ✅Included Solar Panels ✅Thicker plywood for better insulation ✅Energy efficient windows ✅ERV Hvac system for better air ventilation  ✅SPAN boxes to help closely monitor your energy usage ✅Option for EV Charger Not only does this mean lower energy bills, but it's also perfect for electric car owners who want to charge up at home without breaking the bank. Ready to live smarter and more sustainably? Let me show you why Beazer Homes are  changing the game. DM me for more information on this home! Dale Abella REALTOR®️ Powered by eXp Realty Las Vegas, Henderson, and Surrounding Areas License No. S.0190387 📱 702-765-0736 See Full Home Tours on my YT Channel Link in my bio 🔝  #lasvegas #lasvegashomes #solarenergy #solarpower #lasvegasrealtor #newconstruction #daletherealtor ",1272,7.274026617033558e+18,UNSTOPPABLE EVENING,133.0,f,https://tiktok.com/@/video/7465042372011822366,6905242925245842438,f,"[""lasvegas"",""lasvegashomes"",""solarenergy"",""solarpower"",""lasvegasrealtor"",""newconstruction"",""daletherealtor""]"
7493161556134399262,1744637677,"If you’re in the metro Atlanta area and need new floors, especially if you’re recovering from knee surgery like me, call Fulks Flooring My floors were a fall hazard after both knee replacements, but Mr. Carey and his team came through and made my home safe again. I’m SO grateful for the amazing work they did! Reach them at (678) 429-1872 you won’t regret it! #FulksFlooring #MetroAtlantaFloors #KneeReplacementRecovery #FallPrevention #HomeSafety #GratefulHeart #BeforeAndAfter #HomeUpgrade #BlackOwnedBusiness #SupportLocal #FlooringTransformation #floors #knees #luxuryvinylplank #newflooring #kneereplacement #fallrisk #CapCut ",1345,7.274026617033558e+18,UNSTOPPABLE EVENING,133.0,f,https://tiktok.com/@/video/7493161556134399262,6853577823077942277,f,"[""fulksflooring"",""metroatlantafloors"",""kneereplacementrecovery"",""fallprevention"",""homesafety"",""gratefulheart"",""beforeandafter"",""homeupgrade"",""blackownedbusiness"",""supportlocal"",""flooringtransformation"",""floors"",""knees"",""luxuryvinylplank"",""newflooring"",""kneereplacement"",""fallrisk"",""capcut""]"
7466101814585265413,1738337298,Aprende desde cero!! #ploteodeautos #ploteovehicular #ploteoautomotriz #autospersonalizados #wrappingcars ,2426,7.274026617033558e+18,UNSTOPPABLE EVENING,133.0,f,https://tiktok.com/@/video/7466101814585265413,7044942772650066949,f,"[""ploteodeautos"",""ploteovehicular"",""ploteoautomotriz"",""autospersonalizados"",""wrappingcars""]"
7448873775434616094,1734326095,They asked me how potholes and fights affect car accident claims #personalinjurylawyer #caraccidentclaim #accidentlawyer #liability #carcrashattorney #losangeleslawyer #injuryrecovery #bestaccidentlawyer #slipandfalllawyer #potholes #californiainjurylawyer #education #sandiego #sanbernardino #assault #attorneyforinjury ,969,7.274026617033558e+18,UNSTOPPABLE EVENING,133.0,f,https://tiktok.com/@/video/7448873775434616094,7089727869047424046,f,"[""personalinjurylawyer"",""caraccidentclaim"",""accidentlawyer"",""liability"",""carcrashattorney"",""losangeleslawyer"",""injuryrecovery"",""bestaccidentlawyer"",""slipandfalllawyer"",""potholes"",""californiainjurylawyer"",""education"",""sandiego"",""sanbernardino"",""assault"",""attorneyforinjury""]"
7461100378155928878,1737172810,This will be my year…. AMEN 🙏🏽🙌🏽 I finally got a chance to try @h2pro_official Hair Care System. I’ve always used the tools and they never disappoint so I wanted to see if the products would deliver just the same. I absolutely loved the way my client’s hair felt. Especially the Marula Rescue Mask! It’s a 10 out of 10! Thank you @JamalaA for recommending this line to me 🫶🏽 All products and tools: @h2pro_official  Steamer: @kingsteam_official   #h2pro #silkpress #silkpressmasters #heatgang #explorepage #foryourpage #healthyhair #healthyhairjourney #kenraprofessional #healthyhairjourney #silkpressmaster  #silkpressking #silkpressatlanta #silkpresshouston #floridahairstylist #atlhairstylist #fortlauderdalehairstylist #chicagosilkpress #charlottehairstylist #voiceofhair #fyp,764,7.274026617033558e+18,UNSTOPPABLE EVENING,133.0,f,https://tiktok.com/@/video/7461100378155928878,7119716439168615470,f,"[""h2pro"",""silkpress"",""silkpressmasters"",""heatgang"",""explorepage"",""foryourpage"",""healthyhair"",""healthyhairjourney"",""kenraprofessional"",""silkpressmaster"",""silkpressking"",""silkpressatlanta"",""silkpresshouston"",""floridahairstylist"",""atlhairstylist"",""fortlauderdalehairstylist"",""chicagosilkpress"",""charlottehairstylist"",""voiceofhair"",""fyp""]"
7384275698988371230,1719285684,#capcutsmarttemplates #1ofakind #foryoupage #alwaysavibe #🌈 #girlswithpiercings #Happymonday #over40 #🥰🥰 #selfies #selflove ,386,7.274026617033558e+18,UNSTOPPABLE EVENING,133.0,f,https://tiktok.com/@/video/7384275698988371230,6807583471821751301,f,"[""capcutsmarttemplates"",""1ofakind"",""foryoupage"",""alwaysavibe"",""\ud83c\udf08"",""girlswithpiercings"",""happymonday"",""over40"",""\ud83e\udd70\ud83e\udd70"",""selfies"",""selflove""]"
7496515670419492127,1745418582,"Blending textures, tones, and confidence—because power dressing isn’t just a look, it’s a mindset. From boardroom to boutique, let your style speak volumes."" #OfficeStyleChronicles #WorkwearWednesday #BossStyle #ChicAndConfident #BlackStyleInfluencer #FashionInspo",465,7.274026617033558e+18,UNSTOPPABLE EVENING,133.0,f,https://tiktok.com/@/video/7496515670419492127,6897012854849209350,f,"[""officestylechronicles"",""workwearwednesday"",""bossstyle"",""chicandconfident"",""blackstyleinfluencer"",""fashioninspo""]"
7487703968089427230,1743366965,"Just wrapped up staging another gorgeous home in Dallas and the results speak for themselves! From empty to eye-catching, watch our latest video to see how the right design can transform a house into a buyer’s dream 💫🏡  Staging isn’t just about looks, it’s about strategy, speed, and SOLD signs. 💰🪧  Check out the video and let us know your favorite part of the transformation! 🎥  If you’re a homeowner or agent looking to elevate your listings, we’d love to help. 💕 Let’s make your next listing unforgettable. #DallasHomes #HomeStagingWorks #BeforeAndAfterMagic #RealEstateDallas #StageToSell #FacebookRealEstate #DFWRealEstate #StagingSells #InteriorDesignDallas #ListItRight",781,7.274026617033558e+18,UNSTOPPABLE EVENING,133.0,f,https://tiktok.com/@/video/7487703968089427230,6532003218476498946,f,"[""dallashomes"",""homestagingworks"",""beforeandaftermagic"",""realestatedallas"",""stagetosell"",""facebookrealestate"",""dfwrealestate"",""stagingsells"",""interiordesigndallas"",""listitright""]"
7499136511405821214,1746028819,"New opportunity in Douglasville! This community has a wide variety of layouts and floor plans, including basement lots. The builder is offering qualified buyers $10k towards closing costs. Comment “I’m Ready” to lock in your new home. . . I’m looking to assist 25 individuals and families purchase or sell in 2025. Who do you know that I can help? Referrals are the 🫶🏼 of my business!  . . Deresia Brown | Realtor®️ 📲: C 404.285.0477  📧: Deresia brown@kw.com #DeresiaDelivers #kellerwilliams #KWWA #dbrownrealtor #atlantarealestate #realtor #atlanta #atl",1103,7.274026617033558e+18,UNSTOPPABLE EVENING,133.0,f,https://tiktok.com/@/video/7499136511405821214,7392046885785584682,f,"[""deresiadelivers"",""kellerwilliams"",""kwwa"",""dbrownrealtor"",""atlantarealestate"",""realtor"",""atlanta"",""atl""]"
7462148151676259627,1737416795,"•Bogo Wax• Book a wax service, get one free✨ Like,share & tag a friend!!  LaNise Aesthetics LC✨ 📍Lexington Ky  #skincare #esthetician #lexingtonky #waxer #waxing #facials #beauty #soloesthie #letsglow #confidence #fyp ",675,7.274026617033558e+18,UNSTOPPABLE EVENING,133.0,f,https://tiktok.com/@/video/7462148151676259627,7261746704937419822,f,"[""skincare"",""esthetician"",""lexingtonky"",""waxer"",""waxing"",""facials"",""beauty"",""soloesthie"",""letsglow"",""confidence"",""fyp""]"
7496218061146541343,1745349315,"Wow! This is a WIN in charlotte, nc ##charlotterealtor##charlottenc##firstimehomebuyer##movingtocharlotte##selling101",524,7.274026617033558e+18,UNSTOPPABLE EVENING,133.0,f,https://tiktok.com/@/video/7496218061146541343,6917694678238725126,f,"[""charlotterealtor"",""charlottenc"",""firstimehomebuyer"",""movingtocharlotte"",""selling101""]"
7388139628945263918,1720185328,Get ready with me for a day at stars!#grwm #inclusion #Stars #starsmiami #fypシ゚viral #fypage #specialneeds #fyp #pinecrestfl #grwmroutine ,2183,7.274026617033558e+18,UNSTOPPABLE EVENING,133.0,f,https://tiktok.com/@/video/7388139628945263918,7178579014453593134,f,"[""grwm"",""inclusion"",""stars"",""starsmiami"",""fyp\u30b7\u309aviral"",""fypage"",""specialneeds"",""fyp"",""pinecrestfl"",""grwmroutine""]"
7493937675859135750,1744818336,@TJR EXPLAINS his liquidity sweep trading STRATEGY‼️#tjr #fyp #daytrading #forex #viraltiktokvideo #tradingstrategy #liquidity ,1034,7.274026617033558e+18,UNSTOPPABLE EVENING,133.0,f,https://tiktok.com/@/video/7493937675859135750,7415330771131630597,f,"[""tjr"",""fyp"",""daytrading"",""forex"",""viraltiktokvideo"",""tradingstrategy"",""liquidity""]"
7499578592347557150,1746131727,yuh . . . #locs #dreads #dreadlocks #starterlocs #locjourney #cgoat #day44 ,1590,7.274026617033558e+18,UNSTOPPABLE EVENING,133.0,f,https://tiktok.com/@/video/7499578592347557150,7471289598170596383,f,"[""locs"",""dreads"",""dreadlocks"",""starterlocs"",""locjourney"",""cgoat"",""day44""]"
7413194704856173867,1726018901,short orlando “vlog” because i miss florida 🥲 #universalstudiosorlando #orlandofl #vacation #beach #summer ,958,7.274026617033558e+18,UNSTOPPABLE EVENING,133.0,f,https://tiktok.com/@/video/7413194704856173867,6726495301756240901,f,"[""universalstudiosorlando"",""orlandofl"",""vacation"",""beach"",""Summer""]"
7472911349035814190,1739922789,A new way to play TIC TAC TOE! #games #fun #challenge #seniors #seniorliving #assistedliving #community #christiancare #texas ,945,7.274026617033558e+18,UNSTOPPABLE EVENING,133.0,f,https://tiktok.com/@/video/7472911349035814190,7436095605868413998,f,"[""games"",""fun"",""challenge"",""seniors"",""seniorliving"",""assistedliving"",""community"",""christiancare"",""texas""]"
7492087243390176543,1744387547,4 of 75 💅🏽 #75softchallenge #selfcare #selflove #like #love #you #yoga #blacktiktok #nails #atlanta #spring,478,7.274026617033558e+18,UNSTOPPABLE EVENING,133.0,f,https://tiktok.com/@/video/7492087243390176543,6934262328406393861,f,"[""75softchallenge"",""SelfCare"",""selflove"",""like"",""Love"",""you"",""yoga"",""BlackTikTok"",""nails"",""atlanta"",""spring""]"
7501541157747330346,1746588670,#livinginnyc #nyclife #fypシ #propertybuying #apartmenthunting #realestate #nycapartment #newyork #newyorkcity #nyc #citythatneversleeps #manhattan #brooklyn #nyclife #nyctiktok ,1203,7.274026617033558e+18,UNSTOPPABLE EVENING,133.0,f,https://tiktok.com/@/video/7501541157747330346,7499244100976739374,f,"[""livinginnyc"",""nyclife"",""fyp\u30b7"",""propertybuying"",""apartmenthunting"",""realestate"",""nycapartment"",""newyork"",""newyorkcity"",""nyc"",""citythatneversleeps"",""manhattan"",""brooklyn"",""nyctiktok""]"
7494435803314097451,1744934322,"Sweet Pineapple Steak Tacos One of Bachan’s newest flavors, Sweet Pineapple Japanese BBQ Sauce is now my new favorite marinade and topping!  Picked up a beautiful outside skirt steak from @k4gourmetbeef and I marinated it in that Sweet Pineapple sauce for 4 hours in the fridge. When ready to cook, wipe and pat the steak dry and let sit out for at least 20 min.  Dust it up with some sriracha seasoning to contrast the sweetness of the pineapple.  Fired up my Weber Searwood Smoker/Grill and cooked it for about 3-5 min per side over open flame. I greased my griddle insert with bacon fat and finished both sides with a nice char then pulled it off to rest for 10 min. While it’s resting, set heat to low to toast up your tortillas and melt the queso.  Sliced your skirt steak against the grain in 1/4 inch slices  Build your tacos with mango pico, steak and a healthy dose of that pineapple bbq sauce. Serve with pico and pineapple sauce on the side.  Mango pico recipe: 2 tomatoes diced  1 sweet onion diced 1 ripe mango diced 1/2 cup lime juice 1 teaspoon salt 1 teaspoon minced garlic  Chopped cilantro to taste Let sit in fridge overnight #taco #steak #outdoorcooking #bachanspartner #jesus @Bachan’s @Bacon Up Bacon Grease @Weber Grills @K4Ranches ",1457,7.274026617033558e+18,UNSTOPPABLE EVENING,133.0,f,https://tiktok.com/@/video/7494435803314097451,7122559795668632619,f,"[""taco"",""steak"",""outdoorcooking"",""bachanspartner"",""jesus""]"
7494373611738844446,1744919845,"There’s a difference between a good jeweler and just a good repair — the same way there’s a difference between a good pizza chef and just a good slice of pizza. . Want to know how good the chef really is? Try a slice of their cheese pizza.  . Well, this is a good jeweler’s slice of cheese pizza. And mine? Pretty damn good. Lol ________ #jewelryrepair #jeweler #goldchain #qualitywork #bostonjeweler #fyp #smallbusiness #chainrepair ",863,7.274026617033558e+18,UNSTOPPABLE EVENING,133.0,f,https://tiktok.com/@/video/7494373611738844446,7252508941399196718,f,"[""jewelryrepair"",""jeweler"",""goldchain"",""qualitywork"",""bostonjeweler"",""fyp"",""SmallBusiness"",""chainrepair""]"
7389478318527024414,1720497011,"People hate on Poke Bar, but I’ll always love it. I know it might not be the most authentic, but It was one of the first times I got to try Poke and I had just visited LA for the first time so it’ll always be special to me.  It may be different than what you can get in Hawaii, but I think it has its own unique charm.  They don’t skimp on the portions and everything was fresh.  This Poke Bar had its own unique flair too with items like spam musubi, grilled items, boba, and an awesome full service ramen bar. Poke Bar 📍525 E 1st St, Long Beach, CA 90802 #lafoodie #poke #ramen #longbeach ",1995,7.274026617033558e+18,UNSTOPPABLE EVENING,133.0,f,https://tiktok.com/@/video/7389478318527024414,7343251389629580331,f,"[""lafoodie"",""poke"",""ramen"",""longbeach""]"
7481733730764131614,1741976920,"🚨 Downtown Phoenix is about to change BIG TIME! 🚨 Massive high-rises, new residential towers, and a completely revamped Central Station are coming in the next year or two. This means more housing, rising property values, and a prime opportunity for buyers & investors! 🏗️🔥 💡 Want the inside scoop on the properties coming to Downtown? Drop a “DOWNTOWN” in the comments, and I’ll send you the full list of properties with all the details! ⬇️ #PhoenixRealEstate #DowntownPhoenix #PhxHomes #LuxuryLiving #RealEstateInvesting #PhxRealtor #MovingToPhoenix #NewDevelopments 🚀",1061,7.274026617033558e+18,UNSTOPPABLE EVENING,133.0,f,https://tiktok.com/@/video/7481733730764131614,6874301741555827717,f,"[""phoenixrealestate"",""downtownphoenix"",""phxhomes"",""luxuryliving"",""realestateinvesting"",""phxrealtor"",""movingtophoenix"",""newdevelopments""]"
7504841077803748638,1747356998,Another teacher fit check of the day! Ap testing is allllmmmooosssttt done 🤞 #ootd #teachersoftiktok #teachertok #thursday #foryou #fypシ #trending #howtogoviraltips @Free People ,512,7.274026617033558e+18,UNSTOPPABLE EVENING,133.0,f,https://tiktok.com/@/video/7504841077803748638,7481800141811713070,f,"[""OOTD"",""teachersoftiktok"",""teachertok"",""thursday"",""foryou"",""fyp\u30b7"",""trending"",""howtogoviraltips""]"
7472520437587627310,1739831771,@GoeliaStore.USA #dresses #dresstoimpress #womensfashion #fashionfinds ,7408,7.274026617033558e+18,UNSTOPPABLE EVENING,133.0,f,https://tiktok.com/@/video/7472520437587627310,6702483762867110918,f,"[""dresses"",""dresstoimpress"",""womensfashion"",""fashionfinds""]"
7494024907211181343,1744838660,"⚠️ IDEA is a federal law — but schools won’t walk you through it. Here’s the truth: ✅ Under the Individuals with Disabilities Education Act, your child may be entitled to services… …but only if you request the evaluations. Schools don’t offer services out of kindness — they follow written law and written requests. And if you’re not prepared for your IEP meeting? Your child may miss out. 🎯 Save this and empower yourself. #IDEA2004 #IEPRights #SpecialEdSupport #ParentAdvocate",953,7.274026617033558e+18,UNSTOPPABLE EVENING,133.0,f,https://tiktok.com/@/video/7494024907211181343,6809484713922020357,f,"[""idea2004"",""ieprights"",""specialedsupport"",""parentadvocate""]"
7468578566322539819,1738914071,Is this $20k koi more than $70% off ??!! #sale #auction #petshop #fishygang #fishtok #animalsoftiktok #animals #hawaiitiktok #imports #premium #pets #pondlife ,1673,7.274026617033558e+18,UNSTOPPABLE EVENING,133.0,f,https://tiktok.com/@/video/7468578566322539819,7148571721212462122,f,"[""sale"",""auction"",""petshop"",""fishygang"",""fishtok"",""animalsoftiktok"",""animals"",""hawaiitiktok"",""imports"",""premium"",""pets"",""pondlife""]"
7496631630468042030,1745445593,📲@pullmanmarket 📍221 Newell Avenue Visiting San Antonio on May 3rd?  Don’t miss the ultimate Block Party celebrating Pullman Market’s 1st Birthday from 1–5 PM! 🎂🎈 Tag your favorite foodie 👇 and don’t forget to share the celebration! 🎊🍽️ #texas #foodie #sanantoniofoodie #safoodie #sanantoniotexas #texastravel #pullmanmarket ,986,7.274026617033558e+18,UNSTOPPABLE EVENING,133.0,f,https://tiktok.com/@/video/7496631630468042030,6963653563558298629,f,"[""texas"",""Foodie"",""sanantoniofoodie"",""safoodie"",""sanantoniotexas"",""texastravel"",""pullmanmarket""]"
7514812904097500447,1749678744,"How long can you suction your tongue on the roof of your mouth?! Let me know in the comments! . . . 🪷 Interested in a personalized session with me? Book at the TidyCal link in my bio! My hours are available at that link (with some limited openings this Saturday!), or please DM me or text me at (909) 894-6440 for any questions!  📍 Yucaipa, CA 📆 If you’re looking for therapeutic help with your TMJ pain, schedule an appointment with me for a Jaw Zen massage - it includes assessment, intraoral release, head and neck massage, FREE vibroacoustic therapy demo, massage ball to take home, and tips/exercises to help maintain relief at home! (I have gift certificates available at the highlight in my bio, too)! 👐🏼 I also provide craniosacral fascial therapy (Gillespie Approach), Swedish-American massage, myofascial release, and vibroacoustic therapy sessions! *This post is not to be used as a substitute for medical advice, diagnosis, or treatment of any health condition or problem. Always check with your physician before starting any new treatments.* #JawZen #JawZenTherapies #jawpain #tmj #tmjpain #tmjmassage #jawpainrelief #tmd #tmjdysfunction #temporomandibulardisorder #buccalmassage #intraoralmassage #headacherelief #cft #craniosacralfascialtherapy #gillespieapproach #myofascialpain #myofascialrelease #swedishmassage  #nasalbreathing #forwardheadposture #sleepdisorderedbreathing #sleepapnea #massagetherapy #holistictherapy #stressrelief #wholebodyhealth #vibroacoustictherapy ",1009,7.274026617033558e+18,UNSTOPPABLE EVENING,133.0,f,https://tiktok.com/@/video/7514812904097500447,7264428747520541742,f,"[""jawzen"",""jawzentherapies"",""jawpain"",""tmj"",""tmjpain"",""tmjmassage"",""jawpainrelief"",""tmd"",""tmjdysfunction"",""temporomandibulardisorder"",""buccalmassage"",""intraoralmassage"",""headacherelief"",""cft"",""craniosacralfascialtherapy"",""gillespieapproach"",""myofascialpain"",""myofascialrelease"",""swedishmassage"",""nasalbreathing"",""forwardheadposture"",""sleepdisorderedbreathing"",""sleepapnea"",""massagetherapy"",""holistictherapy"",""StressRelief"",""wholebodyhealth"",""vibroacoustictherapy""]"
7495571990561049899,1745198886,"Candle making class?! in Wilmington, DE. Make & Mellow allows you to choose your choose your favorite scents to create a custom candle🕯️perfect for datenight, going with friends #candlebar #candlemakingclass #candlemakingexperience #customcandles ",861,7.274026617033558e+18,UNSTOPPABLE EVENING,133.0,f,https://tiktok.com/@/video/7495571990561049899,6988268812533679109,f,"[""candlebar"",""candlemakingclass"",""candlemakingexperience"",""customcandles""]"
7510365185530449183,1748643179,"this is why I’m obsessed with building with multiple clay bodies/colored porcelain. Each piece is truly one of a kind. This series, I added some carving to my works and manifest these look like pastel sunset & the light can go thru. The transparency is the property of porcelain that I find most drawn to  🤞🏽🙏🏽☀️✨ #ceramics #pottery #coloredporcelain #sunset",1015,7.274026617033558e+18,UNSTOPPABLE EVENING,133.0,f,https://tiktok.com/@/video/7510365185530449183,7258377364190446634,f,"[""ceramics"",""pottery"",""coloredporcelain"",""sunset""]"
7493923221394279711,1744814980,I think could eat this everyday of my life @Soulard Gyro you guys are amazing  #dallastx #dallas #dtx #dfw #dallasrestaurants #dallasfood #dallasfoodie #food #foodie #dallaslovelist #cheapdatesdallas #dfwfood #dfwfoodie ,1152,7.274026617033558e+18,UNSTOPPABLE EVENING,133.0,f,https://tiktok.com/@/video/7493923221394279711,7227135526331401259,f,"[""dallastx"",""dallas"",""dtx"",""dfw"",""dallasrestaurants"",""dallasfood"",""dallasfoodie"",""food"",""Foodie"",""dallaslovelist"",""cheapdatesdallas"",""dfwfood"",""dfwfoodie""]"
7475802882546175275,1740596014,If you want our services please contact the number in our bio. We do free estimates and any job related to garage doors. #houston #garagedoor #garage #fyp ,927,7.274026617033558e+18,UNSTOPPABLE EVENING,133.0,f,https://tiktok.com/@/video/7475802882546175275,7420419400644576298,f,"[""houston"",""garagedoor"",""garage"",""fyp""]"
7498088106524953887,1745784703,Locally grown is best 🌸 #shopsmall #shopsmallbusiness #gardencenter #southcarolina #scgardening #gardenersoftiktok #southerngarden ,968,7.274026617033558e+18,UNSTOPPABLE EVENING,133.0,f,https://tiktok.com/@/video/7498088106524953887,7418279156796965931,f,"[""shopsmall"",""shopsmallbusiness"",""gardencenter"",""southcarolina"",""scgardening"",""gardenersoftiktok"",""southerngarden""]"
7460294271644618027,1736985127,"Showcasing this 2020 BMW X7 with a driver assist malfunction caused by a faulty vibration motor in the steering wheel. This motor is responsible for vibrating the wheel when you cross lanes, but when it fails, the system doesn’t work as intended. In this video, we’re demonstrating where it’s located and how we’re fixing the issue to get this luxury SUV back to perfect condition. #BMWX7 #DriverAssist #LaneDepartureWarning #CarRepair #MechanicLife #FaultyParts #AutoDiagnostics #LarinAutomotive #LuxuryCars #BMWRepair #CarMaintenance #AutoService #CarEnthusiast #GermanEngineering #CarFixes #GarageLife",2877,7.274026617033558e+18,UNSTOPPABLE EVENING,133.0,f,https://tiktok.com/@/video/7460294271644618027,7442436849194599470,f,"[""bmwx7"",""driverassist"",""lanedeparturewarning"",""carrepair"",""mechaniclife"",""faultyparts"",""autodiagnostics"",""larinautomotive"",""luxurycars"",""bmwrepair"",""carmaintenance"",""autoservice"",""carenthusiast"",""germanengineering"",""carfixes"",""garagelife""]"
7502264918985461022,1746757192,4 clients nail day at Leejam💖 #gelnails #ocnailtech #flowernails #pinknails #koreannails #naildesign #lanailtech #lanail #losangeles #nailsoftiktok #nailsartvideos #naildesigns ,797,7.274026617033558e+18,UNSTOPPABLE EVENING,133.0,f,https://tiktok.com/@/video/7502264918985461022,6962200224458982405,f,"[""gelnails"",""ocnailtech"",""flowernails"",""pinknails"",""koreannails"",""naildesign"",""lanailtech"",""lanail"",""losangeles"",""nailsoftiktok"",""nailsartvideos"",""naildesigns""]"
7492965922412530990,1744592103,@Crab Pub San Diego is so underrated IMO 😬 #thingstodoinsandiego #sandiegofood #sandiegohiddengems #sandiegolife ,560,7.274026617033558e+18,UNSTOPPABLE EVENING,133.0,f,https://tiktok.com/@/video/7492965922412530990,6812002910366204934,f,"[""thingstodoinsandiego"",""sandiegofood"",""sandiegohiddengems"",""sandiegolife""]"
7389692692323732782,1720546916,The best electric sports car 😎! #porsche #porschetaycan #porschetaycangts #porsche911 #taycan #taycangts #porscheclub #cars #sportscars #dreamcar #electricvehicle #ev #electric ,2947,7.274026617033558e+18,UNSTOPPABLE EVENING,133.0,f,https://tiktok.com/@/video/7389692692323732782,7238040531704857646,f,"[""porsche"",""porschetaycan"",""porschetaycangts"",""porsche911"",""taycan"",""taycangts"",""porscheclub"",""cars"",""sportscars"",""dreamcar"",""electricvehicle"",""ev"",""electric""]"
7491902459208633630,1744344511,Which one..?🐂🎶🥧 #fyp #fragrance #cityrhythm ,489,7.274026617033558e+18,UNSTOPPABLE EVENING,133.0,f,https://tiktok.com/@/video/7491902459208633630,7417576919980852254,f,"[""fyp"",""fragrance"",""cityrhythm""]"
7498379417836801326,1745852567,"Small grill, BIG flavor. 😋✨ Ready to travel. Ready to grill.  #PortableGrill #CharcoalGrill #GrillAnywhere #BBQOnTheGo #CampingLife #OutdoorCooking #PicnicEssentials #GrillMaster #TravelGrill #BBQLovers #AdventureReady #usa ",9717,7.274026617033558e+18,UNSTOPPABLE EVENING,133.0,f,https://tiktok.com/@/video/7498379417836801326,7326380054744319019,f,"[""portablegrill"",""charcoalgrill"",""grillanywhere"",""bbqonthego"",""campinglife"",""outdoorcooking"",""picnicessentials"",""grillmaster"",""travelgrill"",""bbqlovers"",""adventureready"",""usa""]"
7491885335270444319,1744340517,Found a pair of Doernbecher's in Ross. #imasneakerdude #trending #reels #SNEAKERADDICT #sneakers #size15 #nike ,1346,7.274026617033558e+18,UNSTOPPABLE EVENING,133.0,f,https://tiktok.com/@/video/7491885335270444319,7174761290614998059,f,"[""imasneakerdude"",""trending"",""reels"",""sneakeraddict"",""sneakers"",""size15"",""nike""]"
7459241172440223022,1736739933,Check out the @stedi MS-110 Single-Egded Nippers!!! They might replace my Godhands 😳 #Freezybuilds #gunpla #gunplatiktok #gundam #gundamtiktok #fypviral #modelmaking #iykyk #gunplabacklogchallenge #bandai #tiktok #gunplabuilder #robots #gunplalife #modelmaking #scalemodeling #gunplaphotography ,785,7.274026617033558e+18,UNSTOPPABLE EVENING,133.0,f,https://tiktok.com/@/video/7459241172440223022,7369281864449950762,f,"[""freezybuilds"",""gunpla"",""gunplatiktok"",""gundam"",""gundamtiktok"",""fypviral"",""modelmaking"",""iykyk"",""gunplabacklogchallenge"",""bandai"",""tiktok"",""gunplabuilder"",""robots"",""gunplalife"",""scalemodeling"",""gunplaphotography""]"
7485120190443834666,1742765474,"Kura revolving sushi bar 🍱 Boston,Ma South Bay center #sushi #foodie #goodeats #fypシ゚viral #bostontiktok #southbaycenter #bostonmassachusetts ",1293,7.274026617033558e+18,UNSTOPPABLE EVENING,133.0,f,https://tiktok.com/@/video/7485120190443834666,6808627234912781318,f,"[""sushi"",""Foodie"",""goodeats"",""fyp\u30b7\u309aviral"",""bostontiktok"",""southbaycenter"",""bostonmassachusetts""]"
7490615451848903982,1744044878,Work with me- law girlie #law #lawclerk #lawstudent #lawyersoftiktok #lawschool #lsat #barexam #lawyer #paralegal #legal #legallyblonde ,432,7.274026617033558e+18,UNSTOPPABLE EVENING,133.0,f,https://tiktok.com/@/video/7490615451848903982,7147416248341578795,f,"[""law"",""lawclerk"",""lawstudent"",""lawyersoftiktok"",""lawschool"",""lsat"",""barexam"",""lawyer"",""paralegal"",""legal"",""legallyblonde""]"
7499500948344147231,1746113680,"You guys are coming with me to the most viral bakery spot in Miami, Florida, Bastille  bakery, and juices! If you’re looking for a good first date brunch spot this is definitely it. You have to check it out. I’m gonna give this place a solid 8.1 out of 10. @ParisLebronPov ##miami##miamifood##miamifoodie##bakery",1430,7.274026617033558e+18,UNSTOPPABLE EVENING,133.0,f,https://tiktok.com/@/video/7499500948344147231,6929611315795264518,f,"[""miami"",""miamifood"",""miamifoodie"",""bakery""]"
7499144877138021662,1746030764,Meet Hendrix 🎸 (And @AjB his wonderful owner!) —————————————— #horsesoftiktok #equestrian #horsegirl #equestrianlife #equestriantiktok #hunterjumper #thouroughbred #horseworld #foryoupage  #ottbsoftiktok  #horses #hendrix🎸 #fyp #viral #horseriding  #happyhorse #askmeanything  #billsmafia #gobills💙❤️,384,7.274026617033558e+18,UNSTOPPABLE EVENING,133.0,f,https://tiktok.com/@/video/7499144877138021662,7493603652935894046,f,"[""horsesoftiktok"",""equestrian"",""horsegirl"",""equestrianlife"",""equestriantiktok"",""hunterjumper"",""thouroughbred"",""horseworld"",""foryoupage"",""ottbsoftiktok"",""horses"",""hendrix\ud83c\udfb8"",""fyp"",""viral"",""horseriding"",""happyhorse"",""askmeanything"",""billsmafia"",""gobills\ud83d\udc99\u2764\ufe0f""]"
7505129364615482667,1747424118,"Flowers, brews, and full creative freedom. Last night at @Rhinegeist was a whole vibe—everyone put their own twist on their bouquet, fueled by a little creative juice straight from the tap. 🎨🍺 #ThePaintSesh #RhinegeistBrewery #PaintAndSip #CincyCreatives #CincinnatiEvents #SipAndPaint #FlowerPower #ArtAndBeer #PaintNightVibes",951,7.274026617033558e+18,UNSTOPPABLE EVENING,133.0,f,https://tiktok.com/@/video/7505129364615482667,6920029143674176517,f,"[""thepaintsesh"",""rhinegeistbrewery"",""paintandsip"",""cincycreatives"",""cincinnatievents"",""sipandpaint"",""flowerpower"",""artandbeer"",""paintnightvibes""]"
7508904666604834091,1748303144,That Oakley though 🤤Depop: ebusse22 Instagram : @thegrailcache #vintage #reselling #y2k #2000s #depop #thrifted #thrifting #90s #goodwillfinds #fyp #thrifthaul #goodwill #fashion #jnco ,669,7.274026617033558e+18,UNSTOPPABLE EVENING,133.0,f,https://tiktok.com/@/video/7508904666604834091,7426549558535046174,f,"[""vintage"",""reselling"",""y2k"",""2000s"",""depop"",""thrifted"",""thrifting"",""90s"",""goodwillfinds"",""fyp"",""thrifthaul"",""goodwill"",""fashion"",""jnco""]"
7395342760779205930,1721862421,"Just wrapped up a fantastic interview setup today! Used the Godox SLW60 with a lantern softbox as the main light 💡 and a Neewer panel light for backlighting the scene. 🎬 For audio, I relied on the Rode Link with a lav mic. Had a two-camera setup capturing different angles and a 50"" monitor so the subject could see themselves. Here are three tips for setting up your interview: Lighting: Use a combination of softbox and panel lights to create depth and dimension. Audio: Invest in a good lav mic for clear and professional sound quality. Camera Angles: Set up multiple cameras to capture various perspectives and add dynamic elements to your footage. #InterviewSetup #Filmmaking #LightingTips #AudioQuality #CameraAngles #BehindTheScenes #contentcreation ",4337,7.274026617033558e+18,UNSTOPPABLE EVENING,133.0,f,https://tiktok.com/@/video/7395342760779205930,6750222638357021702,f,"[""interviewsetup"",""filmmaking"",""lightingtips"",""audioquality"",""cameraangles"",""behindthescenes"",""contentcreation""]"
7385713318973033771,1719620392,Our day at Columbia Mall 🙂🙃. It was an eventful afternoon lol Sidebar. He took a nap before we left lol 😭 #foryou #summertime #daddyandson #dadsoftiktok #storytime #naptime #weoutside #columbiamall,956,7.274026617033558e+18,UNSTOPPABLE EVENING,133.0,f,https://tiktok.com/@/video/7385713318973033771,7190419647446991918,f,"[""foryou"",""summertime"",""daddyandson"",""dadsoftiktok"",""storytime"",""naptime"",""weoutside"",""columbiamall""]"
7488829267535678766,1743628977,I took the most difficult route. Did I make the right decision? #furnitureflip #diyer #furnituremakeover #trashtotreasure #furniturerestoration #furniturerestore #furniturerescue #furnituredesign #tablemakeover #furnitureflipper #upcyclingfurniture #diyfurnituremakeover #furnitureart #wagnerpaintsprayer #valsparpaint #varathane #woodworking #woodfurniture #endtabledecor #endtables #coffeetable #coffeetablemakeover #coffeetablediy #diyfurniture #furnituremaker #sustainablefurniture @Varathane @Wagner SprayTech - USA @Valspar ,770,7.274026617033558e+18,UNSTOPPABLE EVENING,133.0,f,https://tiktok.com/@/video/7488829267535678766,7313316723085067310,f,"[""furnitureflip"",""diyer"",""furnituremakeover"",""trashtotreasure"",""furniturerestoration"",""furniturerestore"",""furniturerescue"",""furnituredesign"",""tablemakeover"",""furnitureflipper"",""upcyclingfurniture"",""diyfurnituremakeover"",""furnitureart"",""wagnerpaintsprayer"",""valsparpaint"",""varathane"",""woodworking"",""woodfurniture"",""endtabledecor"",""endtables"",""coffeetable"",""coffeetablemakeover"",""coffeetablediy"",""diyfurniture"",""furnituremaker"",""sustainablefurniture""]"
7460911593145109790,1737128868,Are you looking to step up your business card game? These are metal cards that can have custom engraving with whatever you would like on them.,839,7.274026617033558e+18,UNSTOPPABLE EVENING,133.0,f,https://tiktok.com/@/video/7460911593145109790,6849668594227758086,f,[]
7470591396009807135,1739382620,Van Build: Part Ten! 🚐 We mess up and struggle to install our rear windows. 🤦🏻‍♀️ #vanbuild #vanconversion #vanlife #vanbuildseries #diyvan #diyvanbuild #diyvanconversion #vanwindows ,547,7.274026617033558e+18,UNSTOPPABLE EVENING,133.0,f,https://tiktok.com/@/video/7470591396009807135,6616640406683123718,f,"[""vanbuild"",""vanconversion"",""vanlife"",""vanbuildseries"",""diyvan"",""diyvanbuild"",""diyvanconversion"",""vanwindows""]"
7514164208179793198,1749527726,Summers here! This place is beautiful ☀️  #southlaketahoe #fyp,629,7.274026617033558e+18,UNSTOPPABLE EVENING,133.0,f,https://tiktok.com/@/video/7514164208179793198,6810893238703686662,f,"[""southlaketahoe"",""fyp""]"
7470332444064025902,1739322346,It’s the last week to enroll for the new cosmetology class starting on February 17th❗️✂️  📞 Call us to book a tour of the school & get more info on class schedules & tuition! 📲📚 #beautyschool #cosmetology #cosmetologyschool #cosmetologystudent #hair #losangeles #culvercity #bestcosmetologyschool #enrollnow ,1498,7.274026617033558e+18,UNSTOPPABLE EVENING,133.0,f,https://tiktok.com/@/video/7470332444064025902,6956655428990436357,f,[]
7493952291775532330,1744821748,Clucking Good: Dave's Hot Chicken Review. #foodreview #foodie #foodblogger #food #foodporn #foodphotography #foodstagram #instafood #foodlover #foodblog #foodies #review #yummy #foodgasm #foodiesofinstagram #delicious #foodgram #foodpics #foodlovers #kuliner #kulinerindonesia #foodreviews #instagood #foodreviewer #foodiegram #jktfooddestination #icecream #kulinerjakarta #healthyfood #restaurant @Dave’s Hot Chicken ,804,7.274026617033558e+18,UNSTOPPABLE EVENING,133.0,f,https://tiktok.com/@/video/7493952291775532330,7484018337262765099,f,"[""foodreview"",""Foodie"",""foodblogger"",""food"",""foodporn"",""foodphotography"",""foodstagram"",""instafood"",""FoodLover"",""foodblog"",""foodies"",""review"",""yummy"",""foodgasm"",""foodiesofinstagram"",""delicious"",""foodgram"",""foodpics"",""foodlovers"",""kuliner"",""kulinerindonesia"",""foodreviews"",""instagood"",""foodreviewer"",""foodiegram"",""jktfooddestination"",""icecream"",""kulinerjakarta"",""healthyfood"",""restaurant""]"
7476227667973639470,1740694915,"I can confirm the other flavors are just as good, if not better 🤤 @target #targetfinds #sweettooth #sweettreats #sweettreat #cookiedough #cookiedoughbites #gelato #gelatobites #doughlicious #thelondondoughcompany @Doughlicious Dough ",854,7.274026617033558e+18,UNSTOPPABLE EVENING,133.0,f,https://tiktok.com/@/video/7476227667973639470,6862524331856577542,f,"[""targetfinds"",""sweettooth"",""sweettreats"",""sweettreat"",""cookiedough"",""cookiedoughbites"",""gelato"",""gelatobites"",""doughlicious"",""thelondondoughcompany""]"
7501812699039305002,1746651923,Showing off the specials and taste testing while Gus isn’t looking! #fyp #foryou #foryoupage #allentownpa ,947,7.274026617033558e+18,UNSTOPPABLE EVENING,133.0,f,https://tiktok.com/@/video/7501812699039305002,6792095972806722562,f,"[""fyp"",""foryou"",""foryoupage"",""allentownpa""]"
7497070554604670254,1745547795,Now you’ll have to see us in person 😅 🍣🍱🍜 #fyp #foryou #foryoupage #downtowndeland #delandflorida #bluesprings #sushi #ramen #japanesefood #orangecity #deltona #restuarants #sushirestaurant ,967,7.274026617033558e+18,UNSTOPPABLE EVENING,133.0,f,https://tiktok.com/@/video/7497070554604670254,7353784637032055850,f,"[""fyp"",""foryou"",""foryoupage"",""downtowndeland"",""delandflorida"",""bluesprings"",""sushi"",""ramen"",""japanesefood"",""orangecity"",""deltona"",""restuarants"",""sushirestaurant""]"
7459897100063706414,1736892653,Watch till the end. 🤣 . . . . . Super important info when talking about gold and diamond jewelry. This is stuff we commonly get questions about.  . . . . . #gold #diamond #hiphop #dallas #jewelry #customjewelry #informative #info #fyp ,1323,7.274026617033558e+18,UNSTOPPABLE EVENING,133.0,f,https://tiktok.com/@/video/7459897100063706414,7214153171119834158,f,"[""gold"",""diamond"",""hiphop"",""dallas"",""jewelry"",""customjewelry"",""informative"",""info"",""fyp""]"
7489593991848152351,1743807020,Replying to @blakpride Here's why you cant use AutoStart on a Manual car! (technically speaking anyway)  #cars #supra #grsupra #autostart #paul #paulwalker #trend #carsoftiktok #cartok #viral #helper #hated #toyota #bmw #manual ,1055,7.274026617033558e+18,UNSTOPPABLE EVENING,133.0,f,https://tiktok.com/@/video/7489593991848152351,6712540167474004998,f,"[""cars"",""supra"",""grsupra"",""autostart"",""paul"",""paulwalker"",""trend"",""carsoftiktok"",""cartok"",""viral"",""helper"",""hated"",""toyota"",""bmw"",""manual""]"
7465362175301913898,1738165169,What’s up chef? 👨‍🍳 Featuring my roomate Trevor’s voice 👀 #upchef #chickensaladsandwich #cookingtiktok #sandwichtiktok ,1076,7.274026617033558e+18,UNSTOPPABLE EVENING,133.0,f,https://tiktok.com/@/video/7465362175301913898,7438496327706674218,f,"[""upchef"",""chickensaladsandwich"",""cookingtiktok"",""sandwichtiktok""]"
7500806250901359902,1746417581,"Day 4 landed us in D.C., and this spot understood the assignment. Cozy, calm, and the coffee was on point. #coffeetour #dmvcoffeeshop #coffeetiktok #washingtondc ",412,7.274026617033558e+18,UNSTOPPABLE EVENING,133.0,f,https://tiktok.com/@/video/7500806250901359902,7027558660197270533,f,"[""coffeetour"",""dmvcoffeeshop"",""coffeetiktok"",""washingtondc""]"
7475139116447862047,1740441484,Is Coach Green worth picking up in 2025? Let’s talk about it!#creatorsearchinsights #foryoupage #fyp #fypシ #fragrancetok #cologne #fragrance #coach #green ,1493,7.274026617033558e+18,UNSTOPPABLE EVENING,133.0,f,https://tiktok.com/@/video/7475139116447862047,6790027315868140550,f,"[""creatorsearchinsights"",""foryoupage"",""fyp"",""fyp\u30b7"",""fragrancetok"",""cologne"",""fragrance"",""coach"",""green""]"
7478997349398859038,1741339901,Rainy day reset 🥱🫧#gelnails #nailtech ,538,7.274026617033558e+18,UNSTOPPABLE EVENING,133.0,f,https://tiktok.com/@/video/7478997349398859038,7430194587069547563,f,"[""gelnails"",""nailtech""]"
7475419337872985390,1740506736,"For Black women over 50 Ready to change your life, listen up! The Ignite Your Life Masterclass is open for registration. Dream bigger and never forget that you are not too old and it's not too late. Come learn the techniques that will free you from the fear, lack of confidence and self-sabotage that keeps you stuck. Register at www.igniteyourlifemasterclass.com.  #Blackwomenover50 #igniteyourlife #improveyourself #changeyourlifetoday ",591,7.274026617033558e+18,UNSTOPPABLE EVENING,133.0,f,https://tiktok.com/@/video/7475419337872985390,7049937064599356422,f,"[""blackwomenover50"",""igniteyourlife"",""improveyourself"",""changeyourlifetoday""]"
7465118338230783278,1738108351,"✨ Step inside luxury living at its finest! ✨ The 617A plan by Britton Homes in Star Trail is where style meets functionality: 	•	Situated on a sprawling 76’ lot 	•	4 bedrooms, 4.5 bathrooms 	•	Stunning open floor plan with tons of natural light 	•	Elegant formal dining room and private study with scenic views 	•	Spacious game room for entertaining 	•	Chef-inspired kitchen with a large island and waterfall countertops 	•	Covered patio for outdoor relaxation 	•	3-car garage with plenty of storage 	•	Priced under $1.2 million This home has everything you’ve been looking for in the heart of Star Trail! #StarTrailTX #BrittonHomes #LuxuryHomesTX #NorthTexasRealEstate #NewConstructionHomes #CelinaTXLiving #OpenFloorPlan #DreamHome #LuxuryLiving",489,7.274026617033558e+18,UNSTOPPABLE EVENING,133.0,f,https://tiktok.com/@/video/7465118338230783278,6894750368505807877,f,"[""startrailtx"",""brittonhomes"",""luxuryhomestx"",""northtexasrealestate"",""newconstructionhomes"",""celinatxliving"",""openfloorplan"",""dreamhome"",""luxuryliving""]"
7494323810276035886,1744908251,OMEN + COLLEGE = ❤️ @omenbyHP #OMENsquad #gamingdesktop #coding #softwareengineer #collegestudent @OMEN  @Blended Group  ,1329,7.274026617033558e+18,UNSTOPPABLE EVENING,133.0,f,https://tiktok.com/@/video/7494323810276035886,7251130325341881390,f,"[""omensquad"",""gamingdesktop"",""coding"",""softwareengineer"",""collegestudent""]"
7382717048159407406,1718922770,"Start making unique looking hats like this following our easy steps. If you already own a hat press, you’re most of the way there already! Have your creations stand out and start making something really special! #econotransfer #econobrick #brickhtv #htvbrickvinyl #brickvinyl #brick #htv #metallic #metal #metallicvinyl #heattransfervinyl #htvvinyl #htvhats #hats #customhat #customhats #ironon #irononvinyl #heatpress #hatpress ",2806,7.274026617033558e+18,UNSTOPPABLE EVENING,133.0,f,https://tiktok.com/@/video/7382717048159407406,6881263335926531078,f,"[""econotransfer"",""econobrick"",""brickhtv"",""htvbrickvinyl"",""brickvinyl"",""brick"",""htv"",""metallic"",""metal"",""metallicvinyl"",""heattransfervinyl"",""htvvinyl"",""htvhats"",""hats"",""customhat"",""customhats"",""ironon"",""irononvinyl"",""heatpress"",""hatpress""]"
7430872574466264363,1730134852,THIS IS THE WORLD'S MOST EXPENSIVE POPCORN 😳💰🍿 #popcorn #luxury #expensive #mostexpensive #delicious #snack #healthy #viralsnack #didyouknow #chicago @Bella Ivory🤎 ,1248,7.274026617033558e+18,UNSTOPPABLE EVENING,133.0,f,https://tiktok.com/@/video/7430872574466264363,6789039315046450181,f,"[""popcorn"",""luxury"",""expensive"",""mostexpensive"",""delicious"",""snack"",""healthy"",""viralsnack"",""DidYouKnow"",""chicago""]"
7404842333977726254,1724074221,"Discover The Nail Den: Your Premier Toxic-Free Nail Salon in Bossier-Shreveport! Are you looking for a nail salon that prioritizes your nail health without the harsh chemicals? Welcome to The Nail Den, the ONLY toxic-free and fume-free nail salon in the Bossier-Shreveport area. We specialize in maintaining and enhancing your natural nails with a range of high-quality services, including: 	•	Builder Gel & Polygel nails  	•	GelX 	•	Russian Manicures 	•	Bio Sculpture 	•	Pedicures Our manicures are our pride and joy, earning us awards as the top nail salon in the area. We don’t offer acrylic or other strong chemical services, ensuring a safe and pleasant experience for all our clients. At The Nail Den, we uphold the highest standards of sanitation. We only use non-reusable tools and dispose of them after every client, ensuring a pristine and hygienic environment for everyone. Salon Hours: 	•	Monday to Saturday: 9:00 AM - 7:00 PM 	•	Sunday: 11:00 AM - 5:00 PM Appointments and Contact: 	•	Phone: 318-584-6490 	•	Website: nailden.co We are appointment only and also accommodate walk-ins based on limited availability. Our slots fill up quickly, so book your appointment today and experience the difference at The Nail Den. You won’t find another nail salon like us! #nailsalon #bossiernailsalon #bossiernailtech #cleannailsalon #toxicfreenailsalon #naturalnails #naturalnailsalon #biab #shreveportnails #buildergelnailart #buildergelnailsbossier #bossiernailsalon #bossierBIAB  #russianmanicurebossier #russianmanicureshreveport #bossiernaturalnails #toxicfreenailsalon #Structuredmanicure #biosculpture #kokoist #luminary #buildergelshreveport #luminarybossier #luminaryshreveport #fumefreenailsalonbossier ",2214,7.274026617033558e+18,UNSTOPPABLE EVENING,133.0,f,https://tiktok.com/@/video/7404842333977726254,7367005874916131883,f,"[""nailsalon"",""bossiernailsalon"",""bossiernailtech"",""cleannailsalon"",""toxicfreenailsalon"",""naturalnails"",""naturalnailsalon"",""biab"",""shreveportnails"",""buildergelnailart"",""buildergelnailsbossier"",""bossierbiab"",""russianmanicurebossier"",""russianmanicureshreveport"",""bossiernaturalnails"",""structuredmanicure"",""biosculpture"",""kokoist"",""luminary"",""buildergelshreveport"",""luminarybossier"",""luminaryshreveport"",""fumefreenailsalonbossier""]"
7496649186557955358,1745449688,Fresh start and flourishing! 🌱 ✨  Started this 5 gal months ago but due to a move I had to reset EVERYTHING 😩.  It’s now been running strong for a couple of months - finally finding its flow 🐟 💧  #aquariumhobby #plantedtank #nanoaquarium #aquaticplants #aquascaping ,770,7.274026617033558e+18,UNSTOPPABLE EVENING,133.0,f,https://tiktok.com/@/video/7496649186557955358,7184472433513137198,f,"[""aquariumhobby"",""plantedtank"",""nanoaquarium"",""aquaticplants"",""aquascaping""]"
7492522583137504558,1744488885,"Meet ✨The Taylor✨ located in Manassas, VA!  5 Bed | 4.5 Bath | 3-Car Garage | 4023-7305 Sq.Ft.  Stunning 5-bedroom home with sitting room & 2 walk-in closets in primary bedroom. Bedroom level includes full-size laundry room, 3 bedrooms with walk-in closets, & flex space. Optional loft with open-air terrace. Main level features sit-down island, 10-foot ceilings, & flex room in the front of the home.  Schools: PWCPS  Elementary School: The Nokesville School 6.8 mi Middle School: The Nokesville School 6.8 mi High School: Brentsville District High School 6.8 mi Check out full tour video in my next post! 🏠📌 𝐈𝐕𝐀𝐍 𝐑𝐀𝐊𝐄𝐋𝐀: 𝐋𝐢𝐜𝐞𝐧𝐬𝐞𝐝 𝐑𝐞𝐚𝐥𝐭𝐨𝐫 📍Helping you buy & sell in NOVA! 📲 Cell Phone: (703) 254-3790  📧 Email: Ivan@therakelagroup.com  🌐Website: therakelagroup.com River City Elite  #newconstruction #homes #newconstructionhome#newconstructionctionhomee #house #housetour #housetok #singlefamilyhome #vahomes #realestate #realtor #realtoroftiktok #varealtor #varealestate #nova #northernvirginia #va #novarealtor  New Construction Single Family Home for sale in Manassas, Va. ",917,7.274026617033558e+18,UNSTOPPABLE EVENING,133.0,f,https://tiktok.com/@/video/7492522583137504558,7280346579198100523,f,"[""newconstruction"",""homes"",""newconstructionhome"",""newconstructionctionhome"",""house"",""housetour"",""housetok"",""singlefamilyhome"",""vahomes"",""realestate"",""realtor"",""realtoroftiktok"",""varealtor"",""varealestate"",""nova"",""northernvirginia"",""va"",""novarealtor""]"
7488387039931551018,1743526017,It’s really just a love/hate relationship with leg day…mostly hate 🙃 leg day sucks! You know I also had to cold plunge after too! Now time to eat… #legday #weaklegs #progress #discipline #exercise #gym ,412,7.274026617033558e+18,UNSTOPPABLE EVENING,133.0,f,https://tiktok.com/@/video/7488387039931551018,6997095872052872197,f,"[""legday"",""weaklegs"",""progress"",""discipline"",""exercise"",""gym""]"
7465501440769789227,1738197546,"You can have normal hearing AND still struggle to make sense of the words. Auditory Processing Disorder (APD) is a condition where the brain has difficulty processing sounds, despite normal hearing.  Common signs:  ✅ trouble understanding spoken instructions, particularly in noisy environments ✅ difficulty distinguishing similar sounds ✅ frequent requests for repetition ✅ poor listening skills ✅ challenges in following conversations, especially in group settings.  ✅ People with APD may also struggle with reading, spelling, or remembering verbal information.  It’s important to note that APD does not involve hearing loss, but rather how the brain interprets sound. Like and follow for more ear things. Www.oraclehearingcenter.com If this sounds familiar, it might be time to get it checked out.  You can find APD audiologists here:  https://www.apdsupport.com/apd-map #oraclehearingcenter #lawrencevillenj #hearingloss #auditoryprocessingdisorder #APD #audiologist ",9229,7.274026617033558e+18,UNSTOPPABLE EVENING,133.0,f,https://tiktok.com/@/video/7465501440769789227,6827227466597254150,f,"[""oraclehearingcenter"",""lawrencevillenj"",""hearingloss"",""auditoryprocessingdisorder"",""apd"",""audiologist""]"
7475583509755907374,1740544937,"I think I enjoy cooking a little too much…  DISH: SOUS VIDE OCTOPUS w/ CREAMY, RICH RISOTTO #foryou #cooking #chef #sousvide #octopus #eataly #risotto #fyp #chicago #foodie #finedining #love #anova #traderjoes #graza #michelin #homechef ",566,7.274026617033558e+18,UNSTOPPABLE EVENING,133.0,f,https://tiktok.com/@/video/7475583509755907374,6800554798225671174,f,"[""foryou"",""cooking"",""chef"",""sousvide"",""octopus"",""eataly"",""risotto"",""fyp"",""chicago"",""Foodie"",""finedining"",""Love"",""anova"",""traderjoes"",""graza"",""michelin"",""homechef""]"
7494459500167040286,1744939843,I reorganized my SP collection. I have a lot but still far from done! #onepiecetcg #optcg #tcg #fyp #fypシ #tcgplayer #tcgcollector #tcgcollection #collection #collector ,350,7.274026617033558e+18,UNSTOPPABLE EVENING,133.0,f,https://tiktok.com/@/video/7494459500167040286,6876848047402255365,f,"[""onepiecetcg"",""optcg"",""tcg"",""fyp"",""fyp\u30b7"",""tcgplayer"",""tcgcollector"",""tcgcollection"",""collection"",""collector""]"
7490719320155114783,1744069027,Day 108 Trading up from a paperclip to a C8 Corvette! #tradingapaperclip #challenge #journey #paperclip #corvette #trading #viral #trending #cash #c8 ,1254,7.274026617033558e+18,UNSTOPPABLE EVENING,133.0,f,https://tiktok.com/@/video/7490719320155114783,6655091671313629190,f,"[""tradingapaperclip"",""challenge"",""journey"",""paperclip"",""corvette"",""trading"",""viral"",""trending"",""cash"",""c8""]"
7502195998198943007,1746741136,10/10 will garden again!! 🤩✨🙂‍↕️🍃 thank you so much @bakesalevibes! #pr #gardening #prunboxing #unboxing #tastetest #brownies #gardeningdrink #bakesale #bakesalevibes #microinfluencer #seattlecontentcreator #gardengirl ,461,7.274026617033558e+18,UNSTOPPABLE EVENING,133.0,f,https://tiktok.com/@/video/7502195998198943007,6726274956382176261,f,"[""pr"",""gardening"",""prunboxing"",""unboxing"",""tastetest"",""brownies"",""gardeningdrink"",""bakesale"",""bakesalevibes"",""microinfluencer"",""seattlecontentcreator"",""gardengirl""]"
7448286784343117102,1734189413,"🚀 Investing in mentorship is the best decision you can make for your growth. 3 years ago I invested into mentorship with dang near NO MONEY…however I made a way and it changed my life! No matter what field you’re in—whether you’re building a business, mastering a craft, or climbing the corporate ladder—mentorship accelerates your progress. It’s more than just advice; it’s about learning from someone who has already walked the path you’re on. They’ve made the mistakes, seen the challenges, and now they’re here to help you avoid them. 🙌 💡 Why wait to make mistakes when you can learn from others’ experiences? A mentor provides you with clarity, strategy, and guidance to level up faster and smarter. If you’re serious about success, you need someone who’s invested in your growth just as much as you are. 🔑 Mentorship isn’t a luxury—it’s a necessity. If this helped you Share this video with someone 💯 #MentorshipMatters #InvestInYourself #GrowthMindset #LevelUp #SuccessBlueprint #Leadership #BusinessGrowth #PersonalDevelopment #RiseAndGrind #MentorMindset #AccelerateYourSuccess #GrowthJourney",524,7.274026617033558e+18,UNSTOPPABLE EVENING,133.0,f,https://tiktok.com/@/video/7448286784343117102,7053870862902985734,f,"[""mentorshipmatters"",""investinyourself"",""growthmindset"",""levelup"",""successblueprint"",""leadership"",""businessgrowth"",""personaldevelopment"",""riseandgrind"",""mentormindset"",""accelerateyoursuccess"",""growthjourney""]"
7494396738564836651,1744925228,BEST D🦆CK I’VE EVER HAD!! No voice over today I will let the commentary do the talking for me :) This was SO GOOD make sure to call ahead and preorder your duck! #sangabrielvalley #laeats #infatuation #eeeeeats #lafoodie #jirong #pekingduck #chinesefood #duck #la #losangeles #laeater #eaterla #lafoodie #bayareafoodies ,794,7.274026617033558e+18,UNSTOPPABLE EVENING,133.0,f,https://tiktok.com/@/video/7494396738564836651,7153318524517598254,f,"[""sangabrielvalley"",""laeats"",""infatuation"",""eeeeeats"",""lafoodie"",""jirong"",""pekingduck"",""chinesefood"",""duck"",""la"",""losangeles"",""laeater"",""eaterla"",""bayareafoodies""]"
7457728488536083742,1736387736,"i didn’t mean to jump on the skinny jeans trend but.. @WHBM #skinnyjeans #trousers #whitejeans #flarejeans #whitehouseblackmarket #haul skinny jeans, outfit, trousers, white jeans, flare jeans, white house black market, haul",3042,7.274026617033558e+18,UNSTOPPABLE EVENING,133.0,f,https://tiktok.com/@/video/7457728488536083742,6728904645911823365,f,"[""skinnyjeans"",""trousers"",""whitejeans"",""flarejeans"",""whitehouseblackmarket"",""haul""]"
7514479892629605662,1749601198,Can always find a lil something at @2nd Ave Thrift Superstores 👌🏾 more thrift trips!? #thriftwithme #thrift #thrifted #vintage #thrifttok #thriftshop #thrifthaul ,400,7.274026617033558e+18,UNSTOPPABLE EVENING,133.0,f,https://tiktok.com/@/video/7514479892629605662,7007547702578447366,f,"[""thriftwithme"",""thrift"",""thrifted"",""vintage"",""thrifttok"",""thriftshop"",""thrifthaul""]"
7459124373115424046,1736712737,Unstoppable RaSun✨🌅✨ #KeepMeWarm #Sunshine #SolShine ,416,7.274026617033558e+18,UNSTOPPABLE EVENING,133.0,f,https://tiktok.com/@/video/7459124373115424046,6820477123220849669,f,"[""keepmewarm"",""sunshine"",""solshine""]"
7462720674663107870,1737550163,"МЕГА-ШОКОЛАДНІ КУКІС🍪 Це моє найулюбленіше печиво. Воно готується 10 хвилин, дуже просто, і таке смачне😍 Інгредієнти:  120 г борошна  1/2 ч. л. baking soda 1/2 ч. л. солі  33 г какао 113 г вершкового масла 55 г light brown sugar  45 г білого цукру 1 велике яйце Ванільна паста / ванільний цукор Молочний шоколад в тій кількості, в якому хочеться  Темний шоколад для декору  Процес: Сухі інгредієнти змішуємо в окремій мисці.  В іншій мисці змішуємо м’яке вершкове масло і два види цукру. Перемішуємо насадкою “весло” 3 хвилини на середній швидкості до пишної маси. Додаємо яйце і ванільну пасту. Перемішуємо 1 хвилину.  Додаємо сухі інгредієнти. Перемішувати. Додаємо молочний шоколад. Я люблю побільше. перемішуємо.  Формуємо кульки. У мене вийшло 9 штук. Зверху присипаємо чорним шоколадом.  Випікаємо при 375 градусів 11 хвилин. Готово! Приємного апетиту🤍",480,7.274026617033558e+18,UNSTOPPABLE EVENING,133.0,f,https://tiktok.com/@/video/7462720674663107870,7385272382665180203,f,[]
7502168951271574830,1746734839,I’m sooo impressed with the quality. I must get more now HAH #fyp #clothinghaul #taobao #taobaohaul #clothinginspo #tryonhaul #chinesefashion #chineseclothes #china #xiaohongshu #taobaofashion #shopping #haul #outfitinspo ,1018,7.274026617033558e+18,UNSTOPPABLE EVENING,133.0,f,https://tiktok.com/@/video/7502168951271574830,6952287998458037254,f,"[""fyp"",""clothinghaul"",""taobao"",""taobaohaul"",""clothinginspo"",""tryonhaul"",""chinesefashion"",""chineseclothes"",""china"",""xiaohongshu"",""taobaofashion"",""shopping"",""haul"",""outfitinspo""]"
7495129855076470046,1745095932,"Reviewing Salvatore Ferragamo Acqua Essenziale Blu! So many of y’all asked me if I’ve tried it, and the ruling is in! Check it out! #creatorsearchinsights #foryoupage #fyp #viral #fragrance #cologne #fragrancetok #fragrancelover #summer #blue ",1781,7.274026617033558e+18,UNSTOPPABLE EVENING,133.0,f,https://tiktok.com/@/video/7495129855076470046,6790027315868140550,f,"[""creatorsearchinsights"",""foryoupage"",""fyp"",""viral"",""fragrance"",""cologne"",""fragrancetok"",""fragrancelover"",""Summer"",""blue""]"
7513756867219279134,1749432863,Replying to @Haden_Wolfe35 Drawing Pokemon for my followers! @thatgirlab #pokemon #undertale #pokemonart #temmie ,347,7.274026617033558e+18,UNSTOPPABLE EVENING,133.0,f,https://tiktok.com/@/video/7513756867219279134,7445489965293634606,f,"[""pokemon"",""undertale"",""pokemonart"",""temmie""]"
7458032624309685547,1736458542,catching sand crabs at monterey bay. bait for tonight off the jetty. #fishing #bait #sandcrabs #perchfishing #ocean #adventure ,1124,7.274026617033558e+18,UNSTOPPABLE EVENING,133.0,f,https://tiktok.com/@/video/7458032624309685547,7110442708483507246,f,"[""fishing"",""bait"",""sandcrabs"",""perchfishing"",""ocean"",""adventure""]"
7504050369798901034,1747172927,Almost halfway..🍟 #foryoupage #fyp #ri #rhodeisland #explore #review #mcdonalds #mcdonaldshacks #mcdonaldsccsing #woonsocket #foryou #providence #fastfood #foodie ,2035,7.274026617033558e+18,UNSTOPPABLE EVENING,133.0,f,https://tiktok.com/@/video/7504050369798901034,6912537236287407110,f,"[""foryoupage"",""fyp"",""ri"",""rhodeisland"",""explore"",""review"",""mcdonalds"",""mcdonaldshacks"",""McDonaldsCCSing"",""woonsocket"",""foryou"",""providence"",""fastfood"",""Foodie""]"
7502170765144378655,1746735258,I love a good curly cut styled with  @TheDouxxxx Mousse Def 🖤✨#curlycut #bigchop#naturalhair #curls #shorthair #fyp ,366,7.274026617033558e+18,UNSTOPPABLE EVENING,133.0,f,https://tiktok.com/@/video/7502170765144378655,186107925453713408,f,"[""curlycut"",""bigchop"",""naturalhair"",""curls"",""shorthair"",""fyp""]"
7489504623942798638,1743786220,"Flew past every artist in the country to sit in my chair, honored to earn that kind of trust. #brandedredart #arizonatattoo #arizonatattoos #tattooshop #tattooartist #tattoo #mesatattooshop #phoenixtattooshop #aztattoo #art #professional #instatattoo #tattooartists #tattoosofinstagram  #arizonalife #arizonaliving #azlife #qualitywork ",644,7.274026617033558e+18,UNSTOPPABLE EVENING,133.0,f,https://tiktok.com/@/video/7489504623942798638,7298878902150366254,f,"[""brandedredart"",""arizonatattoo"",""arizonatattoos"",""tattooshop"",""tattooartist"",""tattoo"",""mesatattooshop"",""phoenixtattooshop"",""aztattoo"",""art"",""professional"",""instatattoo"",""tattooartists"",""tattoosofinstagram"",""arizonalife"",""arizonaliving"",""azlife"",""qualitywork""]"
7388943282656611627,1720372430,Red Engine Blocks👎🏻 #nissan #nissan240sx #nissan240sxs13 #nissans13 #nissans13hatch #s13 #s13hatch #drift #driftbuild #projectcar #fyp #foryoupage ,734,7.274026617033558e+18,UNSTOPPABLE EVENING,133.0,f,https://tiktok.com/@/video/7388943282656611627,7079580528724837422,f,"[""nissan"",""nissan240sx"",""nissan240sxs13"",""nissans13"",""nissans13hatch"",""s13"",""s13hatch"",""drift"",""driftbuild"",""projectcar"",""fyp"",""foryoupage""]"
7489255207797263647,1743728120,"1,750 calories today—and still in a deficit for my goals! Losing weight doesn’t mean eating as little as possible. It means eating enough to feel full, fueled, and consistent. This is how I make progress without feeling restricted! #wieiad #wieiadrealistic #whatieatinaday #caloriedeficit #caloriecounting #weightloss ",514,7.274026617033558e+18,UNSTOPPABLE EVENING,133.0,f,https://tiktok.com/@/video/7489255207797263647,6802730536764638214,f,"[""wieiad"",""wieiadrealistic"",""whatieatinaday"",""caloriedeficit"",""caloriecounting"",""weightloss""]"
7473987733581548830,1740173417,Crying Tiger Steak with Nam Jim Jaew. Hit me with that Thai spicyyyy 🔥. Forgot to take a video and mention that I add 1/4 tsp msg in my nam jim jaew sauce (: #thaifood #asianfood #cryingtiger #namjimjaew #cryingtigersauce #thairecipe #thairecipe #wecanmakeitathome ,3449,7.274026617033558e+18,UNSTOPPABLE EVENING,133.0,f,https://tiktok.com/@/video/7473987733581548830,6782404324300588037,f,"[""thaifood"",""asianfood"",""cryingtiger"",""namjimjaew"",""cryingtigersauce"",""thairecipe"",""wecanmakeitathome""]"
7512985636761111839,1749253305,$$$ Second Half of May #laundromat #laundromatowner #laundry #washandfold #smallbusiness #business #fluffandfold #money #laundromatbiz #laundromatlife #vendingmachines ,520,7.274026617033558e+18,UNSTOPPABLE EVENING,133.0,f,https://tiktok.com/@/video/7512985636761111839,7230484408024187947,f,"[""laundromat"",""laundromatowner"",""laundry"",""washandfold"",""SmallBusiness"",""business"",""fluffandfold"",""money"",""laundromatbiz"",""laundromatlife"",""vendingmachines""]"
7515889667883994414,1749929462,Two by two and sweet all over! Celebrating a beautiful baptism with this Noah’s Ark cake. @Xochilt’s Desserts ##customcakes##CakeDecorating##customcake##edibleart##homebaker##longbeachbaker##cakedecorating,422,7.274026617033558e+18,UNSTOPPABLE EVENING,133.0,f,https://tiktok.com/@/video/7515889667883994414,6665417130018832389,f,"[""customcakes"",""cakedecorating"",""customcake"",""edibleart"",""homebaker"",""longbeachbaker""]"
7415618378578136362,1726583211,"When you drink, does it feel like you are walking on pins and needles? It might be a condition called alcoholic neuropathy. That translates to alcohol causing nerve damage. The bottom of your feet have thousands of nerve endings and they are very sensitive to touch, to temperature, to poison, and to malnourishment. Overconsumption of alcohol will damage nerves and deprive them of key nutrients. When these nerves get damaged, your feet start feeling funny. Balance troubles, pin and needles. Loss of feeling. You see the problem. There might be a solution. Seek help to Stop drinking immediately. See a neurologist and tell them how much you drink. Be honest so you two can create a realistic plan.  Healing happens. You can do it. Tag someone that needs to see this. … #s#sobrietya#addictiona#alcoholisms#sobert#trendingh#helpo#overdose#news#medical  ",6530,7.274026617033558e+18,UNSTOPPABLE EVENING,133.0,f,https://tiktok.com/@/video/7415618378578136362,6917731113649685510,f,"[""sobriety"",""addiction"",""alcoholism"",""sober"",""trending"",""help"",""overdose"",""news"",""medical""]"
7500750308184837419,1746404554,This fragrance got slept on! #fragrance#cologne#perfume#givenchy#luxuryfragrance#colognetok#vanillafragrance#newfragrance#calcologne#fragranceknowledge#jeremyfragrance ,699,7.274026617033558e+18,UNSTOPPABLE EVENING,133.0,f,https://tiktok.com/@/video/7500750308184837419,7197860598524642347,f,"[""fragrance"",""cologne"",""perfume"",""givenchy"",""luxuryfragrance"",""colognetok"",""vanillafragrance"",""newfragrance"",""calcologne"",""fragranceknowledge"",""jeremyfragrance""]"
7472436782982810922,1739812307,Nothing beats the smoky goodness at Addy's Barbecue! This spot in Edison has some amazing meats! Halal too🍖🔥  #AddysBBQ #BBQLovers #SmokedPerfection #edison #newjerseyfood #barbecue ,2065,7.274026617033558e+18,UNSTOPPABLE EVENING,133.0,f,https://tiktok.com/@/video/7472436782982810922,6811884114343511046,f,"[""addysbbq"",""bbqlovers"",""smokedperfection"",""edison"",""newjerseyfood"",""barbecue""]"
7512858533600251182,1749223740,"At this point, my life is just feeling a bit unreal. So grateful for this TikTok shop, affiliate journey.   #tiktokshopaffiliates #tiktokshopaffiliate #tiktokshopusa",433,7.274026617033558e+18,UNSTOPPABLE EVENING,133.0,f,https://tiktok.com/@/video/7512858533600251182,7443004932490085418,f,"[""tiktokshopaffiliates"",""tiktokshopaffiliate"",""tiktokshopusa""]"
7481889732880846126,1742013243,Another great smelling fragrance from the house of Sphinx. #foryoupage #fypage #perfume #tiktok #fypシ゚viral @sphinxfragrances ,562,7.274026617033558e+18,UNSTOPPABLE EVENING,133.0,f,https://tiktok.com/@/video/7481889732880846126,6801547738603095045,f,"[""foryoupage"",""fypage"",""perfume"",""tiktok"",""fyp\u30b7\u309aviral""]"
7373379762846305579,1716748761,How to walk like a model: Half turns 📝 - standard half furn  - fashion show half furn - “drag” half turn  #KwameSarfo #BecomeAModel #ModelingAdvice #ModelingMentor ,1459,7.274026617033558e+18,UNSTOPPABLE EVENING,133.0,f,https://tiktok.com/@/video/7373379762846305579,7146302562831270958,f,"[""kwamesarfo"",""becomeamodel"",""modelingadvice"",""modelingmentor""]"
7464686218043821355,1738007762,Presenting the newest release‼️WILD ORANGE from @Fragrance Du Bois The new luxury line combines citrus-fresh and woody floral delight 🌸 Revive and refresh your senses #fragrance #osswald #newyork #fragrancedubois  ,1079,7.274026617033558e+18,UNSTOPPABLE EVENING,133.0,f,https://tiktok.com/@/video/7464686218043821355,7017855547521549318,f,"[""fragrance"",""osswald"",""newyork"",""fragrancedubois""]"
7492956843921231135,1744589989,This airport needs help for sure! Plus they delayed our flight and said they was cutting a piece of metal off the plane that was sticking out 🤔 I though we needed all the pieces! 👀  #airport #travel #hawaiitiktok ,376,7.274026617033558e+18,UNSTOPPABLE EVENING,133.0,f,https://tiktok.com/@/video/7492956843921231135,6808201637908481030,f,"[""airport"",""travel"",""hawaiitiktok""]"
7493118666746383662,1744627752,"Here’s a recap of the combos from Marshmallow Week with some of the body care also used during the week. Stay fragrant, Friends!  #perfumetray #perfumetok #perfumetiktok #layeringcombo ",267,7.274026617033558e+18,UNSTOPPABLE EVENING,133.0,f,https://tiktok.com/@/video/7493118666746383662,6968900403577881605,f,"[""perfumetray"",""perfumetok"",""perfumetiktok"",""layeringcombo""]"
7355324611732458795,1712544988,"Organize my @Mueller Sports Medicine V.E.R.S.A Medi Kit with me with some of my favorite products! ✅ Unbranded Pro Strips - Protects the skin against abrasions, turf burns, scrapes, blisters ✅ Tuffner QDA Spray - Holds tape and wraps in place ✅ Stickum Spray - Perfect for wet conditions to enhance grip performance Learn more at muellersportsmed.com  #TeamMueller #MuellerReady #AthleticTrainer #MedKit #SportsMedicine #NCAA #AthleticTraining #CertifiedAthleticTrainer #SportsMedProducts #TurfBurn #ProStrips #GripSpray #fyp #rugby ",1406,7.274026617033558e+18,UNSTOPPABLE EVENING,133.0,f,https://tiktok.com/@/video/7355324611732458795,7198217982941168686,f,"[""teammueller"",""muellerready"",""athletictrainer"",""medkit"",""sportsmedicine"",""ncaa"",""athletictraining"",""certifiedathletictrainer"",""sportsmedproducts"",""turfburn"",""prostrips"",""gripspray"",""fyp"",""rugby""]"
7505877817817664799,1747598386,A little intro video for those of you who are new!💕 #standupcomedy #serverlife #austin #comedymothership ,816,7.274026617033558e+18,UNSTOPPABLE EVENING,133.0,f,https://tiktok.com/@/video/7505877817817664799,263992421435301888,f,"[""standupcomedy"",""serverlife"",""austin"",""comedymothership""]"
7506204274171383070,1747674400,"Finishing a piece of art is such a relief, but your job isn't done just yet. Making sure it arrives to its destination in one piece is just as if not more important. And that starts with properly packing your art. #artist #workingartist #art #arttok ",392,7.274026617033558e+18,UNSTOPPABLE EVENING,133.0,f,https://tiktok.com/@/video/7506204274171383070,7290691165553574958,f,"[""artist"",""workingartist"",""art"",""arttok""]"
7477794753103531310,1741059779,Ive been eating @pioneerchicken.la @pioneer_chicken_take_out since I was kid in the 80s and I've loved it ever since.  #friedchicken #foodcritic #trendingreels #viralreels #throwback #explore #FoodVlogger #foodreview ,396,7.274026617033558e+18,UNSTOPPABLE EVENING,133.0,f,https://tiktok.com/@/video/7477794753103531310,6793519418607567877,f,"[""friedchicken"",""foodcritic"",""trendingreels"",""viralreels"",""throwback"",""explore"",""foodvlogger"",""foodreview""]"
7496966921070415134,1745523650,KPOT 🍜🥩 10/10 we come at least once a month 🤩 #houstontx #kpot #hotpot #wlw #date  #foodie #love ,589,7.274026617033558e+18,UNSTOPPABLE EVENING,133.0,f,https://tiktok.com/@/video/7496966921070415134,6532055067292352513,f,"[""houstontx"",""kpot"",""hotpot"",""wlw"",""date"",""Foodie"",""Love""]"
7493582927024885034,1744735782,Hair tools are plant tools 🌱 use Bobby pins to pin your vines into soil and create  more full looking plant! #greenliving #houseplantlover #plantcaregiver #plantcare #creatorsearchinsights #plantaesthetics #plantcaretips #plantaesthetic ,694,7.274026617033558e+18,UNSTOPPABLE EVENING,133.0,f,https://tiktok.com/@/video/7493582927024885034,6718833588203095046,f,"[""greenliving"",""houseplantlover"",""plantcaregiver"",""plantcare"",""creatorsearchinsights"",""plantaesthetics"",""plantcaretips"",""plantaesthetic""]"
7482987076976168234,1742268732,"I won a contest! Bridge City Tool Works held a Valentine’s Day build-off, and I entered a ring box I made for someone special. Check out this awesome mini hand plane they sent me! The walnut box is one of the first things I turned on the lathe. I’m hardly a woodturner, but I think it turned out okay! #woodworking #woodturning #lathework #handmade #woodworker #finewoodworking #customwoodworking #ringbox #walnutwood #woodshop #carpentry #diywoodworking #woodcraft #woodtools #handtools #bridgecitytools ",2042,7.274026617033558e+18,UNSTOPPABLE EVENING,133.0,f,https://tiktok.com/@/video/7482987076976168234,6965238275456795654,f,"[""woodworking"",""woodturning"",""lathework"",""handmade"",""woodworker"",""finewoodworking"",""customwoodworking"",""ringbox"",""walnutwood"",""woodshop"",""carpentry"",""diywoodworking"",""woodcraft"",""woodtools"",""handtools"",""bridgecitytools""]"
7471057357380783403,1739491102,"Review and on foot of the jordan 5 black metallic reimagined , these are way better than previous releases, what do you guys think? #jordan5 #blackmetallic5s #jordanreimagined #jordan5blacksilver #jordan5retro #shoereview #jordans #jordan #sneakers #fashion #review @Nike ",1416,7.274026617033558e+18,UNSTOPPABLE EVENING,133.0,f,https://tiktok.com/@/video/7471057357380783403,6782302909461087238,f,"[""jordan5"",""blackmetallic5s"",""jordanreimagined"",""jordan5blacksilver"",""jordan5retro"",""shoereview"",""jordans"",""jordan"",""sneakers"",""fashion"",""review""]"
7498112246346779935,1745790324,I couldn’t leave NYC without going to the Sherri Shepherd Show! Coolest experience! #sherrishepherd #sherrishowtv #nybfw #weddingdressinspo #coutureweddingdress #bridalgowns ,392,7.274026617033558e+18,UNSTOPPABLE EVENING,133.0,f,https://tiktok.com/@/video/7498112246346779935,6944347446089729029,f,"[""sherrishepherd"",""sherrishowtv"",""nybfw"",""weddingdressinspo"",""coutureweddingdress"",""bridalgowns""]"
7384565690323225887,1719353194,"Making Raspberry filling at CoMo Cooks Kitchen. If you have an abundance of unwanted berries, we have the space and equipment for you to process these fruits for your business. #commisarykitchen #sharedkitchen #columbiamo #thingsaremadehere #packinghouse #comocooks #tssweets #raspberry #puree ",1093,7.274026617033558e+18,UNSTOPPABLE EVENING,133.0,f,https://tiktok.com/@/video/7384565690323225887,7249105048642815019,f,"[""commisarykitchen"",""sharedkitchen"",""columbiamo"",""thingsaremadehere"",""packinghouse"",""comocooks"",""tssweets"",""raspberry"",""puree""]"
7459468891991903531,1736792956,I think she just needs to adjust to her new sleep sack but let’s see how naps go during the day 🤞🏻💤 #fyp #foryou #momlife #babymerlinsleepsuit #merlinsleepsuit #sleepsack #sleeptraining #babysleep ,2342,7.274026617033558e+18,UNSTOPPABLE EVENING,133.0,f,https://tiktok.com/@/video/7459468891991903531,6672573588131890182,f,"[""fyp"",""foryou"",""momlife"",""babymerlinsleepsuit"",""merlinsleepsuit"",""sleepsack"",""sleeptraining"",""babysleep""]"
7470933057504152874,1739462170,"Grilling up some serious flavor at @GEN Korean BBQ at the Edison, NJ location 🔥🔥 Perfect vibes, great food, and all the meats. 🍖✨ This has to be the best deal for KBBQ! #KBBQ #GenKBBQ #KoreanBBQ  #aycekbbq #edisonnj  #jerseyeats    ",1307,7.274026617033558e+18,UNSTOPPABLE EVENING,133.0,f,https://tiktok.com/@/video/7470933057504152874,6811884114343511046,f,"[""kbbq"",""genkbbq"",""koreanbbq"",""aycekbbq"",""edisonnj"",""jerseyeats""]"
7458002088425966890,1736451434,"Lamb Kofta - Ready in 15 minutes Ingredients: - 1 lb ground lamb (you can also use beef for this recipe)  - 3 to 5 cloves of garlic, minced finely - 1/4 to 1/2 cup panko breadcrumbs - 1/2 white onion, grated - 1 tablespoon oregano  - 1 tablespoon cumin - 1 tablespoon paprika - 1/2 tablespoon cinnamon - 1/2 tablespoon kosher salt Method: - Place lamb into a bowl - Mince garlic and grate onion directly into the lamb - Mix breadcrumbs and all spices thoroughly  - Form into long logs and place skewers in the center - Broil on the top rack for 12 minutes, pulling out to rotate 3 to 4 times - Remove and let cool for a few minutes once browned and starting to get crispy Enjoy! #kofta #lamb #kebab #recipe #easyrecipe #yum #yummy #foodporn #dinner #easydinner #quickdinner #recipes #foodtiktok ",1985,7.274026617033558e+18,UNSTOPPABLE EVENING,133.0,f,https://tiktok.com/@/video/7458002088425966890,6688805507300164613,f,"[""kofta"",""lamb"",""kebab"",""Recipe"",""EasyRecipe"",""yum"",""yummy"",""foodporn"",""dinner"",""easydinner"",""quickdinner"",""recipes"",""foodtiktok""]"
7499948061918006558,1746217757,"Spaghetti with Roasted Cherry Tomato Sauce, Burrata Cream, and Basil - inspired by @rosannamarzialeofficial and prepared using my amazing @gozney  Serves: 4 Prep Time: 15 minutes Cook Time: 30 minutes Ingredients For the roasted cherry tomato sauce: 2 pints cherry tomatoes 4 cloves garlic, smashed 3 tbsp extra virgin olive oil Salt, to taste For the pasta: 12 oz spaghetti Salt, for pasta water 1/4 cup grated Parmesan cheese Handful fresh basil leaves, torn For the burrata cream: 1 ball burrata (about 4 oz), torn into pieces 1/4 cup heavy cream Pinch of salt To finish: Extra olive oil, for drizzling Freshly ground black pepper (optional) Instructions Roast the Cherry Tomatoes Preheat your Gozney oven to high heat (around 750°F if using wood fire). In a cast iron pan or oven-safe dish, combine the cherry tomatoes, smashed garlic, olive oil, and a good pinch of salt. Roast for 10–15 minutes, until the tomatoes are blistered, caramelized, and just starting to burst. Stir occasionally. Remove from oven and lightly mash the tomatoes and garlic with a fork to form a chunky sauce, or blend with an immersion blender for an ultra smooth sauce. Cook the Spaghetti Bring a large pot of salted water to a boil. Cook the spaghetti until al dente, according to package directions. Reserve 1/2 cup of pasta water, then drain. Make the Burrata Cream In a small bowl, combine the torn burrata and heavy cream. Stir until smooth and creamy. Add a pinch of salt to taste. For an ultra-smooth texture, blend briefly with an immersion blender. Assemble the Pasta In a large bowl or skillet, toss the cooked spaghetti with the roasted cherry tomato sauce. Add a splash of reserved pasta water to help coat the noodles, if needed. Stir in grated Parmesan and torn basil leaves. Plate and Finish Twirl the spaghetti onto plates. Drizzle with burrata cream, finishing with a few extra basil leaves, a splash of olive oil, and freshly ground black pepper if desired. #italianfood #chef #italian #spaghetti #recipe ",481,7.274026617033558e+18,UNSTOPPABLE EVENING,133.0,f,https://tiktok.com/@/video/7499948061918006558,7065025141949006894,f,"[""italianfood"",""chef"",""italian"",""spaghetti"",""Recipe""]"
7500415792559689002,1746326666,Tony’s Italian Deli is a 10/10 🇮🇹❤️‍🔥 #springtx #tomballtx #fypシ #foodie #sandwiches #italian ,778,7.274026617033558e+18,UNSTOPPABLE EVENING,133.0,f,https://tiktok.com/@/video/7500415792559689002,6791518184034911238,f,"[""springtx"",""tomballtx"",""fyp\u30b7"",""Foodie"",""sandwiches"",""italian""]"
7418716434794073387,1727304528,"Unbox My Welcome Kit With Me 🎓❤️.  #TheWildSiders🎓 I am so excited to announce my partnership as a Student ambassador for Jack Link’s 🔥.  Fuel your wild side with @JackLinks Wild Sticks! 💥 As a student-athlete, balance is everything—and these protein-packed snacks keep me going strong, on and off the track. 🏃🏽‍♀️🔥 #FeedYourWildSide #JackLink’sWild #FuelToPerform #ad #sponsered @Jack Link’s WILD ",572,7.274026617033558e+18,UNSTOPPABLE EVENING,133.0,f,https://tiktok.com/@/video/7418716434794073387,6739293458203476998,f,"[""thewildsiders\ud83c\udf93"",""FeedYourWildSide"",""jacklink"",""fueltoperform"",""ad"",""sponsered""]"
7496551816780401951,1745427000,yard hydrant install😎 #plumber#plumbinglife#business ,9360,7.274026617033558e+18,UNSTOPPABLE EVENING,133.0,f,https://tiktok.com/@/video/7496551816780401951,6783103557215699973,f,"[""plumber"",""plumbinglife"",""business""]"
7504511105197296926,1747280181,guys!!!! i can’t even begin to express how excited i am to finally begin my solo esthetician journey!! i’ll be up and running within the next few weeks and can’t wait to see your beautiful faces! 🥹💗🙂‍↕️😘💋 . . . #utah #utahesthetician #bountifulutah #esthetician #esthetics #healthandbeauty #skincare #smallbusiness #soloesthetician ,849,7.274026617033558e+18,UNSTOPPABLE EVENING,133.0,f,https://tiktok.com/@/video/7504511105197296926,7497485729871873054,f,"[""utah"",""utahesthetician"",""bountifulutah"",""esthetician"",""esthetics"",""healthandbeauty"",""skincare"",""SmallBusiness"",""soloesthetician""]"
7465469465413651743,1738190107,Watch me update the floor plan for a home I found on Zillow. I made the floor plan more appealing and functional for a family of 4. What do you think of this house floor plan design? What would you do differently? I used my iPad and the Morpholio Trace app to draw over the floor plan. #creatorsearchinsights #zillow #floorplan #renovationproject ,867,7.274026617033558e+18,UNSTOPPABLE EVENING,133.0,f,https://tiktok.com/@/video/7465469465413651743,6768793294221083653,f,"[""creatorsearchinsights"",""zillow"",""floorplan"",""renovationproject""]"
7509984391125421342,1748554512,First time hitting a few balls postpartum ⛳️ PS thank you to my hubby for making all of my project dreams come true #garagegolf  #golf #golfer #golfswing #golftok ,1079,7.274026617033558e+18,UNSTOPPABLE EVENING,133.0,f,https://tiktok.com/@/video/7509984391125421342,7251786550668493867,f,"[""garagegolf"",""golf"",""golfer"",""golfswing"",""golftok""]"
7375948015300889898,1717346730,"#gifted The SK-II Pitera Essence is suitable for all skin types and addresses issues such as dullness, uneven texture, dark spots, and pores. I experienced no adverse reactions, and the product has no scent. I appreciate its gentleness on my skin. SK-II has a fascinating origin story: they discovered a yeast that made sake workers’ hands appear younger. This yeast, their “secret,” is included in their skincare line. Pitera, the key ingredient, contains over 500 micronutrients that benefit the skin. What stands out to me is how gentle this product is. After using it, I woke up with more hydrated and radiant skin. It’s easy to incorporate into a nighttime routine. Compared to similar products, it is gentler. The packaging is clean and attractive, with a pleasing red accent color. I would recommend this product! #Pitera #Essence #Cleanser #Toner #cellumination #skincare #stempower #mask #sk2 #skii #skiioriginal #skin #beautycare #cosmetics #eyecream #sleepingmask #naturalskincare #pitera  @SK-II ",458,7.274026617033558e+18,UNSTOPPABLE EVENING,133.0,f,https://tiktok.com/@/video/7375948015300889898,6808682565403542534,f,"[""gifted"",""pitera"",""essence"",""cleanser"",""toner"",""cellumination"",""skincare"",""stempower"",""mask"",""sk2"",""skii"",""skiioriginal"",""skin"",""beautycare"",""cosmetics"",""eyecream"",""sleepingmask"",""naturalskincare""]"
7404594098025270574,1724016416,Our new favorite little black dress— the Button Down Vest Mini as seen on @BITNA 🖤 get the look online & in store 11-7pm. #vestdress #vesttrend #columbusohio #vampofficial #boutiqueshopping ,6560,7.274026617033558e+18,UNSTOPPABLE EVENING,133.0,f,https://tiktok.com/@/video/7404594098025270574,6792304992012502022,f,"[""vestdress"",""vesttrend"",""columbusohio"",""vampofficial"",""boutiqueshopping""]"
7416537771801726251,1726797268,"The ""Orange Goat"" Salad 🍊🐐 #triopizza #pizza #westchester #trio #lohud",2069,7.274026617033558e+18,UNSTOPPABLE EVENING,133.0,f,https://tiktok.com/@/video/7416537771801726251,7383858080335823914,f,"[""triopizza"",""pizza"",""westchester"",""trio"",""lohud""]"
7494316439638232362,1744906535,A day in the life of a nail tech  Follow and nook through link in bio!  #nailsoftiktok #nailtech #fyp #foryou #htx #katytx #htxnails #katytxnails #smallbusiness #nails ,696,7.274026617033558e+18,UNSTOPPABLE EVENING,133.0,f,https://tiktok.com/@/video/7494316439638232362,6890313155898475526,f,"[""nailsoftiktok"",""nailtech"",""fyp"",""foryou"",""htx"",""katytx"",""htxnails"",""katytxnails"",""SmallBusiness"",""nails""]"
7512210305221528862,1749072783,The little floor cleaning robots at QT are so fun to watch.  Their little robot voice is so cute!  #robots #cleaningrobot #ai #smartbot ,985,7.274026617033558e+18,UNSTOPPABLE EVENING,133.0,f,https://tiktok.com/@/video/7512210305221528862,6818067845034902534,f,"[""robots"",""cleaningrobot"",""ai"",""smartbot""]"
7415282597451795744,1726505025,DR. EMI SKIN x COS at NYFW 🖤 Find out more about this project on IG ✨ #fyp#fy#btwr#bornthiswayrelations#agency#fashionweek#newyorkfashionweek#nyfw#fashionweeksponsoring#sponsoring#dremiskin#cos#cosnewyork ,1808,7.274026617033558e+18,UNSTOPPABLE EVENING,133.0,f,https://tiktok.com/@/video/7415282597451795744,7176996811080254470,f,"[""fyp"",""fy"",""btwr"",""bornthiswayrelations"",""agency"",""fashionweek"",""newyorkfashionweek"",""nyfw"",""fashionweeksponsoring"",""sponsoring"",""dremiskin"",""cos"",""cosnewyork""]"
7465357887645437230,1738164191,"A commonly asked question: Does the OA affect surrounding orgone emitters? The short answer is yes!  We know that orgone can be absorbed, reflected or re-emitted by many materials, gemstones included. For this reason, it is common for clients to place their devices next to orgonite and other crystals. Some clients have even reported that co-locating the Orgone Amplifier with other materials amplifies the properties of those stones/devices.  It's important to note that the influence of Orgone Amplifiers on other orgone emitters is based on personal experiences. Much research still has to be done in the field of orgone propagation.  Featured in this Reel are two OA-4000s with crystal upgrades in Blue/Yellow and Purple/Orange, and one OA-1000 with an Imperial Topaz in Yellow.  #orgone #orgonegenerator #orgoneenergy #cloudbuster #scalar #tensor #orgoneamplifier #wilhelmreich #imperialtopaz #topaz ",2061,7.274026617033558e+18,UNSTOPPABLE EVENING,133.0,f,https://tiktok.com/@/video/7465357887645437230,7115453905860887598,f,"[""orgone"",""orgonegenerator"",""orgoneenergy"",""cloudbuster"",""scalar"",""tensor"",""orgoneamplifier"",""wilhelmreich"",""imperialtopaz"",""topaz""]"
7369670413560958250,1715885124,Prairie View A&M University Sweatpants  #pvamu #pvamu26 #pvhomecoming #prairieviewuniversity #houston #texas #pvamuhairstylist #hbcu #supportblackcolleges #purple ,2742,7.274026617033558e+18,UNSTOPPABLE EVENING,133.0,f,https://tiktok.com/@/video/7369670413560958250,6966874223915729925,f,"[""pvamu"",""pvamu26"",""pvhomecoming"",""prairieviewuniversity"",""houston"",""texas"",""pvamuhairstylist"",""hbcu"",""supportblackcolleges"",""purple""]"
7438135030775319841,1731825810,Limpieza y detayado de carro a domicilio 🚐🏠 mobile carwash #carwash #mobiledetailing #detailingcars #detailing #detailmobileusa #detailingdallastx #mobilecarwash #onlytheweekends #navidadentiktok #greenscreenvideo #tik_tok #paratiiiiiiiiiiiiiiiiiiiiiiiiiiiiiii #fyp #dallastx,908,7.274026617033558e+18,UNSTOPPABLE EVENING,133.0,f,https://tiktok.com/@/video/7438135030775319841,110280354589974528,f,"[""carwash"",""mobiledetailing"",""detailingcars"",""detailing"",""detailmobileusa"",""detailingdallastx"",""mobilecarwash"",""onlytheweekends"",""navidadentiktok"",""greenscreenvideo"",""tik_tok"",""paratiiiiiiiiiiiiiiiiiiiiiiiiiiiiiii"",""fyp"",""dallastx""]"
7433236062605987103,1730685149,"You Ask, We Deliver! New Customized RT RGB LED Airbag Covers😎  #Dodge #Charger #Challenger #Durango #TrackHawk #RGBLED #CarMods #InteriorUpgrade #BluetoothControl #CustomSteeringWheel #CarEnthusiast #DriveInStyle #srt #hellcat #redeye #scatpack #gt #rt #sxt ",2469,7.274026617033558e+18,UNSTOPPABLE EVENING,133.0,f,https://tiktok.com/@/video/7433236062605987103,6739902268857091078,f,"[""dodge"",""charger"",""challenger"",""durango"",""trackhawk"",""rgbled"",""carmods"",""interiorupgrade"",""bluetoothcontrol"",""customsteeringwheel"",""carenthusiast"",""driveinstyle"",""srt"",""hellcat"",""redeye"",""scatpack"",""gt"",""rt"",""sxt""]"
7494003082985065734,1744833567,@TJR shares the TOP TRADING STRATEGY‼️#tjr #daytrading #fyp #forex #viraltiktokvideo #tradingstrategy #liquidity ,1836,7.274026617033558e+18,UNSTOPPABLE EVENING,133.0,f,https://tiktok.com/@/video/7494003082985065734,7415330771131630597,f,"[""tjr"",""daytrading"",""fyp"",""forex"",""viraltiktokvideo"",""tradingstrategy"",""liquidity""]"
7503675379048123679,1747085603,Assembling my first public art installation!  Shoutout to Ian and the amazing folks at Bluebird Graphic Solutions for helping me put the pieces together.  Stay tuned for the final product! #publicart #artistsoftiktok #fyp #hortoniconicdesigns #lowellma #onelinedrawing #artok #continuousline #continuouslinedrawing #artinstallation #interactiveart #artskills #bostonartist ,656,7.274026617033558e+18,UNSTOPPABLE EVENING,133.0,f,https://tiktok.com/@/video/7503675379048123679,7191255556399744042,f,"[""publicart"",""artistsoftiktok"",""fyp"",""hortoniconicdesigns"",""lowellma"",""onelinedrawing"",""artok"",""continuousline"",""continuouslinedrawing"",""artinstallation"",""interactiveart"",""artskills"",""bostonartist""]"
7458103742907419947,1736475103,"I went over to my besties house the other day and the spotlessness of it made me feel a sort of deep shame lol, shout-out to you girl, you freaking rock. It made me want to keep my home cleaner. Not that we live in a dirty house, but sometimes I do get behind on things, so we’re gonna work on staying on top of everything. Goodnight ✌️ #ditlofamom #ditl #ditlofasahm #vlog #dailyvlog #momvlog #minivlog #momlife #momsoftiktok #motherhood #lifestyle #fyp  ",304,7.274026617033558e+18,UNSTOPPABLE EVENING,133.0,f,https://tiktok.com/@/video/7458103742907419947,7230465704558019630,f,"[""ditlofamom"",""ditl"",""ditlofasahm"",""Vlog"",""dailyvlog"",""momvlog"",""minivlog"",""momlife"",""MomsofTikTok"",""motherhood"",""Lifestyle"",""fyp""]"
7460511285256604974,1737035656,self watering plants is a game changer shoutout @easyplant #plantlife #byalexander #sohonyc ,670,7.274026617033558e+18,UNSTOPPABLE EVENING,133.0,f,https://tiktok.com/@/video/7460511285256604974,6807784181860828165,f,"[""plantlife"",""byalexander"",""sohonyc""]"
7472177462756003114,1739751918,Super frigid temps in Iowa. Already got my 2024 buck back. Had to optimize space in the apartment. Got these corner mounts from @fullrangehangingsystems and they turned out better than I imagined #shouldermount #whitetail ,1039,7.274026617033558e+18,UNSTOPPABLE EVENING,133.0,f,https://tiktok.com/@/video/7472177462756003114,7204853849831605290,f,"[""shouldermount"",""whitetail""]"
7500295165186215199,1746298577,"[ad] Stanford’s New Spring Awakening Menu at Standford’s! A classic American restaurant and bar serving the PNW for over 30 years.  the order ✨ • crab & shrimp stack • strawberry balsamic salad • blackened mahi mahi • Thai chicken linguine • spring burger  📍2770 NE 106th Ave, Hillsboro, OR 97124 📍8416 SE Sunnyside Rd, Clackamas, OR 97015 📍401 NE Northgate Way, Seattle, WA 98125 Best Burger in Portland, Best Places to Eat in PDX, Best Food in Portland Oregon, Best Restaurants in Portland, Best Places for Lunch in Portland, Iconic Portland Restaurants @Travel Portland  #pdxfoodfinds #portlandfoodie #portlandfood #localeats #pdxeats #portlandeats #stanfords #localeats #mukbang #foodreview #fyp #pdxburgers #burgers #bestburgers #pdxfood",695,7.274026617033558e+18,UNSTOPPABLE EVENING,133.0,f,https://tiktok.com/@/video/7500295165186215199,7426895089349985322,f,"[""pdxfoodfinds"",""portlandfoodie"",""portlandfood"",""localeats"",""pdxeats"",""portlandeats"",""stanfords"",""mukbang"",""foodreview"",""fyp"",""pdxburgers"",""burgers"",""bestburgers"",""pdxfood""]"
7498604488136117534,1745904922,"🍹 Tag a friend who needs to try this taco omakase  🌮✨ The staff at Xelas went above and beyond, staying past closing time and even treating us to an extra drink on the house.  📍XELAS By  @El Sazon  1180 W Frontage Rd, Stillwater, MN 55082 🔗 Book online: elsazonmn.com/xelas #Taco #Omakase #MinnesotaEats #FoodieFinds #Mayan #cocktailflight #supportlocal #CapCut ",426,7.274026617033558e+18,UNSTOPPABLE EVENING,133.0,f,https://tiktok.com/@/video/7498604488136117534,6988531154089591814,f,"[""taco"",""omakase"",""minnesotaeats"",""foodiefinds"",""mayan"",""cocktailflight"",""supportlocal"",""capcut""]"
7458726989797625134,1736620212,Haven’t been sleeping well? (Who tf has!???) maybe you’d like being able to take your bed WITH you? my travel-sized anxiety blankets can go where you go #anxiety #insomnia #sleep #sleephack #nightmares #GAD ,536,7.274026617033558e+18,UNSTOPPABLE EVENING,133.0,f,https://tiktok.com/@/video/7458726989797625134,7419842549311570986,f,"[""anxiety"",""insomnia"",""sleep"",""sleephack"",""nightmares"",""gad""]"
7478326897324182827,1741183683,"This is absolutely a perfect protective case for the iPad, with powerful features and a great price.@ESR US  #esrtech#esripadcase#esripad11case #esripadair11case #esripadair13case #esripad10case#ipad2025",3534,7.274026617033558e+18,UNSTOPPABLE EVENING,133.0,f,https://tiktok.com/@/video/7478326897324182827,7266826556155462698,f,"[""esrtech"",""esripadcase"",""esripad11case"",""esripadair11case"",""esripadair13case"",""esripad10case"",""ipad2025""]"
7446578939012631851,1733791772,"A new episode of the Brookhaven School District’s Panther Podcast is LIVE! This episode features a 2004 Football Championship Defensive Tackle Player by the name of Jessie Bowman. Bowman was fortunate to pursue football after high school at the community, university and NFL levels. Football still runs through his veins as he watches our current team and the potential they have. In this clip, he and Dr. Henderson discuss their journey that started in 2002 that led to the 2004 football championship. Click our YouTube icon  to enjoy the full episode! #storistudios #pantherpodcast #video #highlight reel #olebrook #waob #panthers #highschool #podcast #gopanthers #inspiration #motivation #shekomplete #komplete #gopanthers #highschool #inspiration #JessieBowman #football #highschoolfootball #collegefootball #nfl #growth #mentality #highschoolchampionship #highschoolchampion",2493,7.274026617033558e+18,UNSTOPPABLE EVENING,133.0,f,https://tiktok.com/@/video/7446578939012631851,7262458149546263595,f,"[""storistudios"",""pantherpodcast"",""video"",""highlight"",""olebrook"",""waob"",""panthers"",""highschool"",""podcast"",""gopanthers"",""inspiration"",""motivation"",""shekomplete"",""komplete"",""jessiebowman"",""football"",""highschoolfootball"",""CollegeFootball"",""nfl"",""growth"",""mentality"",""highschoolchampionship"",""highschoolchampion""]"
7486648467788467486,1743121192,"Tour this newly built home in Lehi, Utah 🏡 Take advantage of the 5.49% interest rate and over $20,000 to help with closing costs if you use their preferred lender! ✨ 3 bedrooms, 2.5 bathrooms, priced at $684,900 Contact me if you’d like more information!  Recorre esta casa nueva en Lehi, Utah 🏡 Aprovecha el interés del 5.49% y más de $20,000 para ayudar con los costos de cierre si usas su prestamista preferido! ✨ 3 recámaras, 2.5 baños, a un precio de $684,900 Contáctame para más información!  #utah #utahmom #utahliving #mompreneur #grateful #utahrealtor #fyp #explore #bienesraices #realestate #utahrealestate #realestatetips #lehiutah #saltlakecity #newconstruction #utahrealtor ",959,7.274026617033558e+18,UNSTOPPABLE EVENING,133.0,f,https://tiktok.com/@/video/7486648467788467486,6794688053904409605,f,"[""utah"",""utahmom"",""utahliving"",""mompreneur"",""grateful"",""utahrealtor"",""fyp"",""explore"",""bienesraices"",""realestate"",""utahrealestate"",""realestatetips"",""lehiutah"",""saltlakecity"",""newconstruction""]"
7506293153339755822,1747695105,I want to go viral  not gonna stop until I go viral  #iwanttogoviral #viraltiktok #viral #goingviral #viralvideo #viraltrend ,284,7.274026617033558e+18,UNSTOPPABLE EVENING,133.0,f,https://tiktok.com/@/video/7506293153339755822,6976792832581911557,f,"[""iwanttogoviral"",""viraltiktok"",""viral"",""goingviral"",""viralvideo"",""viraltrend""]"
7508074083490336031,1748109742,Can’t find your signature scent(s)?  Let’s walk through 4 key questions to help you narrow your search and find the perfect everyday fragrance 🥂 #fragrancetiktok  #fragrancetok  #perfumetiktok #perfumetok #signaturescent #everydayscent ,882,7.274026617033558e+18,UNSTOPPABLE EVENING,133.0,f,https://tiktok.com/@/video/7508074083490336031,7487006391242982446,f,"[""fragrancetiktok"",""fragrancetok"",""perfumetiktok"",""perfumetok"",""signaturescent"",""everydayscent""]"
7501508419262926126,1746581047,@Crumbl review of the week 🍪 Give this week’s menu a try and let me know what you think! #CrumblCookies #CrumblReview #FoodReview #CookieReview #SweetTooth #TasteTest #DessertLovers #InstaFood #FoodieFinds #FoodieReel #CrumblCravings #GourmetCookies #WeeklyCrumbl #Foodstagram #CrumblObsession #CookieCravings #SweetEats #TryCrumbl #CookieReel #CrumblDrop #FoodieVibes #TreatYourself #CookieTasting #ReviewReel #CrumblHeaven #foodies #foods #foodreview,364,7.274026617033558e+18,UNSTOPPABLE EVENING,133.0,f,https://tiktok.com/@/video/7501508419262926126,6792304380400256006,f,"[""crumblcookies"",""crumblreview"",""foodreview"",""cookiereview"",""sweettooth"",""tastetest"",""dessertlovers"",""instafood"",""foodiefinds"",""foodiereel"",""crumblcravings"",""gourmetcookies"",""weeklycrumbl"",""foodstagram"",""crumblobsession"",""cookiecravings"",""sweeteats"",""trycrumbl"",""cookiereel"",""crumbldrop"",""foodievibes"",""treatyourself"",""cookietasting"",""reviewreel"",""crumblheaven"",""foodies"",""foods""]"
7481006908036418859,1741807691,#teamwork  Session #1 tutorial: #siete #diesel #cresta  Barber: @dogorbarbercol  #barber #fade #barbershop #hombres #midfadehaircut #hair #desvanecidomedio #hombres #flypシ #videoclip #chicagotiktok #joliet #jolietillinois #cresthillillinois #cresthillmiddleschool #medellin #medellincolombia #medellincolombia🇨🇴🇨🇴🇨🇴disfrutemos #bogota #bogotacolombia #bogotacity #mexico #mexico🇲🇽 ,1042,7.274026617033558e+18,UNSTOPPABLE EVENING,133.0,f,https://tiktok.com/@/video/7481006908036418859,7258838925710492714,f,"[""teamwork"",""1"",""siete"",""diesel"",""cresta"",""barber"",""fade"",""barbershop"",""hombres"",""midfadehaircut"",""hair"",""desvanecidomedio"",""flyp\u30b7"",""videoclip"",""chicagotiktok"",""joliet"",""jolietillinois"",""cresthillillinois"",""cresthillmiddleschool"",""medellin"",""medellincolombia"",""medellincolombia\ud83c\udde8\ud83c\uddf4\ud83c\udde8\ud83c\uddf4\ud83c\udde8\ud83c\uddf4disfrutemos"",""bogota"",""bogotacolombia"",""bogotacity"",""mexico"",""mexico\ud83c\uddf2\ud83c\uddfd""]"
7511522816928369950,1748912717,#CapCut #haitiantiktok #photography #insightcreatorsearch #mcphotography ,505,7.274026617033558e+18,UNSTOPPABLE EVENING,133.0,f,https://tiktok.com/@/video/7511522816928369950,7226381734852592683,f,"[""capcut"",""haitiantiktok"",""photography"",""insightcreatorsearch"",""mcphotography""]"
7504346052011560223,1747241737,Rushing to make it to happy hour before 7pm? We've got you covered. 🍹🍺🍷 #happyhour #originalmothers #chicagobars #goldcoast #weekendhappyhour ,1338,7.274026617033558e+18,UNSTOPPABLE EVENING,133.0,f,https://tiktok.com/@/video/7504346052011560223,7104368686074889262,f,"[""happyhour"",""originalmothers"",""chicagobars"",""goldcoast"",""weekendhappyhour""]"
7495660929296764206,1745219678,Made $400 changing a lock & bulbs?! Easiest money ever. #DIY   #HomeImprovement   #Renovation   #Construction   #SkilledTrades   #Electrician   #Plumber   #HVAC   #Contractor   #Handyman   #BlueCollar   #SideHustle   #SideGig   #SmallBusiness   #Entrepreneur   #Hustle   #MakeMoney   #DirtyHandsCleanMoney,1093,7.274026617033558e+18,UNSTOPPABLE EVENING,133.0,f,https://tiktok.com/@/video/7495660929296764206,7492128014953956394,f,"[""DIY"",""homeimprovement"",""renovation"",""construction"",""skilledtrades"",""electrician"",""plumber"",""hvac"",""contractor"",""handyman"",""bluecollar"",""sidehustle"",""sidegig"",""SmallBusiness"",""entrepreneur"",""hustle"",""makemoney"",""dirtyhandscleanmoney""]"
7474378106871106862,1740264293,Review: Vanilla Antique by @BYREDO ,1024,7.274026617033558e+18,UNSTOPPABLE EVENING,133.0,f,https://tiktok.com/@/video/7474378106871106862,7298122888561329194,f,[]
7463278860134649118,1737680061,Use a mirror for your inspections. #fyp #tipsandtricks #unionstrong #unionmoney #unionmoney #fypage #constructionlife #rebar #inspectionservices #explore #bluecollarlife #weldaddicts #weldtok #weldinginspection ,1466,7.274026617033558e+18,UNSTOPPABLE EVENING,133.0,f,https://tiktok.com/@/video/7463278860134649118,7382424660472874027,f,"[""fyp"",""tipsandtricks"",""unionstrong"",""unionmoney"",""fypage"",""constructionlife"",""rebar"",""inspectionservices"",""explore"",""bluecollarlife"",""weldaddicts"",""weldtok"",""weldinginspection""]"
7497593882889424174,1745669713,RN School Recap #studentnurse #nursingschool #student #nurse #nursesoftiktok #lpntorn #fyp #fup #CapCut ,368,7.274026617033558e+18,UNSTOPPABLE EVENING,133.0,f,https://tiktok.com/@/video/7497593882889424174,6938256646925960198,f,"[""studentnurse"",""nursingschool"",""student"",""nurse"",""nursesoftiktok"",""lpntorn"",""fyp"",""fup"",""capcut""]"
7498494455121612078,1745879307,High-protein meals prep that actually tastes good — all from a $60 grocery haul. Burger bowls and my go-to breakfast hash bowls. Save this if you’re tired of the same old meals! 🍔🍳🥔🫑🧅 Comment your favorite meal prep recipe!! ##mealprepideas##highproteinmeals##easymealprep##budgetgroceries##whatieatinaday##proteinrecipes##groceryhaul##simplemeals ##quickhealthymeals,492,7.274026617033558e+18,UNSTOPPABLE EVENING,133.0,f,https://tiktok.com/@/video/7498494455121612078,6816169379715515398,f,"[""mealprepideas"",""highproteinmeals"",""easymealprep"",""budgetgroceries"",""whatieatinaday"",""proteinrecipes"",""groceryhaul"",""simplemeals"",""quickhealthymeals""]"
7467266171667041579,1738608450,Looking for a High End Tailored Haircut in New York City? come get a cut from me! Book with link in Bio 💈 #nycbarber #manhattanbarber #newyorkbarber #filipinobarber #midtownmanhattan ,5590,7.274026617033558e+18,UNSTOPPABLE EVENING,133.0,f,https://tiktok.com/@/video/7467266171667041579,6890999415664067590,f,"[""nycbarber"",""manhattanbarber"",""newyorkbarber"",""filipinobarber"",""midtownmanhattan""]"
7442863848895286574,1732926785,#CapCut #українцівамериці🇺🇸 #u4u #travel #українціуфлориді #українціванглії #українцівамериці🇺🇸🇺🇦 #florida #blackfriday #usa🇺🇸 ,520,7.274026617033558e+18,UNSTOPPABLE EVENING,133.0,f,https://tiktok.com/@/video/7442863848895286574,7416001324136891434,f,"[""capcut"",""\u0443\u043a\u0440\u0430\u0457\u043d\u0446\u0456\u0432\u0430\u043c\u0435\u0440\u0438\u0446\u0456\ud83c\uddfa\ud83c\uddf8"",""u4u"",""travel"",""\u0443\u043a\u0440\u0430\u0457\u043d\u0446\u0456\u0443\u0444\u043b\u043e\u0440\u0438\u0434\u0456"",""\u0443\u043a\u0440\u0430\u0457\u043d\u0446\u0456\u0432\u0430\u043d\u0433\u043b\u0456\u0457"",""\u0443\u043a\u0440\u0430\u0457\u043d\u0446\u0456\u0432\u0430\u043c\u0435\u0440\u0438\u0446\u0456\ud83c\uddfa\ud83c\uddf8\ud83c\uddfa\ud83c\udde6"",""florida"",""blackfriday"",""usa\ud83c\uddfa\ud83c\uddf8""]"
7440567191507848491,1732392053,"Happy National Espresso Day from Roosters Coffeehouse! 🎉 Today, we’re celebrating all things espresso, and we’re thrilled to share a special reel featuring our very own Sumaria. Watch as she whips up her favorite drink, the cozy Gingerbread Latte, perfect for this time of year. Cheers to great coffee and good vibes!  #NationalEspressoDay #GingerbreadLatte #RoostersCoffeehouse #LedgewoodNJ #NJEats #njcoffeeshop #northjerseyeats ",1092,7.274026617033558e+18,UNSTOPPABLE EVENING,133.0,f,https://tiktok.com/@/video/7440567191507848491,7330649688693523502,f,"[""nationalespressoday"",""gingerbreadlatte"",""roosterscoffeehouse"",""ledgewoodnj"",""njeats"",""njcoffeeshop"",""northjerseyeats""]"
7488052407167913258,1743448103,"If you’re close enough to Charleston, WV, swing by Charleston Vintage Fest April 19.  #fypシ #thrift #thrifted #thrifting #thriftfinds #vintageclothing #grail #jnco #mids #wv #wvcheck #charlestonwv ",549,7.274026617033558e+18,UNSTOPPABLE EVENING,133.0,f,https://tiktok.com/@/video/7488052407167913258,6902870112009880582,f,"[""fyp\u30b7"",""thrift"",""thrifted"",""thrifting"",""thriftfinds"",""vintageclothing"",""grail"",""jnco"",""mids"",""wv"",""wvcheck"",""charlestonwv""]"
7505604652591893791,1747534788,Jordan 4 Retro A Ma Maniere sitting in Burlington!#reels #imjustlooking #size15 #trending #sneakerhead ,717,7.274026617033558e+18,UNSTOPPABLE EVENING,133.0,f,https://tiktok.com/@/video/7505604652591893791,7174761290614998059,f,"[""reels"",""imjustlooking"",""size15"",""trending"",""sneakerhead""]"
7397999850778004782,1722481076,"Come shopping in nyc with me —> a trip to sunglass hut to find a new pair of Versace glasses, which ones were your fav?! @essilorluxotticags #Versaceeyewear #Versace #VersacexSunglassHut #SunglassHut",25254,7.274026617033558e+18,UNSTOPPABLE EVENING,133.0,f,https://tiktok.com/@/video/7397999850778004782,6743838714906887173,f,"[""versaceeyewear"",""versace"",""versacexsunglasshut"",""sunglasshut""]"
7467664184076029227,1738701112,The finale. #luckynumber3 #99#numerology #manifestation #lawofattraction #lawofassumption ,560,7.274026617033558e+18,UNSTOPPABLE EVENING,133.0,f,https://tiktok.com/@/video/7467664184076029227,7291371396264510506,f,"[""luckynumber3"",""99"",""numerology"",""manifestation"",""lawofattraction"",""lawofassumption""]"
7369282584360242478,1715794828,#gifted_by_smashbox A win win primer and offcourse it's from @Smashbox Cosmetics 🔥Get yours at @Ulta Beauty 🧡 #smashboxambassador #alwaysonfoundation,788,7.274026617033558e+18,UNSTOPPABLE EVENING,133.0,f,https://tiktok.com/@/video/7369282584360242478,6791880399624832002,f,"[""gifted_by_smashbox"",""smashboxambassador"",""alwaysonfoundation""]"
7509282481942662443,1748391106,#boatlife⚓️ #fishinglife #travelingangler #longislandnewyork #fishing #nyfishing #motivational #inspirational #fishingtiktoks @MDG/GodDaddy Beats ,421,7.274026617033558e+18,UNSTOPPABLE EVENING,133.0,f,https://tiktok.com/@/video/7509282481942662443,6943159107264185350,f,"[""boatlife\u2693\ufe0f"",""fishinglife"",""travelingangler"",""longislandnewyork"",""fishing"",""nyfishing"",""motivational"",""inspirational"",""fishingtiktoks""]"
7459155533476465962,1736719993,#SOTD and #OOTD  Perfume - #HyperMusc by @Courreges  Dress from @GSTQ  Mesh top from Amazon Boots from @VIVAIA  Body lotion from @LUSH  #plussizefashion #plussizeootd #winteroutfit #perfume #perfumetok #fragrance #fragrancetok ,421,7.274026617033558e+18,UNSTOPPABLE EVENING,133.0,f,https://tiktok.com/@/video/7459155533476465962,7391519136093094958,f,"[""sotd"",""OOTD"",""hypermusc"",""plussizefashion"",""plussizeootd"",""winteroutfit"",""perfume"",""perfumetok"",""fragrance"",""fragrancetok""]"
7466844801493634334,1738510323,No job is too big or too small for us. Everyone deserves a quality inspection. #realestate #azrealestate #homeinspector #homeinspection #homebuyer #electrical #plumbing ,627,7.274026617033558e+18,UNSTOPPABLE EVENING,133.0,f,https://tiktok.com/@/video/7466844801493634334,7364406446680933418,f,"[""realestate"",""azrealestate"",""homeinspector"",""homeinspection"",""homebuyer"",""electrical"",""plumbing""]"
7499555784506887442,1746126408,Quick San Franciso Shore Leave 🌁🌉 #fyp #fyppppppppppppppppppppppp #seawoman #seawomantiktoker #seawomanslife #shoreleave #buhaysacruiseship⚓️🚢🌏 #goldengatebridge #sanfrancisco ,1484,7.274026617033558e+18,UNSTOPPABLE EVENING,133.0,f,https://tiktok.com/@/video/7499555784506887442,7453514792939996161,f,"[""fyp"",""fyppppppppppppppppppppppp"",""seawoman"",""seawomantiktoker"",""seawomanslife"",""shoreleave"",""buhaysacruiseship\u2693\ufe0f\ud83d\udea2\ud83c\udf0f"",""goldengatebridge"",""sanfrancisco""]"
7462038717444771114,1737391323,"Excited to share the new logo(s) for Todd Legacy Farm! 🌾🐄🤠  While I’m not a graphic designer by any means, I’ve been playing around with Canva for a while now and knew exactly how I wanted our brand to come together. Thanks to some extra guidance from my master’s program, I was able to take those ideas and finally bring them to life in a way that truly represents the heart and soul of what we envision our farm to be.  It’s been such a rewarding process to take the knowledge I’ve gained and apply it to something personal—and I’m pretty proud of how it turned out! Not bad for a Canva enthusiast, right? 😅  #ToddLegacyFarms #BrandBuilding #FarmLife #CanvaDesign #diybranding ",4939,7.274026617033558e+18,UNSTOPPABLE EVENING,133.0,f,https://tiktok.com/@/video/7462038717444771114,6749552927397938182,f,"[""toddlegacyfarms"",""brandbuilding"",""farmlife"",""canvadesign"",""diybranding""]"
7381301100768546090,1718593094,"I recently had an amazing dining experience at Hongdae 33 Korean BBQ! The authentic Korean flavors and high-quality meats made for an unforgettable meal. The interactive grilling at the table was fun and added a unique touch to our dinner. The staff were attentive and provided excellent service, ensuring we had everything we needed. If you’re looking for a fantastic Korean BBQ experience, Hongdae 33 is the place to go! #KoreanBBQ #Hongdae33 #Foodie #FoodLover #BBQ #AuthenticKorean #HoustonEats #FoodAdventure #GrillExperience #Yummy #DeliciousEats ",47435,7.274026617033558e+18,UNSTOPPABLE EVENING,133.0,f,https://tiktok.com/@/video/7381301100768546090,6990436967034078214,f,"[""koreanbbq"",""hongdae33"",""Foodie"",""FoodLover"",""bbq"",""authentickorean"",""houstoneats"",""foodadventure"",""grillexperience"",""yummy"",""deliciouseats""]"
7508568796752317726,1748224922,Día de Kermes con fares 🧡 #jovenescristianos #parati #fyp #christiantiktok #somosfares #tiktok #tiktokchristiano #loshijosdelrompimiento ,695,7.274026617033558e+18,UNSTOPPABLE EVENING,133.0,f,https://tiktok.com/@/video/7508568796752317726,7503776482620408875,f,"[""jovenescristianos"",""parati"",""fyp"",""christiantiktok"",""somosfares"",""tiktok"",""tiktokchristiano"",""loshijosdelrompimiento""]"
7372388181431422250,1716517890,"New Home w/a Casita?  Check out the Adelaide Floorplan by Taylor Morrison Homes in Glendale, Arizona #arizonarealestate #newhomeconstruction #taylormorrisonhomes #arizonarealtor #glendaleaz #deniseadame ",786,7.274026617033558e+18,UNSTOPPABLE EVENING,133.0,f,https://tiktok.com/@/video/7372388181431422250,6875344837883003910,f,"[""arizonarealestate"",""newhomeconstruction"",""taylormorrisonhomes"",""arizonarealtor"",""glendaleaz"",""deniseadame""]"
7385019016647232814,1719458739,"@Lip N Pour is Black owned and provides you with an AMAZING experience in creating and naming your own cosmetics!!! If you are ever in the Charlotte area, this is a must do! Make an appointment ahead if time! Look and feel good and have fun doing it! #cosmetics #beauty #blackowned #oneblkcc #blkcoincollective #makeup ",968,7.274026617033558e+18,UNSTOPPABLE EVENING,133.0,f,https://tiktok.com/@/video/7385019016647232814,7244833613330449454,f,"[""cosmetics"",""beauty"",""blackowned"",""oneblkcc"",""blkcoincollective"",""makeup""]"
7501000589988384030,1746462836,private session with cueing ✨ #pilates #pilatesinstructor #reformerpilates #pilatesforrunners ,309,7.274026617033558e+18,UNSTOPPABLE EVENING,133.0,f,https://tiktok.com/@/video/7501000589988384030,6805736390552437766,f,"[""pilates"",""pilatesinstructor"",""reformerpilates"",""pilatesforrunners""]"
7472459553003719982,1739817606,"This Utensil Set is top notch quality, okay! It's also dishwasher friendly. @JodyKitchenSupplies #ad #fyp #kitchenessentials #black #stainlesssteel #utensils #silverware #tableware #sets #tiktokshop #kitchenproducts #cookingtiktok  #kitchen#creatorsearchinsights ",1434,7.274026617033558e+18,UNSTOPPABLE EVENING,133.0,f,https://tiktok.com/@/video/7472459553003719982,6828084069663310853,f,"[""ad"",""fyp"",""kitchenessentials"",""black"",""stainlesssteel"",""utensils"",""silverware"",""tableware"",""sets"",""TikTokShop"",""kitchenproducts"",""cookingtiktok"",""kitchen"",""creatorsearchinsights""]"
7462521894063918367,1737503810,"Transforming my toddler’s bedroom into a bilingual homeschool learning corner! 🏡📚 Teaching him Spanish has been a priority, so I added colorful Spanish posters, bilingual books, and a cozy setup to keep learning fun and engaging. Everything is designed to fit into his space without sacrificing function. ✨ Posters and bilingual books are available in my storefront—check them out if you’re building your own learning corner! Table @target  Drawing board @Lakeshore Learning  Posters @TikTok Shop 🇺🇸  ##HomeschoolSetup #BilingualKids #LearningCorner #SpanishForKids #ToddlerLearning #MomLife #HomeLearning #SmallSpaceSolutions Homeschool | homeschool set up| bilingual| dual language | teacher mom| ",2061,7.274026617033558e+18,UNSTOPPABLE EVENING,133.0,f,https://tiktok.com/@/video/7462521894063918367,7118023605292647470,f,"[""homeschoolsetup"",""bilingualkids"",""learningcorner"",""spanishforkids"",""toddlerlearning"",""momlife"",""homelearning"",""smallspacesolutions""]"
7480705073035627806,1741737405,Spend the day with me at bellaire china town #fy #houston #houstonrodeo #kpop #kpophouston #cupsleeveevent #stufftodoinhouston #houstontx #texascheck #houstonbarber #houstonhairstylist #houstonfood #houstontexans #houstonfoodspots ,615,7.274026617033558e+18,UNSTOPPABLE EVENING,133.0,f,https://tiktok.com/@/video/7480705073035627806,6698801718342304774,f,"[""fy"",""houston"",""houstonrodeo"",""kpop"",""kpophouston"",""cupsleeveevent"",""stufftodoinhouston"",""houstontx"",""texascheck"",""houstonbarber"",""houstonhairstylist"",""houstonfood"",""houstontexans"",""houstonfoodspots""]"
7501668563720211743,1746618336,Cupcakes & Wine 🤤 #cupcakes #cupcake #cookies #wine #riesling #dessert #desserts #yummy #podcast #podcastclips #podcaster #brewsandcruisepodcast #winery #fyp #fypシ #foryoupage #foryourpage #fypage #fypシ゚viral #viral #viralvideo #trending ,1097,7.274026617033558e+18,UNSTOPPABLE EVENING,133.0,f,https://tiktok.com/@/video/7501668563720211743,5355890,f,"[""cupcakes"",""cupcake"",""cookies"",""wine"",""riesling"",""dessert"",""desserts"",""yummy"",""podcast"",""podcastclips"",""podcaster"",""brewsandcruisepodcast"",""winery"",""fyp"",""fyp\u30b7"",""foryoupage"",""foryourpage"",""fypage"",""fyp\u30b7\u309aviral"",""viral"",""viralvideo"",""trending""]"
7505155824659139886,1747430279,Taking my little sister to her UF Preview day!! Go Gators 🐊 #uf #ufpreview2025 #ufpreview #university #universityofflorida #universityofflorida🐊 #gogators #gogators🐊 #gators #chompchomp ,1232,7.274026617033558e+18,UNSTOPPABLE EVENING,133.0,f,https://tiktok.com/@/video/7505155824659139886,6663863350050799622,f,"[""uf"",""ufpreview2025"",""ufpreview"",""university"",""universityofflorida"",""universityofflorida\ud83d\udc0a"",""gogators"",""gogators\ud83d\udc0a"",""gators"",""chompchomp""]"
7491451931102137642,1744239608,"Looking for a hidden gem💎 less than 30 minutes from Downtown Atlanta and minutes from @truistpark ?(GoBraves!) Then look no further than @smyrnamarketvillage . While you’re there, make sure you stop by my favorite coffee shop @smyrnacafelucia for a bite to eat and a beverage for the road ☕️  The Atlanta Metro area has so many of these little hideaways that aren’t far from the action but far enough that it makes you feel like you’re in your own little oasis. Looking to more neighborhoods like this? Contact me so I can give you the scoop 😉 #atlantarealestate #firsttimehomebuyer #homeownership #listingagent #buyersagent #realtor #smyrna #cobbcounty #truistpark #thebattery #smyrnamarketvillage #realestateinvesting #homesweethome #explorepage #exploreatlanta #fypシ  Charlene Collier REALTOR®  The Collier Agency Realty LLC Powered by Keller Williams West Atlanta Keller Williams Preferred Partners (MD) 📱: 202-744-3722  📧: Charlene.Collier@kw",584,7.274026617033558e+18,UNSTOPPABLE EVENING,133.0,f,https://tiktok.com/@/video/7491451931102137642,7330629612707316782,f,"[""atlantarealestate"",""firsttimehomebuyer"",""homeownership"",""listingagent"",""buyersagent"",""realtor"",""smyrna"",""cobbcounty"",""truistpark"",""thebattery"",""smyrnamarketvillage"",""realestateinvesting"",""homesweethome"",""explorepage"",""exploreatlanta"",""fyp\u30b7""]"
7495081799794674987,1745084754,Was gifted this gorgeous @diarrablu dress to attend the brand’s first launch event in NYC and I’m in loveee 😍✨ #diarrablu #sustainablefashion #vacationoutfits ,479,7.274026617033558e+18,UNSTOPPABLE EVENING,133.0,f,https://tiktok.com/@/video/7495081799794674987,6752257656733615110,f,"[""diarrablu"",""sustainablefashion"",""vacationoutfits""]"
7509188091031112990,1748369124,Heard of the satin finish? Here's 3 fan favorites: Sunrise Copper Tasman Blue Sunset Gold Which one's your favorite? #cars #fyp #landrover #rangerover #dealership #luxury #cartok #viral ,848,7.274026617033558e+18,UNSTOPPABLE EVENING,133.0,f,https://tiktok.com/@/video/7509188091031112990,6777575766327575557,f,"[""cars"",""fyp"",""landrover"",""rangerover"",""dealership"",""luxury"",""cartok"",""viral""]"
7478512072800718111,1741226808,The process was so easy and quick! I placed my orders and the next day it was ready for pick up. ✨ Cant wait to get ready and try these products out! @EXO Cosmetics @Evettexo #exocosmetics #makeup #girly #sfvalley #lashs #shopwithme #fypシ ,546,7.274026617033558e+18,UNSTOPPABLE EVENING,133.0,f,https://tiktok.com/@/video/7478512072800718111,6782326658139702277,f,"[""exocosmetics"",""makeup"",""girly"",""sfvalley"",""lashs"",""shopwithme"",""fyp\u30b7""]"
7493423318356200746,1744698660,I made an ice tray with Steffen . Check it ! ,1408,7.274026617033558e+18,UNSTOPPABLE EVENING,133.0,f,https://tiktok.com/@/video/7493423318356200746,7086265711206908974,f,[]
7493238330503515435,1744655546,Any tips for getting rid of this burnt mess on my glass stove? I swear I tried everything! 🧼🔥 #stovetopcleaning #momlife #cleaningtiktok #cleaninghack  #glassstove #helpmeout  #momtok #cleanwithme #fyp ,393,7.274026617033558e+18,UNSTOPPABLE EVENING,133.0,f,https://tiktok.com/@/video/7493238330503515435,6811561827231794181,f,"[""stovetopcleaning"",""momlife"",""cleaningtiktok"",""cleaninghack"",""glassstove"",""helpmeout"",""momtok"",""cleanwithme"",""fyp""]"
7481811909956652334,1741995115,"Do yourself a favor and pick up some fragrances from Majesty. High quality, long lasting, affordable fragrances. #foryoupage #fypage #perfume #tiktok #fypシ゚viral @Majesty Fragrance ",1287,7.274026617033558e+18,UNSTOPPABLE EVENING,133.0,f,https://tiktok.com/@/video/7481811909956652334,6801547738603095045,f,"[""foryoupage"",""fypage"",""perfume"",""tiktok"",""fyp\u30b7\u309aviral""]"
7508439715826109726,1748194875,Accuplacer/Pert/Tsi/Act/Digital Sat: Can you solve this multiple step problem? #STEMtok #studytok #mathhelp #mathmadeeasybyprofessorg #fypシ゚viral #fyp #stem #mathhack #mathtrick #algebra #math #maths #mathematics #canyousolvethis #canyousolveit #blackticktok #middleschool #highschool #college #mathmadeeasy #solvingequations #jacksonville #jacksonvilleflorida #atlanta #birmingham #neworleans #louisiana #arkansas #houstontx #dallas #texas #la #sanfrancisco #sandiego #california #memphis #nashville #tennessee #chicago #detroit #newyorkcity #bronx #brooklyn99 #charlotte #dc #tampa #orlando #miami #florida #sanjuan #puertorico #canada🇨🇦 ,671,7.274026617033558e+18,UNSTOPPABLE EVENING,133.0,f,https://tiktok.com/@/video/7508439715826109726,7216921241662948394,f,"[""STEMTok"",""studytok"",""mathhelp"",""mathmadeeasybyprofessorg"",""fyp\u30b7\u309aviral"",""fyp"",""stem"",""mathhack"",""mathtrick"",""algebra"",""math"",""maths"",""mathematics"",""canyousolvethis"",""canyousolveit"",""blackticktok"",""middleschool"",""highschool"",""college"",""mathmadeeasy"",""solvingequations"",""jacksonville"",""jacksonvilleflorida"",""atlanta"",""birmingham"",""neworleans"",""louisiana"",""arkansas"",""houstontx"",""dallas"",""texas"",""la"",""sanfrancisco"",""sandiego"",""california"",""memphis"",""nashville"",""tennessee"",""chicago"",""detroit"",""newyorkcity"",""bronx"",""brooklyn99"",""charlotte"",""dc"",""tampa"",""orlando"",""miami"",""florida"",""sanjuan"",""puertorico"",""canada\ud83c\udde8\ud83c\udde6""]"
7499897581703613738,1746206031,"Smoke and meat barbecue  Great spot for smoked meat  One of my favorite spots. 915 N Yosemite St, Stockton, CA 95203 Three meat plate price was about $30 , fed me and one person. We did add the pudding which was another six dollars. I felt satisfied.",581,7.274026617033558e+18,UNSTOPPABLE EVENING,133.0,f,https://tiktok.com/@/video/7499897581703613738,6785413430376465414,f,[]
7461783920036580638,1737331973,"I promise I don’t have a lisp, This new recording software is not as good as CapCut 😭😭 Smelling new fragrance releases at Sephora! #sephora #newfragrances #newfragrance #fragrancetiktok #fragrancetok #fragrance #fragrances #perfume #perfumetiktok #cologne #colognetok #colognecollection #fragrancereview #fyp #fypツ #sbfragrances ",1160,7.274026617033558e+18,UNSTOPPABLE EVENING,133.0,f,https://tiktok.com/@/video/7461783920036580638,7294582352179708971,f,"[""sephora"",""newfragrances"",""newfragrance"",""fragrancetiktok"",""fragrancetok"",""fragrance"",""fragrances"",""perfume"",""perfumetiktok"",""cologne"",""colognetok"",""colognecollection"",""fragrancereview"",""fyp"",""fyp\u30c4"",""sbfragrances""]"
7505838454907931935,1747589217,Here’s to 28 🥳🤭🫶🏻💐🍰 #birthday #birthdaygirl #sundayfunday #fyp ,312,7.274026617033558e+18,UNSTOPPABLE EVENING,133.0,f,https://tiktok.com/@/video/7505838454907931935,7127302477905495083,f,"[""birthday"",""birthdaygirl"",""sundayfunday"",""fyp""]"
7501050112391613726,1746474355,Cantarito is a refreshung citrus cocktail!  #cocktail #tequila #lemon #citrus #recipe #alcohol #summer #yellow #thetipsygypsykc ,1095,7.274026617033558e+18,UNSTOPPABLE EVENING,133.0,f,https://tiktok.com/@/video/7501050112391613726,7350463794357830687,f,"[""cocktail"",""tequila"",""lemon"",""citrus"",""Recipe"",""alcohol"",""Summer"",""yellow"",""thetipsygypsykc""]"
7488085134709689631,1743455719,Key benefits: 1. Vitamin A :The skin regenerator  2. Vitamins B2 & B3 : The skin smoothers 3. Potassium: The skin hydrator  4. Zinc: The skin healer #fyourpage #fypシ #trending #fyppppppppppppppppppppppp #fypviral #creatorsearchinsights #tiktok #genxtiktokers #fyp #springtok #springglowup #natural #tiktokmademebuyit #benefits #healthy #healthyliving #skinhealth #haircare #herbalsupplements #herbalsupport #pumpkin #pumpkinseedoil #pumpkinseason @Solaray ,154,7.274026617033558e+18,UNSTOPPABLE EVENING,133.0,f,https://tiktok.com/@/video/7488085134709689631,6843399369280209926,f,"[""fyourpage"",""fyp\u30b7"",""trending"",""fyppppppppppppppppppppppp"",""fypviral"",""creatorsearchinsights"",""tiktok"",""genxtiktokers"",""fyp"",""springtok"",""springglowup"",""natural"",""tiktokmademebuyit"",""benefits"",""healthy"",""healthyliving"",""skinhealth"",""haircare"",""herbalsupplements"",""herbalsupport"",""pumpkin"",""pumpkinseedoil"",""pumpkinseason""]"
7399405235325668651,1722808290,"Looking for some simple things to add in to immediately improve your quality of life? This is the gut health stack I recommend! ( AM & PM) Apple cider vinager- 20 g  •Has a similar ph balance to stomach acid so raises acidity levels in the stomach which allows for better food break down and nutrient partitioning.  • ease an upset stomach   Aloe vera juice 4 oz •treats constipation  •decrease risk of ulcers •improve skin health  glutamine 10 g  •Glutamine helps protect and repair the lining of the gastrointestinal tract known as the mucosa. •helps minimize inflammation 3oz Kimchi AM (empty stomach) •which provides immune and gut health support by giving oyu essential beneficial bacteria Green banana flour •resistant starch that will make it all the way to your intestinal tract without being broken down.  giving the colon more material to work with  •super healthy  for gut microbiome •mixes  well into protein shakes/ smoothies etc  Lemon juice 4 oz •high amounts of vitamin c  Contains something called flavanoids - these help fight cancers, heart disease , and inflammation  • anti bacterial  •helps digestion  Share this with someone that needs it ™️ - - #togethermorefit #TMWhey #health ",418,7.274026617033558e+18,UNSTOPPABLE EVENING,133.0,f,https://tiktok.com/@/video/7399405235325668651,6919095042858632197,f,"[""togethermorefit"",""tmwhey"",""health""]"
7488154104582180127,1743471764,@H-E-B Grocery Haul! #groceryshopping #groceryhaul #grocerystore #groceryshopwithme #restock #birriabombs #pozolebombs #heb #hebfinds  #hebsavings #shopping #shoppinghaul #comewithme #dinners #snacks #lunches #foodtiktok ,281,7.274026617033558e+18,UNSTOPPABLE EVENING,133.0,f,https://tiktok.com/@/video/7488154104582180127,6767564626295538693,f,"[""groceryshopping"",""groceryhaul"",""grocerystore"",""groceryshopwithme"",""restock"",""birriabombs"",""pozolebombs"",""heb"",""hebfinds"",""hebsavings"",""shopping"",""shoppinghaul"",""comewithme"",""dinners"",""snacks"",""lunches"",""foodtiktok""]"
7488174234758384927,1743476450,Does everyone already do this and I’m just way behind? I feel dumb for never putting two and two together 😂😅🥑 #guacamole #guac #guacamolehack #guacamolerecipe #avocado #avocados #salsa #hack #hacks #kitchen #kitchenhack #kitchenhacks #texmex #food #foodie #foodtiktok #foodtok #appetizer #chipsandsalsa #chipsanddip #cook #cooking #cookwithme #cookingathometiktoktv #viral #foryoupage #foryourpage #fyp #pico #picodegallo ,508,7.274026617033558e+18,UNSTOPPABLE EVENING,133.0,f,https://tiktok.com/@/video/7488174234758384927,6956558391034004485,f,"[""guacamole"",""guac"",""guacamolehack"",""guacamolerecipe"",""avocado"",""avocados"",""salsa"",""hack"",""hacks"",""kitchen"",""kitchenhack"",""KitchenHacks"",""texmex"",""food"",""Foodie"",""foodtiktok"",""FoodTok"",""appetizer"",""chipsandsalsa"",""chipsanddip"",""cook"",""cooking"",""CookWithMe"",""cookingathometiktoktv"",""viral"",""foryoupage"",""foryourpage"",""fyp"",""pico"",""picodegallo""]"
7465044975332461867,1738091285,"𝐓𝐡𝐞𝐲 𝐬𝐚𝐢𝐝, ‘𝐋𝐞𝐭’𝐬 𝐞𝐥𝐞𝐯𝐚𝐭𝐞 𝐭𝐡𝐞 𝐚𝐦𝐞𝐧𝐢𝐭𝐢𝐞𝐬.’ 🧗 𝐔𝐧𝐢𝐭𝐬 𝐬𝐭𝐚𝐫𝐭𝐢𝐧𝐠 𝐢𝐧 𝐭𝐡𝐞 $𝟏,𝟐𝟎𝟎’𝐬 + 𝐫𝐞𝐜𝐞𝐢𝐯𝐞 𝟏𝟎 𝐰𝐞𝐞𝐤𝐬 𝐟𝐫𝐞𝐞! 𝐒𝐡𝐨𝐨𝐭 𝐦𝐞 𝐚 𝐦𝐞𝐬𝐬𝐚𝐠𝐞 𝐟𝐨𝐫 𝐦𝐨𝐫𝐞 𝐢𝐧𝐟𝐨!  📲 (𝟓𝟏𝟐) 𝟗𝟒𝟕-𝟎𝟓𝟕𝟔 (𝐈𝐟 𝐭𝐡𝐢𝐬 𝐢𝐬𝐧’𝐭 𝐭𝐡𝐞 𝐨𝐧𝐞, 𝐈 𝐜𝐚𝐧 𝐡𝐞𝐥𝐩 𝐲𝐨𝐮 𝐟𝐢𝐧𝐝 𝐨𝐭𝐡𝐞𝐫𝐬!) • • • #apartmentlocating #apartmentlocator #apartmenthunting #apartment #atx #austinapartments #austin #austintx #realestate #rockclimb #rockclimbing #moving #leasing #movingtotexas #texasapartments #realestatetiktok #realestateagents #movingtoaustin #concrete #concretefloors #allwhite #atxlife #austinliving #living #rockclimber  #CapCut ",1001,7.274026617033558e+18,UNSTOPPABLE EVENING,133.0,f,https://tiktok.com/@/video/7465044975332461867,3408561,f,"[""apartmentlocating"",""apartmentlocator"",""apartmenthunting"",""apartment"",""atx"",""austinapartments"",""austin"",""austintx"",""realestate"",""rockclimb"",""rockclimbing"",""moving"",""leasing"",""movingtotexas"",""texasapartments"",""realestatetiktok"",""realestateagents"",""movingtoaustin"",""concrete"",""concretefloors"",""allwhite"",""atxlife"",""austinliving"",""living"",""rockclimber"",""capcut""]"
7464618346336521515,1737991962,Organization meets elegance in this stunning laundry room makeover. Cabinets for days and storage for everything! 🧺✨ #amazingclosetsandmore #amazingclosets #laundryroom #laundryroommakeover #organization #renovation #interiordesign #closetdesign #jacksonville #staugustine #staugustineflorida #staugustinebusiness ,1009,7.274026617033558e+18,UNSTOPPABLE EVENING,133.0,f,https://tiktok.com/@/video/7464618346336521515,7237172336314532910,f,"[""amazingclosetsandmore"",""amazingclosets"",""laundryroom"",""laundryroommakeover"",""organization"",""renovation"",""interiordesign"",""closetdesign"",""jacksonville"",""staugustine"",""staugustineflorida"",""staugustinebusiness""]"
7490324715001695496,1743977135,"Part 2 - Sports Bras for the bigger 🍒 - Buffbunny Haul If you’re like me, you know how difficult it is to find the cute sports bras that also make my girls look good instead of saggy - I’m on the hunt for the right ones to help my fellow heavy chest girls out #sportsbra #ddd #buffbunnycollection #fitnessgirl #fitnessmotivation #tryonhaul @Buffbunny Collection ",714,7.274026617033558e+18,UNSTOPPABLE EVENING,133.0,f,https://tiktok.com/@/video/7490324715001695496,7084886502657197061,f,"[""sportsbra"",""ddd"",""buffbunnycollection"",""fitnessgirl"",""fitnessmotivation"",""tryonhaul""]"
7481882521152523562,1742011551,what’s in my bag: work edition #whatsinmybag #workbag #bagcharms #hellokitty #9to5 #officelife #pursetok #happyfriday ,450,7.274026617033558e+18,UNSTOPPABLE EVENING,133.0,f,https://tiktok.com/@/video/7481882521152523562,6997251241282765830,f,"[""whatsinmybag"",""workbag"",""bagcharms"",""hellokitty"",""9to5"",""officelife"",""pursetok"",""happyfriday""]"
7489233624399678751,1743723100,Buscando buenos resultados..😃 Limpieza de alfombra...eliminacion de mancha 🤢 y desinfeccion de la superficie. #htx #gt502🇬🇹💙 #interiordetail #carpetcleaning ,759,7.274026617033558e+18,UNSTOPPABLE EVENING,133.0,f,https://tiktok.com/@/video/7489233624399678751,7025969506912846854,f,"[""htx"",""gt502\ud83c\uddec\ud83c\uddf9\ud83d\udc99"",""interiordetail"",""carpetcleaning""]"
7493669742566280478,1744755976,Refreshing my clients roots &giving her a nice blowout. 🥰 #apopkahairstylist #hairtok #blonde #orlandohairstylist #orlando #salon #blowdry #colorcustomizer ,542,7.274026617033558e+18,UNSTOPPABLE EVENING,133.0,f,https://tiktok.com/@/video/7493669742566280478,6830066243045114886,f,"[""apopkahairstylist"",""hairtok"",""blonde"",""orlandohairstylist"",""orlando"",""salon"",""blowdry"",""colorcustomizer""]"
7371603743349001518,1716335252,"🏡✨ Discover your dream home at Waterbrooke in Clermont, FL! 🌴 New construction homes designed with modern elegance and family comfort in mind. From spacious layouts to top-notch amenities, Waterbrooke has it all. Ready to make the move? 🏠💫 What’s your must-have feature in a new home? Drop your answer in the comments below! 👇💬 #floridarealestate #fypage #newconstruction #floridaliving ",1264,7.274026617033558e+18,UNSTOPPABLE EVENING,133.0,f,https://tiktok.com/@/video/7371603743349001518,7314465929227076650,f,"[""floridarealestate"",""fypage"",""newconstruction"",""floridaliving""]"
7468393486891470123,1738870880,"📍 128 4th Avenue S UNIT 304, Edmonds, WA 98020 • 1 Bed |  2 Bath | 1,562 sq ft  • List Price: $1,050,000 #edmondswa #realtoroftiktok #realestatetiktok #seattle #housebuying ",1202,7.274026617033558e+18,UNSTOPPABLE EVENING,133.0,f,https://tiktok.com/@/video/7468393486891470123,7420863414099117099,f,"[""edmondswa"",""realtoroftiktok"",""realestatetiktok"",""seattle"",""housebuying""]"
7382707254656552223,1718920492,"Training a puppy to sit is an important basic command that lays the foundation for further obedience training. Here are three tips to effectively teach a puppy how to sit: 1. **Use Positive Reinforcement:** Use treats or rewards that your puppy loves to encourage the behavior you want. Hold a treat close to your puppy's nose and slowly move it upwards and backwards over their head. As their nose follows the treat, their bottom will naturally lower into a sitting position. Once they are in the sitting position, praise them enthusiastically and give them the treat immediately. Repeat this process several times until they start associating the command with the action. 2. **Be Consistent:** Consistency is key in training. Use the same command each time you want your puppy to sit, such as saying ""sit"" in a firm but friendly tone. Avoid confusing your puppy by using different words or tones. Also, practice the training sessions in short bursts multiple times throughout the day rather than one long session. This helps reinforce the behavior and keeps your puppy engaged. 3. **Practice in Different Locations:** Once your puppy starts to understand the command in one location, gradually introduce distractions and practice in different environments. This helps your puppy learn to sit despite various distractions and reinforces their understanding of the command in different contexts. Start in a quiet environment at home, then gradually move to more challenging locations like the park or a busy street. Remember, patience and positive reinforcement are crucial. Each puppy learns at their own pace, so be patient and celebrate their progress along the way. #foryoupage #funnydogvideos #startyoung #dogtrainingtips #puppytraining #puppysocialization #bigbaby #AMERICANBULLY #puppytrainingtips #tips #RosexGrizzly #Riddler #puppy #puppyteething #blueeyes ",500,7.274026617033558e+18,UNSTOPPABLE EVENING,133.0,f,https://tiktok.com/@/video/7382707254656552223,6912186214896567302,f,"[""foryoupage"",""funnydogvideos"",""startyoung"",""dogtrainingtips"",""puppytraining"",""puppysocialization"",""bigbaby"",""americanbully"",""puppytrainingtips"",""tips"",""rosexgrizzly"",""riddler"",""puppy"",""puppyteething"",""blueeyes""]"
7493726417155345710,1744769155,I’ve never seen an apartment layout like this one in North Austin. All homes have a flex space/solarium. Private yards available too! Base rent starting at: 1 bed ($1295) and 2 bed ($1750). Current specials: up to 12 weeks free plus look and lease deals! Contact me for the most up to date details. #movingtoaustin #austinapartments #northaustin ,769,7.274026617033558e+18,UNSTOPPABLE EVENING,133.0,f,https://tiktok.com/@/video/7493726417155345710,7328536998204982314,f,"[""movingtoaustin"",""austinapartments"",""northaustin""]"
7485725747231952158,1742906406,you have got to get this viral Floral Marshmallow perfume!!! it smells unbelievable good. Hurry and grab it while its on sale!!! #flashsale #floralmarshmallowdossier @Dossier Perfume #dossierperfume #floralmarshmallow #perfume #boujeeonabudget #fyp #fypシ゚viral ,968,7.274026617033558e+18,UNSTOPPABLE EVENING,133.0,f,https://tiktok.com/@/video/7485725747231952158,7410512238120879150,f,"[""flashsale"",""floralmarshmallowdossier"",""dossierperfume"",""floralmarshmallow"",""perfume"",""boujeeonabudget"",""fyp"",""fyp\u30b7\u309aviral""]"
7487665058713996586,1743357906,Trying Salt Bae’s Steakhouse Nurs-Et! #nurset #saltbae #saltbaenusret #steaksteakhouse #nyc #newyork #newyorkcity ,913,7.274026617033558e+18,UNSTOPPABLE EVENING,133.0,f,https://tiktok.com/@/video/7487665058713996586,6901849467412366341,f,"[""nurset"",""saltbae"",""saltbaenusret"",""steaksteakhouse"",""nyc"",""newyork"",""newyorkcity""]"
7501787045585538334,1746645933,"Check out this charming home in Southaven, MS!!!  This modern home, built in 2022, offers a perfect blend of comfort, style, and functionality.
 🔽Comment below and tell me what you think!!!🔽 Contact me now for a private showing!!! Raven Cansler, REALTOR® Lic #365776 TN, #S-60017 MS KAIZEN Realty LLC Office: (901) 221-4041 | Direct: (901) 646-1003 Email: ravencansler@gmail.com Search for Homes: RavenC.Kaizen-Realty.com Listed By: Dustin B Benetz Emmett Baird Realty #Realtor #Memphis #MemphisRealtor #Tennessee #TennesseeRealtor #DowntownMemphis #ForSale #Home #HomeBuying #HomeBuyers #KaizenRealty #RealEstate #RealEstateAgent #Explore #NewListing #Southaven #SouthavenMS #FirstTimeHomeBuyer #mississippirealtor ",361,7.274026617033558e+18,UNSTOPPABLE EVENING,133.0,f,https://tiktok.com/@/video/7501787045585538334,7376705557719630891,f,"[""365776"",""s"",""realtor"",""memphis"",""memphisrealtor"",""tennessee"",""tennesseerealtor"",""downtownmemphis"",""forsale"",""Home"",""homebuying"",""homebuyers"",""kaizenrealty"",""realestate"",""realestateagent"",""explore"",""newlisting"",""southaven"",""southavenms"",""firsttimehomebuyer"",""mississippirealtor""]"
7484300934655348014,1742574639,got around to one of the other problems on one of the overhang walls after finishing the v5-v6 that’s shares it. #flash #boulderinggym #climbtok #rockclimber #climbinglife #boulderingtiktok #v4 #v5 #fyp #fypシ #fyppppppppppppppppppppppp ,388,7.274026617033558e+18,UNSTOPPABLE EVENING,133.0,f,https://tiktok.com/@/video/7484300934655348014,6624986619240890373,f,[]
7510416598105181470,1748655148,A quick home shopping trip is never a miss when you shop in Ross. Everyone knows Ross always has the best finds when you are on a budget. Super budget friendly and they have those niche items your room/ house/ studio is missing. I don’t know why I come here when I know I should be headed straight home but they get me every time. Run to Ross for all of your last minute finishing touches when designing your home interior.,393,7.274026617033558e+18,UNSTOPPABLE EVENING,133.0,f,https://tiktok.com/@/video/7510416598105181470,7311440670108812334,f,[]
7486250012263959839,1743028446,The Geecrack Bellows Gill is a bass catching machine! How would you rig it? #fishing #bassfishing #fishingvideos #geecrack #pondhopping ,945,7.274026617033558e+18,UNSTOPPABLE EVENING,133.0,f,https://tiktok.com/@/video/7486250012263959839,6617934372002250757,f,"[""fishing"",""bassfishing"",""fishingvideos"",""geecrack"",""pondhopping""]"
7508803558670716202,1748279617,AMIGOS 🫶🫶 #CoupleGoals #PrankTok #LateNightVibes #BestiePrank #BakeryTok #CaughtOffGuard #AfterHoursFun #PullingUp #JustForFun #TikTokCouples #FYP #ForYou #ForYouPage #ViralVideo #WaitForIt #WatchTilTheEnd #POV #WholesomePrank #CouplesThatLaugh #SupportSmallBusiness #SquadGoals #FriendshipGoals #camposfamilybakery @CamposFamilyBakery ,637,7.274026617033558e+18,UNSTOPPABLE EVENING,133.0,f,https://tiktok.com/@/video/7508803558670716202,7493645576828208171,f,"[""couplegoals"",""pranktok"",""latenightvibes"",""bestieprank"",""bakerytok"",""caughtoffguard"",""afterhoursfun"",""pullingup"",""justforfun"",""tiktokcouples"",""fyp"",""foryou"",""foryoupage"",""viralvideo"",""waitforit"",""watchtiltheend"",""pov"",""wholesomeprank"",""couplesthatlaugh"",""supportsmallbusiness"",""squadgoals"",""friendshipgoals"",""camposfamilybakery""]"
7493299871043161386,1744669868,I’ve been waiting for this grass rug for a whole week 😅  #patiovibes #patiomakeover #makeover #patiodecor #backyardmakeover #backyardtransformation #patioseason #fyp #grassrug ,2456,7.274026617033558e+18,UNSTOPPABLE EVENING,133.0,f,https://tiktok.com/@/video/7493299871043161386,6904741302220817414,f,"[""patiovibes"",""patiomakeover"",""makeover"",""patiodecor"",""backyardmakeover"",""backyardtransformation"",""patioseason"",""fyp"",""grassrug""]"
7476516972012866847,1740762325,"3-Day Meal Prep for UNDER $15! 💸 Total Cook Time: 30 minutes⏳   Stuffed bell peppers loaded with ground turkey, rice, and beans — affordable, nutritious, and so easy to make! 🫑🫑🫑 Ingredients:  - 3 bell peppers 🌶️   - Ground turkey 🦃   - 1 can of tomato sauce 🍅   - 1 cup of rice 🍚   - 1 can of black beans 🫘   - Garlic powder 🧄   - Onion powder 🧅   - Minced garlic 🧄   - Cayenne powder 🌶️   - Salt & pepper 🧂   - Cheese of choice 🧀   Instructions: 1. Preheat oven to 350°F.   2. Bake bell peppers for 10 minutes.   3. Cook ground turkey until browned.   4. Add rice, beans, and tomato sauce to the turkey — season with garlic powder, onion powder, cayenne, salt, and pepper.   5. Fill bell peppers with the mixture.   6. Bake for another 5-10 minutes.   7. Top with cheese and enjoy!   Healthy, simple, and budget-friendly — because eating well doesn’t have to cost a fortune! 🙌   #HealthyOnADime #BudgetMealPrep #AffordableMeals #HealthyEatingOnABudget #MealPrepOnABudget #QuickAndEasyMeals #SimpleHealthyRecipes #FoodOnABudget #StudentMealPrep #Under15Meals #EatHealthySpendLess #healthylifestyle #healthy #lifestylecontent #fyp #CollegeEats #CapCut #EatWellSpendLess #groceryhaul #Viral #MealPrep #cooking #teamwork #teamworkmakesthedreamwork #cheapmeals #foryoupage #healthyrecipes ",599,7.274026617033558e+18,UNSTOPPABLE EVENING,133.0,f,https://tiktok.com/@/video/7476516972012866847,7415462197114143774,f,"[""healthyonadime"",""budgetmealprep"",""affordablemeals"",""healthyeatingonabudget"",""mealpreponabudget"",""quickandeasymeals"",""simplehealthyrecipes"",""foodonabudget"",""studentmealprep"",""under15meals"",""eathealthyspendless"",""healthylifestyle"",""healthy"",""lifestylecontent"",""fyp"",""collegeeats"",""capcut"",""eatwellspendless"",""groceryhaul"",""viral"",""mealprep"",""cooking"",""teamwork"",""teamworkmakesthedreamwork"",""cheapmeals"",""foryoupage"",""healthyrecipes""]"
7498452785650847022,1745869603,come w me to the new Sephora that recently opened in my city! Felt like a kid in a candy store. What are your Sephora must haves? I want to know leave it down in the comment section babes PUT ME ON! 👀😍 #sephora #sephoramusthaves #makeup #beauty #narsmakeup #fentybeauty #supergoopsunscreen #diormakeupaddict #relatable #lifestyle #latinacontentcreator #contentcreator #teamwork #girlsgirl #forthegworls✨ #womensupportingwomen #girlytok #texas #fypシ ,474,7.274026617033558e+18,UNSTOPPABLE EVENING,133.0,f,https://tiktok.com/@/video/7498452785650847022,7362009730762015787,f,"[""sephora"",""sephoramusthaves"",""makeup"",""beauty"",""narsmakeup"",""fentybeauty"",""supergoopsunscreen"",""diormakeupaddict"",""relatable"",""Lifestyle"",""latinacontentcreator"",""contentcreator"",""teamwork"",""girlsgirl"",""forthegworls\u2728"",""womensupportingwomen"",""girlytok"",""texas"",""fyp\u30b7""]"
7471717888462687530,1739644923,"B.A.C. Music and our unique programs RentMyInstrument.com and Virtual Booster Club, is changing the game for music programs around the U.S.!! HMU if you want more details! #intheloop #coolisbac #virtualboosterclub #band #banddirector #horndoctor #bandroom #musiced ",663,7.274026617033558e+18,UNSTOPPABLE EVENING,133.0,f,https://tiktok.com/@/video/7471717888462687530,6604968399271739398,f,"[""intheloop"",""coolisbac"",""virtualboosterclub"",""band"",""banddirector"",""horndoctor"",""bandroom"",""musiced""]"
7462129632075304238,1737412483,Fortnite #brooklynbaker #cookiedecorating #decoratedcookies #royalicingcookies #cookietutorial #fortnite #fortnitecookies #nyc ,1231,7.274026617033558e+18,UNSTOPPABLE EVENING,133.0,f,https://tiktok.com/@/video/7462129632075304238,6911759752365294597,f,"[""brooklynbaker"",""cookiedecorating"",""decoratedcookies"",""royalicingcookies"",""cookietutorial"",""fortnite"",""fortnitecookies"",""nyc""]"
7500285769022508334,1746296386,"OK, let’s set the record straight…if you went to medical school and graduated, you are an MD…. A Dr.  If you are licensed to see patients, you are also an MD who is a practicing physician. It doesn’t make your title as an MD is any less valid if you don’t see patients. What you do with your MD is probably just as important.  ##mochihealth##joinmochi##MD##DR##healthcare##medicalschool",581,7.274026617033558e+18,UNSTOPPABLE EVENING,133.0,f,https://tiktok.com/@/video/7500285769022508334,7160268994472641578,f,"[""mochihealth"",""joinmochi"",""md"",""dr"",""healthcare"",""medicalschool""]"
7494446912205049119,1744936907,Quick trip w/ the fam to Seattle! ✈️#seattle #pikeplace #pikeplacemarket #seattletiktok #seattlewa #kimstylesme #piroshkypiroshky #beechers #meesumpastry #downtownseattle #creatorsearchinsights  #smallcontentcreator #microinfluencer #supportsmallcreators ,466,7.274026617033558e+18,UNSTOPPABLE EVENING,133.0,f,https://tiktok.com/@/video/7494446912205049119,6807221933172884485,f,"[""seattle"",""pikeplace"",""pikeplacemarket"",""seattletiktok"",""seattlewa"",""kimstylesme"",""piroshkypiroshky"",""beechers"",""meesumpastry"",""downtownseattle"",""creatorsearchinsights"",""smallcontentcreator"",""microinfluencer"",""supportsmallcreators""]"
7416434433747651886,1726773209,Say hello to Ian 👋 Private and Group Lesson Swim Instructor at Plunge San Diego,2467,7.274026617033558e+18,UNSTOPPABLE EVENING,133.0,f,https://tiktok.com/@/video/7416434433747651886,7196073400853496875,f,[]
7498411499854236974,1745860038,PREP a cake with me 🤗 this is not the final coating! • • #contentcreator #creatorsearchinsights #baking #sweettreats #smallbusiness #cake #raleigh ,362,7.274026617033558e+18,UNSTOPPABLE EVENING,133.0,f,https://tiktok.com/@/video/7498411499854236974,6801881100773573638,f,"[""contentcreator"",""creatorsearchinsights"",""baking"",""sweettreats"",""SmallBusiness"",""cake"",""raleigh""]"
7473594569091730731,1740081869,"Gilman Creek Aldryn Leather Power Recliner at Costco! Ultimate Comfort & Style! Looking for the perfect recliner? The Gilman Creek Aldryn Leather Power Recliner at Costco is a must-see! ✅ Top grain leather, power headrests, and a Leggett & Platt mechanism make this the ultimate relaxation chair. Plus, it’s compact at 37.1”L x 32.6”W x 39.7”H, perfect for any space! Grab yours now at Costco! 🛋️💺 FOLLOW for more Costco finds & comment if this is going on your wishlist! 🛒👇 #costcofinds #costcodeals #homedecor #leatherrecliner #gilmancreek #powerrecliner #furnitureshopping #interiordesign #homeessentials #relaxinstyle #costcohaul #livingroomdecor #costcohome #comfortandstyle #furnituredeals ",4044,7.274026617033558e+18,UNSTOPPABLE EVENING,133.0,f,https://tiktok.com/@/video/7473594569091730731,7322614301806478378,f,"[""costcofinds"",""costcodeals"",""homedecor"",""leatherrecliner"",""gilmancreek"",""powerrecliner"",""furnitureshopping"",""interiordesign"",""homeessentials"",""relaxinstyle"",""costcohaul"",""livingroomdecor"",""costcohome"",""comfortandstyle"",""furnituredeals""]"
7449748862597614894,1734529828,#CapCut #fypage #njcsalon #ohiostylist #wilmingtonohiohair #audrafied #937stylist #matrixsocolor #matrixhighriser ,491,7.274026617033558e+18,UNSTOPPABLE EVENING,133.0,f,https://tiktok.com/@/video/7449748862597614894,7058630938947732526,f,"[""capcut"",""fypage"",""njcsalon"",""ohiostylist"",""wilmingtonohiohair"",""audrafied"",""937stylist"",""matrixsocolor"",""matrixhighriser""]"
7517002242038271262,1750188486,We spent a few days in chilly 🥶 San Francisco! I wanted to have fun with my outfits but also be comfortable as we walked throughout the city.  PS— I found a few of my favorite earrings and tried them with my hijab. How did I do? #hijab #hijabi #hijabstyle #hijabitiktok #muslim #muslimtiktok #muslimah #muslims #ootdfashion #ootdinspo #modestfashion #travel #sanfrancisco #bayarea #california #fyp #fypシ #fypシ゚viral #fypage #fyppppppppppppppppppppppp ,237,7.274026617033558e+18,UNSTOPPABLE EVENING,133.0,f,https://tiktok.com/@/video/7517002242038271262,7091869591601775659,f,"[""hijab"",""hijabi"",""hijabstyle"",""hijabitiktok"",""muslim"",""muslimtiktok"",""muslimah"",""muslims"",""ootdfashion"",""ootdinspo"",""modestfashion"",""travel"",""sanfrancisco"",""bayarea"",""california"",""fyp"",""fyp\u30b7"",""fyp\u30b7\u309aviral"",""fypage"",""fyppppppppppppppppppppppp""]"
7494722083558001962,1745000979,I got a busy day but I got this! Come GRWM😁 #fypシ゚viral #bignupes #bigboyfashion #bigboyseason #plussizefashion #bigguys #bigguyfits #bigtok #ootd #plussizefashionmen #streetwearmen #grwm #collegeprofessor #professor #novamen ,203,7.274026617033558e+18,UNSTOPPABLE EVENING,133.0,f,https://tiktok.com/@/video/7494722083558001962,7057580784555082758,f,"[""fyp\u30b7\u309aviral"",""bignupes"",""bigboyfashion"",""bigboyseason"",""plussizefashion"",""bigguys"",""bigguyfits"",""bigtok"",""OOTD"",""plussizefashionmen"",""streetwearmen"",""grwm"",""collegeprofessor"",""professor"",""novamen""]"
7497976367661796650,1745758745,Catering an off site from our hotel is always a time 🤍 #cateringservice #banquethall #westtx #doubletreebyhilton #CapCut ,300,7.274026617033558e+18,UNSTOPPABLE EVENING,133.0,f,https://tiktok.com/@/video/7497976367661796650,6978145498326713349,f,"[""cateringservice"",""banquethall"",""westtx"",""doubletreebyhilton"",""capcut""]"
7470167109394320671,1739283894,Last week I talked about my why with starting pet sitting and this week I am talking about the story behind my business name. 🥰  Have a small business? How did you come up with your business’ name?  #petsitter #dogsoftiktok #smallbusiness #fyp #catsoftiktok #louisiana ,548,7.274026617033558e+18,UNSTOPPABLE EVENING,133.0,f,https://tiktok.com/@/video/7470167109394320671,6815387918979466245,f,"[""petsitter"",""dogsoftiktok"",""SmallBusiness"",""fyp"",""catsoftiktok"",""louisiana""]"
7496189236601703723,1745342602,tired dad cooking dinner #vlog #tireddad #wholesome #relatable #cookwithme #fyp ,355,7.274026617033558e+18,UNSTOPPABLE EVENING,133.0,f,https://tiktok.com/@/video/7496189236601703723,7417816953030525994,f,"[""Vlog"",""tireddad"",""wholesome"",""relatable"",""CookWithMe"",""fyp""]"
7474467951379270954,1740285216,The behind the scenes of the portraits that I did with the boys and very grateful to be able to take those photos at the billiards downtown. . . . #djiaction4 #adobepremierepro #povphotography #canoneosr10 #canonrf35mmf18 #photography #lightroom #lightroommobile #portraits #billiards ,577,7.274026617033558e+18,UNSTOPPABLE EVENING,133.0,f,https://tiktok.com/@/video/7474467951379270954,6820629422740112390,f,"[""djiaction4"",""adobepremierepro"",""povphotography"",""canoneosr10"",""canonrf35mmf18"",""photography"",""lightroom"",""lightroommobile"",""portraits"",""billiards""]"
7491464723603459374,1744242582,I love being able to give my #clients what the ask for #fyp #glenburniehairstylist #dmvhairstylist #locs #startinglocs ,346,7.274026617033558e+18,UNSTOPPABLE EVENING,133.0,f,https://tiktok.com/@/video/7491464723603459374,6806312081191044101,f,"[""clients"",""fyp"",""glenburniehairstylist"",""dmvhairstylist"",""locs"",""startinglocs""]"
7463349837975817518,1737696623,"#blueberry 🫐 #compote for Saturdays cake! I’m almost regretting making this because I have a feeling I will not be making this for orders only but for my own personal stash! It is absolutely #delicious  If you’re interested in trying this or any of my other items, msg me! I’d love to make something for you! #CapCut #blueberrycompote #homemadefood #homemadegoodness #contentcreation #homebaker #hickoryhills #chicagobaker #piesofamor ",425,7.274026617033558e+18,UNSTOPPABLE EVENING,133.0,f,https://tiktok.com/@/video/7463349837975817518,6893704310459499526,f,"[""blueberry"",""compote"",""delicious"",""capcut"",""blueberrycompote"",""homemadefood"",""homemadegoodness"",""contentcreation"",""homebaker"",""hickoryhills"",""chicagobaker"",""piesofamor""]"
7441752355034467630,1732667995,"2012 Audi A8L 4.2L V8 – Luxury Redefined ✨ Top Features: 	•	Mileage: 94,300 miles 📉 – low for a high-performance engine like this. 	•	Engine: 4.2L V8 🚀 – smooth power, exceptional reliability, and thrilling performance. 	•	Interior: Premium perforated leather 🛋️ with ventilated seats ❄️ and massage options 💆‍♂️ for maximum comfort. 	•	Technology: Advanced features ⚙️📱 for effortless convenience and a first-class driving experience. 	•	Condition: Clean title ✅, fully functional, and meticulously maintained. Experience unmatched luxury, precision engineering, and timeless design in this Audi A8L. A perfect blend of performance and elegance. 💰 Price is negotiable – let’s make a deal! 📞 Call/Text: (646)-344-2819      #audi #audia8 #for #forsale #texas ",1678,7.274026617033558e+18,UNSTOPPABLE EVENING,133.0,f,https://tiktok.com/@/video/7441752355034467630,7428359005993075755,f,"[""audi"",""audia8"",""for"",""forsale"",""texas""]"
7506159942429084958,1747664077,GRWM for my first day at my new job! #GRWM#newjob#newbeginnings#goodmorning#nursepractitioner#NPlife ,215,7.274026617033558e+18,UNSTOPPABLE EVENING,133.0,f,https://tiktok.com/@/video/7506159942429084958,7292392090026738734,f,"[""grwm"",""newjob"",""newbeginnings"",""goodmorning"",""nursepractitioner"",""nplife""]"
7512872419799878958,1749226956,"Come with me to the “Harvest to Table” experience at @4rootsfarmcampus 🌱👩🏽‍🍳 Led by 4x James Beard Best Chef Semifinalist Chef @haripulapaka and @dr.arianna_becker, a board-certified Family & Lifestyle Medicine physician, this intimate evening was all about the power of food as medicine. 🍽️ We harvested fresh, seasonal produce straight from the farm, learned about the health benefits of soy and plant-forward eating, and cooked a nourishing dinner all while exploring how food can truly fuel healing. The experience included: 🥬 Hands-on harvesting at @4rootsfarmcampus 🧠 A talk on soy + plant-based nutrition with @dr.arianna_becker 👨🏾‍🍳 A cooking demo and hands-on session with Chef @haripulapaka 🍽️ A delicious dinner + meaningful conversation @4rootsfarmcampus is hosting more of these events throughout the year follow them to stay in the loop! ",366,7.274026617033558e+18,UNSTOPPABLE EVENING,133.0,f,https://tiktok.com/@/video/7512872419799878958,2933476,f,[]
7486619883044637982,1743114533,VA STATE CUP 2025 🔥🚨 6-2 W vs NVU Academy 💪🏼⚽️ #soccer #futbol #syc #springfield #vysa #dmv #fyp #nextlevel #nvu #academy ,1158,7.274026617033558e+18,UNSTOPPABLE EVENING,133.0,f,https://tiktok.com/@/video/7486619883044637982,7474786328882840619,f,"[""Soccer"",""futbol"",""syc"",""springfield"",""vysa"",""dmv"",""fyp"",""nextlevel"",""nvu"",""academy""]"
7499683774125509934,1746156238,If you haven't tried @Hsia-Bras you are truly missing out i know own four of these bras because I love the fit and comfortability!  #hsiabra #hsiabras #womenover40 #midsizefashion #CapCut ,731,7.274026617033558e+18,UNSTOPPABLE EVENING,133.0,f,https://tiktok.com/@/video/7499683774125509934,6832340961898742789,f,"[""hsiabra"",""hsiabras"",""womenover40"",""midsizefashion"",""capcut""]"
7402236220505378078,1723467453,"Топ 3 упражнений на ТБС (тазобедренный сустав) Выполняй мягко и плавно , главное БЕЗ БОЛИ!",436,7.274026617033558e+18,UNSTOPPABLE EVENING,133.0,f,https://tiktok.com/@/video/7402236220505378078,7397485893911233579,f,[]
7471155449748819246,1739513977,"Three weeks in, and Clutch Lace Glue is STILL clutching! But at Glamour Girl Galore, it’s more than just hair—it’s an experience. I don’t just make sure you’re laid, I make sure you’re lounging in luxury. Because what’s the point of looking good if you’re not feeling good too? ✨ #LaidAndLuxury #ClutchLaceGlue #FlawlessHold #laceglue ",401,7.274026617033558e+18,UNSTOPPABLE EVENING,133.0,f,https://tiktok.com/@/video/7471155449748819246,6791990250082206726,f,"[""laidandluxury"",""clutchlaceglue"",""flawlesshold"",""laceglue""]"
7494003304419052843,1744833662,Join me for an on-site 😊 love switching PJs for a suit every now and then. #datascientist #womenintech #womeninstem ,472,7.274026617033558e+18,UNSTOPPABLE EVENING,133.0,f,https://tiktok.com/@/video/7494003304419052843,6753583222075180038,f,"[""datascientist"",""womenintech"",""womeninstem""]"
7460978669645729070,1737144475,"Before Tik Tok goes away, let me show you the Hide And Seek Labubu aka the Merbubu! #popmart #plushies #labubu #kasinglung #sponsormepopmart ",883,7.274026617033558e+18,UNSTOPPABLE EVENING,133.0,f,https://tiktok.com/@/video/7460978669645729070,6532011997758767105,f,"[""popmart"",""plushies"",""labubu"",""kasinglung"",""sponsormepopmart""]"
7478516469437828395,1741227831,"Yummy Bowl in Fort Wayne, IN Super good food! #newrestaurant #stirfry #foodie ",612,7.274026617033558e+18,UNSTOPPABLE EVENING,133.0,f,https://tiktok.com/@/video/7478516469437828395,6798762331154498565,f,"[""newrestaurant"",""stirfry"",""Foodie""]"
7514573657084087598,1749623035,"Come to 616 North Main Street in Bloomington, IL! Get a free milkshake with your meal and taste our amazing fusion crunch! 🍦🌮 #TikTokFood #BloomingtonEats #FreeMilkshake #FusionCrunch #FoodTok #TastyTreats #LunchDeal #DinnerSpecial #BloomingtonIL #Foodie #MustTry ",2476,7.274026617033558e+18,UNSTOPPABLE EVENING,133.0,f,https://tiktok.com/@/video/7514573657084087598,7323856399012021291,f,"[""tiktokfood"",""bloomingtoneats"",""freemilkshake"",""fusioncrunch"",""FoodTok"",""tastytreats"",""lunchdeal"",""dinnerspecial"",""bloomingtonil"",""Foodie"",""musttry""]"
7498351815298272554,1745846158,I’m OBSESSED with this meal prep currently! Here is the marinade #mealprep #mealprepideas #chipotle #chipotlechicken #chipotlebowl #fifthwheelliving #camperlife #camperlifestyle #rvlife #wlw #wlwcouple #fyp #smallcreator ,743,7.274026617033558e+18,UNSTOPPABLE EVENING,133.0,f,https://tiktok.com/@/video/7498351815298272554,7457012492319769646,f,"[""mealprep"",""mealprepideas"",""chipotle"",""chipotlechicken"",""chipotlebowl"",""fifthwheelliving"",""camperlife"",""camperlifestyle"",""rvlife"",""wlw"",""wlwcouple"",""fyp"",""smallcreator""]"
7514043888093482270,1749499699,"Somebody got the SALT… and it shows 😭🧂 Can you guess who got the salt just from this clip? 👀 Watch the reel, drop your guess in the comments, and tell us your favorite part ⬇️ Tell us if your guess was right! It’s always a movie with us 🎬🍿 💻 Full video on YouTube   link in bio! 🎮 Catch us LIVE on Twitch: @thedrlfamily 🛍️ SHOP: @risque.kollections @aurabyrae Be careful who you trust. Salt and sugar look the same. 🧂🍬 #3Sugars1SaltChallenge #DRLfamily #SaltOrSugar #ChallengeGoneWrong #YouTubeShorts #TikTokChallenge #FamilyVibes #BlackCreators #ViralChallenge",305,7.274026617033558e+18,UNSTOPPABLE EVENING,133.0,f,https://tiktok.com/@/video/7514043888093482270,6696614645987558405,f,"[""3sugars1saltchallenge"",""drlfamily"",""saltorsugar"",""challengegonewrong"",""youtubeshorts"",""tiktokchallenge"",""familyvibes"",""blackcreators"",""viralchallenge""]"
7512197668450618670,1749069862,"Slick City in Brownsburg, IN #indiana #in #indy #indianapolis #family #hendrickscountyindiana #indykids #fyp #brownsburgindiana #midwest ",562,7.274026617033558e+18,UNSTOPPABLE EVENING,133.0,f,https://tiktok.com/@/video/7512197668450618670,6758589200847635461,f,"[""indiana"",""in"",""indy"",""indianapolis"",""family"",""hendrickscountyindiana"",""indykids"",""fyp"",""brownsburgindiana"",""midwest""]"
7500335560024919342,1746307990,Who needs a downtown apartment in Connecticut? #connecticut #fyp #ctrealtor #housetour #realtoroftiktok #realestate #forrent #hartford #connecticutrealestate #downtownapartment ,1719,7.274026617033558e+18,UNSTOPPABLE EVENING,133.0,f,https://tiktok.com/@/video/7500335560024919342,7020393079165436934,f,"[""connecticut"",""fyp"",""ctrealtor"",""housetour"",""realtoroftiktok"",""realestate"",""forrent"",""hartford"",""connecticutrealestate"",""downtownapartment""]"
7462217069183077678,1737432846,Airplane mode FTW #teenhealth #youthhealth #phonehealth #healthandwelness #focus ,1148,7.274026617033558e+18,UNSTOPPABLE EVENING,133.0,f,https://tiktok.com/@/video/7462217069183077678,6958533888612959238,f,"[""teenhealth"",""youthhealth"",""phonehealth"",""healthandwelness"",""focus""]"
7465135688913030431,1738112374,One of the best resorts in Florida! @eaupalmbeach  #thepalmbeaches  #hiddengems #hiddengem #eaupalmbeach #eauspa #luxuryhotel #luxurylifestyle #luxuryresort #travelbucketlist #bucketlisttravel #westpalmbeach #palmbeach #palmbeachcounty #floridatravel #floridahotel #weekendtrip #weekendgetaway,2606,7.274026617033558e+18,UNSTOPPABLE EVENING,133.0,f,https://tiktok.com/@/video/7465135688913030431,7238983553194689579,f,"[""thepalmbeaches"",""hiddengems"",""hiddengem"",""eaupalmbeach"",""eauspa"",""luxuryhotel"",""luxurylifestyle"",""luxuryresort"",""travelbucketlist"",""bucketlisttravel"",""westpalmbeach"",""palmbeach"",""palmbeachcounty"",""floridatravel"",""floridahotel"",""weekendtrip"",""weekendgetaway""]"
7465431123330616622,1738181191,Ever wonder why your lender has lower scores for you than what #experian or #creditkarma ?,1047,7.274026617033558e+18,UNSTOPPABLE EVENING,133.0,f,https://tiktok.com/@/video/7465431123330616622,7046811916085232645,f,"[""experian"",""creditkarma""]"
7489276687230733598,1743733122,"Idk why you’re just sitting there… GO TRY IT 😍😍 And if you don’t live in Austin, save this for when you visit! • • • • #austinfoodie #austintxtiktok #thingstodoinaustin #foodreview #critic #fyp #chickenkabob #cucumbersalad #chickensalad #chocolatecake #macaroni #martini #share #save #docbsfreshkitchen #docbsrestaurant ",751,7.274026617033558e+18,UNSTOPPABLE EVENING,133.0,f,https://tiktok.com/@/video/7489276687230733598,6771183521827668997,f,"[""austinfoodie"",""austintxtiktok"",""thingstodoinaustin"",""foodreview"",""critic"",""fyp"",""chickenkabob"",""cucumbersalad"",""chickensalad"",""chocolatecake"",""macaroni"",""martini"",""share"",""save"",""docbsfreshkitchen"",""docbsrestaurant""]"
7508795563396140330,1748277743,"Look at that huge island & all the counter space! 😍 Check out The Hiatus in Beachwood, Ohio to see more of their stunning luxury apartments and amenities.  #clevelandhomes #movetocleveland #clevelandohio #beachwood #beachwoodohio #apartmentbuilding #clevelandvibes #apartmenttour #clevelandapartment #thehiatus #thehiatusbeachwood #theluxuryhiatus #beachwoodmall #vanakendistrict #pinecrest #legacyvillage ",838,7.274026617033558e+18,UNSTOPPABLE EVENING,133.0,f,https://tiktok.com/@/video/7508795563396140330,6902615976257766406,f,"[""clevelandhomes"",""movetocleveland"",""clevelandohio"",""beachwood"",""beachwoodohio"",""apartmentbuilding"",""clevelandvibes"",""apartmenttour"",""clevelandapartment"",""thehiatus"",""thehiatusbeachwood"",""theluxuryhiatus"",""beachwoodmall"",""vanakendistrict"",""pinecrest"",""legacyvillage""]"
7506164303880342815,1747665101,What did the kids leave in the yard today?  #lawn #lawncare #mowing #lawnrepair #cherisheachmowment ,2087,7.274026617033558e+18,UNSTOPPABLE EVENING,133.0,f,https://tiktok.com/@/video/7506164303880342815,6887022681188598790,f,"[""lawn"",""lawncare"",""mowing"",""lawnrepair"",""cherisheachmowment""]"
7490641647278099743,1744050957,"Day 4 was giving top tier travel agent energy ✨ We slept in, hit the trade show, networked, ate all the things, and somehow got invited to an exclusive cocktail reception with Norwegian’s sales team 🤗 Also… I finally made it to the buffet AND found my next cruise with AMAwaterways 😍 Day 1:  @Jonné | Travel Genie 🧞‍♀️  Day 2:  @Jonné | Travel Genie 🧞‍♀️  Day 3: @Jonné | Travel Genie 🧞‍♀️  #curatedjauntsbyjonne #TravelAgentsOfTiktok #blacktravelblogger #NorwegianJoy #NorwegianCruiseLine #traveltips #NorwegianCruise #TravelWithMe ",421,7.274026617033558e+18,UNSTOPPABLE EVENING,133.0,f,https://tiktok.com/@/video/7490641647278099743,6990516796093432838,f,"[""curatedjauntsbyjonne"",""travelagentsoftiktok"",""blacktravelblogger"",""norwegianjoy"",""norwegiancruiseline"",""traveltips"",""norwegiancruise"",""travelwithme""]"
7470610655398300974,1739387102,"Ribs + coleslaw + mashed potatoes recipe below 👇🏻  Dry rub:  smoked paprika garlic powder onion powder salt black pepper Lots of brown sugar  Preheat oven to 275°  Place seasoned ribs on foil-lined baking sheet, bone-side up. Cover ribs with second sheet of foil and wrap edges of foil sheets tightly to seal foil around ribs. Cook for 4 hours  After 4 hours, remove ribs from oven. Unwrap ribs and discard aluminum foil. Drain any remaining fat from baking sheet, then return ribs to baking sheet with bone side facing down. Brush ½ cup BBQ sauce on ribs, coating ribs thoroughly on all sides. Set broiler to High. Place baking sheet approximately 6 inches below broiler and broil 3 to 5 minutes, or until skin of ribs is crispy and caramelized. Serve with coleslaw and mashed potatoes 🖤 Follow @lifewith_rita for more hosting recipe ideas  #bbqribs #beefribsteak #hostingrecipeideas #dinnerpartyideas #explore #viral #easydinnerideas #girldinner ",920,7.274026617033558e+18,UNSTOPPABLE EVENING,133.0,f,https://tiktok.com/@/video/7470610655398300974,6799015401893741573,f,"[""bbqribs"",""beefribsteak"",""hostingrecipeideas"",""dinnerpartyideas"",""explore"",""viral"",""easydinnerideas"",""girldinner""]"
7509703163188890911,1748489038,NBA PICK OF THE DAY TODAY MAY 29 #bettorhub #prizepicks #greenscreen #fyp #freeplay #freepicks #prizepickslocks #nba #nbaplayoffs #conferencefinals ,2755,7.274026617033558e+18,UNSTOPPABLE EVENING,133.0,f,https://tiktok.com/@/video/7509703163188890911,7227143076858840107,f,"[""bettorhub"",""prizepicks"",""greenscreen"",""fyp"",""freeplay"",""freepicks"",""prizepickslocks"",""NBA"",""nbaplayoffs"",""conferencefinals""]"
7491560973975735594,1744265063,@Mettalusso MIX+THIS❤️❤️❤️ #beautytok #blackgirlmagic #loveyourself #burnsurvivor #domesticviolencesurvivor #makeupartist #beauty #thistooshallpass #makeuptips #makeuptutorial ,627,7.274026617033558e+18,UNSTOPPABLE EVENING,133.0,f,https://tiktok.com/@/video/7491560973975735594,7005354622409016325,f,"[""BeautyTok"",""blackgirlmagic"",""loveyourself"",""burnsurvivor"",""domesticviolencesurvivor"",""makeupartist"",""beauty"",""thistooshallpass"",""makeuptips"",""makeuptutorial""]"
7493388575443094815,1744690529,Come with us to @Morton it never disappoints highly recommend #xtina_gamez #mortonssteakhouse #anniversary #mortonssteak #mortonsdinner ,316,7.274026617033558e+18,UNSTOPPABLE EVENING,133.0,f,https://tiktok.com/@/video/7493388575443094815,6806810505074017286,f,"[""xtina_gamez"",""mortonssteakhouse"",""anniversary"",""mortonssteak"",""mortonsdinner""]"
7508418141186198815,1748189845,Moving into the new house and shopping for my new kitchen!  Who's life is this! Sooooo grateful! Who can I help next? #tiktokshopaffiliate #tiktokshopaffiliateprogram #tiktokshopaffiliateUSA #USAtiktokshop,377,7.274026617033558e+18,UNSTOPPABLE EVENING,133.0,f,https://tiktok.com/@/video/7508418141186198815,7443004932490085418,f,"[""tiktokshopaffiliate"",""tiktokshopaffiliateprogram"",""tiktokshopaffiliateusa"",""usatiktokshop""]"
7499860997042244910,1746197537,@LEGO friends sets announced for summer of 2025 #summer #lego #legotiktok #fyp #fypシ #foryoupage #hobby #afol #afolcommunity #legotiktoker #mylegocollection #legofriends #new ,962,7.274026617033558e+18,UNSTOPPABLE EVENING,133.0,f,https://tiktok.com/@/video/7499860997042244910,22852293,f,"[""Summer"",""lego"",""legotiktok"",""fyp"",""fyp\u30b7"",""foryoupage"",""hobby"",""afol"",""afolcommunity"",""legotiktoker"",""mylegocollection"",""legofriends"",""new""]"
7499210333668527390,1746045991,First card expo was cool & didn’t spend as much as I wanted but I like paying retail 🥲 #pokemon #fyp #cardtrading ,398,7.274026617033558e+18,UNSTOPPABLE EVENING,133.0,f,https://tiktok.com/@/video/7499210333668527390,6633546361977831429,f,"[""pokemon"",""fyp"",""cardtrading""]"
7506272183417720107,1747690229,Stop by Dan Cummins Chevrolet Buick of Paris to try out the 2025 Chevrolet Suburban High Country today! 😍 #dancumminsauto #dancummins #DanCumminsDeal #chevrolet #chevysuburban ,372,7.274026617033558e+18,UNSTOPPABLE EVENING,133.0,f,https://tiktok.com/@/video/7506272183417720107,6789432868626170885,f,"[""dancumminsauto"",""dancummins"",""dancumminsdeal"",""chevrolet"",""chevysuburban""]"
7460313462267317534,1736989598,"Let’s do a quick flip-through of my new book: Lili’s Diary 🦄✨ Join Lili, the adorable introverted unicorn, on cozy adventures filled with charm and whimsy. Whether she’s reading  or enjoying peaceful moments, her diary is waiting to be brought to life with your creativity! 🌈🎨 🌟 Get your copy now on Amazon and let the magic of Lili’s world begin! 🌟  #coloring #unicorns #lilisdiary  #c#colorwithmecolortherapy #coloringbook #adultcoloringbook #colouringbook #coloringbooks #coloringinspiration #marukicoloring #newcoloringbook ",750,7.274026617033558e+18,UNSTOPPABLE EVENING,133.0,f,https://tiktok.com/@/video/7460313462267317534,6769048399762965510,f,"[""coloring"",""unicorns"",""lilisdiary"",""colorwithme"",""coloringbook"",""adultcoloringbook"",""colouringbook"",""coloringbooks"",""coloringinspiration"",""marukicoloring"",""newcoloringbook""]"
7506243928409017631,1747683633,"If your barber makes your tapers look like you're wearing a helmet, book your next appointment with me. 👌 #1corinthians1031 #glorytogod #chicagobarbers #barberinstructor #cosmetologyinstructor #cosmetologist #reuzel #groomingtonic #northlakeillinois #fadedculturestudio #shearwork #barber #barbering #artofbarbering #melroseparkillinois #schillerparkillinois #cookcountyillinois #taperfade ",728,7.274026617033558e+18,UNSTOPPABLE EVENING,133.0,f,https://tiktok.com/@/video/7506243928409017631,7013399177682633734,f,"[""1corinthians1031"",""glorytogod"",""chicagobarbers"",""barberinstructor"",""cosmetologyinstructor"",""cosmetologist"",""reuzel"",""groomingtonic"",""northlakeillinois"",""fadedculturestudio"",""shearwork"",""barber"",""barbering"",""artofbarbering"",""melroseparkillinois"",""schillerparkillinois"",""cookcountyillinois"",""taperfade""]"
7477625746840784174,1741020460,Watch this storefront go from dirty to dazzling! 💦✨ #PowerWashing #CleanTransformation #StorefrontGlowUp #pressurewashing #lasvegas #firstclass #pressurewashingservices #lasvegaspressurewashing #lasvegastiktok #fyp #cleantok #fypシ゚viral #clean #FreshStart #lvpressurewashing #PowerWashPerfection #firstclasslv ,984,7.274026617033558e+18,UNSTOPPABLE EVENING,133.0,f,https://tiktok.com/@/video/7477625746840784174,7220547164752200750,f,"[""powerwashing"",""cleantransformation"",""storefrontglowup"",""pressurewashing"",""lasvegas"",""firstclass"",""pressurewashingservices"",""lasvegaspressurewashing"",""lasvegastiktok"",""fyp"",""CleanTok"",""fyp\u30b7\u309aviral"",""clean"",""freshstart"",""lvpressurewashing"",""powerwashperfection"",""firstclasslv""]"
7514779280413379870,1749670918,12 hours in Chicago 📍✈️✨ Fully planned by my lover boy & executed perfectly 🥹🤍 Safe to say I taught him well 🤭🫶 #fyp #videodiaryofj #traveltok #couple #vlog #onlyfoolsdream #comewithme #chicago #travel #explore #daytrip #boattour #cma ,176,7.274026617033558e+18,UNSTOPPABLE EVENING,133.0,f,https://tiktok.com/@/video/7514779280413379870,6844583825604707334,f,"[""fyp"",""videodiaryofj"",""traveltok"",""couple"",""Vlog"",""onlyfoolsdream"",""comewithme"",""chicago"",""travel"",""explore"",""daytrip"",""boattour"",""cma""]"
7494733079613934890,1745003540,Would you live in this? #rv #camper #rvlife #dealership #idaho ,541,7.274026617033558e+18,UNSTOPPABLE EVENING,133.0,f,https://tiktok.com/@/video/7494733079613934890,7453554511782020142,f,"[""rv"",""camper"",""rvlife"",""dealership"",""idaho""]"
7473173363901467950,1739983776,#teriyakichicken for dinner.  @meathustlernation #spg  @Royal Oak Charcoal #lumpcharcoal  @Weber Grills  @Kikkoman USA  #meathustler #meathustlernation #bbq #bbqlife #pnw #oregon #meathustlernationbbq #smokewithroyaloak #grilling #tiktokfoodie #tiktokeats #comfortfood #fyp #teammeathustlernation #teamroyaloak2025 @Mary Ann Guerra ,603,7.274026617033558e+18,UNSTOPPABLE EVENING,133.0,f,https://tiktok.com/@/video/7473173363901467950,6810946235752809477,f,"[""teriyakichicken"",""spg"",""lumpcharcoal"",""meathustler"",""meathustlernation"",""bbq"",""bbqlife"",""pnw"",""oregon"",""meathustlernationbbq"",""smokewithroyaloak"",""grilling"",""tiktokfoodie"",""tiktokeats"",""comfortfood"",""fyp"",""teammeathustlernation"",""teamroyaloak2025""]"
7509217055070260526,1748375896,From the storefront to the scent lab—just bottled my very own woody‑fresh masterpiece at @Olfactory NYC 🌳✨ Iris • Cashmere • Musk ➜ made for noses that know. Stay tuned — review of the finished fragrance dropping soon👃🏾🔥 #fragrancetoker #fypシ #fypシ゚viral #foryoupage #fragance #OlfactoryNYC #CustomFragrance #FragranceCreator #WoodyFresh #IrisNote #CashmereVibe #MuskMood #PerfumeJourney #ScentStory #FragranceCommunity,348,7.274026617033558e+18,UNSTOPPABLE EVENING,133.0,f,https://tiktok.com/@/video/7509217055070260526,7124740813517440046,f,"[""fragrancetoker"",""fyp\u30b7"",""fyp\u30b7\u309aviral"",""foryoupage"",""fragance"",""olfactorynyc"",""customfragrance"",""fragrancecreator"",""woodyfresh"",""irisnote"",""cashmerevibe"",""muskmood"",""perfumejourney"",""scentstory"",""fragrancecommunity""]"
7422584626574642438,1728205169,По всему миру 🌏 #гиалуроноваякислота #безинъекций #жидкаягиалуронка #упругаякожа ,914,7.274026617033558e+18,UNSTOPPABLE EVENING,133.0,f,https://tiktok.com/@/video/7422584626574642438,7282658012786377734,f,"[""\u0433\u0438\u0430\u043b\u0443\u0440\u043e\u043d\u043e\u0432\u0430\u044f\u043a\u0438\u0441\u043b\u043e\u0442\u0430"",""\u0431\u0435\u0437\u0438\u043d\u044a\u0435\u043a\u0446\u0438\u0439"",""\u0436\u0438\u0434\u043a\u0430\u044f\u0433\u0438\u0430\u043b\u0443\u0440\u043e\u043d\u043a\u0430"",""\u0443\u043f\u0440\u0443\u0433\u0430\u044f\u043a\u043e\u0436\u0430""]"
7421364063260708138,1727920976,"👋🏼 Meet Jasmine Montoya, one of WestCal Academy's Billing & Finance interns!  📍We spotted Jasmine at the ""Meet The Firms"" career fair, hosted by the Student Finance Society at Cal State Dominguez Hills. 📈 Jasmine is majoring in Bachelor of Business Administration with a focus on marketing and related support services.  #westcalacademy #westcal #mentorship #CSUDH #dominguezhills #gotoros #careerfair #businesscommunication #financeintern ",843,7.274026617033558e+18,UNSTOPPABLE EVENING,133.0,f,https://tiktok.com/@/video/7421364063260708138,6984245704319697926,f,"[""westcalacademy"",""westcal"",""mentorship"",""csudh"",""dominguezhills"",""gotoros"",""careerfair"",""businesscommunication"",""financeintern""]"
7494751615652465962,1745007852,Come along as I put a plan together to serve 150 mocktails at an event! #CapCut #ASweetSqueeze #fyp #LemonadeLove #foryoupage #drinktok #lemonade #lemonadebusiness #lemonadeshakeup #concessions #mocktail #mocktails #mocktailrecipe ,534,7.274026617033558e+18,UNSTOPPABLE EVENING,133.0,f,https://tiktok.com/@/video/7494751615652465962,6905922608177759238,f,"[""capcut"",""asweetsqueeze"",""fyp"",""lemonadelove"",""foryoupage"",""drinktok"",""lemonade"",""lemonadebusiness"",""lemonadeshakeup"",""concessions"",""mocktail"",""mocktails"",""mocktailrecipe""]"
7363855900341259566,1714531320,"NowPartner🎙️ THE REAL MOBILE: Only a 3.5 hour drive from Birmingham is our very own Port City. If you love fresh seafood + gorgeous historic homes + culture/art to die for and quick beach access, you need to plan your trip to @Visit Mobile now.   We asked some Mobilians what makes it so great + their answers included: 🎭  ART: The selection of local art at @lupercaliaartsociety 🏛️  HISTORY: Learning something new at the @historymuseumofmobile 🎫 TOURS: Hopping on a tour of the Dora Finley African-American Heritage Trail 🌱 NATURE: Soaking in the natives at @mobilebotanicalgardens  🍽 FOOD: Getting a bite at @callaghans_irish_social_club   👀 Keep watching to hear what Mobile means to locals.  FEATURED INTERVIEWEES ⭐️ Ashley Rains ⭐️ Janae Hudson ⭐️ Walter Calhoun ⭐️ Trey Oliver ⭐️ Karlos Finley 📲 Visit Mobile.org to learn more about the City of Mobile + why the locals LOVE it. 🌺 What do you love the most about Mobile? 👇 #visitmobileal #mobileculture #mobilealabama #vacationdestination #bhamnow ",1886,7.274026617033558e+18,UNSTOPPABLE EVENING,133.0,f,https://tiktok.com/@/video/7363855900341259566,6890606709006795782,f,"[""visitmobileal"",""mobileculture"",""mobilealabama"",""vacationdestination"",""bhamnow""]"
7460679697442082094,1737074861,"🚤 2025 Jeanneau NC 895 Sport Series 2 🚤 Adventure-ready, all-weather comfort, and innovative design—all packed into this versatile cruiser. Perfect for family fun and exploration! See it this week at the 2025 Cleveland Boat Show, Booth 1058!  #JeanneauNC895SportS2 #AdventureAhead #ClevelandBoatShow #ManitowocMarina #AdventureAhead #fyp #newboats #boatsforsale #Jeanneau #greatlakesboating #boating ",676,7.274026617033558e+18,UNSTOPPABLE EVENING,133.0,f,https://tiktok.com/@/video/7460679697442082094,7312511004121580590,f,"[""jeanneaunc895sports2"",""adventureahead"",""clevelandboatshow"",""manitowocmarina"",""fyp"",""newboats"",""boatsforsale"",""jeanneau"",""greatlakesboating"",""boating""]"
7495184002358480174,1745108546,SPUD SHACK 🥔🔥🙌🏾 Foodtruck Review #fypシ #foodreview #Foodie #stlouis #foodtruck #loadedfries #loadedpotato #trending #newspot ,457,7.274026617033558e+18,UNSTOPPABLE EVENING,133.0,f,https://tiktok.com/@/video/7495184002358480174,6805780305816011782,f,"[""fyp\u30b7"",""foodreview"",""Foodie"",""stlouis"",""foodtruck"",""loadedfries"",""loadedpotato"",""trending"",""newspot""]"
7426523098351979818,1729122157,Welcome to 5C at 257 W 17th Street! A true Chelsea loft 🔑 #realty #nycrealestate #realestate #nyc #chelsea #realestateagent #luxuryapartment ,981,7.274026617033558e+18,UNSTOPPABLE EVENING,133.0,f,https://tiktok.com/@/video/7426523098351979818,7393416426356294702,f,"[""realty"",""nycrealestate"",""realestate"",""nyc"",""chelsea"",""realestateagent"",""luxuryapartment""]"
7391891035615481131,1721058759,#landscapedesign #greenscapeslandscape #hardscape #backyardoasisinthemaking ,1865,7.274026617033558e+18,UNSTOPPABLE EVENING,133.0,f,https://tiktok.com/@/video/7391891035615481131,7384802776641569835,f,"[""landscapedesign"",""greenscapeslandscape"",""hardscape"",""backyardoasisinthemaking""]"
7461032046887079214,1737156900,Taking apart a furnace part 2. This furnace was in really bad shape! I can’t believe it ran as long as it did! #furnace #heat #exchanger #rust #soot #hvac #hvaclife #hvactechnician ,1548,7.274026617033558e+18,UNSTOPPABLE EVENING,133.0,f,https://tiktok.com/@/video/7461032046887079214,7349202986051339307,f,"[""furnace"",""heat"",""exchanger"",""rust"",""soot"",""hvac"",""hvaclife"",""hvactechnician""]"
7491538846753099039,1744259857,Bellavita luxury perfume set for him 🖤✨🫧 @BellaVitashop perfume set de 4 perfumes para hombre es perfecto para descubrir nuevos aromas y es una muy buena idea para dar de regalo a tu novio o esposo!🙌🏻🔥 Click the orange cart to shop🛒🛍️#perfumes#perfumesformen#mensperfume#perfumeset#perfumetiktok#perfumetok#perfumereview#perfumerecommendations#perfumes#fragrance#fragrancetiktok#fragrancetok#bellavita#bellavitaluxury#perfumesmasculino#fyp#foryoupage#fypシ ,1944,7.274026617033558e+18,UNSTOPPABLE EVENING,133.0,f,https://tiktok.com/@/video/7491538846753099039,6838751968233145350,f,"[""perfumes"",""perfumesformen"",""mensperfume"",""perfumeset"",""perfumetiktok"",""perfumetok"",""perfumereview"",""perfumerecommendations"",""fragrance"",""fragrancetiktok"",""fragrancetok"",""bellavita"",""bellavitaluxury"",""perfumesmasculino"",""fyp"",""foryoupage"",""fyp\u30b7""]"
7494013012043418926,1744835906,Make springs rolls with me with my sons commentary 🤪😍 #springrolls #shrimp #shrimpspringrolls #healthy #yummy #fyp #lunch #vietnamese #filipino #dinner #food #summerrolls #recipe #cute #tiktok ,378,7.274026617033558e+18,UNSTOPPABLE EVENING,133.0,f,https://tiktok.com/@/video/7494013012043418926,6764135031108649989,f,"[""springrolls"",""shrimp"",""shrimpspringrolls"",""healthy"",""yummy"",""fyp"",""lunch"",""vietnamese"",""filipino"",""dinner"",""food"",""summerrolls"",""Recipe"",""cute"",""tiktok""]"
7494073707426598186,1744850043,"Fine dining, soft lighting, and even better vibes. Girls night in was definitely a hit 💕                                                                                                           #GirlsNightIn #MainCharacterEnergy #SoftLifeEra #BlackGirlLuxury #dinnerparty #host #LuxuryLifestyle #girlies #fypシ #girly #happy #food #girls #nyc  ",201,7.274026617033558e+18,UNSTOPPABLE EVENING,133.0,f,https://tiktok.com/@/video/7494073707426598186,6753726990953890822,f,"[""girlsnightin"",""maincharacterenergy"",""softlifeera"",""blackgirlluxury"",""dinnerparty"",""host"",""luxurylifestyle"",""girlies"",""fyp\u30b7"",""girly"",""happy"",""food"",""girls"",""nyc""]"
7487462850630290719,1743310822,my momcosy s12 pro's duckbill valve fell off while im using it 😩 does this happened to anyone? ☹️ #CapCut #pumpandpour #duckbillvalve #momcosy #momcosys9pro #breastmilk #milk #exclusivelypumping #pumpingmom #breastmilkstash #ebf #mommy #motherhood #postpartumjourney #motherhoodjourney #creatorsearchinsights #fyp ,517,7.274026617033558e+18,UNSTOPPABLE EVENING,133.0,f,https://tiktok.com/@/video/7487462850630290719,6922692053709554693,f,"[""capcut"",""pumpandpour"",""duckbillvalve"",""momcosy"",""momcosys9pro"",""breastmilk"",""milk"",""exclusivelypumping"",""pumpingmom"",""breastmilkstash"",""ebf"",""mommy"",""motherhood"",""postpartumjourney"",""motherhoodjourney"",""creatorsearchinsights"",""fyp""]"
7437562713200610606,1731692521,Here’s a behind-the-scenes look at our second Nemec Brothers location in Glen Ellyn🙌 We’re also walking you through our iconic White Pie – a fan-favorite that’s been a staple on the Zazas and Nemec Brothers menu since day one ,685,7.274026617033558e+18,UNSTOPPABLE EVENING,133.0,f,https://tiktok.com/@/video/7437562713200610606,7019788126491280390,f,[]
7434205719076867358,1730910929,Trying this out.  Lets se how it works.  #Orings #3dprinter #oilfield #oilandgas ,1638,7.274026617033558e+18,UNSTOPPABLE EVENING,133.0,f,https://tiktok.com/@/video/7434205719076867358,6952313665689764870,f,"[""orings"",""3dprinter"",""oilfield"",""oilandgas""]"
7385627315167956254,1719600374,Super sexy summer spheres #icecube #clearice #cocktailice #icetok #flowers #mnice #minnesotaice,1753,7.274026617033558e+18,UNSTOPPABLE EVENING,133.0,f,https://tiktok.com/@/video/7385627315167956254,6961054451131139078,f,"[""icecube"",""clearice"",""cocktailice"",""icetok"",""flowers"",""mnice"",""minnesotaice""]"
7493806484703300907,1744787807,Its cool to sight fish and see them react to your bait. 🎣  #fishing #bassfishing #fishtok #fishinglife #bass #roboworm #fishingtips #fyp #outdoors #dropshot #getoutside ,418,7.274026617033558e+18,UNSTOPPABLE EVENING,133.0,f,https://tiktok.com/@/video/7493806484703300907,7701123,f,"[""fishing"",""bassfishing"",""fishtok"",""fishinglife"",""bass"",""roboworm"",""fishingtips"",""fyp"",""Outdoors"",""dropshot"",""getoutside""]"
7478284927658659102,1741173908,"PR has come a long way in the last 15 years! It’s no longer just about media relationships, it’s about crafting authentic stories that connect with your audience, no matter the platform. 🌟 As PR evolves, the focus is on creativity, adaptability, and staying true to your brand’s core values. Let’s work together to build your brand and tell your unique story! #nyc #entrepreneur #publicrelations #jmgpr #pr #pragency #strategy #prssa #prfirm #prstrategy",941,7.274026617033558e+18,UNSTOPPABLE EVENING,133.0,f,https://tiktok.com/@/video/7478284927658659102,6958870093468959750,f,"[""nyc"",""entrepreneur"",""publicrelations"",""jmgpr"",""pr"",""pragency"",""strategy"",""prssa"",""prfirm"",""prstrategy""]"
7501800842391981334,1746649123,Tag 2 in Miami 🌴 #miami #miamibeach #southbeach #miamivibes #sunny #holiday #miamisouthbeach #miamicruise #miamisightseeing #vlog #vlogging #miamivlog #day2 #tiktok #fyp #foryou #viral #gebemirmühe #mitliebe #miamivibes #miamilife #florida #floridavibes #surf #miamisurf #sunrise #miamicruise #yacht #miamiyacht #miamihotel #trolley #freetrolley #collinsexpress #shakeshak #burrito #littlehavana #calle8 #miamibeach #beachvibes #miamitrip #collinspark #miamiparty ,308,7.274026617033558e+18,UNSTOPPABLE EVENING,133.0,f,https://tiktok.com/@/video/7501800842391981334,6778271869847847941,f,"[""miami"",""miamibeach"",""southbeach"",""miamivibes"",""sunny"",""holiday"",""miamisouthbeach"",""miamicruise"",""miamisightseeing"",""Vlog"",""vlogging"",""miamivlog"",""day2"",""tiktok"",""fyp"",""foryou"",""viral"",""gebemirm\u00fche"",""mitliebe"",""miamilife"",""florida"",""floridavibes"",""surf"",""miamisurf"",""sunrise"",""yacht"",""miamiyacht"",""miamihotel"",""trolley"",""freetrolley"",""collinsexpress"",""shakeshak"",""burrito"",""littlehavana"",""calle8"",""beachvibes"",""miamitrip"",""collinspark"",""miamiparty""]"
7450520450016234774,1734709477,#usa🇺🇸 #America cyber smart#cyber #Smart ,427,7.274026617033558e+18,UNSTOPPABLE EVENING,133.0,f,https://tiktok.com/@/video/7450520450016234774,7279413350245680161,f,"[""usa\ud83c\uddfa\ud83c\uddf8"",""america"",""cyber"",""smart""]"
7459790707763727662,1736867891,"“We just can’t keep it clean”  -We hear this every day, and we’re here to help!  Once we get your showers restored and looking great, they’ll be easy to keep up; because we don’t simply clean, we diagnose and fix the root causes!  Give us a call or shoot us a message for a free consultation and quote! We would love the opportunity to earn your business!  We are a local, family owned & operated company that’s been serving the Memphis area since 2003 and have over a thousand 5 star reviews online! Satisfaction guaranteed. If you’re in the Memphis area and you have any needs for natural stone care, cleaning or refinishing any kind of floors, or even pressure washing to roof cleaning, give us a call! We do it all!  Memphis Area Steam Cleaning & Stone Experts: RotoClean Services 901-644-8000 💥Carpet cleaning, odor removal, scotchgard, etc. 💥Tile & Grout cleaning, sealing, color-sealing, grout repair 💥Stone repair, honing, polishing, sealing    (Marble, travertine, limestone, granite, terrazzo, brick, etc.  💥Stone Countertop polishing & sealing 💥Hardwood sanding, screening, refinishing, deep cleaning & sandless refinishing 💥 VCT stripping & waxing 💥 LVP (luxury vinyl plank) & LVT (luxury vinyl tile) cleaning & sealing 💥Upholstery cleaning  💥Concrete cleaning, sealing, & polishing 💥Glass polishing & mineral deposit removal 💥Pressure washing, soft wash, roof wash 💥Fiber protectants  💥Shower stall restoration  💥Grout, caulk, & silicone replacement  Website: www.rotocleanmemphis.com Facebook: www.facebook.com/rotoclean Instagram: https://www.instagram.com/rotoclean_services?igsh=aDcydm1pa3d1MTF0&utm_source=qr YouTube: https://youtube.com/@rotocleanservices5153?si=mWX6wGNDPi-UXFr1 TikTok: https://www.tiktok.com/@rotoclean_services?_t=8l2qPOFJgj5&_r=1 See our google reviews!   https://g.co/kgs/wjkFFk",1729,7.274026617033558e+18,UNSTOPPABLE EVENING,133.0,f,https://tiktok.com/@/video/7459790707763727662,7168838867616105514,f,[]
7516887530810117381,1750161767,Catch me build this live. twitch.tv/glennplays_mc #twitch #minecraftbuild #minecraft #pinterest #streamer ,717,7.274026617033558e+18,UNSTOPPABLE EVENING,133.0,f,https://tiktok.com/@/video/7516887530810117381,7016266624873726982,f,"[""twitch"",""minecraftbuild"",""Minecraft"",""pinterest"",""streamer""]"
7488842076583447838,1743631952,"Step into luxury. This primary closet features custom maple cabinetry, built-in organization, and its own in-suite washer and dryer for effortless living. #CustomHome #LuxuryCloset #HomeDesign #VitruvianHomes #constructionupdate ",467,7.274026617033558e+18,UNSTOPPABLE EVENING,133.0,f,https://tiktok.com/@/video/7488842076583447838,7434946671395669023,f,"[""customhome"",""luxurycloset"",""homedesign"",""vitruvianhomes"",""constructionupdate""]"
7460722640244788510,1737084867,Thursday afternoon as a 29 year old dad of two. #dayinthelife #dadlife #girldad ,407,7.274026617033558e+18,UNSTOPPABLE EVENING,133.0,f,https://tiktok.com/@/video/7460722640244788510,7140636814662304811,f,"[""dayinthelife"",""dadlife"",""girldad""]"
7495498323969756462,1745181731,Dubai's Unique Chocolate Bar #creatorsearchinsights #foryoupage #fory #foryoupage #chocolate #dubaicuisine #foodie #viralrecipes #gourmet #dubaicheesecakechocolate #viralchocolate #dubaichocolate ,556,7.274026617033558e+18,UNSTOPPABLE EVENING,133.0,f,https://tiktok.com/@/video/7495498323969756462,7000601465443501061,f,"[""creatorsearchinsights"",""foryoupage"",""fory"",""chocolate"",""dubaicuisine"",""Foodie"",""viralrecipes"",""gourmet"",""dubaicheesecakechocolate"",""viralchocolate"",""dubaichocolate""]"
7501036765264858399,1746471255,Whole Foods haulll !! focusing on whole foods (no pun intended) — & trying to limit processed foods and sticking to items with simple ingredients!  #asmr #wholefoods #groceryhaul ,324,7.274026617033558e+18,UNSTOPPABLE EVENING,133.0,f,https://tiktok.com/@/video/7501036765264858399,6756351471510111238,f,"[""asmr"",""wholefoods"",""groceryhaul""]"
7488732298620259627,1743606378,Matchday 2 for my @CV Fuego Fútbol Club but the first home match (sorry for the crappy audio my mics are dead right now 😭) @The League FC #cvfuego #albionsiliconvalley #theleagueforclubs #amateursoccer #thatsoccerfoo #fresno559 #fyp#CapCut ,517,7.274026617033558e+18,UNSTOPPABLE EVENING,133.0,f,https://tiktok.com/@/video/7488732298620259627,7316983290668991530,f,"[""cvfuego"",""albionsiliconvalley"",""theleagueforclubs"",""amateursoccer"",""thatsoccerfoo"",""fresno559"",""fyp"",""capcut""]"
7494842286774471982,1745028979,Spring clean & rearranging art.  #interiordecor #seattleinteriors ,289,7.274026617033558e+18,UNSTOPPABLE EVENING,133.0,f,https://tiktok.com/@/video/7494842286774471982,7013926282565190661,f,"[""interiordecor"",""seattleinteriors""]"
7488281228303551790,1743501470,Setting up my new Active 2.0 🙂 what’s your favorite pressure washer for mobile detailing? Call or DM us to make an appointment…your car will thank you!l #active2point0 #active #detailing #highenddetailing #detailersoftiktok #glosshaus #psdetailproducts #glosshausautospa #creatorsearchinsights ,436,7.274026617033558e+18,UNSTOPPABLE EVENING,133.0,f,https://tiktok.com/@/video/7488281228303551790,7438314922050372650,f,"[""active2point0"",""active"",""detailing"",""highenddetailing"",""detailersoftiktok"",""glosshaus"",""psdetailproducts"",""glosshausautospa"",""creatorsearchinsights""]"
7461967064903814446,1737374735,Forgetting to take before pics is real pain… #cardetailingnearme #cardetail #cleancar #foryoupage #vir #rangerover ,367,7.274026617033558e+18,UNSTOPPABLE EVENING,133.0,f,https://tiktok.com/@/video/7461967064903814446,7408730847773541419,f,"[""cardetailingnearme"",""cardetail"",""cleancar"",""foryoupage"",""vir"",""rangerover""]"
7498147141655809311,1745798446,Jake of all trades… #epoxy #epoxyfloor #epoxygaragefloor #garage #garagegoals #30a #smallbusiness #smallbusinessowner #fyp #diy ,1121,7.274026617033558e+18,UNSTOPPABLE EVENING,133.0,f,https://tiktok.com/@/video/7498147141655809311,6742280677247550469,f,"[""epoxy"",""epoxyfloor"",""epoxygaragefloor"",""garage"",""garagegoals"",""30a"",""SmallBusiness"",""smallbusinessowner"",""fyp"",""DIY""]"
7488548156540603678,1743563511,one of the best Michelin ⭐️ Korean steakhouses in NYC #cote #steakhouse #nyc #fyp #travel #f #michelin #foodie ,1059,7.274026617033558e+18,UNSTOPPABLE EVENING,133.0,f,https://tiktok.com/@/video/7488548156540603678,6553380158278238209,f,"[""cote"",""steakhouse"",""nyc"",""fyp"",""travel"",""f"",""michelin"",""Foodie""]"
7410901137454353695,1725484898,"WOW WOW WOW! What an incredible honor that Bleu Rx has been selected as a Merz Center of Excellence facility! This recognition means the world to us, and we’re so grateful to Merz for providing us with the knowledge and tools to deliver exceptional results for our clients. 🩵 None of this would have been possible without the trust and support of our amazing Bleu family! Thank you, thank you, THANK YOU from the bottom of our hearts! Along with this incredible honor, Savannah has been recognized as a Merz Aesthetics Exchange Educator! 💉 As one of the few in the United States with this distinction, her dedication to growing Bleu Academy and teaching other injectors truly sets her apart. She’s leading the way and inspiring others in the industry. We love you and are SO proud of you, Savannah! 🩵 #MAXEducator #MerzCenterofExcellence #MerzAesthetics #bleurx #bleurxsolutions #medspa #bleuacademy ",731,7.274026617033558e+18,UNSTOPPABLE EVENING,133.0,f,https://tiktok.com/@/video/7410901137454353695,7235389135900361771,f,"[""maxeducator"",""merzcenterofexcellence"",""merzaesthetics"",""bleurx"",""bleurxsolutions"",""medspa"",""bleuacademy""]"
7504016461405572398,1747165037,#unicornskin #deodorantviral #deodorantorganic #darkskin #removesdarkskin #darkskins #arms #beautifularmpits #armpits #armpitsdetox #whitearmpits #darkunderarmstreatment #darkunderarms #tiktok #tiktokshop #tiktokmademebuyit #tiktokbeauty #tiktokshopfinds #beauty #beautytips #beautyreview #beautyroutine #beautyhack #beautyessentials #beautytok #underarm #darkunderarmsolution #axilas #axilasoscuras #axilasmanchadas #axilasbonitas #desodoranteblanqueador #desodorante #desodorantenatural #desodoranteaclarador #lighteningdeodorant #lightening #stainedarmpits ,1026,7.274026617033558e+18,UNSTOPPABLE EVENING,133.0,f,https://tiktok.com/@/video/7504016461405572398,6686825430899459078,f,"[""unicornskin"",""deodorantviral"",""deodorantorganic"",""darkskin"",""removesdarkskin"",""darkskins"",""arms"",""beautifularmpits"",""armpits"",""armpitsdetox"",""whitearmpits"",""darkunderarmstreatment"",""darkunderarms"",""tiktok"",""TikTokShop"",""tiktokmademebuyit"",""TikTokBeauty"",""tiktokshopfinds"",""beauty"",""beautytips"",""BeautyReview"",""beautyroutine"",""beautyhack"",""beautyessentials"",""BeautyTok"",""underarm"",""darkunderarmsolution"",""axilas"",""axilasoscuras"",""axilasmanchadas"",""axilasbonitas"",""desodoranteblanqueador"",""desodorante"",""desodorantenatural"",""desodoranteaclarador"",""lighteningdeodorant"",""lightening"",""stainedarmpits""]"
7496323253544193326,1745373798,#creatorsearchinsights Easy Clean Dinner: Sausages with Parmesan Potatoes #deliciouscleandinnerinunder30minutes #cleandinner #MealPrep #Cleaneating #healthyrecipes #easydinner ,522,7.274026617033558e+18,UNSTOPPABLE EVENING,133.0,f,https://tiktok.com/@/video/7496323253544193326,6784968527582708741,f,"[""creatorsearchinsights"",""deliciouscleandinnerinunder30minutes"",""cleandinner"",""mealprep"",""cleaneating"",""healthyrecipes"",""easydinner""]"
7486120514432372011,1742998274,Come along on the job walkthrough and check out the final results! 🌿✨ This row of podocarpus is giving major backyard goals! Would you add these beauties to your yard? Let us know what you think! 💚  #GardenGoals #Landscaping #Podocarpus #OutdoorVibes #jobwalkthrough #crew #hedge #florida #plants #coastalcreations #30a #backyard #transformation #plantsofinsta #shrubs #springbreak #finalresults ,1609,7.274026617033558e+18,UNSTOPPABLE EVENING,133.0,f,https://tiktok.com/@/video/7486120514432372011,6913992732307309573,f,"[""gardengoals"",""landscaping"",""podocarpus"",""outdoorvibes"",""jobwalkthrough"",""crew"",""hedge"",""florida"",""plants"",""coastalcreations"",""30a"",""backyard"",""transformation"",""plantsofinsta"",""shrubs"",""springbreak"",""finalresults""]"
7488550574867107118,1743564087,Part 2: Winnie the Pooh balloon decor prep work 🍯 stay tuned for the reveal ✨ #winniethepooh #winniethepoohandfriends #balloondecorations #balloonstylist #winniethepoohtheme #kidsbirthdayparty #canvamockups ,480,7.274026617033558e+18,UNSTOPPABLE EVENING,133.0,f,https://tiktok.com/@/video/7488550574867107118,7147734500151903278,f,"[""winniethepooh"",""winniethepoohandfriends"",""balloondecorations"",""balloonstylist"",""winniethepoohtheme"",""kidsbirthdayparty"",""canvamockups""]"
7469443715472592174,1739115451,📍🥊New location @Rumbleboxingdrphillips - sign up for your free intro class! Currently scooping out things to do for our team at work and stumbled upon boxing! Would you take a boxing class if your workplace provided it? Talk about stress relief 🥊 . . . . #fyp #gym #workout #fitness #boxing #trysomethingnew #work #trend #orlando #fleoida #thingstodo ,1600,7.274026617033558e+18,UNSTOPPABLE EVENING,133.0,f,https://tiktok.com/@/video/7469443715472592174,1409645,f,"[""fyp"",""gym"",""workout"",""Fitness"",""boxing"",""trysomethingnew"",""work"",""trend"",""orlando"",""fleoida"",""thingstodo""]"
7475005991566707998,1740410510,Experiencing luxury in motion at Dacor.  Private chef demo + showroom tour = designer heaven! That agate fridge moment though?! #interiordesign #luxurykitchen #dacor #designstudent #kitchendesign,401,7.274026617033558e+18,UNSTOPPABLE EVENING,133.0,f,https://tiktok.com/@/video/7475005991566707998,7455052118643999786,f,"[""interiordesign"",""luxurykitchen"",""dacor"",""designstudent"",""kitchendesign""]"
7476888096496307487,1740848701,Great for breakfast meal prep or for sehri time - will keep you nice and full during the day! #breakfastideas #ramadanrecipes #breakfastsandwich #recipe #recipesoftiktok #ramadanmubarak ,755,7.274026617033558e+18,UNSTOPPABLE EVENING,133.0,f,https://tiktok.com/@/video/7476888096496307487,6845770957455688709,f,"[""breakfastideas"",""ramadanrecipes"",""breakfastsandwich"",""Recipe"",""recipesoftiktok"",""RamadanMubarak""]"
7405263206794415390,1724172215,Almost every barbers favorite trimmer. What trimmers are you using ?? #barber #clippers #review #barbershop #babyliss #trimmers ,1593,7.274026617033558e+18,UNSTOPPABLE EVENING,133.0,f,https://tiktok.com/@/video/7405263206794415390,7012671977693742085,f,"[""barber"",""clippers"",""review"",""barbershop"",""babyliss"",""trimmers""]"
7504445876203539742,1747264973,Happy Hump Day Rose Fam! Today we’re talking with the team to hear what everybody’s dream three car garage would be! Comment down below your dream three car garage!  Special thank you to Johnny from @nakayamamotorsports for taking part in the vid! Follow us on our other socials! Instagram: @rosemotorcars Facebook: @rosemotorcars Give us a call at 510-400-6042!! #Dreamcar #rosemotorcars #ElectricCars #cars #carsoftiktok #community #passion #fyp #fypシ #fypage #fypシ゚viral #fyyyyyyyyyyyyyyyy ,596,7.274026617033558e+18,UNSTOPPABLE EVENING,133.0,f,https://tiktok.com/@/video/7504445876203539742,7181588274357175342,f,"[""dreamcar"",""rosemotorcars"",""electriccars"",""cars"",""carsoftiktok"",""community"",""passion"",""fyp"",""fyp\u30b7"",""fypage"",""fyp\u30b7\u309aviral"",""fyyyyyyyyyyyyyyyy""]"
7475120006192188714,1740437031,Brunch box review Belleville nj #fyp #foodtok #foodtiktok #foodreviews #njrestaurants #foodcritic #breakfast #brunchtok ,587,7.274026617033558e+18,UNSTOPPABLE EVENING,133.0,f,https://tiktok.com/@/video/7475120006192188714,6965904012638733317,f,"[""fyp"",""FoodTok"",""foodtiktok"",""foodreviews"",""njrestaurants"",""foodcritic"",""breakfast"",""brunchtok""]"
7498790059995401518,1745948130,"Currently a successful AirBNB, this home is available and can be sold with all of its furnishings. It’s perfect as an active short term rental too! 🫂  If you love this home, leave me a comment with your thoughts or send me a DM to work together! #tampabay #tamparealtor #sellingagent #buyingagent #movetoflorida #buyingandsellingrealestate #stpetersburgflorida #relocation #homebuyingtips #floridaliving #hometours #homebuyers #floridarealtor #movetotampa #homeselling #tampafl #tampaflorida #vlog #florida #floridahomes #tampa #southtampa #floridalife #floridaliving #homeshopping #homebuyertips #homebuying101 #hombuyingprocess #tampahomes #tampahomesforsale #hometour #floridarealestate ",15697,7.274026617033558e+18,UNSTOPPABLE EVENING,133.0,f,https://tiktok.com/@/video/7498790059995401518,6733248092122137605,f,"[""tampabay"",""tamparealtor"",""sellingagent"",""buyingagent"",""movetoflorida"",""buyingandsellingrealestate"",""stpetersburgflorida"",""relocation"",""homebuyingtips"",""floridaliving"",""hometours"",""homebuyers"",""floridarealtor"",""movetotampa"",""homeselling"",""tampafl"",""tampaflorida"",""Vlog"",""florida"",""floridahomes"",""tampa"",""southtampa"",""floridalife"",""homeshopping"",""homebuyertips"",""homebuying101"",""hombuyingprocess"",""tampahomes"",""tampahomesforsale"",""hometour"",""floridarealestate""]"
7512600945486859562,1749163763,E vc já conhecia essa loja ?? Quem mais ama produtos Coreanos ? 📍Beauty Master  7175 W Colonial Dr Orlando  #beauty #skincare #korean #usa #cosmeticos #beleza #skin #capcut ,302,7.274026617033558e+18,UNSTOPPABLE EVENING,133.0,f,https://tiktok.com/@/video/7512600945486859562,7480228950456157226,f,"[""beauty"",""skincare"",""korean"",""usa"",""cosmeticos"",""beleza"",""skin"",""capcut""]"
7493999102997351711,1744832670,$12 pho in Midtown? Had to check it out #nyceats #phonyc #vietnamesefood #nyccheapeats #nycvietnamesefood #vietnameserestaurant #quickpho ,424,7.274026617033558e+18,UNSTOPPABLE EVENING,133.0,f,https://tiktok.com/@/video/7493999102997351711,6805010350918026245,f,"[""nyceats"",""phonyc"",""vietnamesefood"",""nyccheapeats"",""nycvietnamesefood"",""vietnameserestaurant"",""quickpho""]"
7430093722206883115,1729953511,Need a good eyebrow or lash tint ? @Godefroy got you. In less then 20mins you got yourself eyebrow tint! Super fast and easy 🤎🍒✨ #godefroy #lashtint #eyebrows #tiktokshop #eyebrowsonfleek #waterproofmakeup #tiktokpartner #trending #fypシ #trending #chicagomuas #muasunder10k #grwmroutine #grwm #paratii #chicagotiktok ,2978,7.274026617033558e+18,UNSTOPPABLE EVENING,133.0,f,https://tiktok.com/@/video/7430093722206883115,6773289656974164998,f,"[""godefroy"",""lashtint"",""eyebrows"",""TikTokShop"",""eyebrowsonfleek"",""waterproofmakeup"",""tiktokpartner"",""trending"",""fyp\u30b7"",""chicagomuas"",""muasunder10k"",""grwmroutine"",""grwm"",""paratii"",""chicagotiktok""]"
7472597325706448174,1739849679,Trying @Cousins Maine Lobster for the first time!🤤🦞 #fyp #foodtiktok #foryoupage #dallas ,555,7.274026617033558e+18,UNSTOPPABLE EVENING,133.0,f,https://tiktok.com/@/video/7472597325706448174,6768178695912932357,f,"[""fyp"",""foodtiktok"",""foryoupage"",""dallas""]"
7493186865017802014,1744643567,Have you ever try Thai food? Come to Sandee’s for delicious curries and more! www.sandeesthaifusion.com #thaifood #thaicuisine #curry #thaicurry #spicybasil #spicy #delicious #cozy #warmvibe #downtownjanesville #janesvillewisconsin #onlineorder #dinein #delivery  #panangcurry #massamancurry #basil #cookfresh #craftfood #foodie #rockcounty #foodietiktok #cometry #hiddengems ,402,7.274026617033558e+18,UNSTOPPABLE EVENING,133.0,f,https://tiktok.com/@/video/7493186865017802014,7164531093323236398,f,"[""thaifood"",""thaicuisine"",""curry"",""thaicurry"",""spicybasil"",""spicy"",""delicious"",""cozy"",""warmvibe"",""downtownjanesville"",""janesvillewisconsin"",""onlineorder"",""dinein"",""delivery"",""panangcurry"",""massamancurry"",""basil"",""cookfresh"",""craftfood"",""Foodie"",""rockcounty"",""foodietiktok"",""cometry"",""hiddengems""]"
7502145122667269422,1746729290,You’re not gonna be perfect on day 1. So stop beating yourself up. Come up with a plan. Make the plan so you gradually get close to where you wanna be each day. Execute the plan. Watch the results flow in. ,390,7.274026617033558e+18,UNSTOPPABLE EVENING,133.0,f,https://tiktok.com/@/video/7502145122667269422,6926282104230921221,f,[]
7479841611950607646,1741536375,"💫 Card of the day - The Whip card The card of the day Whip symbolizes cleansing, conflicts, tension, and the need to sort out chaos. If this card appears as your card of the day, it may point to the following aspects: ✨Cleansing and Order: Today may require you to bring order to some area of your life. This could be physical cleaning (like tidying up) or emotional/mental cleansing (letting go of old grudges, negative thoughts, or toxic relationships). ✨Conflicts and Disputes: The card may warn of potential conflicts or tense situations. Be prepared for disagreements with others today. Try to stay calm and avoid rising to provocations. ✨Taking Action: The ""Whip"" often indicates the need to act quickly and decisively. You may need to ""clear the clutter"" or address issues that have been ignored for too long. ✨Energy of Change: This card brings the energy of change, though sometimes through painful or uncomfortable situations. Be ready for old habits or patterns to be swept away to make room for something new. ✨A Warning: If you feel there is chaos or confusion in your life, the card advises against procrastination. Ignoring problems could make things worse. ✨My experience: The Whip card can also hint at a passionate intimate encounter 😉. Have a wonderful day, everyone!🫶🏼 P.S. Remember, this is a general forecast. 😉 #LenormandReading   #CardOfTheDay   #DailyLenormand   #LenormandTok   #LenormandGuidance   #TarotCardOfTheDay   #LenormandCardOfTheDay #cardoftheday🔮  #lenormanddeck  #lenormandreading  #LenormandMagic  #lenormandcards ",359,7.274026617033558e+18,UNSTOPPABLE EVENING,133.0,f,https://tiktok.com/@/video/7479841611950607646,7303995925385511979,f,"[""lenormandreading"",""cardoftheday"",""dailylenormand"",""lenormandtok"",""lenormandguidance"",""tarotcardoftheday"",""lenormandcardoftheday"",""cardoftheday\ud83d\udd2e"",""lenormanddeck"",""lenormandmagic"",""lenormandcards""]"
7507302809516182830,1747930159,🍩This is how we create smiles—one mini donut at a time!”#minidonuts #smallbusiness #foryouu #ct #entrepreneur #foryouu ,677,7.274026617033558e+18,UNSTOPPABLE EVENING,133.0,f,https://tiktok.com/@/video/7507302809516182830,6972738059494376453,f,"[""minidonuts"",""SmallBusiness"",""foryouu"",""ct"",""entrepreneur""]"
7497658795292658974,1745684753,Part:I Unbox Smiskis @ Work Seriesw/me! Bought this series & another series (I’ll unbox in the future) from little obsessed.com. All the Smiski are legit! Check them out!  #smiksiusa #smiskifigures #smiski #trinkets #fyp #foryoupage #smiskiunboxing #blindboxopening #blindbox #littleobsessed #littleobssessedwebsite #unboxingtoys #unboxwithme ,359,7.274026617033558e+18,UNSTOPPABLE EVENING,133.0,f,https://tiktok.com/@/video/7497658795292658974,6800927145847882758,f,"[""smiksiusa"",""smiskifigures"",""smiski"",""trinkets"",""fyp"",""foryoupage"",""smiskiunboxing"",""blindboxopening"",""blindbox"",""littleobsessed"",""littleobssessedwebsite"",""unboxingtoys"",""unboxwithme""]"
7444647470631505182,1733342072,"😳 Yes, mold can grow in a saline implant. If the implant is damaged or contaminated during surgery, there is a very small possibility of microbial growth, including mold, that can occur inside the implant. Let me know your thoughts 💭  #moldtoxicity #mold #health #wellness #doctor #surgeon #plasticsurgery ",2616,7.274026617033558e+18,UNSTOPPABLE EVENING,133.0,f,https://tiktok.com/@/video/7444647470631505182,6968951431748502534,f,"[""moldtoxicity"",""mold"",""health"",""wellness"",""doctor"",""surgeon"",""plasticsurgery""]"
7494375523636808991,1744920290,Check this out! This is a prime example of why yard signs are a must for your pressure washing business! Make your presence known and watch the customers roll in! #pressurewashingbusiness #pressurewashingtips  #pressurewashingbuisnesstips  #pressurewashingforbeginners  #pressurewasher #pressurewashingvideo #pressurewashingequipment  #pressurewashingchemicals  #pressurewashingtipsandtricks,688,7.274026617033558e+18,UNSTOPPABLE EVENING,133.0,f,https://tiktok.com/@/video/7494375523636808991,7293612253705913387,f,"[""pressurewashingbusiness"",""pressurewashingtips"",""pressurewashingbuisnesstips"",""pressurewashingforbeginners"",""pressurewasher"",""pressurewashingvideo"",""pressurewashingequipment"",""pressurewashingchemicals"",""pressurewashingtipsandtricks""]"
7500741059559968030,1746402398,"HARLOW & PEARL Mt Pleasant, SC @HarlowandPearl  #coffee #coffeeshop #charleston #charlestonsc #mountpleasent #mtpleasant #northcharleston #bakery #thingstodoincharleston #dateideas #shopping #cafe #icedcoffee #latteart ",511,7.274026617033558e+18,UNSTOPPABLE EVENING,133.0,f,https://tiktok.com/@/video/7500741059559968030,6801628303456994309,f,"[""coffee"",""coffeeshop"",""charleston"",""charlestonsc"",""mountpleasent"",""mtpleasant"",""northcharleston"",""bakery"",""thingstodoincharleston"",""dateideas"",""shopping"",""cafe"",""icedcoffee"",""latteart""]"
7509020644571352351,1748330155,Revitaliza tus ojos 👁️ cansados con estos parches de del de 24k✨y has que tu mirada se vea reluciente y fresca ✨@Tibobo Official #eyemask#eyemasks#beautytok#tibobo#tibobo24k#24keyemask##24k#skincare#skincareroutine#skincareproduct#essential#beautyessentials#tiktokshop#tiktokshopfinds#beautytips#fyp#selfcareroutine#selfcarefinds#creatorsearchinsights#viral#parati#puffyeyes  ,830,7.274026617033558e+18,UNSTOPPABLE EVENING,133.0,f,https://tiktok.com/@/video/7509020644571352351,6838751968233145350,f,"[""eyemask"",""eyemasks"",""BeautyTok"",""tibobo"",""tibobo24k"",""24keyemask"",""24k"",""skincare"",""skincareroutine"",""skincareproduct"",""essential"",""beautyessentials"",""TikTokShop"",""tiktokshopfinds"",""beautytips"",""fyp"",""selfcareroutine"",""selfcarefinds"",""creatorsearchinsights"",""viral"",""parati"",""puffyeyes""]"
7463538187164568878,1737740445,"What is Resin?! What is Resin? Exploring the Aromatic World of Natural Gum Resins Resins are nature’s aromatic treasures, extracted from trees and plants around the world. In this video, we dive into the fascinating world of resins and their incredible uses in perfumery, incense, and traditional practices. Topics Covered: 🌟 Frankincense – Known as the “king of resins,” this fragrant substance from Boswellia trees offers woody, citrusy, and balsamic notes, often used for meditation and spiritual rituals. 🌟 Copal – A clean, pine-like resin from Bursera trees that is revered in Mesoamerican cultures. Learn why it’s a favorite for ceremonies and fresh, resinous fragrances. 🌟 Benzoin – Sweet and vanilla-like, this resin from Styrax trees is a staple in perfumery for its warm, balsamic aroma and excellent fixative properties. 🌟 Myrrh – Smoky, earthy, and mysterious, this resin from Commiphora trees has been treasured for centuries in rituals and as a key ingredient in oriental perfumes. 🌟 Labdanum – A rich, ambery resin derived from the Rockrose shrub, adding depth and warmth to many iconic fragrances. Discover how these natural gum resins are harvested, their unique scent profiles, and why they remain vital to perfumery and incense-making today! 🕯️ Don’t forget to subscribe for more insights into the art and science of fragrance. #Resin #Frankincense #Myrrh #Benzoin #Labdanum #Copal #Perfume #Incense #mybakhoor #fyp",4844,7.274026617033558e+18,UNSTOPPABLE EVENING,133.0,f,https://tiktok.com/@/video/7463538187164568878,7053656172332090374,f,"[""resin"",""frankincense"",""myrrh"",""benzoin"",""labdanum"",""copal"",""perfume"",""incense"",""mybakhoor"",""fyp""]"
7461230996088802602,1737203239,Circadian peptide gives the skin and instant firming and tightening effect . #peptidemask #facemask #facialmask #skincare #skintreatment #circadiaskincare #liftingfacial #liftingmask #tighteningskin #ledtherapy #ledfacial #facial #esthetician #esteticista ,953,7.274026617033558e+18,UNSTOPPABLE EVENING,133.0,f,https://tiktok.com/@/video/7461230996088802602,6803311345715823622,f,"[""peptidemask"",""facemask"",""facialmask"",""skincare"",""skintreatment"",""circadiaskincare"",""liftingfacial"",""liftingmask"",""tighteningskin"",""ledtherapy"",""ledfacial"",""facial"",""esthetician"",""esteticista""]"
7470999217096428831,1739477569,Mabel’s #foodtrucklife❤ #FoodiesOfTikTok #FoodLovers #katytxfood ,397,7.274026617033558e+18,UNSTOPPABLE EVENING,133.0,f,https://tiktok.com/@/video/7470999217096428831,6674351278158300165,f,"[""foodtrucklife\u2764"",""foodiesoftiktok"",""foodlovers"",""katytxfood""]"
7445065590974205240,1733439423,"Watch Cody build his ultimate burrito 🌯🔥 At Barrio Burrito Bar, it’s all about customizing it YOUR way. Pull up to 3921 Franklin Rd and level up your lunch! #BurritoVibes #MurfreesboroEats #BarrioBurritoBar",1648,7.274026617033558e+18,UNSTOPPABLE EVENING,133.0,f,https://tiktok.com/@/video/7445065590974205240,7392706490039763974,f,"[""burritovibes"",""murfreesboroeats"",""barrioburritobar""]"
7509269781187513630,1748388140,"Don’t waste your time, live the word! ##subiramovement##youngandfaithful##jesusmovement##christanlife##preach##faith##christianyoungadults##christianlifestyle##christianlife",281,7.274026617033558e+18,UNSTOPPABLE EVENING,133.0,f,https://tiktok.com/@/video/7509269781187513630,7496183680655885358,f,"[""subiramovement"",""youngandfaithful"",""jesusmovement"",""christanlife"",""preach"",""faith"",""christianyoungadults"",""christianlifestyle"",""christianlife""]"
7512234511543979295,1749078422,Replying to @Meg I deliver. Here are the results from my very first photo shoot.  . . . . #35mmphotography #35mmFilm #analogvibes #moodyvibes #shootfilmlikeme #filmisnotdead ,473,7.274026617033558e+18,UNSTOPPABLE EVENING,133.0,f,https://tiktok.com/@/video/7512234511543979295,7508022440330036255,f,"[""35mmphotography"",""35mmfilm"",""analogvibes"",""moodyvibes"",""shootfilmlikeme"",""filmisnotdead""]"
7513963291459194142,1749480940,A little look into what it takes to get to these dreamy copper colors we all loveeee  #behindthechair #copperhaircolor #houstontx #houstonhairstylist #foryoupage #fypシ #copperhair ,265,7.274026617033558e+18,UNSTOPPABLE EVENING,133.0,f,https://tiktok.com/@/video/7513963291459194142,6748391450356270085,f,"[""behindthechair"",""copperhaircolor"",""houstontx"",""houstonhairstylist"",""foryoupage"",""fyp\u30b7"",""copperhair""]"
7468350293554498846,1738860816,Still drink coffee every day & be healthier by doing so? No brainer ! @Purity Coffee  #purity #coffee #beans #espresso #latte #fyp #coffeebar #healthy #lifestyle ,562,7.274026617033558e+18,UNSTOPPABLE EVENING,133.0,f,https://tiktok.com/@/video/7468350293554498846,6809749995849630726,f,"[""purity"",""coffee"",""beans"",""espresso"",""latte"",""fyp"",""coffeebar"",""healthy"",""Lifestyle""]"
7413810088235863327,1726162186,Got to meet the ONE AND ONLY @pokilegends 🥳🤩🤩 Super surreal to finally meet your acquaintance ❤️🕺 love everything you do and stand for thanks for being my daily inspiration 🤲 #pokilegends #pokemon #pokemonworlds #hawaii #honolulu #psapapii ,509,7.274026617033558e+18,UNSTOPPABLE EVENING,133.0,f,https://tiktok.com/@/video/7413810088235863327,7196371257976882218,f,"[""pokilegends"",""pokemon"",""pokemonworlds"",""hawaii"",""honolulu"",""psapapii""]"
7438656511179574570,1731947192,"Reverse-Seared Ribeye with Dan-O’s Garlic Butter Magic! 🧄🔥 #LowSodiumFlavor Ready to up your steak game? 🔥 I smoked these ribeyes low and slow at 225F until they hit 130F, then reverse-seared them over fire for that perfect crust. BUT WAIT—it gets better! I made a rich flavorful garlic butter infused with @Dan-O’s Seasoning Original Low Sodium Seasoning, and it’s the ultimate finisher. 🧈🥩 Healthy, juicy, and absolutely delicious. Trust me, this is a steak upgrade you’ve been waiting for. #DanGoodFlavor #ReverseSear #SteakLovers #DanOsSeasoning #GarlicButter #LowSodiumCooking #SteakPorn #SmokingMeat #RibeyeRecipe #BBQlovers #LowSodium #FireCooking #FlavorfulLiving #GrillMasters #HealthyFlavor #ViralSteak #FoodieFaves #CookingGoals",3860,7.274026617033558e+18,UNSTOPPABLE EVENING,133.0,f,https://tiktok.com/@/video/7438656511179574570,7086317968417768491,f,"[""lowsodiumflavor"",""dangoodflavor"",""reversesear"",""steaklovers"",""danosseasoning"",""garlicbutter"",""lowsodiumcooking"",""steakporn"",""smokingmeat"",""ribeyerecipe"",""bbqlovers"",""lowsodium"",""firecooking"",""flavorfulliving"",""grillmasters"",""healthyflavor"",""viralsteak"",""foodiefaves"",""cookinggoals""]"
7504455924019498270,1747267313,Who could resist getting these for their daughter 🌸☔️💫 @Hunter Boots  @LoveShackFancy #girlboots #rainboots #hunterboots #hunter #boots #loveshackfancy #loveshack #bootshaul ,404,7.274026617033558e+18,UNSTOPPABLE EVENING,133.0,f,https://tiktok.com/@/video/7504455924019498270,6785333598066050053,f,"[""girlboots"",""rainboots"",""hunterboots"",""hunter"",""boots"",""loveshackfancy"",""loveshack"",""bootshaul""]"
7467940091785268510,1738765376,A game changer!  #carsales #carbuying #tundra ,762,7.274026617033558e+18,UNSTOPPABLE EVENING,133.0,f,https://tiktok.com/@/video/7467940091785268510,6936300294914900998,f,"[""carsales"",""carbuying"",""tundra""]"
7436339282849041696,1731407682,"Good morning dier friend,  C'est n'importe quoi 730 paires en Europe 🤣. #nike #corteiz #airmax #airmax95 #95 #airmax95corteiz #yellow #air #max #shoes #shoeschallenge #snk #snkrs #snkrsapp #sneaker #sneakers #sneakernews #basket #application #cop #or #drop #europe #paires #stockx #stockxsneakers #info #infosneakers #collab #2024 #nikestore #insta #tiktok #tik #tik_tok #tiktoknews #tiktoker #youtube #youtubers #usa🇺🇸 #usa_tiktok #newyork #france #tiktokfrance #limited #resseller #whentocop #rezsneakers #therezsneakers ",834,7.274026617033558e+18,UNSTOPPABLE EVENING,133.0,f,https://tiktok.com/@/video/7436339282849041696,6873980406167094274,f,"[""nike"",""corteiz"",""airmax"",""airmax95"",""95"",""airmax95corteiz"",""yellow"",""air"",""max"",""shoes"",""shoeschallenge"",""snk"",""snkrs"",""snkrsapp"",""sneaker"",""sneakers"",""sneakernews"",""basket"",""application"",""cop"",""or"",""drop"",""europe"",""paires"",""stockx"",""stockxsneakers"",""info"",""infosneakers"",""collab"",""2024"",""nikestore"",""insta"",""tiktok"",""tik"",""tik_tok"",""tiktoknews"",""tiktoker"",""youtube"",""youtubers"",""usa\ud83c\uddfa\ud83c\uddf8"",""usa_tiktok"",""newyork"",""france"",""tiktokfrance"",""limited"",""resseller"",""whentocop"",""rezsneakers"",""therezsneakers""]"
7486974355604327710,1743197070,everyone has been asking us for a remarkable tour….so here it is! ✍️ @reMarkable #fyp #coworkers #office #officelife #tech #digitalnotes #remarkable #tour #templates #planner #digitalplanner ,670,7.274026617033558e+18,UNSTOPPABLE EVENING,133.0,f,https://tiktok.com/@/video/7486974355604327710,7475064236085052462,f,"[""fyp"",""coworkers"",""office"",""officelife"",""tech"",""digitalnotes"",""remarkable"",""tour"",""templates"",""planner"",""digitalplanner""]"
7443589164693572910,1733095662,"Corn Pudding 🌽 Recipe:  2 - Boxes Of Jiffy Cornbread  2 - Sticks of Buttee 2 - Cans of Sweet Corn (drained) 2 - Cans of Creamed Corn 2 - Eggs 1 - 16oz container of Sour Cream I probably wouldn’t make this again unless I added some sugar, it really just tasted like cornbread with corn in it 🥱.  #cornpudding #fyp #cooking #cornbread ",685,7.274026617033558e+18,UNSTOPPABLE EVENING,133.0,f,https://tiktok.com/@/video/7443589164693572910,7337097760761988138,f,"[""cornpudding"",""fyp"",""cooking"",""cornbread""]"
7509535913383382314,1748450127,"Did someone say toned legs for summer? 👀 Yes ladies—InMode Tone is HERE and it’s the secret to sculpted, firmer legs without hours in the gym. ✨ Stimulates muscle contractions ✨ Tightens + tones thighs and calves ✨ Zero downtime ✨ Quick, pain-free sessions Let’s get your legs summer-ready—because smooth, toned, confident skin is ALWAYS in season. 📍 Now available at Nava Med Spa in Cedar Hill 📞 Call (972) 607-9848 to book your session 💬 Drop “LEGS” in the comments if you’re ready to feel snatched! #NavaMedSpa #InModeTone #LegToning #BodySculpting #CedarHillTX #SummerBodyGoals #NonSurgicalToning #MuscleStimulation #ToneWithTech #BTLAesthetics #TexasMedSpa #GlowUpReady #SnatchedWithoutSurgery #SmoothSculptedConfident",2147,7.274026617033558e+18,UNSTOPPABLE EVENING,133.0,f,https://tiktok.com/@/video/7509535913383382314,6812943732981187590,f,"[""navamedspa"",""inmodetone"",""legtoning"",""bodysculpting"",""cedarhilltx"",""summerbodygoals"",""nonsurgicaltoning"",""musclestimulation"",""tonewithtech"",""btlaesthetics"",""texasmedspa"",""glowupready"",""snatchedwithoutsurgery"",""smoothsculptedconfident""]"
7367578495813242154,1715398055,I was able to capture the Northern lights in Central Illinois. Video has setting to set on your iPohne to help cature the lights. #northernlight #amazing #northernlightsillinois #nature #natureathome #naturevibes #naturephotography #nightsky #nightskyphotography ,1326,7.274026617033558e+18,UNSTOPPABLE EVENING,133.0,f,https://tiktok.com/@/video/7367578495813242154,7004689075912295429,f,"[""northernlight"",""amazing"",""northernlightsillinois"",""nature"",""natureathome"",""naturevibes"",""naturephotography"",""nightsky"",""nightskyphotography""]"
7498209033451506974,1745812873,Average Throwers Club Trick #12: Trick Number 6  (Jacob Gross) #creatorsearchinsights #yoyo #yoyotricks #yoyotutorial #averagethrowersclub #tutorial ,119,7.274026617033558e+18,UNSTOPPABLE EVENING,133.0,f,https://tiktok.com/@/video/7498209033451506974,7336007592661402670,f,"[""12"",""creatorsearchinsights"",""yoyo"",""yoyotricks"",""yoyotutorial"",""averagethrowersclub"",""tutorial""]"
7466597496203054366,1738452735,This 3-in-1 kitchen sink drainer by is exactly what I needed! #sink #draining #sinkdrain #strainer #sinkstrainer #sinkplug #spotlightfinds #giftideas #tiktokshopfinds ,1441,7.274026617033558e+18,UNSTOPPABLE EVENING,133.0,f,https://tiktok.com/@/video/7466597496203054366,8500843,f,"[""sink"",""draining"",""sinkdrain"",""strainer"",""sinkstrainer"",""sinkplug"",""spotlightfinds"",""giftideas"",""tiktokshopfinds""]"
7503659555595832607,1747081908,"Closing day! Selling our Greenville Airbnb to exchange it for a property in Charleston, SC! Stay tuned to see what we buy next. 🌴 #greenvillerealestate #charleston #realestate ",509,7.274026617033558e+18,UNSTOPPABLE EVENING,133.0,f,https://tiktok.com/@/video/7503659555595832607,6842623274947216389,f,"[""greenvillerealestate"",""charleston"",""realestate""]"
7480009546862300447,1741575466,@Olsa Tools #tools #carsoftiktok #organization #harborfreight #harborfreighttools #snapon #mechanic #mechaniclife #technician #techniciansoftiktok #330i #POV #m340 #m340i #msport #f30 ,379,7.274026617033558e+18,UNSTOPPABLE EVENING,133.0,f,https://tiktok.com/@/video/7480009546862300447,6807487703732143109,f,"[""tools"",""carsoftiktok"",""organization"",""harborfreight"",""harborfreighttools"",""snapon"",""mechanic"",""mechaniclife"",""technician"",""techniciansoftiktok"",""330i"",""pov"",""m340"",""m340i"",""msport"",""f30""]"
7501856234585476398,1746662051,chill vibes 🥂🍳 @Deja Brew Cafe NYC #brunchnyc #queensny #carribean #mimosa #cafe #vibes #fyp,636,7.274026617033558e+18,UNSTOPPABLE EVENING,133.0,f,https://tiktok.com/@/video/7501856234585476398,6910254429564503045,f,"[""brunchnyc"",""queensny"",""carribean"",""mimosa"",""cafe"",""vibes"",""fyp""]"
7506969823214292270,1747852633,COME WITH ME TO MY FAVORITE GOLF COURSE IN ATX 🤣🤠⛳️#atxgolf #jimmyclay #roykizer ,460,7.274026617033558e+18,UNSTOPPABLE EVENING,133.0,f,https://tiktok.com/@/video/7506969823214292270,7037172654428095493,f,"[""atxgolf"",""jimmyclay"",""roykizer""]"
7499931293472541998,1746213876,Simple cuff trick = instant ‘80s baggy cool.  Easy steps to follow. What do you think? Do you think k barrel jeans are for you? ,381,7.274026617033558e+18,UNSTOPPABLE EVENING,133.0,f,https://tiktok.com/@/video/7499931293472541998,6988089454419264517,f,[]
7512308253347286314,1749095592,"Day 69/365  Steps 8k + I can’t believe that now part of my routine is to play with my cat 🐈 AkA Lucrecia. There is something stimulating about seeing my cat all the time that makes me feel happy, I guess it’s true what they say “get a cat” as a solution to your existence and relationship problems. Other than that just another day. . . Follow for more  . . . . #dayinthelife #dailyvlog #work #fyp #SelfImprovement #kitty #catlifestyle #gym #gymroutine #calisthenics ",374,7.274026617033558e+18,UNSTOPPABLE EVENING,133.0,f,https://tiktok.com/@/video/7512308253347286314,6768174573101007877,f,"[""dayinthelife"",""dailyvlog"",""work"",""fyp"",""selfimprovement"",""kitty"",""catlifestyle"",""gym"",""gymroutine"",""calisthenics""]"
7462480294839405855,1737494124,"Part 3 of my series! Finding the Quesabirria in Michiana. I went to Tako Express  in mishawaka! Maybe there was some confusion but this was what I got when I ordered Quesabirria. It kind of just looks like a cut up Quesadilla to me🤷🏾‍♀️ the Tortilla was a bit soggy, and the price wasn't that great for the proportion...Overall it was edible, but not up to par with what I usually look for. Check them out and judge for yourself! Final score 12.5/25  #foodblogger #foodreview #michiana #foodie #quesabirrias ",475,7.274026617033558e+18,UNSTOPPABLE EVENING,133.0,f,https://tiktok.com/@/video/7462480294839405855,6782946037424047110,f,"[""foodblogger"",""foodreview"",""michiana"",""Foodie"",""quesabirrias""]"
7468800731475086622,1738965717,"Here’s my secret to conveniently prioritizing vaginal care as a busy 25 year old business owner - Honey Pot Prebiotic Wipes! I love that these products are made by humans with vaginas for humans with vaginas.🫶🏼 As I’ve been leaning into a more natural approach to health and wellness, and being conscious of what I’m putting in and on my body, I love even more that these @The Honey Pot Co wipes are plant-derived and are not formulated with added parabens, dioxides or sulfates.🌿 GOOD NEWS FRIENDS - you can try Honey Pot’s products for yourself and USE MY CODE THEHMACEY10 on both TikTok shop and Honey Pot’s website for 10% OFF!✨ Honey Pot has your back ladies! #honeypotpartner #honeypotco #honeypotproducts #prebioticwipes #womenshealth ",663,7.274026617033558e+18,UNSTOPPABLE EVENING,133.0,f,https://tiktok.com/@/video/7468800731475086622,6742692382036460550,f,"[""honeypotpartner"",""honeypotco"",""honeypotproducts"",""prebioticwipes"",""womenshealth""]"
7495828954486492447,1745258715,#creatorsearchinsights #heymommas #todayweareeating ,311,7.274026617033558e+18,UNSTOPPABLE EVENING,133.0,f,https://tiktok.com/@/video/7495828954486492447,6924869419169416197,f,"[""creatorsearchinsights"",""heymommas"",""todayweareeating""]"
7496692312081321247,1745459721,"✨ Welcome to Brooklyn’s subterranean food heaven ✨ Tucked beneath the hustle of @Downtown Brooklyn in @City Point BKLYN , Dekalb Market Hall is home to over 38 local vendors, each bringing something unique, delicious, and culturally diverse to the table. From mouthwatering bites to global flavors, it’s more than a food hall, it’s an experience. 🍜🌮🍩 Need a break? Head over to Somethin Else Cocktail Bar for Happy Hour from 2–7PM 🍸 Feeling the rhythm? Stick around for our Thursday Salsa Nights 💃🕺 Come for the food, stay for the vibes. Discover the flavors. Feel the culture. Let’s explore together. 🎥💫 #DeKalbMarketHall #CityPointBK #BrooklynEats #NYCFoodScene #FoodieAdventure #HiddenGemNYC #SubterraneanEats #SupportLocalBusinesses #CulturalCuisine #NYCMarkets #BrooklynVibes #HappyHourSpots #SalsaNightNYC #FoodLoversParadise #FoodiesOfInstagram #EatsNYC #BrooklynFoodies #NYCNightOut #FoodHallGoals #SomethingElseBar #TastyTravels #EatLocalNY #WeekendInBrooklyn #NYCLife #NYCUndergroundEats #FoodHallVibes #ExploreBrooklyn",746,7.274026617033558e+18,UNSTOPPABLE EVENING,133.0,f,https://tiktok.com/@/video/7496692312081321247,7133229295450883115,f,"[""dekalbmarkethall"",""citypointbk"",""brooklyneats"",""nycfoodscene"",""foodieadventure"",""hiddengemnyc"",""subterraneaneats"",""supportlocalbusinesses"",""culturalcuisine"",""nycmarkets"",""brooklynvibes"",""happyhourspots"",""salsanightnyc"",""foodloversparadise"",""foodiesofinstagram"",""eatsnyc"",""brooklynfoodies"",""nycnightout"",""foodhallgoals"",""somethingelsebar"",""tastytravels"",""eatlocalny"",""weekendinbrooklyn"",""nyclife"",""nycundergroundeats"",""foodhallvibes"",""explorebrooklyn""]"
7475202221085429038,1740456183,Welcome @TAHEMAROC to joyceus Studio nos encanta aprender de esta línea profesional de cabello con cantidad de productos y tehcnologia  #tahe #hairclass #educationalpurposes #educationday #prohairstylist ,382,7.274026617033558e+18,UNSTOPPABLE EVENING,133.0,f,https://tiktok.com/@/video/7475202221085429038,6804368952267424774,f,"[""tahe"",""hairclass"",""educationalpurposes"",""educationday"",""prohairstylist""]"
7501836959707368747,1746657560,What part of your golf game needs the most work?? #Golf #Golfing #tiktokgolf #golfer #chipping #putting #fy #fyp #fypシ #Vegas #lasvegas ,289,7.274026617033558e+18,UNSTOPPABLE EVENING,133.0,f,https://tiktok.com/@/video/7501836959707368747,6884755622417155077,f,"[""golf"",""golfing"",""tiktokgolf"",""golfer"",""chipping"",""putting"",""fy"",""fyp"",""fyp\u30b7"",""vegas"",""lasvegas""]"
7489960464575679786,1743892345,"My attempt at Sheng Jian Bao. All things considered, I don’t think these are that hard. Try them! And it’s a lot easier than soup dumplings #bao #steamedbao #panfriedbao #shengjianbao #shanghaifood #porkbao #porkbuns #panfriedporkbuns #chinesefood  #creatorsearchinsights ",536,7.274026617033558e+18,UNSTOPPABLE EVENING,133.0,f,https://tiktok.com/@/video/7489960464575679786,7434159989491352619,f,"[""bao"",""steamedbao"",""panfriedbao"",""shengjianbao"",""shanghaifood"",""porkbao"",""porkbuns"",""panfriedporkbuns"",""chinesefood"",""creatorsearchinsights""]"
7504301559241608478,1747231375,"Style Meets Home | Ep. 3: Blinds That Instantly Elevated My Living Room  Finally installed my living room blinds and wow—what a difference! It’s the little upgrades that really bring a space together. If you’ve been looking for blinds like these, the link is in my bio! #homedecor #stylemeetshome #blindsinstallation #livingroomaesthetic #interiorstyle #homeupgrade #beforeandafter #homemakeover #fyp #aestheticvibes #amazonfinds #homedetails",319,7.274026617033558e+18,UNSTOPPABLE EVENING,133.0,f,https://tiktok.com/@/video/7504301559241608478,6818703897999344645,f,"[""homedecor"",""stylemeetshome"",""blindsinstallation"",""livingroomaesthetic"",""interiorstyle"",""homeupgrade"",""beforeandafter"",""HomeMakeOver"",""fyp"",""aestheticvibes"",""amazonfinds"",""homedetails""]"
7494852733200125226,1745031420,The perfect date night spot #datenight #hudsontable #nyc #hoboken ,945,7.274026617033558e+18,UNSTOPPABLE EVENING,133.0,f,https://tiktok.com/@/video/7494852733200125226,7494847720634008606,f,"[""datenight"",""hudsontable"",""nyc"",""hoboken""]"
7491804733049425182,1744321728,"(Taste test ) jungle juice 4loko !!! Today we’re trying this iconic Four Loko drink that is very awesome. Has a very unique taste kind of fruity but overall, I think that you guys should all go out and try it. It’s very cheap and it cost around the same as a regular four, which is going to be probably around three something after tax #contentcreator #vlogs #foodvlogger #tastetest #jacknife2000 #21andover #4loko ",629,7.274026617033558e+18,UNSTOPPABLE EVENING,133.0,f,https://tiktok.com/@/video/7491804733049425182,193877530498699264,f,"[""contentcreator"",""vlogs"",""foodvlogger"",""tastetest"",""jacknife2000"",""21andover"",""4loko""]"
7493154386525408554,1744636032,"Day 7: One full week in. Legs tired, mind stronger. This is where the real shift begins. #Hybrid60 #RunningDiscipline #DailyTraining #DayOneDone #NoExcuses",435,7.274026617033558e+18,UNSTOPPABLE EVENING,133.0,f,https://tiktok.com/@/video/7493154386525408554,7489994444713608238,f,"[""hybrid60"",""runningdiscipline"",""dailytraining"",""dayonedone"",""noexcuses""]"
