id,create_time,desc,play_count,music_id,music_title,music_duration,music_original,url,user_id,user_verified,challenges
7282495785592212782,1695588193,SENIOR YEAR READY AT UCLA 💙💛  official start to so many college vlogs get readyyy 🤭 #ucla #ucladining #uclavlog #uclaparties #uclafootball #ucladorm #gobruins #collegevlogs #collegemovein #losangeles #uclafood #dininghall #college #dormessentials #movingtocollege #uclasorority #uclafrat ,547238,7.142169219956738e+18,Beat,192.0,f,https://tiktok.com/@/video/7282495785592212782,7146704687987999790,f,"[""ucla"",""ucladining"",""uclavlog"",""uclaparties"",""uclafootball"",""ucladorm"",""gobruins"",""collegevlogs"",""collegemovein"",""losangeles"",""uclafood"",""dininghall"",""college"",""dormessentials"",""movingtocollege"",""uclasorority"",""uclafrat""]"
7438710128041266462,1731959693,Diabolical Medium coffee today guys!  #dunkindonuts #coffeetiktok #dunkin #sugar #icedcoffee ,1135873,7.142169219956738e+18,Beat,192.0,f,https://tiktok.com/@/video/7438710128041266462,7336225594089161771,f,"[""dunkindonuts"",""coffeetiktok"",""dunkin"",""sugar"",""icedcoffee""]"
7481437915835321630,1741908024,Жалею об установке имплантов #пластика #пластикагруди #импланты #пластикагруди #отзыв ,3289873,7.142169219956738e+18,Beat,192.0,f,https://tiktok.com/@/video/7481437915835321630,7275910539417551915,f,[]
7283806026040724769,1695893289,"Mon budget à New-York pour 9 jours (vol, hôtel, activités, food, shopping…) ✈️💸🛍️ #newyork #newyorktravel #newyorktraveltips #newyorkbudget ",719710,7.142169219956738e+18,Beat,192.0,f,https://tiktok.com/@/video/7283806026040724769,6754599254726575109,f,"[""newyork"",""newyorktravel"",""newyorktraveltips"",""newyorkbudget""]"
7235435316276956458,1684631074,Should I put an open filter on Sally to hear the whine? 🍷 #superchargerwhine #whine #supercharged #boosted #boost #cartok #carguy #carcommunity #whipple #whipplesupercharger #ctsv #caddy #cadillacctsv #gm #chevy #carsoftiktok #eaton #lsa ,702801,7.142169219956738e+18,Beat,192.0,f,https://tiktok.com/@/video/7235435316276956458,6779081585545135110,f,"[""superchargerwhine"",""whine"",""supercharged"",""boosted"",""boost"",""cartok"",""carguy"",""carcommunity"",""whipple"",""whipplesupercharger"",""ctsv"",""caddy"",""cadillacctsv"",""gm"",""chevy"",""carsoftiktok"",""eaton"",""lsa""]"
7429483526086577451,1729811435,Buying an abandoned 1963 Corvette Split Window! 🛞 💨 #sales #chevy #corvette #splitwindow #restomod #negotiation #dealership ,767709,7.142169219956738e+18,Beat,192.0,f,https://tiktok.com/@/video/7429483526086577451,7261357720010572842,f,"[""sales"",""chevy"",""corvette"",""splitwindow"",""restomod"",""negotiation"",""dealership""]"
7386451143062326574,1719792181,Replying to @rae ✞ #greenscreen #mikaylaclark20 #gulfshores #packinplay #instacart #hannah #teatok ,1114900,7.142169219956738e+18,Beat,192.0,f,https://tiktok.com/@/video/7386451143062326574,6837967113697985542,f,"[""greenscreen"",""mikaylaclark20"",""gulfshores"",""packinplay"",""instacart"",""hannah"",""teatok""]"
7241628057964956970,1686072928,Little bit of a decline & I would have been golden 👌 #ford #mustang #cartok #carguy #carcommunity #boosted #boost #carsoftiktok #yt #v8 #5oh #bumpstart #manual #deadbattery #jumpercables #6speed #whipplesupercharger #whipple ,618766,7.142169219956738e+18,Beat,192.0,f,https://tiktok.com/@/video/7241628057964956970,6779081585545135110,f,"[""ford"",""mustang"",""cartok"",""carguy"",""carcommunity"",""boosted"",""boost"",""carsoftiktok"",""yt"",""v8"",""5oh"",""bumpstart"",""manual"",""deadbattery"",""jumpercables"",""6speed"",""whipplesupercharger"",""whipple""]"
7224565315215166763,1682100217,One man’s trash is another man’s luthier bench 🎸 #guitar #guitartok #guitarist #luthier #music,747577,7.142169219956738e+18,Beat,192.0,f,https://tiktok.com/@/video/7224565315215166763,6877388975351350277,f,"[""guitar"",""guitartok"",""guitarist"",""luthier"",""music""]"
7442141571266530603,1732758617,Sticky situation. No paperwork and no deposit 💵 can’t hold the car unfortunately and I also lost the sale #sales #dealership #negotiation #lamborghini ,888910,7.142169219956738e+18,Beat,192.0,f,https://tiktok.com/@/video/7442141571266530603,7261357720010572842,f,"[""sales"",""dealership"",""negotiation"",""lamborghini""]"
7372582286748831022,1716563086,Replying to @Denise #greenscreenvideo #greenscreen #meena #bookertprom #promseason #beautyandthebeast #miami #turo #carrental ,1016143,7.142169219956738e+18,Beat,192.0,f,https://tiktok.com/@/video/7372582286748831022,6837967113697985542,f,"[""greenscreenvideo"",""greenscreen"",""meena"",""bookertprom"",""promseason"",""beautyandthebeast"",""miami"",""turo"",""carrental""]"
7440539410564762910,1732385599,"Do you experience jaw popping and have you been diagnosed with TMD, and you’re trying to figure out what to do?  maybe you’ve been told that it is coming from your TMJ disc… and that there is a disc displacement with reduction meaning that it wpops in and out of place.  We can treat this by actually stretching the capsule and retraining, the movement of the joint. Now, I will tell you the success rates of keeping it from popping again are low… But we can improve the quality of movement and discomfort, which is the most important thing function is everything. Try these two exercises to started rehabilitating the joint! #tmj #tmj👊 #tmjdisorder #tmjtreatment #tmd #dental #dentist #dentistry #temporomandibular #temporomandibularjoint",3336238,7.142169219956738e+18,Beat,192.0,f,https://tiktok.com/@/video/7440539410564762910,7016500196452893701,f,"[""tmj"",""tmj\ud83d\udc4a"",""tmjdisorder"",""tmjtreatment"",""tmd"",""dental"",""dentist"",""dentistry"",""temporomandibular"",""temporomandibularjoint""]"
7232106204179352875,1683855950,Should I start having @Kai Cenat talk in the vids? what yall want us to talk about?? 👀🗣️ #fy #fyp #kaicenat #kaicenattv #kaicenatclips #atlbarber #barber #atlanta ,822844,7.142169219956738e+18,Beat,192.0,f,https://tiktok.com/@/video/7232106204179352875,7172701066790143019,f,"[""fy"",""fyp"",""kaicenat"",""kaicenattv"",""kaicenatclips"",""atlbarber"",""barber"",""atlanta""]"
7387488899632844074,1720033803,#greenscreenvideo #greenscreen #keithlee #mma #betawards #geraldhuston #prank #ddg #foodcritic #fyp ,2995761,7.142169219956738e+18,Beat,192.0,f,https://tiktok.com/@/video/7387488899632844074,6837967113697985542,f,"[""greenscreenvideo"",""greenscreen"",""keithlee"",""mma"",""betawards"",""geraldhuston"",""prank"",""ddg"",""foodcritic"",""fyp""]"
7327954932362104110,1706172478,YES OR NO? WORTH IT?🚀#Concretetradeshow #worldofconcrete #worldofconcrete2024 #worldofconcreteshow #worldofconcretelasvegas #woc #woc2024 #woc24 #worldofconcreteexpo #concrete #concretelife #stampedconcrete  #decorativeconcrete ,9965732,7.142169219956738e+18,Beat,192.0,f,https://tiktok.com/@/video/7327954932362104110,6950082888059192325,f,"[""concretetradeshow"",""worldofconcrete"",""worldofconcrete2024"",""worldofconcreteshow"",""worldofconcretelasvegas"",""woc"",""woc2024"",""woc24"",""worldofconcreteexpo"",""concrete"",""concretelife"",""stampedconcrete"",""decorativeconcrete""]"
7364505487645216043,1714682568,Holding a mirror up to society #rpg #ttrpg #tabletop #gm #dm #rpgtiktok #dnd #dndtiktok #dndplayer #rpgplayer ,1571393,7.142169219956738e+18,Beat,192.0,f,https://tiktok.com/@/video/7364505487645216043,6988196546450392069,f,"[""rpg"",""ttrpg"",""tabletop"",""gm"",""dm"",""rpgtiktok"",""dnd"",""dndtiktok"",""dndplayer"",""rpgplayer""]"
7407275691294674206,1724640780,Middle Part Low Taper 💎 #foryou #tutorial #wavyhair #viral #trending #taperfade #lowtaperfade #lowtaper ,5488955,7.142169219956738e+18,Beat,192.0,f,https://tiktok.com/@/video/7407275691294674206,6778291758323368966,f,"[""foryou"",""tutorial"",""wavyhair"",""viral"",""trending"",""taperfade"",""lowtaperfade"",""lowtaper""]"
7474753826034109738,1740351773,"No dressers were hurt in the making of this video! 🫣 This $100 Facebook Marketplace find had a ton of potential, but I was not completely sure what the condition of the veneer was underneath ❓ After stripping the old white paint off, I discovered the old veneer was paper thin and the paint was covering up a handful of blemishes across the body and drawers 🙄 Plan B was to use paint and some faux wood techniques to help bring this piece back to life 🪵 After painting the body in black sands by @Dixie Belle Paint , I went in with a neutral tan color on the top of the dresser. Once this was dry I used a glaze and wood graining tool to bring the wood accent back to the piece 🛠️ To wrap everything up I was able to reburbish the old hardware with a 50/50 water and vinegar mix paired with @Bar Keepers Friend and a wire brush ✨ I am aware it is not the much loved “full wood restoration” type flip, but with the condition of what the veneer was in, do you think this was a successful dresser flip?  • • • • • #furnitureflip #furnituremakeover #paintedfurniture #upcycledfurniture #furniture #furniturerestoration #upcycle #furnitureartist #hoemdecor #furnituredesign #diyproject #refinishedfurniture #vintagefurnitureflip #vintage #chalkpainting #interiordecor #chalkpaintedfurniture #beforeandafter #furniturepainter #refurbishedfurniture #handpaintedfurniture #upcycled #upcycling #fusionmineralpaint #diyhimedecor #handpainted #paintedfurniturelove #furnitureflipper #restoredfurniture #furniturepainting",1277453,7.142169219956738e+18,Beat,192.0,f,https://tiktok.com/@/video/7474753826034109738,124662256394452992,f,"[""furnitureflip"",""furnituremakeover"",""paintedfurniture"",""upcycledfurniture"",""furniture"",""furniturerestoration"",""upcycle"",""furnitureartist"",""hoemdecor"",""furnituredesign"",""diyproject"",""refinishedfurniture"",""vintagefurnitureflip"",""vintage"",""chalkpainting"",""interiordecor"",""chalkpaintedfurniture"",""beforeandafter"",""furniturepainter"",""refurbishedfurniture"",""handpaintedfurniture"",""upcycled"",""upcycling"",""fusionmineralpaint"",""diyhimedecor"",""handpainted"",""paintedfurniturelove"",""furnitureflipper"",""restoredfurniture"",""furniturepainting""]"
7347608109700992286,1710748454,Augusta National's Bunkers: Beyond Ordinary Sand #GolfLife #AugustaNational #Masters2024 #UniqueFacts #LuxurySports #GolfCourses #SportsTrivia #Golfing #IncrediblePlaces,2789962,7.142169219956738e+18,Beat,192.0,f,https://tiktok.com/@/video/7347608109700992286,7093265243531789354,f,"[""golflife"",""augustanational"",""masters2024"",""uniquefacts"",""luxurysports"",""golfcourses"",""sportstrivia"",""golfing"",""incredibleplaces""]"
7244354092041030955,1686707633,Cobra Jet intake to hear the whine? 🐍#cobrajet #cobrajetintake #whipplesupercharger #whipplesupercharger #boosted #boost #cartok #carguy #carcommunity #supercharger #superchargerwhine #yt #v8 #manual 6speed,1339306,7.142169219956738e+18,Beat,192.0,f,https://tiktok.com/@/video/7244354092041030955,6779081585545135110,f,"[""cobrajet"",""cobrajetintake"",""whipplesupercharger"",""boosted"",""boost"",""cartok"",""carguy"",""carcommunity"",""supercharger"",""superchargerwhine"",""yt"",""v8"",""manual""]"
7301387698344922410,1699986820,If you have type 4 hair tap in !! 😍😍@iloveindique I used 3 bundles of the Bounce Straight Relaxed texture!#iloveindique ,4411511,7.142169219956738e+18,Beat,192.0,f,https://tiktok.com/@/video/7301387698344922410,6779334090422666245,f,"[""iloveindique""]"
7298413380707061023,1699294302,That 230 miles is more like 200 miles in the real world 🥲. Worth $150K?? 🤔🤷🏽‍♂️ #porsche #taycan #gts #ev #electriccar #carenthusiast #carsoftiktok #foryoupage #foryou ,3968906,7.142169219956738e+18,Beat,192.0,f,https://tiktok.com/@/video/7298413380707061023,6597205700467507206,t,"[""porsche"",""taycan"",""gts"",""ev"",""electriccar"",""carenthusiast"",""carsoftiktok"",""foryoupage"",""foryou""]"
7334400691164826912,1707673240,5 secret vehicule location in gta 5 #gaming #gta #gta5 ,9100000,7.142169219956738e+18,Beat,192.0,f,https://tiktok.com/@/video/7334400691164826912,7246478938115982363,f,"[""gaming"",""gta"",""gta5""]"
7376381127923125550,1717447571,dating in front of 50 strangers (part 13) #date #dating #nectar #hinge #bumble #swiping ,7418334,7.142169219956738e+18,Beat,192.0,f,https://tiktok.com/@/video/7376381127923125550,6897488841557935109,f,"[""date"",""dating"",""nectar"",""hinge"",""bumble"",""swiping""]"
7249524508606991662,1687911471,Its “The Bob” for me 😂 #fyp #foryou #foryoupage #stitchbraids #braidstyles #fearofconformity #beejaytv #beejay #beejaytvpranks @BEEJAY_TV ,1534012,7.142169219956738e+18,Beat,192.0,f,https://tiktok.com/@/video/7249524508606991662,6905008959842747398,f,"[""fyp"",""foryou"",""foryoupage"",""stitchbraids"",""braidstyles"",""fearofconformity"",""beejaytv"",""beejay"",""beejaytvpranks""]"
7435446548546309406,1731199821,"Chocolate covered Oreos + pretzels for an LSU party! *‼️Hands thoroughly washed constantly while making treats, thats why there is no gloves :))‼️*##dippedbyryder##chocolatecoveredtreats##lsu##louisiana##youngbuisnessowner##entrepreneur##foryoupage##fyp##treatbusiness##viralvideo",568066,7.142169219956738e+18,Beat,192.0,f,https://tiktok.com/@/video/7435446548546309406,7423183489011172398,f,"[""dippedbyryder"",""chocolatecoveredtreats"",""lsu"",""louisiana"",""youngbuisnessowner"",""entrepreneur"",""foryoupage"",""fyp"",""treatbusiness"",""viralvideo""]"
7447672918252752174,1734046483,Undisclosed damage on this RS3 🤦‍♂️ how would you handle this? #sales #dealership #negotiation #audi #rs3 ,826897,7.142169219956738e+18,Beat,192.0,f,https://tiktok.com/@/video/7447672918252752174,7261357720010572842,f,"[""sales"",""dealership"",""negotiation"",""audi"",""rs3""]"
7360000378043256107,1713633649,"Ditch the Spaghetti routine this week, give this Rigatoni a try!! #pastatiktok #chickenpasta #spaghetti #rigatoni #trythis #dinnerideas #recipes #foodtiktok #chefkiss  Try the Italian Blend from @FreshJax Organics 🔥🔥🔥",615808,7.142169219956738e+18,Beat,192.0,f,https://tiktok.com/@/video/7360000378043256107,6912209200547529733,f,"[""pastatiktok"",""chickenpasta"",""spaghetti"",""rigatoni"",""trythis"",""DinnerIdeas"",""recipes"",""foodtiktok"",""chefkiss""]"
7462915074705968427,1737595358,"What your truck says about you, the Ford Edition (Part 2) 🦍 #fordtrucks #fordf150 #gearheads #trucksoftiktok ",439604,7.142169219956738e+18,Beat,192.0,f,https://tiktok.com/@/video/7462915074705968427,6933381257835168774,f,"[""fordtrucks"",""fordf150"",""gearheads"",""trucksoftiktok""]"
7454326160697298222,1735595563,"Dozens of new state laws are scheduled to take effect on Wednesday, January 1. Most of them were passed by state legislators in 2024, though some were passed years ago and are just now becoming operational, while others came directly from Colorado voters in November. Read about all of them at westword.com #denver #colorado #coloradolaws #coloradotiktok #coloradofyp #denverfyp #denvertok #laws #copolitics #milehighcity ",357810,7.142169219956738e+18,Beat,192.0,f,https://tiktok.com/@/video/7454326160697298222,6872565355484349445,f,"[""denver"",""colorado"",""coloradolaws"",""coloradotiktok"",""coloradofyp"",""denverfyp"",""denvertok"",""laws"",""copolitics"",""milehighcity""]"
7498067075957722414,1745779822,Replying to @🫀PHILLY🫀 🧡 STILL not over Ulta Beauty World 2025 and the endless bags of free products 😵‍💫 but mostly GRATEFUL for the connections I made all the new besties I met!!!! Manifesting that @Ulta Beauty invites me to Orlando next year because these tickets are about to be IMPOSSIBLE to get 😅 #UltaBeautyWorld #ulta #mikaylanogueira #vlog #haircare #skincare #beauty ,293505,7.142169219956738e+18,Beat,192.0,f,https://tiktok.com/@/video/7498067075957722414,6828636258206729221,f,"[""ultabeautyworld"",""ulta"",""mikaylanogueira"",""Vlog"",""haircare"",""skincare"",""beauty""]"
7504768088852729131,1747340000,CONECCION DE LATERALES EN TAPER,758666,7.142169219956738e+18,Beat,192.0,f,https://tiktok.com/@/video/7504768088852729131,7002996610770830341,f,[]
7508763970791263534,1748270413,Top 5 Air Force Careers #military #miltok #fyp #airforce #spaceforce #jobs #careers #top5 #veteransoftiktok #loadmaster #airtrafficcontrol #pararescuejumper #publicaffairs #firefighters #vlogginvet ,309017,7.142169219956738e+18,Beat,192.0,f,https://tiktok.com/@/video/7508763970791263534,6672040017588977669,f,"[""military"",""miltok"",""fyp"",""airforce"",""spaceforce"",""jobs"",""careers"",""top5"",""veteransoftiktok"",""loadmaster"",""airtrafficcontrol"",""pararescuejumper"",""publicaffairs"",""firefighters"",""vlogginvet""]"
7432877707395894571,1730601705,@Kyuramen.official did not dissapoint! The food was amazing 😋 #kyuramen#chicago#foodtiktok#ramen#thingstodoinchicago#kyuramenchicago ,544176,7.142169219956738e+18,Beat,192.0,f,https://tiktok.com/@/video/7432877707395894571,112893139664752640,f,"[""kyuramen"",""chicago"",""foodtiktok"",""ramen"",""thingstodoinchicago"",""kyuramenchicago""]"
7260717998204407083,1690517658,Acrylic soakoff tutorial💖💖 all products are from @Dime Nail Supply ! #acrylicsoakoff #acrylicsoakofftutorial #dimenailsupply #nails ,1011631,7.142169219956738e+18,Beat,192.0,f,https://tiktok.com/@/video/7260717998204407083,6808596664166286341,f,"[""acrylicsoakoff"",""acrylicsoakofftutorial"",""dimenailsupply"",""nails""]"
7332153605673241887,1707150119,Are we about to get the Mother of All Duramax engines? 🤯 #duramaxlife #duramaxnation #l5pduramax #fassfuelsystems ,576705,7.142169219956738e+18,Beat,192.0,f,https://tiktok.com/@/video/7332153605673241887,6847546366560175110,f,[]
7451752317721873707,1734996292,"Do you think this 6x6 Gladiator is worth $200,000? 💰 #sales #dealership #negotiation #jeep #gladiator ",1366912,7.142169219956738e+18,Beat,192.0,f,https://tiktok.com/@/video/7451752317721873707,7261357720010572842,f,"[""sales"",""dealership"",""negotiation"",""jeep"",""gladiator""]"
7465038022497570094,1738089662,New here? Let’s chat while I make my favorite hair growth mix! #naturalhair #hairgrowthjourney #hairgrowth #hairtok ,679866,7.142169219956738e+18,Beat,192.0,f,https://tiktok.com/@/video/7465038022497570094,1818851,f,"[""naturalhair"",""hairgrowthjourney"",""hairgrowth"",""hairtok""]"
7248839362912406830,1687751952,Long distance relationship tips! #ldr #longdistancerelationship #dating #love #relationship #kyleleejenner ,458290,7.142169219956738e+18,Beat,192.0,f,https://tiktok.com/@/video/7248839362912406830,6801919059371967494,f,"[""ldr"",""longdistancerelationship"",""dating"",""Love"",""Relationship"",""kyleleejenner""]"
7504515212217781534,1747281134,George Carlin funny stand up #fun #funnyvideo #fyp #standupcomedy #standupcomedian #comedia #comedian #foryoupage #humor #funny #funnyvideos #funnymoments #hilarious #laugh #humour #4upage #funnyvideosdaily #georgecarlin ,1069916,7.142169219956738e+18,Beat,192.0,f,https://tiktok.com/@/video/7504515212217781534,7299983371471012906,f,"[""fun"",""funnyvideo"",""fyp"",""standupcomedy"",""standupcomedian"",""comedia"",""comedian"",""foryoupage"",""humor"",""funny"",""funnyvideos"",""funnymoments"",""hilarious"",""laugh"",""humour"",""4upage"",""funnyvideosdaily"",""georgecarlin""]"
7312190609119333674,1702502059,Which one is your favorite? #valentino #valentinoborninroma #valentinoborninromaintense #valentinocoralfantasy #valentinorockstud #valentinoyellowdream #valentinodonnaborninroma #freshfragrance #schoolfragrances #edp #fragrance #fragrancetiktok #fragrancereview #sbfrgrances #fragrancetiktok ,588055,7.142169219956738e+18,Beat,192.0,f,https://tiktok.com/@/video/7312190609119333674,7294582352179708971,f,"[""valentino"",""valentinoborninroma"",""valentinoborninromaintense"",""valentinocoralfantasy"",""valentinorockstud"",""valentinoyellowdream"",""valentinodonnaborninroma"",""freshfragrance"",""schoolfragrances"",""edp"",""fragrance"",""fragrancetiktok"",""fragrancereview"",""sbfrgrances""]"
7220125840317615402,1681066559,I’m excited can u tell???😀😄😄 #usc #haul #fighton #college ,228024,7.142169219956738e+18,Beat,192.0,f,https://tiktok.com/@/video/7220125840317615402,6805144033771324421,f,"[""usc"",""haul"",""fighton"",""college""]"
7408255567459847454,1724868933,"Is your jaw stiff? Do you have trouble opening all the way? Maybe when you yawn or attempt to eat a large piece of food you can’t quite open wide or it really hurts when you do? Well, most people automatically assume it’s the muscle and therefore they need to massage it. But very very commonly when there is stiffness, it’s a joint issue NOT a muscle issue. A muscle issue will feel achy and painful and like there’s an uncomfortable light stretch occurring when moving but rarely does it result an actual stiffness or limited motion. Therefore, if your solution to jaw stiffness is massaging the muscle, you’ll be in a cycle of temporary relief and regression back to stifness. In this video, I demonstrate to strategies that can be completed to start mobilizing the joint capsule of the TMJ itself to start actually relieving the root cause of stiffness. #tmj #tmjdisorder #tmd #jawpainrelief ",2018325,7.142169219956738e+18,Beat,192.0,f,https://tiktok.com/@/video/7408255567459847454,7016500196452893701,f,"[""tmj"",""tmjdisorder"",""tmd"",""jawpainrelief""]"
7215794301790473518,1680058041,JUST KEEP IT SIMPLE💯 #screammovie #basketball #hooper #ballislife #teachersoftiktok #learnontiktok #skills #tutorial #breakdown #learnontiktok #fyp #traeball ,452110,7.142169219956738e+18,Beat,192.0,f,https://tiktok.com/@/video/7215794301790473518,6768721334883599366,f,"[""screammovie"",""basketball"",""hooper"",""ballislife"",""teachersoftiktok"",""LearnOnTikTok"",""skills"",""tutorial"",""breakdown"",""fyp"",""traeball""]"
7236847830311210286,1684959945,Now I want some chili cheese fries and a milkshake 🥴😋😮‍💨 #creamburger #creamburgerhouston #thirdward #houstoneats #houstonfoodspots   ,342856,7.142169219956738e+18,Beat,192.0,f,https://tiktok.com/@/video/7236847830311210286,6866563578011747333,f,"[""creamburger"",""creamburgerhouston"",""thirdward"",""houstoneats"",""houstonfoodspots""]"
7246834531821571371,1687285167,why am i so tired today 🥲 #coffee #coffeetiktok #barista #clt #charlottenc #southendclt #icedcoffeeathome #burrandberrycoffee #burrandberry #frappe ,266415,7.142169219956738e+18,Beat,192.0,f,https://tiktok.com/@/video/7246834531821571371,4082676,f,"[""coffee"",""coffeetiktok"",""barista"",""clt"",""charlottenc"",""southendclt"",""icedcoffeeathome"",""burrandberrycoffee"",""burrandberry"",""frappe""]"
7233574066412801326,1684197715,"Today the wheels and front chargespeed fenders are going on the s14, seeing the front end coming together is really making me feel some type of way, once the body kit comes in (hopefully next week or the week after) things are going to get wicked. #s14 #cartok #cars #mechanic #240sx #showcar #driftcar #wheels #lowered #jdmcars #cartiktok #automotive #diy #stem #educational #howto #restoration #drift #miata #bmw #silvia #drifting #nismo #carguy #cargirl #supra #static #bagged #cars #widebody #bodykit ",197420,7.142169219956738e+18,Beat,192.0,f,https://tiktok.com/@/video/7233574066412801326,6924869774095942662,f,"[""s14"",""cartok"",""cars"",""mechanic"",""240sx"",""showcar"",""driftcar"",""wheels"",""lowered"",""jdmcars"",""cartiktok"",""automotive"",""DIY"",""stem"",""educational"",""howto"",""restoration"",""drift"",""miata"",""bmw"",""silvia"",""drifting"",""nismo"",""carguy"",""cargirl"",""supra"",""static"",""bagged"",""widebody"",""bodykit""]"
7474787993383898399,1740359728,BUY2GET1 every TUESDAY #racing #fyp #FYP #fypシ #datenight #deals #k1 ,266028,7.142169219956738e+18,Beat,192.0,f,https://tiktok.com/@/video/7474787993383898399,7153047882556998702,f,"[""racing"",""fyp"",""fyp\u30b7"",""datenight"",""deals"",""k1""]"
7302376753480158495,1700217097,BETTER than Air Suspension and regular Coilovers 😎 #cartiktok #cartok #carguy #projectcar #nissanskyline #gtr #jdmcars #thatmanderek #jdmcarsoftiktok #carenthusiast #schassis ,249356,7.142169219956738e+18,Beat,192.0,f,https://tiktok.com/@/video/7302376753480158495,2245239,f,"[""cartiktok"",""cartok"",""carguy"",""projectcar"",""nissanskyline"",""gtr"",""jdmcars"",""thatmanderek"",""jdmcarsoftiktok"",""carenthusiast"",""schassis""]"
7470272289540443438,1739308350,"someone sound the alarms we have a furniture flip emergency on our HANDS 🚨‼️ I bought this “newly refinished” 5-drawer dresser from Facebook Marketplace for $15 and knew I had to save it 🙏🏻 It was covered in a splatter black paint with some, let’s just say interesting, DIY drawer pulls 😳 With a ton of stripper and hours of sanding, I revived this piece to its natural wood beauty 🪵 All that was left was to throw on some new @Amazon hardware and it was time to give this dresser it’s spotlight back 🔦 I want to relist it back on Marketplace in this truly refurbished state, what do you think it’s worth? 💸 • • • • • • • • ##furnitureflip##furnituremakeover##paintedfurniture##upcycledfurniture##furniture##furniturerestoration##upcycle##furnitureartist##hoemdecor##furnituredesign##diyproject##refinishedfurniture##vintagefurnitureflip##vintage##chalkpainting##interiordecor##chalkpaintedfurniture##beforeandafter##furniturepainter##refurbishedfurniture##handpaintedfurniture##upcycled##upcycling##fusionmineralpaint##diyhimedecor##handpainted##paintedfurniturelove##furnitureflipper##restoredfurniture#furniturepainting",392561,7.142169219956738e+18,Beat,192.0,f,https://tiktok.com/@/video/7470272289540443438,124662256394452992,f,"[""furnitureflip"",""furnituremakeover"",""paintedfurniture"",""upcycledfurniture"",""furniture"",""furniturerestoration"",""upcycle"",""furnitureartist"",""hoemdecor"",""furnituredesign"",""diyproject"",""refinishedfurniture"",""vintagefurnitureflip"",""vintage"",""chalkpainting"",""interiordecor"",""chalkpaintedfurniture"",""beforeandafter"",""furniturepainter"",""refurbishedfurniture"",""handpaintedfurniture"",""upcycled"",""upcycling"",""fusionmineralpaint"",""diyhimedecor"",""handpainted"",""paintedfurniturelove"",""furnitureflipper"",""restoredfurniture"",""furniturepainting""]"
7249552115557829934,1687917897,I’m just trying to help you out son! 😫 #englishbulldog #bulldog #fyp #barkleythabulldog #dogsoftiktok #dogmom #veternarian ,520958,7.142169219956738e+18,Beat,192.0,f,https://tiktok.com/@/video/7249552115557829934,6802210003199820806,f,"[""englishbulldog"",""bulldog"",""fyp"",""barkleythabulldog"",""dogsoftiktok"",""dogmom"",""veternarian""]"
7414589159219727662,1726343572,Not involved #cartok #carguy #carsoftiktok #carcommunity #carsontiktok ,276296,7.142169219956738e+18,Beat,192.0,f,https://tiktok.com/@/video/7414589159219727662,6779081585545135110,f,"[""cartok"",""carguy"",""carsoftiktok"",""carcommunity"",""carsontiktok""]"
7236857347044560174,1684962164,Also has crazy LED lighting at night! 👀 #audi #audia8l #a8l #audia8 #cartok #carguy #carcommunity #carsontiktok #carsoftiktok #luxurycar #careeviews #sally #sully #whipplesupercharger #whipple #boosted #boost #cartiktok #v8 #twinturbo #luxurycars ,500248,7.142169219956738e+18,Beat,192.0,f,https://tiktok.com/@/video/7236857347044560174,6779081585545135110,f,"[""audi"",""audia8l"",""a8l"",""audia8"",""cartok"",""carguy"",""carcommunity"",""carsontiktok"",""carsoftiktok"",""luxurycar"",""careeviews"",""sally"",""sully"",""whipplesupercharger"",""whipple"",""boosted"",""boost"",""cartiktok"",""v8"",""twinturbo"",""luxurycars""]"
7307080200678804779,1701312198,Time for tuning! ✅#ess #essg3x #g3x #essg3x #cartok #carguy #carcommunity #v8 #5oh #ford #fordmustang #centrifugalsupercharger #supercharged #yt #mustang #manual #6speed #firststart ,241909,7.142169219956738e+18,Beat,192.0,f,https://tiktok.com/@/video/7307080200678804779,6779081585545135110,f,"[""ess"",""essg3x"",""g3x"",""cartok"",""carguy"",""carcommunity"",""v8"",""5oh"",""ford"",""fordmustang"",""centrifugalsupercharger"",""supercharged"",""yt"",""mustang"",""manual"",""6speed"",""firststart""]"
7376341479863635242,1717438339,i made 50 peopel swipe irl again (part 11) #love #date #dating #nectar #hinge #bumble #swiping ,1009132,7.142169219956738e+18,Beat,192.0,f,https://tiktok.com/@/video/7376341479863635242,6897488841557935109,f,"[""Love"",""date"",""dating"",""nectar"",""hinge"",""bumble"",""swiping""]"
7440170589920185630,1732299718,"Do you experience jaw popping and have you been diagnosed with TMD, and you’re trying to figure out what to do?  maybe you’ve been told that it is coming from your TMJ disc… and that there is a disc displacement with reduction meaning that it wpops in and out of place.  We can treat this by actually stretching the capsule and retraining, the movement of the joint. Now, I will tell you the success rates of keeping it from popping again are low… But we can improve the quality of movement and discomfort, which is the most important thing function is everything. Tomorrow I’m also posting a video on strategies to address popping! #tmj #tmj👊 #tmjdisorder #tmjtreatment #tmd #dental #dentist #dentistry #temporomandibular #temporomandibularjoint ",2588113,7.142169219956738e+18,Beat,192.0,f,https://tiktok.com/@/video/7440170589920185630,7016500196452893701,f,"[""tmj"",""tmj\ud83d\udc4a"",""tmjdisorder"",""tmjtreatment"",""tmd"",""dental"",""dentist"",""dentistry"",""temporomandibular"",""temporomandibularjoint""]"
7313295494309088555,1702759312,This might be my ultimate flex 🚐🔨🌎💰🧠 #felzhouses #sandyrunoriginal #slowdirtyall #realityofvanlife #elsuave #seeinside #offgrid #traveler #damntheman #realityoftravellife #tradework #jacksonhole #strategy #liveforfree #lifehack #clever #lifexplained #vivalamexico #ducklife #selfreliant #roadtrip #vanlifediaries #vanlifetravel #nomadlife #vanbuild #dodgevan #coolness #classisinsession #strong #ballerstatus #ultimateflex #getlikeme #hippiestyle #welcometothejoeshow #augustaga #seetheworld #washingtonstateofmind  ,324088,7.142169219956738e+18,Beat,192.0,f,https://tiktok.com/@/video/7313295494309088555,7124638248026784814,f,"[""felzhouses"",""sandyrunoriginal"",""slowdirtyall"",""realityofvanlife"",""elsuave"",""seeinside"",""offgrid"",""traveler"",""damntheman"",""realityoftravellife"",""tradework"",""jacksonhole"",""strategy"",""liveforfree"",""LifeHack"",""clever"",""lifexplained"",""vivalamexico"",""ducklife"",""selfreliant"",""roadtrip"",""vanlifediaries"",""vanlifetravel"",""nomadlife"",""vanbuild"",""dodgevan"",""coolness"",""classisinsession"",""strong"",""ballerstatus"",""ultimateflex"",""getlikeme"",""hippiestyle"",""welcometothejoeshow"",""augustaga"",""seetheworld"",""washingtonstateofmind""]"
7231049379778628910,1683609913,"If you’re like me, always up late at night and hungry, I def recommend checking this place out right next to Condesa. The food and customer service were good. I’ll def be back. They might as well go ahead and open them up all around the city😂🤷🏾‍♂️ #philly #phillyfoodies #centercityphilly #bodega #papistore #condesa #latenight ",177868,7.142169219956738e+18,Beat,192.0,f,https://tiktok.com/@/video/7231049379778628910,6787188128702120965,f,"[""philly"",""phillyfoodies"",""centercityphilly"",""bodega"",""papistore"",""condesa"",""latenight""]"
7438455564490886443,1731900402,#keithlee #fobsushi #wormgate #sashimi #sushi ,255213,7.142169219956738e+18,Beat,192.0,f,https://tiktok.com/@/video/7438455564490886443,6837967113697985542,f,"[""keithlee"",""fobsushi"",""wormgate"",""sashimi"",""sushi""]"
7511516789394689322,1748911318,CINCO APPS para el Apple Watch ⌚️ #applewatch #apple #relojinteligente #smartwatch #fyp ,524468,7.142169219956738e+18,Beat,192.0,f,https://tiktok.com/@/video/7511516789394689322,7285544907065787438,f,"[""applewatch"",""apple"",""relojinteligente"",""smartwatch"",""fyp""]"
7223511366672403754,1681854817,"Replying to @certifiedbootysnatcher here ya go, my brother. #fragrancetok #fragcomm #colognesformen #rafscents #colognetok #fragrance #parfum #perfume #colognetiktok #fragrancetiktok #colognes ",167217,7.142169219956738e+18,Beat,192.0,f,https://tiktok.com/@/video/7223511366672403754,6939573669845091334,f,"[""fragrancetok"",""fragcomm"",""colognesformen"",""rafscents"",""colognetok"",""fragrance"",""parfum"",""perfume"",""colognetiktok"",""fragrancetiktok"",""colognes""]"
7301465786407783712,1700004989,FAITES LE !!!! #studytok #study #student #etudiant #testanglais #ielts #toefl  #toeic #testdelangue #avoirdebonnesnotes ,206065,7.142169219956738e+18,Beat,192.0,f,https://tiktok.com/@/video/7301465786407783712,6798479852288230406,f,"[""studytok"",""study"",""student"",""etudiant"",""testanglais"",""ielts"",""toefl"",""toeic"",""testdelangue"",""avoirdebonnesnotes""]"
7475811533444943150,1740598025,#greenscreen #ruihachimura #austinreaves #lakers #lalakers #lebron #lebronjames #luka #lukadoncic #doncic #nba #nbatok #anthonydavis #mavericks #dallas @Dallas Mavericks ,85137,7.142169219956738e+18,Beat,192.0,f,https://tiktok.com/@/video/7475811533444943150,8453254,f,"[""greenscreen"",""ruihachimura"",""austinreaves"",""lakers"",""lalakers"",""lebron"",""lebronjames"",""luka"",""lukadoncic"",""doncic"",""NBA"",""nbatok"",""anthonydavis"",""mavericks"",""dallas""]"
7226522822787599659,1682555973,Priscilla is definitely Bad & Boujee✨ Homegirl was in MAJOR need of a repot😅 Anyone else love a good Albo?!🤍🤤 #houseplants #plant #plantsoftiktok #monstera #monsteraalbo #planttok #planttiktok #plantcare #planttips #plantlover #plantmom #plantrepotting #crazyplantlady ,135222,7.142169219956738e+18,Beat,192.0,f,https://tiktok.com/@/video/7226522822787599659,7124091769309938734,f,"[""houseplants"",""plant"",""plantsoftiktok"",""monstera"",""monsteraalbo"",""PlantTok"",""planttiktok"",""plantcare"",""planttips"",""plantlover"",""plantmom"",""plantrepotting"",""crazyplantlady""]"
7279165531381353758,1694812810,iPhone 15 pre-order FAIL 🤬 Ready to convert to a green text bubble frfr #apple #iphone #iphone15 #iphone15preorder #preorder #iphonefail #hapathunder #fypシ #smartphone ,333633,7.142169219956738e+18,Beat,192.0,f,https://tiktok.com/@/video/7279165531381353758,6847134703545156614,f,"[""apple"",""iphone"",""iphone15"",""iphone15preorder"",""preorder"",""iphonefail"",""hapathunder"",""fyp\u30b7"",""smartphone""]"
7242720237584403758,1686327232,"800m Training Guide 💥  After my last video on 800m racing, this video was HIGHLY requested. Breaking weeks and seasons into three parts each andmaking sure you are following this structure will help you have some level of progression through a year of training. Although, the most important note from the video is DO NOT GET HURT. I cannot stress this enough, take care of yourself, listen to your body, talk to your coaches, and take recovery as serious as workouts.  This will get you farther than any workout plan. 🤙 Let me jnow if you have any questions and Ill do my best to answer them!  (Also thanks @Lonely Mile for the sick shirt!!!)  #running #800m #training ",168207,7.142169219956738e+18,Beat,192.0,f,https://tiktok.com/@/video/7242720237584403758,3538685,f,"[""Running"",""800m"",""training""]"
7438675671695625514,1731951653,@High Point University truly has it all 👏🏼 use code MADDIE6 to waive your application fee 💌 OBSESSED is an understatement !! #highpoint #hpu #highpointuniversity #highpointnc #highpointu #highpointnorthcarolina #hair #hairtok #hairextensions #itipextensions #itips #itiphairextensions #itip #hairextension #hpuhairsalon #CapCut ,172969,7.142169219956738e+18,Beat,192.0,f,https://tiktok.com/@/video/7438675671695625514,6662086173244555269,f,"[""highpoint"",""hpu"",""highpointuniversity"",""highpointnc"",""highpointu"",""highpointnorthcarolina"",""hair"",""hairtok"",""hairextensions"",""itipextensions"",""itips"",""itiphairextensions"",""itip"",""hairextension"",""hpuhairsalon"",""capcut""]"
7495614507973102879,1745208778,Does WWE need to turn Dominik Mysterio face? #dominikmysterio #wrestlemania #wrestlemania41 #judgmentday #finnbalor #wwe ,126952,7.142169219956738e+18,Beat,192.0,f,https://tiktok.com/@/video/7495614507973102879,6775158807100703749,f,"[""dominikmysterio"",""WrestleMania"",""wrestlemania41"",""judgmentday"",""finnbalor"",""WWE""]"
7308916663267675434,1701739780,Five fabric resources you NEED! Let me know if I missed one below⤵️ #fabric #sewingadvice #sewingdiy ,109210,7.142169219956738e+18,Beat,192.0,f,https://tiktok.com/@/video/7308916663267675434,7070309916889842734,f,"[""fabric"",""sewingadvice"",""sewingdiy""]"
7223583094715125038,1681871519,#desingideas #taperdesign #barber #anuel #parati ,379747,7.142169219956738e+18,Beat,192.0,f,https://tiktok.com/@/video/7223583094715125038,7206561439065949226,f,"[""desingideas"",""taperdesign"",""barber"",""anuel"",""parati""]"
7431220855000108319,1730215998,The smoothest spinning reel on the market #daiwareels #daiwaexist #fishing #fishingvideo #fishingreels #fishtok #tailwateroutfitters #tailwater #fypツ #foryoupage #foryou #fyp #daiwa,222297,7.142169219956738e+18,Beat,192.0,f,https://tiktok.com/@/video/7431220855000108319,7134834582834758702,f,"[""daiwareels"",""daiwaexist"",""fishing"",""fishingvideo"",""fishingreels"",""fishtok"",""tailwateroutfitters"",""tailwater"",""fyp\u30c4"",""foryoupage"",""foryou"",""fyp"",""daiwa""]"
7226453624212180270,1682539857,My favorite tee ever #clothingbrand #sewing #screenprinting #foryou #viral ,141618,7.142169219956738e+18,Beat,192.0,f,https://tiktok.com/@/video/7226453624212180270,7127766447619654702,f,"[""clothingbrand"",""sewing"",""screenprinting"",""foryou"",""viral""]"
7498870480066137386,1745966879,TAPER FADE TUTORIAL ,406264,7.142169219956738e+18,Beat,192.0,f,https://tiktok.com/@/video/7498870480066137386,7002996610770830341,f,[]
7394461010624564523,1721657125,"Family day trip with identical twin boys 👦🏼👦🏼 Leaving the house with kids is probably one of the hardest things to do.  As new parents, it’s easy to get sucked into the kids routines and never really get out of the house with them. We make it a goal to get out of the house and force the boys to be flexible with their schedules.  Naps out of the house aren’t always going to go to plan. Learning to be comfortable and calm in uncomfortable situations is important. When either or both of the boys have a meltdown in public we sometimes feel like every person is looking or judging us. Parents deserve to have lives too and it’s unrealistic to think kids won’t cry out in public. It’s going to happen so you might as well embrace it.  In the end, parents are trying their best to figure out how to live their own lives while trying to give their kids the best life possible. So next time you’re in public and you see/hear a crying baby, instead of rolling your eyes and judging… have a little sympathy for the parent who is just trying their best.  This trip out with the boys was so much fun! Until we got stuck in traffic on the way home and the boys absolutely lost it 😅. #twins #twinboys #identicaltwins #twinlife #dadlife #parenting #reels #identicaltwinboys ",107083,7.142169219956738e+18,Beat,192.0,f,https://tiktok.com/@/video/7394461010624564523,11899457,f,"[""twins"",""twinboys"",""identicaltwins"",""twinlife"",""dadlife"",""parenting"",""reels"",""identicaltwinboys""]"
7400034632214777130,1722954836,"After work routine with identical twin boys 👦🏼👦🏼  Like most people, my wife and I both have jobs and can’t always have our schedules work to where one of us is always home. Thankfully, we have help from family when Jordan and I both work on the same day.  Coming home from work and going straight into parent mode is not a fun/easy task. Usually, once I get off of work I just want to zone out and decompress for a while. That is not possible when you’re coming home to two boys who are ready for bed.  My wife works longer days than I do, so I always make sure to have the house cleaned up for when she gets home.  Everything we do is for the benefit of our family and we’re so lucky that we get to spend so much time with our boys 👦🏼👦🏼🐶🐶. #twins #twin #twinlife #identicaltwins #identicaltwinboys #reels #dadlife #parenting ",122981,7.142169219956738e+18,Beat,192.0,f,https://tiktok.com/@/video/7400034632214777130,11899457,f,"[""twins"",""twin"",""twinlife"",""identicaltwins"",""identicaltwinboys"",""reels"",""dadlife"",""parenting""]"
7464007007050157355,1737849587,Drone is the same level as the axle setup… 🤷‍♂️ #cartok #carguy #carsontiktok #diesel #trucksoftiktok #truck #diesel #dodge ,151319,7.142169219956738e+18,Beat,192.0,f,https://tiktok.com/@/video/7464007007050157355,6988771685885412357,f,"[""cartok"",""carguy"",""carsontiktok"",""diesel"",""trucksoftiktok"",""truck"",""dodge""]"
7436820995517762848,1731519826,Free Lil Durk/Smurk/Mustafa Abdul Malek ⛓️‍💥🐐 #fyp #fyp #fyppppppppppppppppppppppp #lildurk #durkio #smurk #chicago #oblock ,620525,7.142169219956738e+18,Beat,192.0,f,https://tiktok.com/@/video/7436820995517762848,7387370234937787424,f,"[""fyp"",""fyppppppppppppppppppppppp"",""lildurk"",""durkio"",""smurk"",""chicago"",""oblock""]"
7225792074837282091,1682385831,"Real detailing takes lots of time, skill, and experience #interiordetailing #carcare #cardetailing #satisfyingdetailing ",428703,7.142169219956738e+18,Beat,192.0,f,https://tiktok.com/@/video/7225792074837282091,7201115997122429998,f,"[""interiordetailing"",""carcare"",""cardetailing"",""satisfyingdetailing""]"
7483787251449597206,1742455009,Alerte record NBA 🚨 Mamukelashvili s’est offert son premier record dans la victoire des spurs 🇬🇪#sport #basketball #spurs #mamu #knicks #fyp ,157128,7.142169219956738e+18,Beat,192.0,f,https://tiktok.com/@/video/7483787251449597206,7477722315766268951,f,"[""sport"",""basketball"",""spurs"",""mamu"",""knicks"",""fyp""]"
7507825637780983083,1748051924,SEGUNDA CLASE @MARTIN ELOTES ,430858,7.142169219956738e+18,Beat,192.0,f,https://tiktok.com/@/video/7507825637780983083,7002996610770830341,f,[]
7472540262552685879,1739836370,El Tejedor 😈🪄🧶✨✨ . #amigurumi #dobby #harrypotter #amigurumis #amigurumilove #eltejedordeconfianza #comotejermuñecasamigurumi #eltejedordeconfianza #tejidosodom #uncliente #cliente ,259525,7.142169219956738e+18,Beat,192.0,f,https://tiktok.com/@/video/7472540262552685879,7021526555931640837,f,"[""amigurumi"",""dobby"",""harrypotter"",""amigurumis"",""amigurumilove"",""eltejedordeconfianza"",""comotejermu\u00f1ecasamigurumi"",""tejidosodom"",""uncliente"",""cliente""]"
7494333127893028138,1744910423,"Everyone’s out here chasing curves, but science says it’s all about that arch 🧠💅 It’s giving… lumbar supremacy 💃 #TikTokScience #BeautyStandards #HighHeelsEffect  #BodyLanguage #FunFacts #DidYouKnow #MindBlown    #LumbarCurve  #ScienceTok Lewis DMG, Russell EM, Al-Shawaf L, Ta V, Senveli Z, Ickes W, Buss DM. Why Women Wear High Heels: Evolution, Lumbar Curvature, and Attractiveness. Front Psychol. 2017 Nov 13;8:1875. doi: 10.3389/fpsyg.2017.01875. PMID: 29180972; PMCID: PMC5693914.",241502,7.142169219956738e+18,Beat,192.0,f,https://tiktok.com/@/video/7494333127893028138,6841189266695275526,f,"[""tiktokscience"",""beautystandards"",""highheelseffect"",""bodylanguage"",""funfacts"",""DidYouKnow"",""mindblown"",""lumbarcurve"",""sciencetok""]"
7510179124758220078,1748599994,Top 5 list of airport benefits for military members #military #fyp #airport #top5 #miltok #veteransoftiktok #americanairlines #deltaairlines #army #airforce #militarytiktok #navy #uso #tsa #firstclass #spaceforce #marines #coastguard #vlogginvet ,133765,7.142169219956738e+18,Beat,192.0,f,https://tiktok.com/@/video/7510179124758220078,6672040017588977669,f,"[""military"",""fyp"",""airport"",""top5"",""miltok"",""veteransoftiktok"",""americanairlines"",""deltaairlines"",""army"",""airforce"",""militarytiktok"",""navy"",""uso"",""tsa"",""firstclass"",""spaceforce"",""marines"",""coastguard"",""vlogginvet""]"
7470340102812699946,1739324129,"The Powerstroke was more popular, but the Triton V10 has quite a history 🤯 #superduty #fordtrucks #fordf250 #fordf350 ",201924,7.142169219956738e+18,Beat,192.0,f,https://tiktok.com/@/video/7470340102812699946,6933381257835168774,f,"[""superduty"",""fordtrucks"",""fordf250"",""fordf350""]"
7338088952588553478,1708531978,Vocês usam o cabelo natural? . . . . . . #ny #travel #intercambio #novaiorque #inglesbasico #falaringles #culturapreta #hiphopculture #brasileirosemny #brasileirosnoexterior #intercambista #pretaspelomundo #semperrenguenagringa #blackculture #culturalexchange #travel #novaiorque #brasileirosnoseua #wakanda #wakandagossip #art #blackhistorymonth,80210,7.142169219956738e+18,Beat,192.0,f,https://tiktok.com/@/video/7338088952588553478,6826114306573124614,f,"[""ny"",""travel"",""intercambio"",""novaiorque"",""inglesbasico"",""falaringles"",""culturapreta"",""hiphopculture"",""brasileirosemny"",""brasileirosnoexterior"",""intercambista"",""pretaspelomundo"",""semperrenguenagringa"",""blackculture"",""culturalexchange"",""brasileirosnoseua"",""wakanda"",""wakandagossip"",""art"",""blackhistorymonth""]"
7477662979933162795,1741029149,#greenscreen #lakers #lalakers #losangeleslakers #luka #lukadoncic #nba #nbatok #nbatiktok #anthonydavis #lebron #lebronjames #espnla @Lakers @ESPN Los Angeles @Luka ,305903,7.142169219956738e+18,Beat,192.0,f,https://tiktok.com/@/video/7477662979933162795,8453254,f,"[""greenscreen"",""lakers"",""lalakers"",""losangeleslakers"",""luka"",""lukadoncic"",""NBA"",""nbatok"",""nbatiktok"",""anthonydavis"",""lebron"",""lebronjames"",""espnla""]"
7458666484097731883,1736606133,watch me set up for a build up and crown  #fyp #foryoupage #dentaltok #dentalassistant #dentist #dentistry #dental #doctor #dentaloffice #dentalhumor ,278479,7.142169219956738e+18,Beat,192.0,f,https://tiktok.com/@/video/7458666484097731883,6753621330120049669,f,"[""fyp"",""foryoupage"",""dentaltok"",""dentalassistant"",""dentist"",""dentistry"",""dental"",""doctor"",""dentaloffice"",""dentalhumor""]"
7464780664169254190,1738029723,Nebraska volleyball made its only move in the transfer portal with the commitment of Baylor opposite hitter Allie Sczech. Ana Bellinghausen breaks down the current roster and portal deadlines before the college volleyball season. #huskers #nebraska #ncaavolleyball #collegevolleyball #transferportal #nebraskatok ,180158,7.142169219956738e+18,Beat,192.0,f,https://tiktok.com/@/video/7464780664169254190,6608648813446660102,f,"[""huskers"",""nebraska"",""ncaavolleyball"",""collegevolleyball"",""transferportal"",""nebraskatok""]"
7234256287175855403,1684356556,Just the honest truth from someone that owns both! 🤷‍♂️ #cartok #carguy #carcommunity #ls #lsx #lt #lt1 #lt4 #chevy #camaro #chevycamaro #boosted #boost #carsontiktok #yt #v8 #5oh #6speed #manual #10speed #ls3 #gm #carreview ,190536,7.142169219956738e+18,Beat,192.0,f,https://tiktok.com/@/video/7234256287175855403,6779081585545135110,f,"[""cartok"",""carguy"",""carcommunity"",""ls"",""lsx"",""lt"",""lt1"",""lt4"",""chevy"",""camaro"",""chevycamaro"",""boosted"",""boost"",""carsontiktok"",""yt"",""v8"",""5oh"",""6speed"",""manual"",""10speed"",""ls3"",""gm"",""carreview""]"
7225716856579968299,1682368319,What do you guys think of the space?! 👀#wrap #wrapshop #vinylwrapping #vinyl #3m #cartok #carguy #carcommunity #boosted #boost #carsoftiktok #yt #v8 #5oh #brz #subaru #wrappingcars #cartiktok ,134836,7.142169219956738e+18,Beat,192.0,f,https://tiktok.com/@/video/7225716856579968299,6779081585545135110,f,"[""wrap"",""wrapshop"",""vinylwrapping"",""vinyl"",""3m"",""cartok"",""carguy"",""carcommunity"",""boosted"",""boost"",""carsoftiktok"",""yt"",""v8"",""5oh"",""brz"",""subaru"",""wrappingcars"",""cartiktok""]"
7497433646991871278,1745632334,TAPER FADE TUTORIAL ,296202,7.142169219956738e+18,Beat,192.0,f,https://tiktok.com/@/video/7497433646991871278,7002996610770830341,f,[]
7231678796829838638,1683756443,How much money I made in April as a  Resident Doctor at UCLA #residentdoctor #doctorsalary #residentdoctorlife #residentdoctorsalary #salarytransparency #doctorsoftiktok #medicalschool #ucla #fyp #foryoupage ,133339,7.142169219956738e+18,Beat,192.0,f,https://tiktok.com/@/video/7231678796829838638,7047983461390533638,f,"[""residentdoctor"",""doctorsalary"",""residentdoctorlife"",""residentdoctorsalary"",""salarytransparency"",""doctorsoftiktok"",""medicalschool"",""ucla"",""fyp"",""foryoupage""]"
7238677593707449646,1685385979,Replying to @Ryan Turley How to cook a Tomahawk Steak • #bbq #bbqtiktok #howto #cooking #steakandeggs #turleytestkitchen ,636844,7.142169219956738e+18,Beat,192.0,f,https://tiktok.com/@/video/7238677593707449646,6807233148318565381,f,"[""bbq"",""bbqtiktok"",""howto"",""cooking"",""steakandeggs"",""turleytestkitchen""]"
7371639917350243627,1716343674,That Audi needs it 🤷‍♂️#cartok #carguy #carbonbuildup #carbon #seafoam #carsoftiktok #audi #s4 #diy #boosted #boost #supercharged ,187971,7.142169219956738e+18,Beat,192.0,f,https://tiktok.com/@/video/7371639917350243627,6779081585545135110,f,"[""cartok"",""carguy"",""carbonbuildup"",""carbon"",""seafoam"",""carsoftiktok"",""audi"",""s4"",""DIY"",""boosted"",""boost"",""supercharged""]"
7513359017570209067,1749340247,Ford is gonna charge a lot for this & I already know it… #TikTokAutoCampaign #CarTips #carcommunity #ford #mustang #foxbody #carcommunity ,82840,7.142169219956738e+18,Beat,192.0,f,https://tiktok.com/@/video/7513359017570209067,6779081585545135110,f,"[""tiktokautocampaign"",""cartips"",""carcommunity"",""ford"",""mustang"",""foxbody""]"
7242114687322852654,1686186231,Replying to @Robert Wattenbarger I think John & I got the last bump start until I get a new clutch… 😅 @CloutStang #bumpstart #cartok #carguy #carcommunity #boosted #boost #whipplesupercharger #whipple #carsoftiktok #manual #6speed #deadcarbattery #deadbattery #yt #sally #ford #fordmustang ,86643,7.142169219956738e+18,Beat,192.0,f,https://tiktok.com/@/video/7242114687322852654,6779081585545135110,f,"[""bumpstart"",""cartok"",""carguy"",""carcommunity"",""boosted"",""boost"",""whipplesupercharger"",""whipple"",""carsoftiktok"",""manual"",""6speed"",""deadcarbattery"",""deadbattery"",""yt"",""sally"",""ford"",""fordmustang""]"
7276190747940949253,1694120180,#russian #russianwoman #russiangirl #russianmentality ,277929,7.142169219956738e+18,Beat,192.0,f,https://tiktok.com/@/video/7276190747940949253,6717363439717467142,f,"[""russian"",""russianwoman"",""russiangirl"",""russianmentality""]"
7475338518844181791,1740487938,Please help Tito get paid🙂  #fyp #redbull #military #combat #filipino #navy #carrier #CATOBAR #militarylife #nightlife #pilot #JET #aviation #trending #redbullgivesyouwings ,61230,7.142169219956738e+18,Beat,192.0,f,https://tiktok.com/@/video/7475338518844181791,55921587589226496,f,"[""fyp"",""redbull"",""military"",""combat"",""filipino"",""navy"",""carrier"",""catobar"",""militarylife"",""nightlife"",""pilot"",""jet"",""aviation"",""trending"",""redbullgivesyouwings""]"
7447255117520293151,1733949213,House Tour inside Luxury Modern Home outside of Dallas Texas #dallasrealtor #texasrealtor #dallashomes #luxuryhomes #dfwrealestate #dfwrealtor #texashomes #homesforsale🏠🔑 ,435672,7.142169219956738e+18,Beat,192.0,f,https://tiktok.com/@/video/7447255117520293151,6803824470954001409,f,"[""dallasrealtor"",""texasrealtor"",""dallashomes"",""luxuryhomes"",""dfwrealestate"",""dfwrealtor"",""texashomes"",""homesforsale\ud83c\udfe0\ud83d\udd11""]"
7253204463282867499,1688768275,summer lift split as a d1 soccer player! if youre in sd check out @kochperformance on IG! #stanfordsoccer #d1 #womenssoccer #preseason #lifting ,88811,7.142169219956738e+18,Beat,192.0,f,https://tiktok.com/@/video/7253204463282867499,6720384621995295749,f,"[""stanfordsoccer"",""d1"",""womenssoccer"",""Preseason"",""lifting""]"
7500831835803503894,1746423514,Stephen Curry rejoint Edwards en demi de conférence qui l’attend de croc ferme 🐺 Magnifique Buddy Hield qui offre le match 7 aux Warriors🔥 Abonne toi pour suivre les playoffs tous les matins ⏰ #NBA #basketball #sport #curry #warriors #rockets #wolves ,95665,7.142169219956738e+18,Beat,192.0,f,https://tiktok.com/@/video/7500831835803503894,7477722315766268951,f,"[""NBA"",""basketball"",""sport"",""curry"",""warriors"",""rockets"",""wolves""]"
7449035263176609066,1734363681,3rd Gen Cummins trucks are popular for (many) good reasons 🐏  #3rdgen #cumminspower #3rdgendodge #fassfuelsystems ,123483,7.142169219956738e+18,Beat,192.0,f,https://tiktok.com/@/video/7449035263176609066,6847546366560175110,f,"[""3rdgen"",""cumminspower"",""3rdgendodge"",""fassfuelsystems""]"
7504365495576153390,1747246265,TAPER FADE BAJITO TUTORIAL ,207619,7.142169219956738e+18,Beat,192.0,f,https://tiktok.com/@/video/7504365495576153390,7002996610770830341,f,[]
7446978254134742318,1733884744,Highest rated fragrances pt. 3 #fragrance#cologne#fragrancetok#nichefragrance ,171505,7.142169219956738e+18,Beat,192.0,f,https://tiktok.com/@/video/7446978254134742318,7197860598524642347,f,"[""fragrance"",""cologne"",""fragrancetok"",""nichefragrance""]"
7503999456178687275,1747161084,✅TAPER FADE TUTORIAL ,231499,7.142169219956738e+18,Beat,192.0,f,https://tiktok.com/@/video/7503999456178687275,7002996610770830341,f,[]
7483981215725391134,1742500180,@Cal Cologne I understand it now 😩🔥😂 #fragrancetok #fragrances #fragrancereview #perfumetiktok #colonge #fragrancetok #fragrancecollection ,162501,7.142169219956738e+18,Beat,192.0,f,https://tiktok.com/@/video/7483981215725391134,6940096638867391494,f,"[""fragrancetok"",""fragrances"",""fragrancereview"",""perfumetiktok"",""colonge"",""fragrancecollection""]"
7485523124650315039,1742859202,"📍Los Angeles/ Chatsworth, Ca 📥 Visit IG Link in Profile💻 #explore #fyp #blowouttaper #burstfade #midtaper #taperdesign#labarber #barber #taperfade #freshfade #freshcut #cleancut #lowtaper #chatsworthbarber #sylmarbarber #sanfernandobarber #vannuysbarber #sunvalleybarber #lakeviewterracebarber #canogaparkbarber #northridgebarber #encinobarber #tarzanabarber #venturabarber  ",294019,7.142169219956738e+18,Beat,192.0,f,https://tiktok.com/@/video/7485523124650315039,6758954505172173829,f,"[""explore"",""fyp"",""blowouttaper"",""burstfade"",""midtaper"",""taperdesign"",""labarber"",""barber"",""taperfade"",""freshfade"",""freshcut"",""cleancut"",""lowtaper"",""chatsworthbarber"",""sylmarbarber"",""sanfernandobarber"",""vannuysbarber"",""sunvalleybarber"",""lakeviewterracebarber"",""canogaparkbarber"",""northridgebarber"",""encinobarber"",""tarzanabarber"",""venturabarber""]"
7373809482779872518,1716848811,tudo que eu comi em um dia em nova york! 🇺🇸✨ o vídeo não ta com as melhores imagens do mundo mas ta valendo hehe #tudoqueeucomoem1dia #tudoquecomi #comida #lifestyle #comidachinesa #lamen #restaurantes #novayork ,79231,7.142169219956738e+18,Beat,192.0,f,https://tiktok.com/@/video/7373809482779872518,6826150340128670726,f,"[""tudoqueeucomoem1dia"",""tudoquecomi"",""comida"",""Lifestyle"",""comidachinesa"",""lamen"",""restaurantes"",""novayork""]"
7493360797150793006,1744684046,#CapCut #computerscience #softwareengineer #کتاب #افغانستان #درس #networking #افغانستان_تیک_تاک #برنامه_نویسی #درامدانلاين ,128407,7.142169219956738e+18,Beat,192.0,f,https://tiktok.com/@/video/7493360797150793006,7183675213200196614,f,"[""capcut"",""computerscience"",""softwareengineer"",""\u06a9\u062a\u0627\u0628"",""\u0627\u0641\u063a\u0627\u0646\u0633\u062a\u0627\u0646"",""\u062f\u0631\u0633"",""networking"",""\u0627\u0641\u063a\u0627\u0646\u0633\u062a\u0627\u0646_\u062a\u06cc\u06a9_\u062a\u0627\u06a9"",""\u0628\u0631\u0646\u0627\u0645\u0647_\u0646\u0648\u06cc\u0633\u06cc"",""\u062f\u0631\u0627\u0645\u062f\u0627\u0646\u0644\u0627\u064a\u0646""]"
7498652097991249174,1745916001,Est ce que les lancers ratés sont la raison de la défaite de Houston ? 🤔 Les Warriors portés par un Podziemski et un butler de retour en grande forme s’impose contre les Houston Rockets 🔥 Tu veux que je te résume quel match demain ? 🔥#basketball #fyp #sport #playoff #lebron #curry #warriors ,47662,7.142169219956738e+18,Beat,192.0,f,https://tiktok.com/@/video/7498652097991249174,7477722315766268951,f,"[""basketball"",""fyp"",""sport"",""playoff"",""lebron"",""curry"",""warriors""]"
7407496817115516192,1724692258,how to get veiny hands fast💪 #veins #strong #fitness #gym #muscle #glowup #boys #man #fyp #teamwork ,184050,7.142169219956738e+18,Beat,192.0,f,https://tiktok.com/@/video/7407496817115516192,7405898453953512480,f,"[""veins"",""strong"",""Fitness"",""gym"",""muscle"",""GlowUp"",""boys"",""man"",""fyp"",""teamwork""]"
7292092911892614443,1697822696,✨🔊Mobile Scooter Shop🔊✨🛴 #shopECX #ECXscootershop #griptape #griptapeasmr #proscooter #ProScooterMaintenance ,189036,7.142169219956738e+18,Beat,192.0,f,https://tiktok.com/@/video/7292092911892614443,6982236531054822405,f,"[""shopecx"",""ecxscootershop"",""griptape"",""griptapeasmr"",""proscooter"",""proscootermaintenance""]"
7472492520765738286,1739825277,"How is your lead leg block? The main reason that our lead leg is so important is throughout all our weight training and mechanical tweaks, a lot of our focus goes into producing force.  Our lead leg helps us direct that force up our kenetic chain, and into that baseball. Without it all that training can be a waste!  Let me know if you have any questions!  #pitcher #baseball #coach #fyp #learning ",58836,7.142169219956738e+18,Beat,192.0,f,https://tiktok.com/@/video/7472492520765738286,7369747114887218219,f,"[""pitcher"",""baseball"",""coach"",""fyp"",""learning""]"
7364556574075112750,1714694459,LA Metro has BIG plans for 2028👀 What do you think of Metro’s plan?  #lametro #metro #2028olympics #olympics #losangeles #publictransportation #metrostop #littletokyo #metrostop #mysecretla ,85244,7.142169219956738e+18,Beat,192.0,f,https://tiktok.com/@/video/7364556574075112750,6819392045983990790,f,"[""lametro"",""metro"",""2028olympics"",""olympics"",""losangeles"",""publictransportation"",""metrostop"",""littletokyo"",""mysecretla""]"
7512566232550362399,1749155645,The #switch2 is running #supersmashbrosultimate better than the #switch 1!! #nintendo#nintendoswitch#smash#fyl#viral#fyp ,79836,7.142169219956738e+18,Beat,192.0,f,https://tiktok.com/@/video/7512566232550362399,6829753556759118853,f,"[""switch2"",""supersmashbrosultimate"",""switch"",""nintendo"",""nintendoswitch"",""smash"",""fyl"",""viral"",""fyp""]"
7256611324237565227,1689561497,WORK ON YOUR FUNDAMENTALS FIRST❗️💯 #VozDosCriadores #screammovie #basketball #hooper #ballislife #teachersoftiktok #learnontiktok #skills #tutorial #breakdown #learnontiktok #fyp #traeball ,70687,7.142169219956738e+18,Beat,192.0,f,https://tiktok.com/@/video/7256611324237565227,6768721334883599366,f,"[""vozdoscriadores"",""screammovie"",""basketball"",""hooper"",""ballislife"",""teachersoftiktok"",""LearnOnTikTok"",""skills"",""tutorial"",""breakdown"",""fyp"",""traeball""]"
7433629959731612971,1730776853,"One of the best Duos, Bobby and Doc 🔥🤝🏻  #drdisrespect #drdisrespectlive #drdisrespectclips #bobbypoff #twotime #thebestwotime #warzone #callofdutywarzone #fyp #fypシ #foryou ",121721,7.142169219956738e+18,Beat,192.0,f,https://tiktok.com/@/video/7433629959731612971,6978493221337613317,f,"[""drdisrespect"",""drdisrespectlive"",""drdisrespectclips"",""bobbypoff"",""twotime"",""thebestwotime"",""warzone"",""callofdutywarzone"",""fyp"",""fyp\u30b7"",""foryou""]"
7434177224829308191,1730904357,Our #1 Selling Reel #fishing #fishingvideo #fishingreels #fishtok #fishing #fyp #foryou #foryoupage #fypツ #shimano #shimanoreels #stradic #stradicfm,80344,7.142169219956738e+18,Beat,192.0,f,https://tiktok.com/@/video/7434177224829308191,7134834582834758702,f,"[""fishing"",""fishingvideo"",""fishingreels"",""fishtok"",""fyp"",""foryou"",""foryoupage"",""fyp\u30c4"",""shimano"",""shimanoreels"",""stradic"",""stradicfm""]"
7336269818074533162,1708108458,Today in “things I learned from Blades in the Dark” #rpg #ttrpg #tabletop #rpgtiktok #gm #dm #gmtips #gamemaster #dungeonmaster ,30927,7.142169219956738e+18,Beat,192.0,f,https://tiktok.com/@/video/7336269818074533162,6988196546450392069,f,"[""rpg"",""ttrpg"",""tabletop"",""rpgtiktok"",""gm"",""dm"",""gmtips"",""gamemaster"",""dungeonmaster""]"
7506781189093477654,1747808703,Les Wolves n’ont pas eu les armes offensives pour déjouer La Défense du Thunder 🚨  Est ce que Minnesota a sa chance contre OKC ou est ce que la marche est trop haute ? 🤔 #basketball #sport #fyp #okc #wolves #shai #edwards ,47616,7.142169219956738e+18,Beat,192.0,f,https://tiktok.com/@/video/7506781189093477654,7477722315766268951,f,"[""basketball"",""sport"",""fyp"",""okc"",""wolves"",""shai"",""edwards""]"
7516083358779247918,1749974633,Para ti que buscas un bajo fuerte y que ocupe poco espacio 🔥👈😎 #bass#fyp #soundsystem #sonido #trocas #subwoofer #kicker#amplifiers #losangeles @dinosaudio.us ,148799,7.142169219956738e+18,Beat,192.0,f,https://tiktok.com/@/video/7516083358779247918,7315542234945405998,f,"[""bass"",""fyp"",""soundsystem"",""sonido"",""trocas"",""subwoofer"",""kicker"",""amplifiers"",""losangeles""]"
7235727009224068395,1684698987,Does Iraq Have a Football League? #soccer #futbol #championsleague #asia #europaleague @Al Zawraa SC نادي الزوراء  ,63447,7.142169219956738e+18,Beat,192.0,f,https://tiktok.com/@/video/7235727009224068395,7174919539028165674,f,"[""Soccer"",""futbol"",""championsleague"",""asia"",""europaleague""]"
7241964189407890731,1686151203,pouch queen on the move ✈️ here’s how i’d pack my beis mini weekender next time i travel… #beistravel #beisminiweekender #miniweekenderbag #weekenderbag #packwithme #packingtips ,177192,7.142169219956738e+18,Beat,192.0,f,https://tiktok.com/@/video/7241964189407890731,6763285718603072517,f,"[""beistravel"",""beisminiweekender"",""miniweekenderbag"",""weekenderbag"",""packwithme"",""packingtips""]"
7382300814884343086,1718825857,This was a nice one!! Watch til the end to see what we find👍🏽👍🏽  #diecast #hotwheels #hotwheelscollector #hotwheelspics #hotwheelsaddict #hotwheelscollection #hotwheelhunting #hotwheelhunters #diecastpics #diecastcollection #diecastphotography #hotwheelsphotography #treasurehunt #treasurehunting #diecastcollector #diecastaddict #hotwheel #hotwheelsofficial #hotwheelsusa #hotwheelscars #hotwheelshunter #hotwheelssupertreasurehunt #hotwheelscandystriper #supertreasurehunt #diorama #dioramas #dioramadisplay #racing #race #track #fun #Competition #racing #compete #racetime #racer #distance #racecar #racecarsforkids #racingcompetition #stats #fyp,59573,7.142169219956738e+18,Beat,192.0,f,https://tiktok.com/@/video/7382300814884343086,7207537877168620590,f,"[""diecast"",""hotwheels"",""hotwheelscollector"",""hotwheelspics"",""hotwheelsaddict"",""hotwheelscollection"",""hotwheelhunting"",""hotwheelhunters"",""diecastpics"",""diecastcollection"",""diecastphotography"",""hotwheelsphotography"",""treasurehunt"",""treasurehunting"",""diecastcollector"",""diecastaddict"",""hotwheel"",""hotwheelsofficial"",""hotwheelsusa"",""hotwheelscars"",""hotwheelshunter"",""hotwheelssupertreasurehunt"",""hotwheelscandystriper"",""supertreasurehunt"",""diorama"",""dioramas"",""dioramadisplay"",""racing"",""race"",""track"",""fun"",""competition"",""compete"",""racetime"",""racer"",""distance"",""racecar"",""racecarsforkids"",""racingcompetition"",""stats"",""fyp""]"
7285729249288277294,1696341065,"ACL officially starts in 4 days…here’s everything you need to know! If you’re going to ACL and have any other tips, share them in the comments below Guide Outline: WHERE TO ENTER THE FEST There are 3 entrances: North, East, West I usually find myself taking the north entrance across the pedestrian bridge! GETTING TO THE FEST Getting to the fest grounds is a feat. Let me simplify the process.  - ACL shuttles - Pavemint reserved parking - Fetii (“tixfix25” for $$ off) - Capmetro (free for UT students, or $2.50/day) LATE NIGHT BITES Fueling up after ACL is soooo necessary. I found 6 go-to late night spots to grab some food! WHAT TO BRING Self explanatory, right? All items are available in my Amazon storefront (bio) WHAT TO WEAR 12 outfits, men and women, showing you some fun festival looks BEING AWARE - Watch out for phone stealing!!! - Plan meetup spots with friends - Plan daily schedule in advance - Come up with rideshare plans ahead of time #austintx #austincitylimitsmusicfestival #austincitylimits #acl #austinmusic #atx #atxlife #utaustintx #universityoftexas #aclfest #acl2023 #musicfestival #musicfestivalseason #festivalfashion #festivalmusthaves ",74572,7.142169219956738e+18,Beat,192.0,f,https://tiktok.com/@/video/7285729249288277294,6913647117208175621,f,"[""austintx"",""austincitylimitsmusicfestival"",""austincitylimits"",""acl"",""austinmusic"",""atx"",""atxlife"",""utaustintx"",""universityoftexas"",""aclfest"",""acl2023"",""musicfestival"",""musicfestivalseason"",""festivalfashion"",""festivalmusthaves""]"
7233176570674826542,1684105171,Things they dont show you on below deck |Keeping it real🛥️⚓️ #yachting #yachtie #realbelowdeck #yachtstewardess ,188298,7.142169219956738e+18,Beat,192.0,f,https://tiktok.com/@/video/7233176570674826542,6784844840641070086,f,[]
7492938369471614250,1744585696,BLOQUEADO EL QUE NO PONGA ATENCION😬 ,124690,7.142169219956738e+18,Beat,192.0,f,https://tiktok.com/@/video/7492938369471614250,7002996610770830341,f,[]
7502799171469217026,1746881564,beautiful M3 with my top of the line ceramic coating service! It got protected with a 2 step paint correction & 5 year coating including the wheels! #cardetailing #cleancars #detailingworldofficial #carsofjacksonville #mobiledetailing #reelsviral #jacksonvillefl #detailing #autodetailing #cardetail,65974,7.142169219956738e+18,Beat,192.0,f,https://tiktok.com/@/video/7502799171469217026,7375421386850763808,f,"[""cardetailing"",""cleancars"",""detailingworldofficial"",""carsofjacksonville"",""mobiledetailing"",""reelsviral"",""jacksonvillefl"",""detailing"",""autodetailing"",""cardetail""]"
7509948160580668715,1748546079,Free-styled Heart Design ❤️ #kmusebeauty #kmusehenna #hennatutorial #fyppppppppppppppppppppppp #jagua #fypシ #freestyle #viral #fingerhenna #dubai🇦🇪 ,316946,7.142169219956738e+18,Beat,192.0,f,https://tiktok.com/@/video/7509948160580668715,6896579251345196038,f,"[""kmusebeauty"",""kmusehenna"",""hennatutorial"",""fyppppppppppppppppppppppp"",""jagua"",""fyp\u30b7"",""freestyle"",""viral"",""fingerhenna"",""dubai\ud83c\udde6\ud83c\uddea""]"
7271708856609164587,1693076668,Replying to @idkk Check out our website! 🌐🛴📦  Support rider owned! #ShopECX #ECXscootershop #RiderOwned #scootering #asmr ,270671,7.142169219956738e+18,Beat,192.0,f,https://tiktok.com/@/video/7271708856609164587,6982236531054822405,f,"[""shopecx"",""ecxscootershop"",""riderowned"",""scootering"",""asmr""]"
7250210188655873323,1688071117,"being a college student is already expensive enough, save that money!! #studentdiscounts #hbcuadvice #collegeadvice #collegediscounts #collegediscount #collegelife #college101 #incomingfreshman #hbculife #ncat #ncat27 #aggiepride💙💛 ",45475,7.142169219956738e+18,Beat,192.0,f,https://tiktok.com/@/video/7250210188655873323,6754425897509667846,f,"[""studentdiscounts"",""hbcuadvice"",""collegeadvice"",""collegediscounts"",""collegediscount"",""collegelife"",""college101"",""incomingfreshman"",""hbculife"",""ncat"",""ncat27"",""aggiepride\ud83d\udc99\ud83d\udc9b""]"
7359178371290467617,1713442244,Vilken logga i Hockeyallsvenskan tycker ni är bäst?🏒 #dooznalle #hockeyallsvenskan #brynäsif #brynäs #nybrovikings #nybro #kalmarhc #shl #hockey #bikkarlskoga #djurgården #djurgårdenhockey #dif #aik #aikhockey #östersund #björklöven #södertälje #södertäljesk #ssk #moraik #mora #västervik #västeråsik #almtuna #almtunais #dooz #nalle #doozochnalle #hockeytiktok #logga #hky #fyp #fypシ゚viral #foryoupage #foryou ,178339,7.142169219956738e+18,Beat,192.0,f,https://tiktok.com/@/video/7359178371290467617,6794185968603382790,f,"[""dooznalle"",""hockeyallsvenskan"",""bryn\u00e4sif"",""bryn\u00e4s"",""nybrovikings"",""nybro"",""kalmarhc"",""shl"",""hockey"",""bikkarlskoga"",""djurg\u00e5rden"",""djurg\u00e5rdenhockey"",""dif"",""aik"",""aikhockey"",""\u00f6stersund"",""bj\u00f6rkl\u00f6ven"",""s\u00f6dert\u00e4lje"",""s\u00f6dert\u00e4ljesk"",""ssk"",""moraik"",""mora"",""v\u00e4stervik"",""v\u00e4ster\u00e5sik"",""almtuna"",""almtunais"",""dooz"",""nalle"",""doozochnalle"",""hockeytiktok"",""logga"",""hky"",""fyp"",""fyp\u30b7\u309aviral"",""foryoupage"",""foryou""]"
7247959105069911338,1687546996,Romanian Liga 1 is finally HERE! #soccer #futbol #championsleague #romania #liga1 @FCSB  ,70695,7.142169219956738e+18,Beat,192.0,f,https://tiktok.com/@/video/7247959105069911338,7174919539028165674,f,"[""Soccer"",""futbol"",""championsleague"",""romania"",""liga1""]"
7361584848961539371,1714002560,"#JoaquinBuckley will face Nursulton Ruziboev as the co-main event at #UFCStLouis on May 11, #DanaWhite announced. Buckley had previously requested to fight in his hometown at the #UFC300 press conference. #UFC #MMA #combatsports (via @DanaWhite) ",88714,7.142169219956738e+18,Beat,192.0,f,https://tiktok.com/@/video/7361584848961539371,6665397284450910213,t,"[""joaquinbuckley"",""ufcstlouis"",""danawhite"",""ufc300"",""UFC"",""mma"",""combatsports""]"
7477447792240250154,1740979029,#greenscreen #luka #lukadoncic #lakers #lebron #lebronjames #dallas #dallasmavericks #mavericks #dallasmavs #nba #nbatok #theringer ,62370,7.142169219956738e+18,Beat,192.0,f,https://tiktok.com/@/video/7477447792240250154,8453254,f,"[""greenscreen"",""luka"",""lukadoncic"",""lakers"",""lebron"",""lebronjames"",""dallas"",""dallasmavericks"",""mavericks"",""dallasmavs"",""NBA"",""nbatok"",""theringer""]"
7337052214323645702,1708290594,Michael Wilson Arizona Cardinals First Season Spotlight. #nfl #football #fyp #usa #edit #fypシ #cardinals #arizonacardinals #michaelwilson #hype #viral #trending #nflscoops ,379552,7.142169219956738e+18,Beat,192.0,f,https://tiktok.com/@/video/7337052214323645702,7329622705913250822,f,"[""nfl"",""football"",""fyp"",""usa"",""edit"",""fyp\u30b7"",""cardinals"",""arizonacardinals"",""michaelwilson"",""hype"",""viral"",""trending"",""nflscoops""]"
7399879010127334686,1722918612,The long straight box braids look was getting a bit boring so I added some curls to refresh my protective style and I’m obsessed 😍🙌🏾 I’ll probably keep them in another 2 weeks now 😉 #boxbraids #boxbraidstyles #boxbraidshairstyles #curlybraids #goddessbraids ,248584,7.142169219956738e+18,Beat,192.0,f,https://tiktok.com/@/video/7399879010127334686,6807559664118498309,f,"[""boxbraids"",""boxbraidstyles"",""boxbraidshairstyles"",""curlybraids"",""goddessbraids""]"
7506693140053626154,1747788207,¿Cómo personalizar el centro de control en iOS 18?📱 #iphone #ios18 #ios #iphonetricks #iphonetips #apple #fyp ,294214,7.142169219956738e+18,Beat,192.0,f,https://tiktok.com/@/video/7506693140053626154,7285544907065787438,f,"[""iphone"",""ios18"",""ios"",""iphonetricks"",""iphonetips"",""apple"",""fyp""]"
7286128067154595114,1696433912,Let me know what other stuff y’all would want to see! #oregon #baseball #oregonbaseball #college #d1 #ncaa #locker #sports #fyp #foryou #xyzbca ,47760,7.142169219956738e+18,Beat,192.0,f,https://tiktok.com/@/video/7286128067154595114,6705558499643212806,f,"[""oregon"",""baseball"",""oregonbaseball"",""college"",""d1"",""ncaa"",""locker"",""sports"",""fyp"",""foryou"",""xyzbca""]"
7511535838514236718,1748915754,Should I do turbo & injectors? 🤔 #TikTokAutoCampaign #CarTips #diesel #dodge #ram3500 #dually #carsoftiktok #trucks ,46754,7.142169219956738e+18,Beat,192.0,f,https://tiktok.com/@/video/7511535838514236718,6779081585545135110,f,"[""tiktokautocampaign"",""cartips"",""diesel"",""dodge"",""ram3500"",""dually"",""carsoftiktok"",""trucks""]"
7218967748506914090,1680796926,Parking Assistant in the all new fully electric Mercedes EQE 350 ⚡️ . . #mercedes #mercedesbenz #mercedesamg #mercedeseq #ev #electrfied #thebestornothing #eqe #eqe350 #eqesuv #lux #luxury #luxurylife #luxurylifestyle #luxuryev #luxurycars ,373443,7.142169219956738e+18,Beat,192.0,f,https://tiktok.com/@/video/7218967748506914090,6786055188229096454,f,"[""mercedes"",""mercedesbenz"",""mercedesamg"",""mercedeseq"",""ev"",""electrfied"",""thebestornothing"",""eqe"",""eqe350"",""eqesuv"",""lux"",""luxury"",""luxurylife"",""luxurylifestyle"",""luxuryev"",""luxurycars""]"
7250975609990548778,1688249335,"ik there’s a lot of things that y’all are probably stressing about as incoming freshmen, but i promise half of those things don’t matter!! video ideas: @FaithKruck #collegeadvice #hbcuadvice #freshmenadvice #movingtocollege #hbcufreshman #hbcufreshmansurvivalguide #hbcu27 #ncat #ncat27 #hbcutiktok #classof2027 #aggiepride💙💛 ",37460,7.142169219956738e+18,Beat,192.0,f,https://tiktok.com/@/video/7250975609990548778,6754425897509667846,f,"[""collegeadvice"",""hbcuadvice"",""freshmenadvice"",""movingtocollege"",""hbcufreshman"",""hbcufreshmansurvivalguide"",""hbcu27"",""ncat"",""ncat27"",""hbcutiktok"",""classof2027"",""aggiepride\ud83d\udc99\ud83d\udc9b""]"
7444757011235081518,1733367572,He is the two-time Champion 🔥  #drdisrespect #drdisrespectlive #drdisrespectclips #rumbledrdisrespect #rumble #stream #twotime #thebestwotime #callofdutywarzone #warzone #fyp #fypシ゚viral ,140143,7.142169219956738e+18,Beat,192.0,f,https://tiktok.com/@/video/7444757011235081518,6978493221337613317,f,"[""drdisrespect"",""drdisrespectlive"",""drdisrespectclips"",""rumbledrdisrespect"",""rumble"",""stream"",""twotime"",""thebestwotime"",""callofdutywarzone"",""warzone"",""fyp"",""fyp\u30b7\u309aviral""]"
7330400945412525355,1706741992,World of concrete day to how many bags of concrete do you think I can hold? #Concretetradeshow #worldofconcrete #worldofconcrete2024 #worldofconcreteshow #worldofconcretelasvegas #woc #woc2024 #woc24 #worldofconcreteexpo #concrete #concretelife ,246006,7.142169219956738e+18,Beat,192.0,f,https://tiktok.com/@/video/7330400945412525355,6950082888059192325,f,"[""concretetradeshow"",""worldofconcrete"",""worldofconcrete2024"",""worldofconcreteshow"",""worldofconcretelasvegas"",""woc"",""woc2024"",""woc24"",""worldofconcreteexpo"",""concrete"",""concretelife""]"
7279971791311867166,1695000531,"POTTERY DATE W MY GIRL @nazjaa  10/10 recommend Mudfire Clayworks if you’re looking for a class in ATL It was both of our first times taking a pottery class & i can assure you, it was super beginner friendly and so fun 👯‍♀️👯‍♀️✨  #potteryclass #potterydate #frienddate #thingstodoinatlanta #fyp #dateideas  #atltiktok ",64051,7.142169219956738e+18,Beat,192.0,f,https://tiktok.com/@/video/7279971791311867166,6808289081455019014,f,"[""potteryclass"",""potterydate"",""frienddate"",""thingstodoinatlanta"",""fyp"",""dateideas"",""atltiktok""]"
7329277593570577706,1706480449,World of Concrete Dewalt booth day 2! @VictoryOutdoorSerivces THE OG!! if only I would’ve waited in that our long line I would’ve got to say hi!! 😂 #concretetradeshow #worldofconcrete #worldofconcrete2024 #worldofconcreteshow #worldofconcretelasvegas #woc #woc2024 #woc24 #worldofconcreteexpo #concrete #concretelife #masonry ,210386,7.142169219956738e+18,Beat,192.0,f,https://tiktok.com/@/video/7329277593570577706,6950082888059192325,f,"[""concretetradeshow"",""worldofconcrete"",""worldofconcrete2024"",""worldofconcreteshow"",""worldofconcretelasvegas"",""woc"",""woc2024"",""woc24"",""worldofconcreteexpo"",""concrete"",""concretelife"",""masonry""]"
7496392834921106710,1745389976,Les Lakers de Lebron et Doncic reviennent à 1-1 dans la série🔥  Est ce que Minnesota peut encore remporter cette série ? 🤔 Tu veux que je te résume quel match demain ? 🔥#sport #basketball #fyp #lebron #doncic ,65222,7.142169219956738e+18,Beat,192.0,f,https://tiktok.com/@/video/7496392834921106710,7477722315766268951,f,"[""sport"",""basketball"",""fyp"",""lebron"",""doncic""]"
7494122500687793438,1744861397,"Губы после удаления геля. Я не жалею, что делала губы - это дучшее решение по подсеркиванию внешности я считаю. Но вот перебарщивать не стоит - это правда. #губы #увеличениегуб #растворениегуб #удалениегеляизгуб ",755774,7.142169219956738e+18,Beat,192.0,f,https://tiktok.com/@/video/7494122500687793438,7275910539417551915,f,"[""\u0433\u0443\u0431\u044b"",""\u0443\u0432\u0435\u043b\u0438\u0447\u0435\u043d\u0438\u0435\u0433\u0443\u0431"",""\u0440\u0430\u0441\u0442\u0432\u043e\u0440\u0435\u043d\u0438\u0435\u0433\u0443\u0431"",""\u0443\u0434\u0430\u043b\u0435\u043d\u0438\u0435\u0433\u0435\u043b\u044f\u0438\u0437\u0433\u0443\u0431""]"
7472174368924192042,1739751197,Every televised shot from Ludvig Åberg’s final round in UNDER 3 MINUTES 🏌️‍♂️ #golf #PGATOUR #highlights #winning #champion ,70337,7.142169219956738e+18,Beat,192.0,f,https://tiktok.com/@/video/7472174368924192042,6740272318982292485,t,"[""golf"",""PGATOUR"",""highlights"",""winning"",""champion""]"
7439131526354226463,1732057791,"Isaiah Martin, new to the program, gets on this episode of Cage Talk. What do we think of his controversial opinions?! 😂 #cagetalk #tierboys #expectgreatness #baseballtiktoks #baseball #baseballlife #baseballplayer #baseballboys #baseballtiktoks⚾️ ",67521,7.142169219956738e+18,Beat,192.0,f,https://tiktok.com/@/video/7439131526354226463,7344040001485472811,f,"[""cagetalk"",""tierboys"",""expectgreatness"",""baseballtiktoks"",""baseball"",""baseballlife"",""baseballplayer"",""baseballboys"",""baseballtiktoks\u26be\ufe0f""]"
7506871071069490463,1747829637,WWE’s next big signings #wwe #wwenxt #nxt #zozaya #aigleblanc #mikedvecchio #progresswrestling #revpro #apccatch #wxw #indywrestling ,76481,7.142169219956738e+18,Beat,192.0,f,https://tiktok.com/@/video/7506871071069490463,6775158807100703749,f,"[""WWE"",""wwenxt"",""nxt"",""zozaya"",""aigleblanc"",""mikedvecchio"",""progresswrestling"",""revpro"",""apccatch"",""wxw"",""indywrestling""]"
7245059843063762222,1686871958,Take another 2 grand out of my wallet Sally… 🙏 #vengeanceclutch #vengeance #ford #mustang #newclutch #clutch #manual #6speed #partslist #buildlist #carmods #whipple #whipplesupercharger #boosted #boost #cartok #carguy #carcommunity #v8 #5oh #throwoutbearing ,67080,7.142169219956738e+18,Beat,192.0,f,https://tiktok.com/@/video/7245059843063762222,6779081585545135110,f,"[""vengeanceclutch"",""vengeance"",""ford"",""mustang"",""newclutch"",""clutch"",""manual"",""6speed"",""partslist"",""buildlist"",""carmods"",""whipple"",""whipplesupercharger"",""boosted"",""boost"",""cartok"",""carguy"",""carcommunity"",""v8"",""5oh"",""throwoutbearing""]"
7380034074175393066,1718298089,Respuesta a @carolina Tercera parte #carrosbaratosenusa #yonkers #junk #pullapart #dolares #foryou #viraltiktok#comprandocarrosenusa #longervideos #carrosbaratos #dealers #cheapcar #paratii #usa🇺🇸 ,251032,7.142169219956738e+18,Beat,192.0,f,https://tiktok.com/@/video/7380034074175393066,6626468631965499397,f,"[""carrosbaratosenusa"",""yonkers"",""junk"",""pullapart"",""dolares"",""foryou"",""viraltiktok"",""comprandocarrosenusa"",""longervideos"",""carrosbaratos"",""dealers"",""cheapcar"",""paratii"",""usa\ud83c\uddfa\ud83c\uddf8""]"
7240911065490476331,1685905996,Russian Premier League Overview! #soccer #futbol #russia #championsleague #europaleague @FC Zenit  ,86714,7.142169219956738e+18,Beat,192.0,f,https://tiktok.com/@/video/7240911065490476331,7174919539028165674,f,"[""Soccer"",""futbol"",""russia"",""championsleague"",""europaleague""]"
7484385845831568682,1742594397,You have to try these chili cheese fries!  #stolissteaks #cheesesteak #chili #cheesefries #phillyfood #chilicheesefries #phillyeats ,81851,7.142169219956738e+18,Beat,192.0,f,https://tiktok.com/@/video/7484385845831568682,7444189040323331115,f,"[""stolissteaks"",""cheesesteak"",""chili"",""cheesefries"",""phillyfood"",""chilicheesefries"",""phillyeats""]"
7426137502936763678,1729032391,Replying to @kiramegann Boston Halloween recs 👻 #bostonbars #bostonbarsforlate20s #bostonightlife #bostonnightout #halloweenboston #bostonhalloween #bostonhalloweekend #boston #brookline #backbay #brighton #allston #fenway #southie #southend #seaport #northend #massachusetts #newengland #beaconhill ,77648,7.142169219956738e+18,Beat,192.0,f,https://tiktok.com/@/video/7426137502936763678,7045815103702615087,f,"[""bostonbars"",""bostonbarsforlate20s"",""bostonightlife"",""bostonnightout"",""halloweenboston"",""bostonhalloween"",""bostonhalloweekend"",""boston"",""brookline"",""backbay"",""brighton"",""allston"",""fenway"",""southie"",""southend"",""seaport"",""northend"",""massachusetts"",""newengland"",""beaconhill""]"
7438719890707516703,1731961964,"806 Acre Ranch with a 9,774 sq ft Estate For Sale in Medina Texas.  Agent- Louie Swope  Brokerage - West and Swope Ranches  #ranch #ranches #texas #texasranch #texasranches #land #landsale #landsales #texaslandforsale #mansion #mansions #texasrealestate #texasrealtor #luxuryhomes #luxurylife ",125801,7.142169219956738e+18,Beat,192.0,f,https://tiktok.com/@/video/7438719890707516703,7161409774075593771,f,"[""ranch"",""ranches"",""texas"",""texasranch"",""texasranches"",""land"",""landsale"",""landsales"",""texaslandforsale"",""mansion"",""mansions"",""texasrealestate"",""texasrealtor"",""luxuryhomes"",""luxurylife""]"
7493737886857104671,1744771839,This is it for Roxanne Perez? #roxanneperez #bayley #nxt #wwe #wrestlemania #wwenxt #wrestlemania41 #nxtstandanddeliver #standanddeliver ,71337,7.142169219956738e+18,Beat,192.0,f,https://tiktok.com/@/video/7493737886857104671,6775158807100703749,f,"[""roxanneperez"",""bayley"",""nxt"",""WWE"",""WrestleMania"",""wwenxt"",""wrestlemania41"",""nxtstandanddeliver"",""standanddeliver""]"
7271710071640362282,1693076949,Maatering classic lash extensions are fundamental and you shouldn’t be focusing on any other set. #CapCut  #thingsiwishiknew #lashbusinessowner #dallaslashartist #dallaslashtech #classiclashes #lashisolation #lashplacement #fyp ,63264,7.142169219956738e+18,Beat,192.0,f,https://tiktok.com/@/video/7271710071640362282,6901861642369270790,f,"[""capcut"",""thingsiwishiknew"",""lashbusinessowner"",""dallaslashartist"",""dallaslashtech"",""classiclashes"",""lashisolation"",""lashplacement"",""fyp""]"
7477971848710475050,1741101075,Slide to the legendary Pier 40 in downtown Manhattan #soccer #football #nyc #soccer #soccerfield #newyorkcity #hudsonriver ,59945,7.142169219956738e+18,Beat,192.0,f,https://tiktok.com/@/video/7477971848710475050,7405399013798904878,f,"[""Soccer"",""football"",""nyc"",""soccerfield"",""newyorkcity"",""hudsonriver""]"
7496254995352816918,1745357881,This gonna be 🔥 #anime #animetiktok #animefyp ,38329,7.142169219956738e+18,Beat,192.0,f,https://tiktok.com/@/video/7496254995352816918,7359933133967442977,f,"[""anime"",""animetiktok"",""animefyp""]"
7258070568732282155,1689901258,Unreleased YSL #newfragrances#ysl#newysl#yslfragrance#bestmensfragrance#fragrancenews#fragrancetok#yslbeauty#mensfragrance#fragrancetiktok#newreleases ,45615,7.142169219956738e+18,Beat,192.0,f,https://tiktok.com/@/video/7258070568732282155,7197860598524642347,f,"[""newfragrances"",""ysl"",""newysl"",""yslfragrance"",""bestmensfragrance"",""fragrancenews"",""fragrancetok"",""yslbeauty"",""mensfragrance"",""fragrancetiktok"",""newreleases""]"
7282013219756035370,1695475847,Best Front Living Fifth Wheel! #rv #camper #5thwheel #rvtour #rvlife #montanahighcountry #frontlivingroom ,75655,7.142169219956738e+18,Beat,192.0,f,https://tiktok.com/@/video/7282013219756035370,7015646528765297669,f,"[""rv"",""camper"",""5thwheel"",""rvtour"",""rvlife"",""montanahighcountry"",""frontlivingroom""]"
7224557648333819182,1682098428,Day in the life on the road | Couples Edition/Truck Driver #otrcdl4life #teamdriver #coupledriver #coupletruckdrivers #trucknluv #westernexpressdriver @kierraprincesss @moo2timezz ,96834,7.142169219956738e+18,Beat,192.0,f,https://tiktok.com/@/video/7224557648333819182,7208215309636453422,f,"[""otrcdl4life"",""teamdriver"",""coupledriver"",""coupletruckdrivers"",""trucknluv"",""westernexpressdriver""]"
7471830145809026335,1739671047,Let’s Take A Tour inside Beautiful New Construction Home located in Las Vegas Nv #lasvegashomes #lasvegasrealestate #lasvegasrealtor #buyingahome #homesforsale🏠🔑 #homesoftiktok #realtoroftiktok #hometour ,110430,7.142169219956738e+18,Beat,192.0,f,https://tiktok.com/@/video/7471830145809026335,6803824470954001409,f,"[""lasvegashomes"",""lasvegasrealestate"",""lasvegasrealtor"",""buyingahome"",""homesforsale\ud83c\udfe0\ud83d\udd11"",""homesoftiktok"",""realtoroftiktok"",""hometour""]"
7502188288602836270,1746739344,🤫 Complete Wood Fence Instructions 💯 Sound On 🔉#securefencecompany #securefencecontruction #diyproject #diy #homedecor #homemade #homeimprovement #privacy #cedar #steel #construction #businessowner #help #instructor #learn #woodworking #woodfence #lawn ,126630,7.142169219956738e+18,Beat,192.0,f,https://tiktok.com/@/video/7502188288602836270,7324782335530402859,f,"[""securefencecompany"",""securefencecontruction"",""diyproject"",""DIY"",""homedecor"",""homemade"",""homeimprovement"",""privacy"",""cedar"",""steel"",""construction"",""businessowner"",""help"",""instructor"",""learn"",""woodworking"",""woodfence"",""lawn""]"
7447524900715203870,1734012094,Daiwa Procyon MQ - Overview #fishingvideo #fishing #fishtok #daiwa #daiwareels #daiwaprocyon#procyon #procyonmq #foryou #foryoupage #fypツ #fyp,53427,7.142169219956738e+18,Beat,192.0,f,https://tiktok.com/@/video/7447524900715203870,7134834582834758702,f,"[""fishingvideo"",""fishing"",""fishtok"",""daiwa"",""daiwareels"",""daiwaprocyon"",""procyon"",""procyonmq"",""foryou"",""foryoupage"",""fyp\u30c4"",""fyp""]"
7486672279493954858,1743126737,MID FADE TUTORIAL ,78599,7.142169219956738e+18,Beat,192.0,f,https://tiktok.com/@/video/7486672279493954858,7002996610770830341,f,[]
7508532758466055455,1748216537,Replying to @iduma #applestore #macmini #afghanistan🇦🇫 #softwareengineer #افغانها_مقیم_امریکا🇦🇫🇺🇸 #آنلاین #afghantiktok ,112647,7.142169219956738e+18,Beat,192.0,f,https://tiktok.com/@/video/7508532758466055455,7183675213200196614,f,"[""applestore"",""macmini"",""afghanistan\ud83c\udde6\ud83c\uddeb"",""softwareengineer"",""\u0627\u0641\u063a\u0627\u0646\u0647\u0627_\u0645\u0642\u06cc\u0645_\u0627\u0645\u0631\u06cc\u06a9\u0627\ud83c\udde6\ud83c\uddeb\ud83c\uddfa\ud83c\uddf8"",""\u0622\u0646\u0644\u0627\u06cc\u0646"",""afghantiktok""]"
7439162340840443166,1732064965,"Comment the word ‘JAW’ on this video if you need help fixing jaw or facial pain. Trigeminal Neuralgia is a very popular term or diagnosis nowadays.  Too common. I am finding it more and more commonly used as a grab bag sort of term.  Have jaw or facial pain? Then it must be trigeminal neuralgia! NOT. True trigeminal neuralgia is a dysfunction of the nerve itself or commonly due to compression from a blood vessel. It is also characteristically extremely painful, comes in intense waves causing severe anxiety and depression.  Described as the worst pain imaginableable!  Does that sound like you? Or can you better relate to uncomfortable pain near the eye nose or jaw? This is what most people experience. The trigeminal nerve carries signals to the jaw teeth gums and skin of side of face nasal, forehead and eye areas… so yeah a lot can activate pain in this area of distribution. In this video I explore 3 possible explanations for this type of pain.  I also show assessments and treatment options.  If you notice a positive test or any type of change from the given treatments… then there is a good chance you don’t have ‘trigeminal neuralgia’ but instead another mechanical dysfunction!!! #tmj #tmd #trigeminalneuralgia #dentist #toothache #migrainerelief #neckpain ",177345,7.142169219956738e+18,Beat,192.0,f,https://tiktok.com/@/video/7439162340840443166,7016500196452893701,f,[]
7226609945993596202,1682576293,🔥 Check out this epic Bimota Tesi H2 now for sale at Iconic Motorbikes! 🔥 Here’s Abhi with a quick walkthrough and brief history of this Iconic model. 👀 Dont forget to give us a follow and stay tuned for some more epic bikes going to auction! 👍 #IconicMotorbikes #Iconic #Motorcycles #Auctions #Bimota #TesiH2 #Tesi #BimotaTesiH2 #Kawasaki #KawasakiH2 #SantaMonica #WestSide #LosAngeles #California #WestCoast ,53860,7.142169219956738e+18,Beat,192.0,f,https://tiktok.com/@/video/7226609945993596202,7085836733990650926,f,"[""iconicmotorbikes"",""iconic"",""motorcycles"",""auctions"",""bimota"",""tesih2"",""tesi"",""bimotatesih2"",""kawasaki"",""kawasakih2"",""santamonica"",""westside"",""losangeles"",""california"",""westcoast""]"
7486288122104515886,1743037315,These are the best of the best #fragrances#cologne#bestmensfragrances#nicheperfumes#fragrancecollection#fragranceknowledge ,67735,7.142169219956738e+18,Beat,192.0,f,https://tiktok.com/@/video/7486288122104515886,7197860598524642347,f,"[""fragrances"",""cologne"",""bestmensfragrances"",""nicheperfumes"",""fragrancecollection"",""fragranceknowledge""]"
7256061452027546923,1689433479,"Still in disbelief that I met Kai in Shibuya today, like it was so fun he always has such great and fun energy😭😭!! love my ppl ✊🏾!! I was also in the stream so peep me😩 #tokyo #caicenat #caicenatjapan #japan #blackpeople #blackinjapan #blackintokyo #travel #intern #universityofsoutherncalifornia #usc #fypシ #fyp #foryou #abcxyz #zyxcba #pourtoi ",70782,7.142169219956738e+18,Beat,192.0,f,https://tiktok.com/@/video/7256061452027546923,7042906,f,"[""tokyo"",""caicenat"",""caicenatjapan"",""japan"",""blackpeople"",""blackinjapan"",""blackintokyo"",""travel"",""intern"",""universityofsoutherncalifornia"",""usc"",""fyp\u30b7"",""fyp"",""foryou"",""abcxyz"",""zyxcba"",""pourtoi""]"
7247299693305187626,1687393464,The greatest game in Minnesota program history〽️🏈#greenscreenvideo #uofminnesota #minnesota #rowtheboat #goldengophers #goldengophersfootball ,52793,7.142169219956738e+18,Beat,192.0,f,https://tiktok.com/@/video/7247299693305187626,6793481533489120262,t,"[""greenscreenvideo"",""uofminnesota"",""minnesota"",""rowtheboat"",""goldengophers"",""goldengophersfootball""]"
7457930320969567494,1736434722,E esse monitor animal que a #LG  apresentou na #CES2025 hein?! Comenta aí o que acharam!! #Tecnologia #Monitor #MonitorOLED #LG #UltraGear ,78615,7.142169219956738e+18,Beat,192.0,f,https://tiktok.com/@/video/7457930320969567494,6761365046019818502,f,"[""lg"",""ces2025"",""tecnologia"",""monitor"",""monitoroled"",""ultragear""]"
7496765101140135190,1745476652,Houston revient à 1-1 contre les Warriors alors que Butler se blesse salement🔥  Est ce que Golden State peut gagner cette série si Butler ne revient pas ? 🤔 Tu veux que je te résume quel match demain ? 🔥#sport #basketball #fyp #curry #butler #warriors ,41512,7.142169219956738e+18,Beat,192.0,f,https://tiktok.com/@/video/7496765101140135190,7477722315766268951,f,"[""sport"",""basketball"",""fyp"",""curry"",""butler"",""warriors""]"
7507485833948237102,1747972800,SE SOLICITA BARBERO  EN PECOS TX,111559,7.142169219956738e+18,Beat,192.0,f,https://tiktok.com/@/video/7507485833948237102,7002996610770830341,f,[]
7457340376945364266,1736297369,64 Eldorado paint job #carsoftiktok #phoenix #arizona #autopainting #cadillac #collisionrepair #travisscott #wwe ,85489,7.142169219956738e+18,Beat,192.0,f,https://tiktok.com/@/video/7457340376945364266,7098846154632856619,f,"[""carsoftiktok"",""phoenix"",""arizona"",""autopainting"",""cadillac"",""collisionrepair"",""travisscott"",""WWE""]"
7323216779759701254,1705069280,Empacando mi maleta de hospital version mama 👩🏽‍🍼🤰🏽 #baby2024 #fyp #momtobe2024 #embarazo #latinamommy #mamaprimeriza #momtobe #babygirl #40semanasdeembarazo #pregnancyjourney #inducelabor ,200669,7.142169219956738e+18,Beat,192.0,f,https://tiktok.com/@/video/7323216779759701254,263287755428728832,f,"[""baby2024"",""fyp"",""momtobe2024"",""embarazo"",""latinamommy"",""mamaprimeriza"",""momtobe"",""babygirl"",""40semanasdeembarazo"",""pregnancyjourney"",""inducelabor""]"
7500245618422566190,1746287053,a closer look at the gallery wall update in the living room 🖼️ #livingroom #gallerywall #wallart #walldecor #livingroomdecor #maximalist #eclecticdecor #vintageart #vintagestyle #oldhome ,46006,7.142169219956738e+18,Beat,192.0,f,https://tiktok.com/@/video/7500245618422566190,6875562524625323013,f,"[""livingroom"",""gallerywall"",""wallart"",""walldecor"",""livingroomdecor"",""maximalist"",""eclecticdecor"",""vintageart"",""vintagestyle"",""oldhome""]"
7490315773097905430,1743975048,👀 os leo!!!! 👇🏻 #arturocoello #agustintapia #coello #padel #deportesentiktok #sport ,40148,7.142169219956738e+18,Beat,192.0,f,https://tiktok.com/@/video/7490315773097905430,6848302238215488518,t,"[""arturocoello"",""agustintapia"",""coello"",""padel"",""deportesentiktok"",""sport""]"
7242015459783052587,1686163140,Egyptian Football League Overview! #soccer #futbol #premierleague #salah #egypt @Al Ahly SC @Zamalek SC  ,50580,7.142169219956738e+18,Beat,192.0,f,https://tiktok.com/@/video/7242015459783052587,7174919539028165674,f,"[""Soccer"",""futbol"",""PremierLeague"",""salah"",""egypt""]"
7457267147761306910,1736280379,The Best Budget Inshore Setup #fishingvideo #fishing #fishtok #foryou #foryoupage #fypツ #fyp #trout #seatrout #redfish #snook #shimano #shimanonasci #bullbayrods #bullbay,74695,7.142169219956738e+18,Beat,192.0,f,https://tiktok.com/@/video/7457267147761306910,7134834582834758702,f,"[""fishingvideo"",""fishing"",""fishtok"",""foryou"",""foryoupage"",""fyp\u30c4"",""fyp"",""trout"",""seatrout"",""redfish"",""snook"",""shimano"",""shimanonasci"",""bullbayrods"",""bullbay""]"
7511500516673719560,1748907511,Replying to @Vivi #NikeV2K #OlsenTwinsStyle #AshleyAndMaryKate #MinimalistStyle #EffortlessCool #QuietLuxury #ItGirlStyle #ModelOffDuty #SneakerStyle #GrungeChic #StreetStyleInspo #Y2KMinimalism #TheRowVibes #OlsenAesthetic #NikeGirls ,151096,7.142169219956738e+18,Beat,192.0,f,https://tiktok.com/@/video/7511500516673719560,6570011772962242566,f,"[""nikev2k"",""olsentwinsstyle"",""ashleyandmarykate"",""minimaliststyle"",""effortlesscool"",""quietluxury"",""itgirlstyle"",""modeloffduty"",""sneakerstyle"",""grungechic"",""streetstyleinspo"",""y2kminimalism"",""therowvibes"",""olsenaesthetic"",""nikegirls""]"
7474695939912060206,1740338300,#greenscreen #coachjj #nba #nbatok #lebron #lebronjames #luka #lukadoncic #lakers #lalakers #losangeleslakers #jjreddik ,32563,7.142169219956738e+18,Beat,192.0,f,https://tiktok.com/@/video/7474695939912060206,8453254,f,"[""greenscreen"",""coachjj"",""NBA"",""nbatok"",""lebron"",""lebronjames"",""luka"",""lukadoncic"",""lakers"",""lalakers"",""losangeleslakers"",""jjreddik""]"
7493322615717776682,1744675170,"Click the link in my bio if you need a structured plan to fix Neck Pain. Hey, do you have a neck hump? Do you have pain associated with it? Or maybe you don’t know what a neck hump is but you know the bottom of your neck and very upper part of your upper back hurts… Well, this area is known as the CT junction because it connects the cervical and thoracic spine…. Sometimes it gets tight and restricted, and we can’t afford to lose mobility in this segment because it is a major connection point so we can have fluid movement from head to toe. In this video, I show a great way to mobilize the CT junction! #neckpain #neckpainrelief #spinemobility #physicaltherapy #tmj #tmd #headaches",182097,7.142169219956738e+18,Beat,192.0,f,https://tiktok.com/@/video/7493322615717776682,7016500196452893701,f,"[""neckpain"",""neckpainrelief"",""spinemobility"",""physicaltherapy"",""tmj"",""tmd"",""headaches""]"
7330726300606401838,1706817735,"High skin taper tutorial , back side tutorial (Part 2) coming soon💈 . #howtocut#fyp#CapCut#tutorial#haircut#educational#teach#begginerbarber#howtolineup#howtoblend#howtotaper#haircuttutorial#edgar#cuh#trend#blend#calibarber#txbarber ",83321,7.142169219956738e+18,Beat,192.0,f,https://tiktok.com/@/video/7330726300606401838,6886700560755098630,f,"[""howtocut"",""fyp"",""capcut"",""tutorial"",""haircut"",""educational"",""teach"",""begginerbarber"",""howtolineup"",""howtoblend"",""howtotaper"",""haircuttutorial"",""edgar"",""cuh"",""trend"",""blend"",""calibarber"",""txbarber""]"
7315662850339458347,1703310509,Яка виглядає краще?🤔💫 #українцівсша #comparingbrands #dresses #disshdupe #amazonfinds #amazondress #порівнюємо #блогукраїнською #українськаозвучка🇺🇦 #хочуврек ,59717,7.142169219956738e+18,Beat,192.0,f,https://tiktok.com/@/video/7315662850339458347,7251013579288233002,f,"[""\u0443\u043a\u0440\u0430\u0457\u043d\u0446\u0456\u0432\u0441\u0448\u0430"",""comparingbrands"",""dresses"",""disshdupe"",""amazonfinds"",""amazondress"",""\u043f\u043e\u0440\u0456\u0432\u043d\u044e\u0454\u043c\u043e"",""\u0431\u043b\u043e\u0433\u0443\u043a\u0440\u0430\u0457\u043d\u0441\u044c\u043a\u043e\u044e"",""\u0443\u043a\u0440\u0430\u0457\u043d\u0441\u044c\u043a\u0430\u043e\u0437\u0432\u0443\u0447\u043a\u0430\ud83c\uddfa\ud83c\udde6"",""\u0445\u043e\u0447\u0443\u0432\u0440\u0435\u043a""]"
7489672951319579934,1743825397,The favor is the wiseman! #cmpunk #sethrollins #romanreigns #wwe #wwesmackdown #smackdown #paulheyman #thewiseman ,31611,7.142169219956738e+18,Beat,192.0,f,https://tiktok.com/@/video/7489672951319579934,6775158807100703749,f,"[""cmpunk"",""sethrollins"",""romanreigns"",""WWE"",""wwesmackdown"",""smackdown"",""paulheyman"",""thewiseman""]"
7281667322866044203,1695395297,"Come with me to Insanity Complex in Huntsville, Alabama 📍 I forgot me mention that they also have lazer tag as well, definitely one of the best things to do there!  #fyp #fypシ #xyzbca  #familytime #kids #lasertag #skating #rockclimbing #arcade #huntsvillealabama #thingstodo #birthdayparty #momsoftiktok #fun #skatepark ",131600,7.142169219956738e+18,Beat,192.0,f,https://tiktok.com/@/video/7281667322866044203,6898600784498967558,f,"[""fyp"",""fyp\u30b7"",""xyzbca"",""familytime"",""kids"",""lasertag"",""skating"",""rockclimbing"",""arcade"",""huntsvillealabama"",""thingstodo"",""birthdayparty"",""MomsofTikTok"",""fun"",""skatepark""]"
7203186062796066090,1677122455,@ivanlortiz6 #rizosbarberstudio #barberchair #barbershopconnect #ootd #outfitinspo #handmade #aesthetic #moda #art #grwm #valentines #outfitinspiration #smallbusiness #outfitideas #accesorios #skincare #outfit #ReelTrends #reeltrendsapp ,16533,7.142169219956738e+18,Beat,192.0,f,https://tiktok.com/@/video/7203186062796066090,6752146845952558086,f,"[""rizosbarberstudio"",""barberchair"",""barbershopconnect"",""OOTD"",""outfitinspo"",""handmade"",""aesthetic"",""moda"",""art"",""grwm"",""valentines"",""outfitinspiration"",""SmallBusiness"",""outfitideas"",""accesorios"",""skincare"",""outfit"",""reeltrends"",""reeltrendsapp""]"
7498144693159480607,1745797884,"Find your dream home with me, contact in bio for all inquiries! ❤️ #nycrealtor #nycrealestate #programfriendly #eastnewyork ",31780,7.142169219956738e+18,Beat,192.0,f,https://tiktok.com/@/video/7498144693159480607,7248868096931873834,f,"[""nycrealtor"",""nycrealestate"",""programfriendly"",""eastnewyork""]"
7436403355884490030,1731422593,Bobby Is A Real One 🤝🏻  #drdisrespect #drdisrespectlive #drdisrespectclips #twotime #thebestwotime #funny #warzone #bobbypoff #bobbypoffgaming #foryou #fyp #fypシ ,67135,7.142169219956738e+18,Beat,192.0,f,https://tiktok.com/@/video/7436403355884490030,6978493221337613317,f,"[""drdisrespect"",""drdisrespectlive"",""drdisrespectclips"",""twotime"",""thebestwotime"",""funny"",""warzone"",""bobbypoff"",""bobbypoffgaming"",""foryou"",""fyp"",""fyp\u30b7""]"
7437267409704193323,1731623764,Warning: This Corn Cheese Ramyun will cause serious cravings 🌽🧀🍜 #nognshim #nongshimusa #corncheese #ramyun #shinstirfry #stirfry ,57377,7.142169219956738e+18,Beat,192.0,f,https://tiktok.com/@/video/7437267409704193323,6811562485772338182,f,"[""nognshim"",""nongshimusa"",""corncheese"",""ramyun"",""shinstirfry"",""stirfry""]"
7306864105489534251,1701261919,"Pregnant with success 🫄 tarot cards in this tarot reading - empress, the star & hanged man 🖤 1️⃣ The Empress: 	•	The Empress embodies nurturing, abundance, and fertility. 	•	She represents maternal care, creativity, and the fruition of ideas. 	•	This card encourages embracing nurturing qualities, fostering creativity, and enjoying abundance. 2️⃣ The Star: 	•	The Star represents hope, inspiration, and renewal. 	•	It signifies healing, optimism, and a sense of guidance or inspiration. 	•	This card encourages staying hopeful, finding inspiration, and believing in positive outcomes. 3️⃣ The Hanged Man: 	•	The Hanged Man signifies suspension, sacrifice, and a different perspective. 	•	It symbolizes a period of pause or seeing things from a new angle. 	•	This card encourages letting go, gaining a fresh perspective, and embracing changes in perception. #TarotTalks #EnergyReadings #DivineMessages #ZodiacReadings #AlignYourStars #empowermenttarot ",23724,7.142169219956738e+18,Beat,192.0,f,https://tiktok.com/@/video/7306864105489534251,6788506528837256197,f,"[""tarottalks"",""energyreadings"",""divinemessages"",""zodiacreadings"",""alignyourstars"",""empowermenttarot""]"
7283588962936032542,1695842714,What other GTI related content would you like to see? #vw #volkswagen #golfgti #mk6gti #volkswagengolf #egg #gti #carreview #carcontent #carcommunity #carsoftiktok #carguy #turbo #manual #auto #carlifestyle #german ,108948,7.142169219956738e+18,Beat,192.0,f,https://tiktok.com/@/video/7283588962936032542,6900302638237746181,f,"[""vw"",""volkswagen"",""golfgti"",""mk6gti"",""volkswagengolf"",""egg"",""gti"",""carreview"",""carcontent"",""carcommunity"",""carsoftiktok"",""carguy"",""turbo"",""manual"",""auto"",""carlifestyle"",""german""]"
7378685928497466670,1717984199,Replying to @osito_510 Short History of early settlement of Hayward California! Follow for more cities! #foryou #foryoupage #history #haywardcalifornia #historytime #historytok #city ,76099,7.142169219956738e+18,Beat,192.0,f,https://tiktok.com/@/video/7378685928497466670,7354630584584668206,f,"[""foryou"",""foryoupage"",""history"",""haywardcalifornia"",""HistoryTime"",""historytok"",""city""]"
7399316082177101087,1722787541,Who doesn’t love reverse unicorn homers fr #mlb #majorleaguebaseball #baseball #majors #dailydoseofbaseball #theceoofsleep #majorleaguebaseball #reverseunicorn ,31216,7.142169219956738e+18,Beat,192.0,f,https://tiktok.com/@/video/7399316082177101087,6776432049052500998,f,"[""MLB"",""majorleaguebaseball"",""baseball"",""majors"",""dailydoseofbaseball"",""theceoofsleep"",""reverseunicorn""]"
7512299356863712554,1749093531,@Brockm707 got me on the dig because I missed a gear 😂#TikTokAutoCampaign #CarTips #truck #ford #f350 #diesel #trucksoftiktok #dodge #dually #ram2500 ,20698,7.142169219956738e+18,Beat,192.0,f,https://tiktok.com/@/video/7512299356863712554,6779081585545135110,f,"[""tiktokautocampaign"",""cartips"",""truck"",""ford"",""f350"",""diesel"",""trucksoftiktok"",""dodge"",""dually"",""ram2500""]"
7391137244389690670,1720883256,Replying to @It’smeAngie #greenscreen #greenscreenvideo #gulfshores #hannah #instacartdrama #mikayla ,48342,7.142169219956738e+18,Beat,192.0,f,https://tiktok.com/@/video/7391137244389690670,6837967113697985542,f,"[""greenscreen"",""greenscreenvideo"",""gulfshores"",""hannah"",""instacartdrama"",""mikayla""]"
7508037033894464798,1748101117,I can’t get enough of these S.H. Figuarts Kamen Rider/Super Sentai figures!!!  #actionfigures #shfiguarts #kamenrider #supersentai #fyp #collector #figtok #marvel #marvellegends #unboxing #foryoupage #plasticandpages ,16451,7.142169219956738e+18,Beat,192.0,f,https://tiktok.com/@/video/7508037033894464798,6874003908428858373,f,"[""actionfigures"",""shfiguarts"",""kamenrider"",""supersentai"",""fyp"",""collector"",""figtok"",""marvel"",""marvellegends"",""unboxing"",""foryoupage"",""plasticandpages""]"
7304420256276172075,1700692885,Replying to @Chik&Teddy🫶🏾 Here you go boo! I hope you enjoyyyy ❤️,65233,7.142169219956738e+18,Beat,192.0,f,https://tiktok.com/@/video/7304420256276172075,7006015557499028485,f,[]
7326964543261904171,1705941927,Replying to @BurnettJordan55 ✅✨XL SCOOT✨ you could build up a large sized scooter with these parts or we offer FREE assembly prior to shipment on all our custom scooters! #shopECX #ECXscootershop #Customscooter #shopriderowned #scootershop ,99957,7.142169219956738e+18,Beat,192.0,f,https://tiktok.com/@/video/7326964543261904171,6982236531054822405,f,"[""shopecx"",""ecxscootershop"",""customscooter"",""shopriderowned"",""scootershop""]"
7490759327171628331,1744078345,TAPER FADE TUTORIAL ,77979,7.142169219956738e+18,Beat,192.0,f,https://tiktok.com/@/video/7490759327171628331,7002996610770830341,f,[]
7278386586000035114,1694631451,Final cut pro editors- this hack is going to change your life. Thanks @gage_masterson for showing me this hack #finalcutprohack #finalcutpro #videoeditor #sportseditor #madebymap #sportsvideographer #fcpxtutorials #fcpxedit ,53260,7.142169219956738e+18,Beat,192.0,f,https://tiktok.com/@/video/7278386586000035114,7013855964698117126,f,"[""finalcutprohack"",""finalcutpro"",""videoeditor"",""sportseditor"",""madebymap"",""sportsvideographer"",""fcpxtutorials"",""fcpxedit""]"
7498929056939904286,1745980490,RIP Meta Four #metafour #wwe #nxt #wwenxt #noamdar #oromensah #jakarajackson #lashlegend #metagirls ,35826,7.142169219956738e+18,Beat,192.0,f,https://tiktok.com/@/video/7498929056939904286,6775158807100703749,f,"[""metafour"",""WWE"",""nxt"",""wwenxt"",""noamdar"",""oromensah"",""jakarajackson"",""lashlegend"",""metagirls""]"
7268080163613576490,1692231789,Would yall buy these?😩😩 #fyp #foryou #nailartist #nailtechlife #nailinspo #thebronx #nycnailtech #nyc #keychainaccessories #keychainbusiness ,22194,7.142169219956738e+18,Beat,192.0,f,https://tiktok.com/@/video/7268080163613576490,6727628323528475653,f,"[""fyp"",""foryou"",""nailartist"",""nailtechlife"",""nailinspo"",""thebronx"",""nycnailtech"",""nyc"",""keychainaccessories"",""keychainbusiness""]"
7371953061931060486,1716416582,"como é a loja da kith no soho em nova york! 🇺🇸✨ e ah, essa é a kith men, infelizmente na correria não consegui passar na women e na kids :(  #streetwear #kith #streetstyle #streetfashion #moda #fashion #sneakers #sneakerhead ",31598,7.142169219956738e+18,Beat,192.0,f,https://tiktok.com/@/video/7371953061931060486,6826150340128670726,f,"[""streetwear"",""kith"",""StreetStyle"",""StreetFashion"",""moda"",""fashion"",""sneakers"",""sneakerhead""]"
7371603539673550086,1716335202,como é garimpar num brechó por kg em nova york?? 🇺🇸 #garimpo #brecho #vintagefashion #vintagestyle #brechovintage #garimpodeouro #streetwear #carhart #levis ,24550,7.142169219956738e+18,Beat,192.0,f,https://tiktok.com/@/video/7371603539673550086,6826150340128670726,f,"[""garimpo"",""brecho"",""vintagefashion"",""vintagestyle"",""brechovintage"",""garimpodeouro"",""streetwear"",""carhart"",""levis""]"
7368165429740670250,1715534709,What would it look like if the Yankees made a City Connect jersey? @askkait @talkinyanks @Jomboy Media would love your professional pinstripe opinions. #RepBX #Yankees #CityConnect #SportsDesign ,32613,7.142169219956738e+18,Beat,192.0,f,https://tiktok.com/@/video/7368165429740670250,6710738431518966789,f,"[""repbx"",""yankees"",""cityconnect"",""sportsdesign""]"
7478820117434977578,1741298516,"Restore, protect, and rejuvenate those working hands with Grip Clean. ✅🙌🏼 #gripclean #asphalt #heavyduty #cleaninghacks #handsoap #diy #industrial #construction #dirtyhands #crackedskin ",129053,7.142169219956738e+18,Beat,192.0,f,https://tiktok.com/@/video/7478820117434977578,6865878106591691781,f,"[""gripclean"",""asphalt"",""heavyduty"",""cleaninghacks"",""handsoap"",""DIY"",""industrial"",""construction"",""dirtyhands"",""crackedskin""]"
7494866753143573790,1745034684,CARMELO HAYES WINS #carmelohayes #andrethegiantmemorialbattleroyal #wwe #smackdown #wwesmackdown #wrestlemania41 #wrestlemania ,23966,7.142169219956738e+18,Beat,192.0,f,https://tiktok.com/@/video/7494866753143573790,6775158807100703749,f,"[""carmelohayes"",""andrethegiantmemorialbattleroyal"",""WWE"",""smackdown"",""wwesmackdown"",""wrestlemania41"",""WrestleMania""]"
7429416328743701791,1729795798,Tamu means delicious 🥑 #africanfood #burunditiktok🇧🇮 #detroitfoodie #eastafrican #avocado #desserts ,30184,7.142169219956738e+18,Beat,192.0,f,https://tiktok.com/@/video/7429416328743701791,7114715893691401259,f,"[""AfricanFood"",""burunditiktok\ud83c\udde7\ud83c\uddee"",""detroitfoodie"",""eastafrican"",""avocado"",""desserts""]"
7487767560423869742,1743381772,🇻🇪 BARBERO PREDICADOR🇻🇪 ,81350,7.142169219956738e+18,Beat,192.0,f,https://tiktok.com/@/video/7487767560423869742,7002996610770830341,f,[]
7179363390886907142,1671575805,✅FADE SENCILLO✅ By #barberocristiangarcia #barberosdedallas #barberostexas #barbershop #barberocristiangarcia #color #platinado #haircut #fadehaircut #barberiasdelujo #grandesbarberos #barberconnect #barberlife #venezuelabarber #barinas #yopal #barberocristiangarcia,153393,7.142169219956738e+18,Beat,192.0,f,https://tiktok.com/@/video/7179363390886907142,6871617684116243461,f,"[""barberocristiangarcia"",""barberosdedallas"",""barberostexas"",""barbershop"",""color"",""platinado"",""haircut"",""fadehaircut"",""barberiasdelujo"",""grandesbarberos"",""barberconnect"",""barberlife"",""venezuelabarber"",""barinas"",""yopal""]"
7292469464442866950,1697910362,"Replying to @lulu Not losing weight?  If you’re lifting weights and eating properly, don’t forget that you’re also building and preserving muscle… And muscle weighs something!  If you’re looking leaner and your clothes are fitting better, you’re definitley losing fat. Don’t worry about your scale weight in this case because we have no idea how we’ll look at a specific weight until we start losing! Focus on the process and keep doing more of what’s working👌 #thefitadam #fatloss #fatlosstips #fatlosshelp #nobsfitness",71303,7.142169219956738e+18,Beat,192.0,f,https://tiktok.com/@/video/7292469464442866950,6552123969116328975,f,"[""thefitadam"",""fatloss"",""fatlosstips"",""fatlosshelp"",""nobsfitness""]"
7348176916035210501,1710880765,Preferem wigs ou braids? #ny #travel #intercambio #novaiorque #inglesbasico #falaringles #culturapreta #hiphopculture #brasileirosemny #brasileirosnoexterior #intercambista #pretaspelomundo #semperrenguenagringa #blackculture #culturalexchange #travel #novaiorque #brasileirosnoseua #wakanda #wakandagossip #art #blackhistorymonth #blackwomaninny #pretasemny #brasileiraemny #mulherpreta #cabeloafro #naturalhair #afrohair ,23161,7.142169219956738e+18,Beat,192.0,f,https://tiktok.com/@/video/7348176916035210501,6826114306573124614,f,"[""ny"",""travel"",""intercambio"",""novaiorque"",""inglesbasico"",""falaringles"",""culturapreta"",""hiphopculture"",""brasileirosemny"",""brasileirosnoexterior"",""intercambista"",""pretaspelomundo"",""semperrenguenagringa"",""blackculture"",""culturalexchange"",""brasileirosnoseua"",""wakanda"",""wakandagossip"",""art"",""blackhistorymonth"",""blackwomaninny"",""pretasemny"",""brasileiraemny"",""mulherpreta"",""cabeloafro"",""naturalhair"",""afrohair""]"
7412474900146900254,1725851319,"We’re baaaaackkkk 💫 — 📍The Stkr Store 360 S Glendora Ave Suite 4 West Covina, CA 91790 @theSTKRstore — #stickerhaul #stationery #stickershop #stickers ",41531,7.142169219956738e+18,Beat,192.0,f,https://tiktok.com/@/video/7412474900146900254,6899588409544918021,f,"[""stickerhaul"",""stationery"",""stickershop"",""stickers""]"
7298329755600915743,1699274836,#beautytok #beautytoks #beautytutorial #beautytips #hair #hairtoks #hairstyle #hairstyles #hairtok #hairtutorial #haircut #haircuts #thekitchenbeauticians ,135794,7.142169219956738e+18,Beat,192.0,f,https://tiktok.com/@/video/7298329755600915743,6879782721687421957,f,"[""BeautyTok"",""beautytoks"",""beautytutorial"",""beautytips"",""hair"",""hairtoks"",""hairstyle"",""hairstyles"",""hairtok"",""hairtutorial"",""haircut"",""haircuts"",""thekitchenbeauticians""]"
7496295317856472366,1745367297,"The best house deals are here in Texas 🔑🤯 Here in San Antonio Texas we have homes in this community starting at 250,000 all the way to 500,000 🏡 the builder is offering all closing cost cover, appliance package, 1.99% rate in your first year!!! This community offers so many amenities with a pool, lazy river, gym, walk trails and so much more!! 🤯 The home consist of: $440,000 4 bedroom  3.5 bathroom 3,223 Sqft   . . .  Requirements:  580 credit score  2 years of work history 2 years of tax returns  2 months of bank statements 2 months of pay stubs . . .  ⬇️ Contact me today to schedule a tour! 📱: 210.716.1516 📩: aguilarnick1@gmail.com . . .  #sanantoniohomesforsale #sanantonio #sa #realestatea #realtor #sanantonio #sanantoniotx #mcmansion #luxurylifestyle #dallas #austin #sanmarcos #texas #california #houses #apartments #luxury #explorerpage #stoneoak #liveoak #seguin #bulverde #springbranch #texas #us #homes #houses #apartments #dreamhome #explorer #taxes #love #God #luxury #million #tour #hometour #housetour #viral",62958,7.142169219956738e+18,Beat,192.0,f,https://tiktok.com/@/video/7496295317856472366,7100754228565541931,f,"[""sanantoniohomesforsale"",""sanantonio"",""sa"",""realestatea"",""realtor"",""sanantoniotx"",""mcmansion"",""luxurylifestyle"",""dallas"",""austin"",""sanmarcos"",""texas"",""california"",""houses"",""apartments"",""luxury"",""explorerpage"",""stoneoak"",""liveoak"",""seguin"",""bulverde"",""springbranch"",""us"",""homes"",""dreamhome"",""explorer"",""taxes"",""Love"",""god"",""million"",""tour"",""hometour"",""housetour"",""viral""]"
7217863491900738858,1680539824,Top 3 Favorite Drugstore Moisturizers @dermae @cerave @neutrogena_us #retinol #moisturizer #skincare #drugstoremoisturizer #drugstoreskincare #skintok #bestofskincare #skincareonabudget  #greenscreen ,144510,7.142169219956738e+18,Beat,192.0,f,https://tiktok.com/@/video/7217863491900738858,6804817645504300038,f,"[""retinol"",""moisturizer"",""skincare"",""drugstoremoisturizer"",""drugstoreskincare"",""skintok"",""bestofskincare"",""skincareonabudget"",""greenscreen""]"
7219328173199248683,1680880831,how I do my hearts ❤️‍🔥 #braids #heartbraid #heartbraids #braidtutorial #tutorial #hairtutorial #lemonadebraids #stitchbraids #braider #braiding #augustabraider #femmerosebeautybar #georgiabraider #cornrows #explore #braidideas #braidsbraidsbraids #braidhair #braidinglife #contentcreator #content #fyp,209454,7.142169219956738e+18,Beat,192.0,f,https://tiktok.com/@/video/7219328173199248683,6650869288058175494,f,"[""braids"",""heartbraid"",""heartbraids"",""braidtutorial"",""tutorial"",""hairtutorial"",""lemonadebraids"",""stitchbraids"",""braider"",""braiding"",""augustabraider"",""femmerosebeautybar"",""georgiabraider"",""cornrows"",""explore"",""braidideas"",""braidsbraidsbraids"",""braidhair"",""braidinglife"",""contentcreator"",""content"",""fyp""]"
7325562722098236718,1705615504,Gonna figure it out when I get home… 🤔#cartok #carguy #carcommunity #sally #sully #boosted #boost #misfire #supercharged #whipple #whipplesupercharger #v8 #10speed #chevy #carsontiktok #dragyvideo ,41802,7.142169219956738e+18,Beat,192.0,f,https://tiktok.com/@/video/7325562722098236718,6779081585545135110,f,"[""cartok"",""carguy"",""carcommunity"",""sally"",""sully"",""boosted"",""boost"",""misfire"",""supercharged"",""whipple"",""whipplesupercharger"",""v8"",""10speed"",""chevy"",""carsontiktok"",""dragyvideo""]"
7501590083468856598,1746600054,Les Warriors et les Cavs peuvent ils gagner la série avec ce qui s’est passé cette nuit ? 🤔 Abonne toi pour suivre les playoffs tous les matins ⏰ #NBA #basketball #sport #curry #warriors #wolves #pacers #cavs ,25140,7.142169219956738e+18,Beat,192.0,f,https://tiktok.com/@/video/7501590083468856598,7477722315766268951,f,"[""NBA"",""basketball"",""sport"",""curry"",""warriors"",""wolves"",""pacers"",""cavs""]"
7298018591767661866,1699202387,якщо є питання - пишить 🤍🇺🇸 #життявамериці #українцівсша🇺🇸 #переїздвсша #здачанаправа #штатвашингтон ,132431,7.142169219956738e+18,Beat,192.0,f,https://tiktok.com/@/video/7298018591767661866,7264031183745451054,f,"[""\u0436\u0438\u0442\u0442\u044f\u0432\u0430\u043c\u0435\u0440\u0438\u0446\u0456"",""\u0443\u043a\u0440\u0430\u0457\u043d\u0446\u0456\u0432\u0441\u0448\u0430\ud83c\uddfa\ud83c\uddf8"",""\u043f\u0435\u0440\u0435\u0457\u0437\u0434\u0432\u0441\u0448\u0430"",""\u0437\u0434\u0430\u0447\u0430\u043d\u0430\u043f\u0440\u0430\u0432\u0430"",""\u0448\u0442\u0430\u0442\u0432\u0430\u0448\u0438\u043d\u0433\u0442\u043e\u043d""]"
7302864644127952171,1700330695,"The DRIFTWOOD! This house is about to go crazy. Also, includes a gun safe, file safe, and electronic daily planner!! Let me know what ya think 👌🏻  #FitPhat #tiktok #fitness #viral #fyp #foryoupage #work #saturday #sales #homedecor #housetour #realestatetiktok ",86696,7.142169219956738e+18,Beat,192.0,f,https://tiktok.com/@/video/7302864644127952171,6957477411898508293,f,"[""fitphat"",""tiktok"",""Fitness"",""viral"",""fyp"",""foryoupage"",""work"",""saturday"",""sales"",""homedecor"",""housetour"",""realestatetiktok""]"
7460166081676610862,1736955281,"Shoulder and arms, military press pr #fitness #gymbro #weightlifting #foryoupage #fyp #bodybuilding #gymtok #physique #gym #fypシ #max #FitTok #Fitness ",4928,7.142169219956738e+18,Beat,192.0,f,https://tiktok.com/@/video/7460166081676610862,7330837810998871082,f,"[""Fitness"",""gymbro"",""weightlifting"",""foryoupage"",""fyp"",""bodybuilding"",""GymTok"",""physique"",""gym"",""fyp\u30b7"",""max"",""FitTok""]"
7513704160349408543,1749420595,#greenscreen #fyp #roger #onepiece #shanks #luffy #pirates #foryoupage #fypage #fypシ #fypシ゚viral #fyppppppppppppppppppppppp #anime #manga #egghead #wano ,20467,7.142169219956738e+18,Beat,192.0,f,https://tiktok.com/@/video/7513704160349408543,6946654376623113222,f,"[""greenscreen"",""fyp"",""roger"",""onepiece"",""shanks"",""luffy"",""pirates"",""foryoupage"",""fypage"",""fyp\u30b7"",""fyp\u30b7\u309aviral"",""fyppppppppppppppppppppppp"",""anime"",""manga"",""egghead"",""wano""]"
7390529068908825898,1720741647,📍Home Tour Inside Stunning Dream Home New Construction Texas Homes #newhome #luxuryhomes #dallasrealtor #texasrealtor #buildingahouse #dallasrealestateagent ,66361,7.142169219956738e+18,Beat,192.0,f,https://tiktok.com/@/video/7390529068908825898,6803824470954001409,f,"[""newhome"",""luxuryhomes"",""dallasrealtor"",""texasrealtor"",""buildingahouse"",""dallasrealestateagent""]"
7225337714348952859,1682280036,más accesorios para Dm 250 !  #italikadm250 #dm250 #italikadm250 #italika #cubrepuñosled #motorcycle #supermoto #pesopluma ,118601,7.142169219956738e+18,Beat,192.0,f,https://tiktok.com/@/video/7225337714348952859,6816451742458758149,f,"[""italikadm250"",""dm250"",""italika"",""cubrepu\u00f1osled"",""motorcycle"",""supermoto"",""pesopluma""]"
7514079743453531414,1749508030,"À un an de la Coupe du Monde 2026, L’Équipe a publié son baromètre des Bleus : qui est bien parti pour aller au Mondial, qui est en danger ? #france #🇫🇷 #equipedefrance #edf #pourtoi #foryou #fyp #pt #foot #football #soccer #tiktokfootball #coupedumonde #worldcup #cdm #wc #fifaworldcup ",54416,7.142169219956738e+18,Beat,192.0,f,https://tiktok.com/@/video/7514079743453531414,6695039445374977029,f,"[""france"",""\ud83c\uddeb\ud83c\uddf7"",""equipedefrance"",""edf"",""pourtoi"",""foryou"",""fyp"",""pt"",""foot"",""football"",""Soccer"",""tiktokfootball"",""coupedumonde"",""worldcup"",""cdm"",""wc"",""fifaworldcup""]"
7490432601266670879,1744002293,Jon Moxley retains #jonmoxley #swervestrickland #darbyallin #aew #aewdynasty #youngbucks #deathriders #willospreay #hangmanpage ,47036,7.142169219956738e+18,Beat,192.0,f,https://tiktok.com/@/video/7490432601266670879,6775158807100703749,f,"[""jonmoxley"",""swervestrickland"",""darbyallin"",""aew"",""aewdynasty"",""youngbucks"",""deathriders"",""willospreay"",""hangmanpage""]"
7499864805856120086,1746198355,"bacotes_mobile_detailing This is my first time ever detailing an alpha Romeo shoutout to my guy rich for coming through supporting business he watch me grow up all my life he said he want his truck back to new so y'all know what I had to do Verse of the day Ephesians 3:20-21 Now to him who is able to do immeasurably more than all we ask or imagine, according to his power that is at work within us, to him be glory in the church and in Christ Jesus throughout all generations, for ever and ever! Amen. Interested in getting your investments professionally detailed and protected? we come to you! We service all of central Florida. Feel free to message or call Us. 407-837-3197 2 Monday-Saturday 6:00AM-6:00PM Appointments only ! #cardetailing #mobilecarwash #asmrsounds #detailing #detailer #mobiledetailing #carsofinstagram #professionaldetailing #detailingorlando #detailingworldofficial ",89361,7.142169219956738e+18,Beat,192.0,f,https://tiktok.com/@/video/7499864805856120086,7375421386850763808,f,"[""cardetailing"",""mobilecarwash"",""asmrsounds"",""detailing"",""detailer"",""mobiledetailing"",""carsofinstagram"",""professionaldetailing"",""detailingorlando"",""detailingworldofficial""]"
7511897481244888350,1748999940,All the new Mess Toys Spider-Man drops!!!  #actionfigures #spiderman #marvellegends #fyp #messtoys #cttoys #venom #collector #figtok #foryoupage #marvel #mcu #plasticandpages ,15105,7.142169219956738e+18,Beat,192.0,f,https://tiktok.com/@/video/7511897481244888350,6874003908428858373,f,"[""actionfigures"",""spiderman"",""marvellegends"",""fyp"",""messtoys"",""cttoys"",""venom"",""collector"",""figtok"",""foryoupage"",""marvel"",""mcu"",""plasticandpages""]"
7515097224964001029,1749744929,Starting your dream business just got easier with this supplier. Here is how you are going to start a jewelry/cosmetics/fashion business with a small investment #creatorsearchinsights #howtomakemoneyonline #howtostartabusiness #vendors #businesssuppliers ,38533,7.142169219956738e+18,Beat,192.0,f,https://tiktok.com/@/video/7515097224964001029,6950375653947786246,f,"[""creatorsearchinsights"",""howtomakemoneyonline"",""howtostartabusiness"",""vendors"",""businesssuppliers""]"
7493375416011345182,1744687450,Becky Lynch Return? #beckylynch #wwe #wrestlemania #wrestlemania41 #livmorgan #raquelrodriguez #bayley #lyravalkyria ,22233,7.142169219956738e+18,Beat,192.0,f,https://tiktok.com/@/video/7493375416011345182,6775158807100703749,f,"[""beckylynch"",""WWE"",""WrestleMania"",""wrestlemania41"",""livmorgan"",""raquelrodriguez"",""bayley"",""lyravalkyria""]"
7399145419294510379,1722747799,Replying to @amandazarco082 @IQ26 Short History of early settlement Turlock California! Follow for more cities! #foryou #foryoupage #fy #history #turlockca #turlockcalifornia #historytok #historytime #city #place ,51706,7.142169219956738e+18,Beat,192.0,f,https://tiktok.com/@/video/7399145419294510379,7354630584584668206,f,"[""foryou"",""foryoupage"",""fy"",""history"",""turlockca"",""turlockcalifornia"",""historytok"",""HistoryTime"",""city"",""place""]"
7260100631036333358,1690373915,Be sure you have a plan this afrernoon and evening! #greenscreen #severeweather #severeweatheroutlook #michigan #tornado #wind #hail #weatheralert #kalamazoo #grandrapids #battlecreek #westmichigan ,69540,7.142169219956738e+18,Beat,192.0,f,https://tiktok.com/@/video/7260100631036333358,6840195064653464582,f,"[""greenscreen"",""severeweather"",""severeweatheroutlook"",""michigan"",""tornado"",""wind"",""hail"",""weatheralert"",""kalamazoo"",""grandrapids"",""battlecreek"",""westmichigan""]"
7275907156250037547,1694054155,Replying to @Trevor Smith Pandora deck from our site with some added red! #shopecx #griptape #griptapeasmr #shopriderowned ,32619,7.142169219956738e+18,Beat,192.0,f,https://tiktok.com/@/video/7275907156250037547,6982236531054822405,f,"[""shopecx"",""griptape"",""griptapeasmr"",""shopriderowned""]"
7445848959504878879,1733621816,I forgot to mention that youll save a bunch of money on tuition and housing! #communitycollege #engineeringstudent #civilengineering ,27616,7.142169219956738e+18,Beat,192.0,f,https://tiktok.com/@/video/7445848959504878879,7356044213091304494,f,"[""communitycollege"",""engineeringstudent"",""civilengineering""]"
7250185783712304430,1688065430,"Back when I was in LA I visited one of my favorite stores, @Amoeba Hollywood  And I couldnt believe @Danny O'Neill was in town to hunt for movies with me. All in all just a great experience in the world of physical media 🙌🏻 #moviehunt #moviestore #amoebahollywood #amoebamusic ",19290,7.142169219956738e+18,Beat,192.0,f,https://tiktok.com/@/video/7250185783712304430,6655752644764336133,f,"[""moviehunt"",""moviestore"",""amoebahollywood"",""amoebamusic""]"
7492276642665090335,1744431628,Super disappointing if they miss WrestleMania #streetprofits #mcmg #wwe #wwesmackdown #smackdown #montezford #angelodawkins #alexshelley #chrissabin ,30814,7.142169219956738e+18,Beat,192.0,f,https://tiktok.com/@/video/7492276642665090335,6775158807100703749,f,"[""streetprofits"",""mcmg"",""WWE"",""wwesmackdown"",""smackdown"",""montezford"",""angelodawkins"",""alexshelley"",""chrissabin""]"
7213564541962030379,1679538890,District meet 2400 meter (Dajuan twin) #fyp #track #humbletx #espn ,33107,7.142169219956738e+18,Beat,192.0,f,https://tiktok.com/@/video/7213564541962030379,6826999403216978949,f,"[""fyp"",""track"",""humbletx"",""espn""]"
7263901914817924395,1691258974,Replying to @nepodude How I choose which photos to edit📸 #concertphotography #photography #hotphotographersdontgatekeep ,18652,7.142169219956738e+18,Beat,192.0,f,https://tiktok.com/@/video/7263901914817924395,6603018157832503302,f,"[""concertphotography"",""photography"",""hotphotographersdontgatekeep""]"
7509024275785993494,1748330967,Quel fiasco des cadres de Minnesota…  Est ce qu’on peut dire qu’Edwards et Randle font perdre la série aux Wolves avec leurs prestations de cette nuit ? 🤔 #basketball #wolves #okc #thunder #fyp #shai #edwards ,18586,7.142169219956738e+18,Beat,192.0,f,https://tiktok.com/@/video/7509024275785993494,7477722315766268951,f,"[""basketball"",""wolves"",""okc"",""thunder"",""fyp"",""shai"",""edwards""]"
7256086114900053294,1689439214,Does Finland have a Football League??? #soccer #futbol #championsleague #europaleague #finland @Champions League @HJK Helsinki @Europa League ,40108,7.142169219956738e+18,Beat,192.0,f,https://tiktok.com/@/video/7256086114900053294,7174919539028165674,f,"[""Soccer"",""futbol"",""championsleague"",""europaleague"",""finland""]"
7499445415524338946,1746100707,"mason_mobile_details Sheesh, another M car protected with my 2 step correction & 5 year coating service! Black easily is the hardest color to keep clean, but when properly maintained nothing beats it! This was a referral from the viral m3 done a few months back. They both now are protected with the same service! Appointment Only List of service X maintenance X Paint correction X Ceramic coating X Steam clean & shampoo X Clay & wax Engine bay detail #autodetailing #cars #bmvw #m2 #m3 #m4 #m5 #professional #detailersofinstagram #trending #detailing #paintcorre ction #masonmobiledetails #explorepage #fyp #ceramiccoating #satisfying #asmr #losangeles ",58958,7.142169219956738e+18,Beat,192.0,f,https://tiktok.com/@/video/7499445415524338946,7375421386850763808,f,"[""autodetailing"",""cars"",""bmvw"",""m2"",""m3"",""m4"",""m5"",""professional"",""detailersofinstagram"",""trending"",""detailing"",""paintcorre"",""masonmobiledetails"",""explorepage"",""fyp"",""ceramiccoating"",""satisfying"",""asmr"",""losangeles""]"
7412668360623672609,1725896354,A bit more expanation… full turorial is available 🙏🏽 #barber #barberschool #barbertok #barberjoshop #dfsformula ,116511,7.142169219956738e+18,Beat,192.0,f,https://tiktok.com/@/video/7412668360623672609,6926833716146111493,f,"[""barber"",""barberschool"",""barbertok"",""barberjoshop"",""dfsformula""]"
7508885456801582378,1748298664,Y’all need to teach your girlfriends this ‼️#TikTokAutoCampaign #CarTips #chevy #camaro #girlfriend #carsontiktok ,26183,7.142169219956738e+18,Beat,192.0,f,https://tiktok.com/@/video/7508885456801582378,6779081585545135110,f,"[""tiktokautocampaign"",""cartips"",""chevy"",""camaro"",""girlfriend"",""carsontiktok""]"
7429153475134803246,1729734589,Replying to @luisito_0919 @Brandon @Niner Chino @Gabe_Samaras Short History of early settlement Porterville California! Follow for more cities! #foryp #fyp #foryoupage #history #portervillecalifornia #portervilleca #tularecounty #californiacity #historytime #historytok #cities #place #town #visit #cali ,27244,7.142169219956738e+18,Beat,192.0,f,https://tiktok.com/@/video/7429153475134803246,7354630584584668206,f,"[""foryp"",""fyp"",""foryoupage"",""history"",""portervillecalifornia"",""portervilleca"",""tularecounty"",""californiacity"",""HistoryTime"",""historytok"",""cities"",""place"",""town"",""visit"",""cali""]"
7414344912096726315,1726286703,Replying to @money_bag95 @user564639170844 Short History of early settlement Delano California! Follow for more cities! #foryou #foryourepage #fyp #fyppage #history #delanocalifornia #delanoca #kerncounty #historytok #historytime #city #place ,32860,7.142169219956738e+18,Beat,192.0,f,https://tiktok.com/@/video/7414344912096726315,7354630584584668206,f,"[""foryou"",""foryourepage"",""fyp"",""fyppage"",""history"",""delanocalifornia"",""delanoca"",""kerncounty"",""historytok"",""HistoryTime"",""city"",""place""]"
7301447361535003946,1700000709,This is how I refresh my locs two weeks after my retwist. Loc routine & products at the end. #menslocs #locs #blackhair #fyp #twostrandtwists #barreltwists ,85372,7.142169219956738e+18,Beat,192.0,f,https://tiktok.com/@/video/7301447361535003946,6910010109997532166,f,"[""menslocs"",""locs"",""blackhair"",""fyp"",""twostrandtwists"",""barreltwists""]"
7243888442319310122,1686599216,Croatian Top Football League! #soccer #futbol #championsleague #europaleague #croatia @Champions League ,28931,7.142169219956738e+18,Beat,192.0,f,https://tiktok.com/@/video/7243888442319310122,7174919539028165674,f,"[""Soccer"",""futbol"",""championsleague"",""europaleague"",""croatia""]"
7507720808081411350,1748027472,"What do you think of Grand Rapids, Michigan? #grandrapids #michigan #randomtowns #geography #unitedstatesofamerica #googleearth #city #midwest #exploringtheworld ",25415,7.142169219956738e+18,Beat,192.0,f,https://tiktok.com/@/video/7507720808081411350,7368836090155451424,f,"[""grandrapids"",""michigan"",""randomtowns"",""geography"",""unitedstatesofamerica"",""googleearth"",""city"",""midwest"",""exploringtheworld""]"
7449141341579250974,1734388392,"Knee pain after car accident. Diagnosis?  Good case of a lateral tibial plateau fracture with lipohemarthrosis. CT confirms the diagnosis and is critical in surgical planning. Without diagnosis and treatment, can have debilitating arthritis later on.  #greenscreenvideo #radiology #radiologytechnologist #medstudent #medschool #physicianassistant #nursepractitioner #cttech #doctorsoftiktok #doctor #ortho #orthopedicsurgery ",76052,7.142169219956738e+18,Beat,192.0,f,https://tiktok.com/@/video/7449141341579250974,7190539732459717678,f,"[""greenscreenvideo"",""radiology"",""radiologytechnologist"",""medstudent"",""medschool"",""physicianassistant"",""nursepractitioner"",""cttech"",""doctorsoftiktok"",""doctor"",""ortho"",""orthopedicsurgery""]"
7270732976101526790,1692849440,#russia #russian #russianculture #russiavsusa #culture ,33839,7.142169219956738e+18,Beat,192.0,f,https://tiktok.com/@/video/7270732976101526790,6717363439717467142,f,"[""russia"",""russian"",""russianculture"",""russiavsusa"",""culture""]"
7512725166976158998,1749192644,What the Helliburton ???? Ces playoffs sont complètement fou et le premier match des finales nba entre le Thunder et Indiana était juste magique 🔥  T’en a pensé quoi de la rencontre toi ? 🤔 #basketball #sport #pacers #okc #nbafinals #shai #haliburton ,17207,7.142169219956738e+18,Beat,192.0,f,https://tiktok.com/@/video/7512725166976158998,7477722315766268951,f,"[""basketball"",""sport"",""pacers"",""okc"",""nbafinals"",""shai"",""haliburton""]"
7492130476048796974,1744397623,‼️Mafex Spider-Man 2099 Unboxing and Review‼️ #actionfigures #mafex #spiderman #marvellegends #unboxing #fyp #spiderman2099 #collector #toycollector #review #marvel #mcu #foryoupage #mafexspiderman #plasticandpages ,15320,7.142169219956738e+18,Beat,192.0,f,https://tiktok.com/@/video/7492130476048796974,6874003908428858373,f,"[""actionfigures"",""mafex"",""spiderman"",""marvellegends"",""unboxing"",""fyp"",""spiderman2099"",""collector"",""toycollector"",""review"",""marvel"",""mcu"",""foryoupage"",""mafexspiderman"",""plasticandpages""]"
7498222574594280726,1745816012,Est ce que les Lakers peuvent revenir dans cette série ? 🤔 Edwards en jeune patron vient offrir le break aux Wolves contre les Lakers🤯 Tu veux que je te résume quel match demain ? 🔥#basketball #fyp #playoff #lebron #lakers #sport ,17157,7.142169219956738e+18,Beat,192.0,f,https://tiktok.com/@/video/7498222574594280726,7477722315766268951,f,"[""basketball"",""fyp"",""playoff"",""lebron"",""lakers"",""sport""]"
7507485929276460334,1747972825,It took like almost 2 hours to fully assemble the cherry picker! 🍒 #TikTokAutoCampaign #CarTips #CarMechanic #engineering #carsontiktok #corvette #chevy #carcommunity ,17045,7.142169219956738e+18,Beat,192.0,f,https://tiktok.com/@/video/7507485929276460334,6779081585545135110,f,"[""tiktokautocampaign"",""cartips"",""carmechanic"",""engineering"",""carsontiktok"",""corvette"",""chevy"",""carcommunity""]"
7492182511649557806,1744409715,Binwa vya ebembe  @ESOSONYO @NellyWangu @BabondoCulture  #wabembeshit #wabembezote #wabembegirls ,19973,7.142169219956738e+18,Beat,192.0,f,https://tiktok.com/@/video/7492182511649557806,7066514383142831150,f,"[""wabembeshit"",""wabembezote"",""wabembegirls""]"
7449093838083312927,1734377416,2024 Daiwa Certate SW #fishingvideo #fishing #fishtok #daiwareels #daiwa #daiwacertate #daiwacertatesw #foryou #foryoupage #fypツ #fyp,29301,7.142169219956738e+18,Beat,192.0,f,https://tiktok.com/@/video/7449093838083312927,7134834582834758702,f,"[""fishingvideo"",""fishing"",""fishtok"",""daiwareels"",""daiwa"",""daiwacertate"",""daiwacertatesw"",""foryou"",""foryoupage"",""fyp\u30c4"",""fyp""]"
7272552989888417070,1693273204,all of my new #hemet followers you guys enjoying the content? #hemetca #sanjacintoca #beaumontca #inlandempireca #hemethighschool #westbvalleyhigh #beaumonthighschool #sanjacintohighschool #inlandempire #quanziiie ,35723,7.142169219956738e+18,Beat,192.0,f,https://tiktok.com/@/video/7272552989888417070,6704361279609668613,f,"[""hemet"",""hemetca"",""sanjacintoca"",""beaumontca"",""inlandempireca"",""hemethighschool"",""westbvalleyhigh"",""beaumonthighschool"",""sanjacintohighschool"",""inlandempire"",""quanziiie""]"
7352679267089583403,1711929070,Did Jesus learn from the Buddha?lets talk about it. #eastersunday #jesus #philosopher ,35230,7.142169219956738e+18,Beat,192.0,f,https://tiktok.com/@/video/7352679267089583403,7034238359221158917,f,"[""eastersunday"",""jesus"",""philosopher""]"
7406575863514303786,1724477836,Replying to @craigwatkins6 Short History of early settlement Shafter California! Follow for more cities! #foryou #foryoupage #fyp #fyppage #history #shaftercalifornia #shafterca #historytok #historytime #city #place ,28848,7.142169219956738e+18,Beat,192.0,f,https://tiktok.com/@/video/7406575863514303786,7354630584584668206,f,"[""foryou"",""foryoupage"",""fyp"",""fyppage"",""history"",""shaftercalifornia"",""shafterca"",""historytok"",""HistoryTime"",""city"",""place""]"
7242404812938251566,1686253784,Trim 1 of 2 #artpentry #fypシ゚viral #carpenter #carpentrytips #paratii #brasileiro #brasil🇧🇷 ,54433,7.142169219956738e+18,Beat,192.0,f,https://tiktok.com/@/video/7242404812938251566,6819092197733745670,f,"[""artpentry"",""fyp\u30b7\u309aviral"",""carpenter"",""carpentrytips"",""paratii"",""brasileiro"",""brasil\ud83c\udde7\ud83c\uddf7""]"
7493228137015233814,1744653134,Powe Clash. Diddy vs R. Kelly — The Most Toxic Music Debate Ever 🎤⚖️ #diddy #rkelly #historytime #debates #aigenerated #ai #tiktoklearningcampaign #lebron #creatorsearchinsights ,65531,7.142169219956738e+18,Beat,192.0,f,https://tiktok.com/@/video/7493228137015233814,7373082820434166816,f,"[""diddy"",""rkelly"",""HistoryTime"",""debates"",""aigenerated"",""ai"",""tiktoklearningcampaign"",""lebron"",""creatorsearchinsights""]"
7501319909666753838,1746537209,"Take the root cause quiz linked in my bio if you’ve had headaches for 3 months or longer to figure out what’s causing your headaches! Do you experience headaches across the side of the head? Well, there are three common causes that I’ve identified in this video that refer pain to the side of the head. These referrals are coming from parts of the body, not related to the actual head or brain which typically produce headaches. By understanding exactly which of the three causes in this video are referring pain to the side of your head… next you can begin the treatments show which will start immediately relieving the pain and acting on the root cause.. If you try, and get relief, then from there, we can add strategies addressing the nervous system and lifestyle to truly reverse the root cause so it doesn’t come back. Check it out and give them a try!",87188,7.142169219956738e+18,Beat,192.0,f,https://tiktok.com/@/video/7501319909666753838,7016500196452893701,f,[]
7372740258326220065,1716599910,Replying to @ny_cth être admis.e à Harvard en tant que français.e 🇺🇸 #toefltest @Duolingo #duolingo #duolingotest #admission #harvard #harvarduniversity #ivyleague ,34835,7.142169219956738e+18,Beat,192.0,f,https://tiktok.com/@/video/7372740258326220065,113706518562144256,f,"[""toefltest"",""duolingo"",""duolingotest"",""admission"",""harvard"",""harvarduniversity"",""ivyleague""]"
7477830204518599982,1741068039,#greenscreen #okcthunder #thunder #nba #nbatok #lakers #nuggets #sga #jalenwilliams #chetholmgren @OKC Thunder @oklahomacity ,22625,7.142169219956738e+18,Beat,192.0,f,https://tiktok.com/@/video/7477830204518599982,8453254,f,"[""greenscreen"",""okcthunder"",""thunder"",""NBA"",""nbatok"",""lakers"",""nuggets"",""sga"",""jalenwilliams"",""chetholmgren""]"
7487586230020918559,1743339576,"Play A Par 5 With Me at The Club At Longview in Waxhaw, NC Hole 4 #golftiktok   #creatorsearchinsights @Jared T Martin ",26364,7.142169219956738e+18,Beat,192.0,f,https://tiktok.com/@/video/7487586230020918559,7293635037366567978,f,"[""golftiktok"",""creatorsearchinsights""]"
7462075949429869870,1737399979,Putting up all my Hotwheels Treasure Hunts - #hotwheels #hotwheelscollections #car #cars #jdm #jdmcars #jdmhotwheels #hotwheelssupertreasurehunt #hotwheelstreasurehunt #rarehotwheels ,19488,7.142169219956738e+18,Beat,192.0,f,https://tiktok.com/@/video/7462075949429869870,7183839869465642030,f,"[""hotwheels"",""hotwheelscollections"",""car"",""cars"",""jdm"",""jdmcars"",""jdmhotwheels"",""hotwheelssupertreasurehunt"",""hotwheelstreasurehunt"",""rarehotwheels""]"
7450373593826954527,1734675308,"Replying to @la.seren Baby poler tips 🩰💗💖 I forgot to mention, bring water!!! and don't mind my crooked piercing lol #poledance #poledancing #beginnerpole #tips ",17023,7.142169219956738e+18,Beat,192.0,f,https://tiktok.com/@/video/7450373593826954527,7125535637231371306,f,"[""poledance"",""poledancing"",""beginnerpole"",""tips""]"
7393139589956898090,1721349455,Replying to @joni.559 Short History of early settlement Coalinga California! Follow for more cities! #foryou #foryoupage #fy #history #coalingacalifornia #historytime #historytok #city #place ,32119,7.142169219956738e+18,Beat,192.0,f,https://tiktok.com/@/video/7393139589956898090,7354630584584668206,f,"[""foryou"",""foryoupage"",""fy"",""history"",""coalingacalifornia"",""HistoryTime"",""historytok"",""city"",""place""]"
7261808016477949226,1690771444,clip in and go hairstyles for the rest of summa 23’ 😌🫶🏽 #sensationnelhair #sensationnelclipins #curlsnkinks #curlyclipins #summerhairstyle #summerhair #clipinhairstyles #syntehticclipins #synthetichair  Sensationnel Curls Kinks & Co Clip Ins | Synthetic Clip Ins | Beauty Supply Clip Ins | Curly Clip In Hairstyles | Synthetic Hair styles | Sensationnel Clip ins ,46960,7.142169219956738e+18,Beat,192.0,f,https://tiktok.com/@/video/7261808016477949226,7008947225360712709,f,"[""sensationnelhair"",""sensationnelclipins"",""curlsnkinks"",""curlyclipins"",""summerhairstyle"",""summerhair"",""clipinhairstyles"",""syntehticclipins"",""synthetichair""]"
7235286825147993390,1684596503,Salt Cured x Smoked Egg Yolks • #steakandeggs #bbqtiktok #curedeggyolk #turleytestkitchen #umami ,20340,7.142169219956738e+18,Beat,192.0,f,https://tiktok.com/@/video/7235286825147993390,6807233148318565381,f,[]
7490972712702053662,1744128036,"Hole 7 at Links GC  Short Par 5 ⛳️ with OB left along the train tracks 🚆 and bunkers lining the right side of the fairway 🪣. Wind was at my back 🌬️ so I sent it full send off the tee 🚀. Found the fairway, hit a solid second shot, and gave myself a look at birdie rolled it in ✅ #GolfTikTok #GolfSwing #GolfLife #GolfVibes #GolfShot #GolfCourse #Golfing #GolfTips #GolfVideo #GolfDay #LinksGolf #PGA #BombsOnly #DriveForShow #BirdieHunt #GolfBirdie #Golfer #GolfSeason #WeekendGolf #FairwayFinder #GolfAddict #GolfHighlight #GolfGrind #GolfDaily #PostFallsGolf #GolfContent #GolfChallenge #GolfCoach #GolfTime #GolfReels #GolfClips #GolfTok",12571,7.142169219956738e+18,Beat,192.0,f,https://tiktok.com/@/video/7490972712702053662,7331175347595101226,f,"[""golftiktok"",""golfswing"",""golflife"",""golfvibes"",""golfshot"",""golfcourse"",""golfing"",""golftips"",""golfvideo"",""golfday"",""linksgolf"",""pga"",""bombsonly"",""driveforshow"",""birdiehunt"",""golfbirdie"",""golfer"",""golfseason"",""weekendgolf"",""fairwayfinder"",""golfaddict"",""golfhighlight"",""golfgrind"",""golfdaily"",""postfallsgolf"",""golfcontent"",""golfchallenge"",""golfcoach"",""golftime"",""golfreels"",""golfclips"",""golftok""]"
7236960513991789870,1684986193,Replying to @Ethan Smith The best and most effective NATTY STACK 💪🏼 #fitblake #fitness #supplements #natty #gains #bodybuilding ,31226,7.142169219956738e+18,Beat,192.0,f,https://tiktok.com/@/video/7236960513991789870,6769318558809867270,f,[]
7489312321282641182,1743741440,Replying to @Noah Learn How to Throw a Splitter #baseball #Pitching #pitcher #guide #mlb #grip #beisbol #ball #coach #splitter ,25991,7.142169219956738e+18,Beat,192.0,f,https://tiktok.com/@/video/7489312321282641182,6600108721878761477,f,"[""baseball"",""pitching"",""pitcher"",""guide"",""MLB"",""grip"",""beisbol"",""ball"",""coach"",""splitter""]"
7483242722992639262,1742328250,Tiamat is the ALL TIME GOAT. My first commander deck AND my first love lol. #mtg #magic #lordoftherings #magicthegathering #edh #edhrec #edhrec #cedh #deck #cardgame #cardgame #finalfantasy #commander #mtgcommander #mtgtiktok #combos #dragons #dragonstorm #tarkir ,22889,7.142169219956738e+18,Beat,192.0,f,https://tiktok.com/@/video/7483242722992639262,7281336708526883882,f,"[""mtg"",""magic"",""lordoftherings"",""magicthegathering"",""edh"",""edhrec"",""cedh"",""deck"",""cardgame"",""finalfantasy"",""commander"",""mtgcommander"",""mtgtiktok"",""combos"",""dragons"",""dragonstorm"",""tarkir""]"
7484939940988488982,1742723390,Josh Giddey à deux doigts d’un exploit historique face à LeBron… Le premier quadruple-double depuis 1986 était tout proche 🏆 Les 4 légendes qui l’ont réussi sont en commentaire. #sport #basketball ##JoshGiddey#record ##Bulls#LeBron #fyp #pourtoi #pourtoii ,21485,7.142169219956738e+18,Beat,192.0,f,https://tiktok.com/@/video/7484939940988488982,7477722315766268951,f,"[""sport"",""basketball"",""joshgiddey"",""record"",""bulls"",""lebron"",""fyp"",""pourtoi"",""pourtoii""]"
7514717514807528735,1749656545,‼️Mafex Spider-Man 2099. The best Spidey figure of all time???‼️ #fyp #spiderman #spiderman2099 #marvel #mcu #actionfigures #collector #unboxing #foryoupage #plasticandpages ,8213,7.142169219956738e+18,Beat,192.0,f,https://tiktok.com/@/video/7514717514807528735,6874003908428858373,f,"[""fyp"",""spiderman"",""spiderman2099"",""marvel"",""mcu"",""actionfigures"",""collector"",""unboxing"",""foryoupage"",""plasticandpages""]"
7490755234000588078,1744077394,Binwa  #wabembe🖤 #babondotiktok😂 #bembeboy ,12312,7.142169219956738e+18,Beat,192.0,f,https://tiktok.com/@/video/7490755234000588078,7066514383142831150,f,"[""wabembe\ud83d\udda4"",""babondotiktok\ud83d\ude02"",""bembeboy""]"
7255763278352141573,1689364038,The 10 Craziest Watches in Mark WahlBerg’s Collection 🤯 • • • • • • • #markwahlberg #watches #watchesio #watchesoftiktok #patekphilippe #rolex #watchcollection #capcut #FYP ,33187,7.142169219956738e+18,Beat,192.0,f,https://tiktok.com/@/video/7255763278352141573,7006430693803475973,f,"[""markwahlberg"",""watches"",""watchesio"",""watchesoftiktok"",""patekphilippe"",""rolex"",""WatchCollection"",""capcut"",""fyp""]"
7385636830957407531,1719602585,Replying to @dxni2dum Short History of early settlement Gustine California! Follow for more cities! #foryou #foryoupage #fy #history #gustinecalifornia #historytok #historytime #city #place ,72727,7.142169219956738e+18,Beat,192.0,f,https://tiktok.com/@/video/7385636830957407531,7354630584584668206,f,"[""foryou"",""foryoupage"",""fy"",""history"",""gustinecalifornia"",""historytok"",""HistoryTime"",""city"",""place""]"
7515255219245042974,1749781719,What will the AEW Unified Championship #aew #aewunifiedchampionship #kennyomega #kazuchikaokada #aewallin ,14122,7.142169219956738e+18,Beat,192.0,f,https://tiktok.com/@/video/7515255219245042974,6775158807100703749,f,"[""aew"",""aewunifiedchampionship"",""kennyomega"",""kazuchikaokada"",""aewallin""]"
7398389790221061418,1722571862,Replying to @jessie24559 @Celi73 Short History of early settlement Avenal California! Follow for more cities! #foryou #foryoupage #fy #history #avenalcalifornia #historytime #historytok #city #place #avenalca ,22277,7.142169219956738e+18,Beat,192.0,f,https://tiktok.com/@/video/7398389790221061418,7354630584584668206,f,"[""foryou"",""foryoupage"",""fy"",""history"",""avenalcalifornia"",""HistoryTime"",""historytok"",""city"",""place"",""avenalca""]"
7499970430753606954,1746222976,✅TAPER FADE TUTORIAL ,41517,7.142169219956738e+18,Beat,192.0,f,https://tiktok.com/@/video/7499970430753606954,7002996610770830341,f,[]
7506362827322461470,1747711308,Who will be Iyo Sky’s next feud #iyosky #beckylynch #roxanneperez #rhearipley #wwe #wweraw #mondaynightraw ,23397,7.142169219956738e+18,Beat,192.0,f,https://tiktok.com/@/video/7506362827322461470,6775158807100703749,f,"[""iyosky"",""beckylynch"",""roxanneperez"",""rhearipley"",""WWE"",""wweraw"",""mondaynightraw""]"
7398589662677224750,1722618402,Replying to @brennduhh444 Short History of early settlement Patterson California! Follow for more cities! #foryou #foryoupage #fy #history #pattersonca #pattersoncalifornia #historytime #historytok #city #place ,50078,7.142169219956738e+18,Beat,192.0,f,https://tiktok.com/@/video/7398589662677224750,7354630584584668206,f,"[""foryou"",""foryoupage"",""fy"",""history"",""pattersonca"",""pattersoncalifornia"",""HistoryTime"",""historytok"",""city"",""place""]"
7358976221545237803,1713395189,click on orange cart to place your order #fyp #kellyblackcherry2nd #lemontumericbar #skincare ,75517,7.142169219956738e+18,Beat,192.0,f,https://tiktok.com/@/video/7358976221545237803,7161456039744128043,f,"[""fyp"",""kellyblackcherry2nd"",""lemontumericbar"",""skincare""]"
7512673785099717931,1749180721,The 6.0 timed properly now! Rocker arms & push rods next ✌️#ls #TikTokAutoCampaign #CarTips #carcommunity #corvette #enginebuild #chevy #diy ,19290,7.142169219956738e+18,Beat,192.0,f,https://tiktok.com/@/video/7512673785099717931,6779081585545135110,f,"[""ls"",""tiktokautocampaign"",""cartips"",""carcommunity"",""corvette"",""enginebuild"",""chevy"",""DIY""]"
7470235230306159902,1739372400,You need this Vanford 2000 setup #fishingvideo #fishing #fishtok #foryou #foryoupage #fypシ #shimanoreels #shimano #shimanovanford #vanford #shimanozodias #zodias,26651,7.142169219956738e+18,Beat,192.0,f,https://tiktok.com/@/video/7470235230306159902,7134834582834758702,f,"[""fishingvideo"",""fishing"",""fishtok"",""foryou"",""foryoupage"",""fyp\u30b7"",""shimanoreels"",""shimano"",""shimanovanford"",""vanford"",""shimanozodias"",""zodias""]"
7441798508958731566,1732678741,"One of Phoenix’s most exceptional properties for sale, RIGHT NOW! This New York style loft is truly one of a kind. Filled with so much uniqueness! ❤️‍🔥❤️‍🔥 DM me or comment “exceptional” and I’ll send you the link to the full listing!   2 Bedrooms | 2 Bathrooms | 1,708 SQ FT  Listed by Adam Bailey with RETSY.  Cierra Reid  Locality Real Estate  (623)-280-1986 Cierrajenniferreid@gmail.com #azhomes #loft #phxaz #centralphoenix #azrealtor #phxrealtor #dreamhouse #homebuyer #firsttimehomebuyer ",15986,7.142169219956738e+18,Beat,192.0,f,https://tiktok.com/@/video/7441798508958731566,7062447280182182958,f,"[""azhomes"",""loft"",""phxaz"",""centralphoenix"",""azrealtor"",""phxrealtor"",""dreamhouse"",""homebuyer"",""firsttimehomebuyer""]"
7472780911122189611,1739892442,"Click the link in my bio if you’re struggling with this for more than 6 month and want me to point you in the right direction. One of the biggest mistakes I see with people who have headaches and neck pain is that they stop exercising because it triggers their symptoms. But here’s the thing—avoiding movement is actually the worst thing you can do in most cases.  A lot of times, it’s weakness and fascial restrictions causing compression and irritation. And your body needs time to adapt. If you don’t expose it to movement consistently, it never will. But here’s the key: You have to do it in a way that doesn’t trigger massive flare-ups. That’s why proper progression is crucial—this is what separates long-term success from failure. Try the progression shown in this video, and then go back to the exercises that were giving you the most trouble. You might be surprised at the difference. #neck #neckpainrelief #neckpaintreatment #headacherelief #headaches #tmj #neckmobility #shouldermobility",86979,7.142169219956738e+18,Beat,192.0,f,https://tiktok.com/@/video/7472780911122189611,7016500196452893701,f,"[""neck"",""neckpainrelief"",""neckpaintreatment"",""headacherelief"",""headaches"",""tmj"",""neckmobility"",""shouldermobility""]"
7503814369734708502,1747117943,Curry doit il revenir plus tôt pour les Warriors ? 🤔 Tatum qui s’écroule s’est un vrai déchirement 😭 Les blessures en playoffs sont terribles et les séries Knicks Celtics et Warriors Wolves nous le prouvent 🤕 Abonne toi pour suivre les playoffs tous les matins ⏰ #basketball #sport #fyp #warriors #celtics #wolves #knicks #curry #tatum ,17152,7.142169219956738e+18,Beat,192.0,f,https://tiktok.com/@/video/7503814369734708502,7477722315766268951,f,"[""basketball"",""sport"",""fyp"",""warriors"",""celtics"",""wolves"",""knicks"",""curry"",""tatum""]"
7478398976560205102,1741200507,#greenscreen #lakers #lalakers #lukadoncic #luka #nba #nbatok @ESPN Los Angeles @NBA @Lakers @Lakers Nation @Lakersfanzone ,15476,7.142169219956738e+18,Beat,192.0,f,https://tiktok.com/@/video/7478398976560205102,8453254,f,"[""greenscreen"",""lakers"",""lalakers"",""lukadoncic"",""luka"",""NBA"",""nbatok""]"
7486217550842400022,1743020855,"How to prevent lint from Locs ? 1. Cover them as much as you can, (Satin material if possible) 2. Check your fabrics, everything that you wear and always check your LOCS after wearing fuzzy clothes 3. Wash your Locs often. PS: don’t try to remove lint from your Locs(when it’s stuck) it’s a bad idea. You’ll damage them by doing it  The alternative you can color your Locs  Also combed your locs out, doesn’t mean you removed LINT, this is removing the Locs I’m out ✌🏾 #krismcdred #loctips #locs #locoegs ",37332,7.142169219956738e+18,Beat,192.0,f,https://tiktok.com/@/video/7486217550842400022,7048183352477926406,f,"[""krismcdred"",""loctips"",""locs"",""locoegs""]"
7244664715337649451,1686779966,Really testing my patience… 😅 #buffer #cordless #buffandpolish #buffandpolished #paintcorrection #paintpolishing #saker #orbitalsander #sally #diy #ford #fordmustang #whipplesupercharger #whipple #cartok #carguy #yt #v8 #5oh #orbitalsander ,47031,7.142169219956738e+18,Beat,192.0,f,https://tiktok.com/@/video/7244664715337649451,6779081585545135110,f,"[""buffer"",""cordless"",""buffandpolish"",""buffandpolished"",""paintcorrection"",""paintpolishing"",""saker"",""orbitalsander"",""sally"",""DIY"",""ford"",""fordmustang"",""whipplesupercharger"",""whipple"",""cartok"",""carguy"",""yt"",""v8"",""5oh""]"
7507528563948588310,1747982717,"Je vous ai menti… Après un jour d’absence — et après avoir loupé ce qui restera peut-être le meilleur match des playoffs — je suis de retour pour OKC vs Wolves, acte 2. Tu pensais que j’avais décroché ? Pas question. Je suis là tous les matins (sauf quand je rate mon réveil, visiblement). Abonne-toi, parce que je ne compte pas rater le game 2 entre Indiana et New York ce soir. On va le vivre ensemble. Minnesota peut-il revenir dans cette série ? Dis-moi ce que t’en penses en commentaire ! #basketball #sport #fyp #okc #wolves #shai #edwards ",14894,7.142169219956738e+18,Beat,192.0,f,https://tiktok.com/@/video/7507528563948588310,7477722315766268951,f,"[""basketball"",""sport"",""fyp"",""okc"",""wolves"",""shai"",""edwards""]"
7513220027332480286,1749307873,Happy Saturday you guys use the weekend to your advantage to study the market💕 #fyp #foryoupage #trading #tradingtips #trading101 #tradingstrategy #forextrader #forexforbeginners #tradingforbeginners #tradingforex #trendline #trendlinestrategy #engagement #teamwork #tradingsuccess #tradingmotivation ,21718,7.142169219956738e+18,Beat,192.0,f,https://tiktok.com/@/video/7513220027332480286,6835344178671797253,f,"[""fyp"",""foryoupage"",""trading"",""tradingtips"",""trading101"",""tradingstrategy"",""forextrader"",""forexforbeginners"",""tradingforbeginners"",""tradingforex"",""trendline"",""trendlinestrategy"",""engagement"",""teamwork"",""tradingsuccess"",""tradingmotivation""]"
7412095599324990766,1725762995,Replying to @jcattv Short History of early settlement Selma California! Follow for more cities! #foryou #foryourepage #fyppage #fyp #history #selmacalifornia #selmaca #fresnocounty #historytok #historytime #city #place ,25963,7.142169219956738e+18,Beat,192.0,f,https://tiktok.com/@/video/7412095599324990766,7354630584584668206,f,"[""foryou"",""foryourepage"",""fyppage"",""fyp"",""history"",""selmacalifornia"",""selmaca"",""fresnocounty"",""historytok"",""HistoryTime"",""city"",""place""]"
7251729093488610603,1688424763,These 5 things will help your trip goes alot smoother so ensure you check this off your list and enjoy your trip. #traveltiktok #travellife #travel #jamaicatravel #travelwithme #Jamaica ,69743,7.142169219956738e+18,Beat,192.0,f,https://tiktok.com/@/video/7251729093488610603,6872116665611142149,f,"[""traveltiktok"",""travellife"",""travel"",""jamaicatravel"",""travelwithme"",""jamaica""]"
7511521576852983070,1748912425,Gave the Brooklyn Nets a fresh new look 🏀🔥Here’s how I reimagined their look from start to finish — full design process breakdown.  #BrandRefresh #BrooklynNets #GraphicDesign #NBARebrand #DesignProcess #SportsDesign #nba #brooklyn #newyork #newyorkcity #nets #branding #brandidentity #designer #illustrator @Brooklyn Nets  ,28954,7.142169219956738e+18,Beat,192.0,f,https://tiktok.com/@/video/7511521576852983070,7255793886428972074,f,"[""brandrefresh"",""brooklynnets"",""graphicdesign"",""nbarebrand"",""designprocess"",""sportsdesign"",""NBA"",""brooklyn"",""newyork"",""newyorkcity"",""nets"",""branding"",""brandidentity"",""designer"",""illustrator""]"
7495618980908977438,1745209825,THE MAN RETURNS #beckylynch #lyravalkyria #livmorgan #raquelrodriguez #bayley #wwe #wrestlemania #wrestlemania41 ,17804,7.142169219956738e+18,Beat,192.0,f,https://tiktok.com/@/video/7495618980908977438,6775158807100703749,f,"[""beckylynch"",""lyravalkyria"",""livmorgan"",""raquelrodriguez"",""bayley"",""WWE"",""WrestleMania"",""wrestlemania41""]"
7439447818961456415,1732131447,"Do you experience tension in the front of your throat? Difficulty swallowing, TMJ disorder, jaw pain or even neck tension when you look up? Well very commonly the muscles around the front of the neck, jaw and floor of the mouth can become tight…. Including the Sternohyoid! You see the infrahyoid muscles (below hyoid bone) one of which being the sternohyoid stabilize the hyoid bone… in other words they prevent the hyoid from elevating during swallowing. This allows the suprahyoids, which are above the hyoid bone to open the jaw.  Confused yet? However, when the infrahyoids, specifically that sternohyoid become too tight, they can create all sorts of discomfort. In this video, I show an excellent way to release the Sternohyoid. This can even help with breathing, TMJ, swallowing, headaches, and neck pain itself! #tmj #tmd #myofunctionaltherapy #dentist #tonguetie #neckpain #tmjtreatment #neckpainrelief #sternohyoid #tongue",74230,7.142169219956738e+18,Beat,192.0,f,https://tiktok.com/@/video/7439447818961456415,7016500196452893701,f,"[""tmj"",""tmd"",""myofunctionaltherapy"",""dentist"",""tonguetie"",""neckpain"",""tmjtreatment"",""neckpainrelief"",""sternohyoid"",""tongue""]"
7266054898293378350,1691760253,#appletonelectric #electriciansoftiktok #respect #ddccontrolstech #venturacounty #sparkylife #usa ,19264,7.142169219956738e+18,Beat,192.0,f,https://tiktok.com/@/video/7266054898293378350,6824221958683804677,f,"[""appletonelectric"",""electriciansoftiktok"",""respect"",""ddccontrolstech"",""venturacounty"",""sparkylife"",""usa""]"
7449772267095002398,1734535338,The Best Way to Catch The Most Trout #fishingvideo #fishing #fishtok #foryou #foryoupage #fypツ #fyp #troutfishing #trout #seatrout,26024,7.142169219956738e+18,Beat,192.0,f,https://tiktok.com/@/video/7449772267095002398,7134834582834758702,f,"[""fishingvideo"",""fishing"",""fishtok"",""foryou"",""foryoupage"",""fyp\u30c4"",""fyp"",""troutfishing"",""trout"",""seatrout""]"
7418972796828667166,1727364243,Buying 80 PSA Slabs Blind #pokemon #pokemontcg #pokemoncards #wotcpokemon #anime,50890,7.142169219956738e+18,Beat,192.0,f,https://tiktok.com/@/video/7418972796828667166,6788663174662095878,f,"[""pokemon"",""pokemontcg"",""pokemoncards"",""wotcpokemon"",""anime""]"
7493656245774109995,1744752842,Here’s what a typical day in my life in the UFL looks like! Crazy to think we’re already a third of the way through the regular season! Is it what you expected? 👀 #Football #Sports #UFL #Kicker #Kick #Kicks #Vlog #DayInMyLife #FYP #FY #ForYouPage #ForYou #FYPage #fypシ #fypシ゚viral #Viral ,18169,7.142169219956738e+18,Beat,192.0,f,https://tiktok.com/@/video/7493656245774109995,6729485932602639365,t,"[""football"",""sports"",""ufl"",""kicker"",""kick"",""kicks"",""Vlog"",""dayinmylife"",""fyp"",""fy"",""foryoupage"",""foryou"",""fypage"",""fyp\u30b7"",""fyp\u30b7\u309aviral"",""viral""]"
7493658356146605354,1744753457,Which of These Players is Hacking?👀 #fortnite #fyp #fortniteclips #fortnitecompetitive #foryou #USA #creatorsearchinsights  ,32776,7.142169219956738e+18,Beat,192.0,f,https://tiktok.com/@/video/7493658356146605354,6700867342778090501,f,"[""fortnite"",""fyp"",""fortniteclips"",""fortnitecompetitive"",""foryou"",""usa"",""creatorsearchinsights""]"
7499480561095019822,1746108953,Touched down in Arizona to check on one of our Airbnb properties…🏡 and this trip is bittersweet.  We’re not just here to inspect how our cleaners have been maintaining the space — we’re here to officially shut this location down.  Stay tuned to find out what went wrong and how you can avoid making the same costly mistakes in your rental arbitrage journey. • • • #arizona #phoenix #phoenixaz #scottsdale #scottsdaleaz #rentalarbitrage #airbnb #airbnbhost #tempe #paradisevalley #superhost #superhostairbnb #rentalproperty #investmentproperty #investor #investment #fyp #foryou #foryoupage #xyzbca ,58829,7.142169219956738e+18,Beat,192.0,f,https://tiktok.com/@/video/7499480561095019822,6715150193497883654,f,"[""arizona"",""phoenix"",""phoenixaz"",""scottsdale"",""scottsdaleaz"",""rentalarbitrage"",""airbnb"",""airbnbhost"",""tempe"",""paradisevalley"",""superhost"",""superhostairbnb"",""rentalproperty"",""investmentproperty"",""investor"",""investment"",""fyp"",""foryou"",""foryoupage"",""xyzbca""]"
7503260477448047918,1746989000,Is this figure of the year????? ‼️Unboxing & Review S.H. Figuarts Portgas.D.Ace‼️  #actionfigures #shfiguarts #unboxing #onepiece #monkeydluffy #portgasdace #fyp #tamashiinations #toyreview #anime #collector #foryoupage #figtok #plasticandpages   ,14838,7.142169219956738e+18,Beat,192.0,f,https://tiktok.com/@/video/7503260477448047918,6874003908428858373,f,"[""actionfigures"",""shfiguarts"",""unboxing"",""onepiece"",""monkeydluffy"",""portgasdace"",""fyp"",""tamashiinations"",""toyreview"",""anime"",""collector"",""foryoupage"",""figtok"",""plasticandpages""]"
7510746533546052910,1748731991,I got a parcel of land for FREE 📍 Failing forward. Flipping houses. Building wealth. DM “MENTOR” to learn wholesaling 💼 ⬇️ Watch how I did it #FailForward #RealEstateTikTok #WholesalingRealEstate #LandDeals #FreeLand #RealEstateInvestor #BlackInvestors #BuildingWealth #TikTokRealEstate #FromNothingToSomething,9789,7.142169219956738e+18,Beat,192.0,f,https://tiktok.com/@/video/7510746533546052910,6756266497561134085,f,"[""failforward"",""realestatetiktok"",""wholesalingrealestate"",""landdeals"",""freeland"",""realestateinvestor"",""blackinvestors"",""buildingwealth"",""tiktokrealestate"",""fromnothingtosomething""]"
7387129924706159918,1719950225,@Crum357 Short History of early settlement Kerman California! Follow for more cities! #foryou #foryoupage #fy #history #kermancalifornia #historytok #historytime #city #place ,35290,7.142169219956738e+18,Beat,192.0,f,https://tiktok.com/@/video/7387129924706159918,7354630584584668206,f,"[""foryou"",""foryoupage"",""fy"",""history"",""kermancalifornia"",""historytok"",""HistoryTime"",""city"",""place""]"
7378960648387956011,1718048162,Replying to @_javig1 Short History of early settlement of Bakersfield California! Follow for more cities! #foryou #foryoupage #history #bakersfieldcalifornia #bakersfield #historytime #historytok #city ,163713,7.142169219956738e+18,Beat,192.0,f,https://tiktok.com/@/video/7378960648387956011,7354630584584668206,f,"[""foryou"",""foryoupage"",""history"",""bakersfieldcalifornia"",""bakersfield"",""HistoryTime"",""historytok"",""city""]"
7312100612215328046,1702481106,What it was like going to Med School in the Caribbeans. #medschoollife #medschool #caribbeanmedschool #sgu #lifeofadoctor #erdoctor #medstudentstories #medstudentlife #fyp #grenada ,36673,7.142169219956738e+18,Beat,192.0,f,https://tiktok.com/@/video/7312100612215328046,6805348147851723781,f,"[""medschoollife"",""medschool"",""caribbeanmedschool"",""sgu"",""lifeofadoctor"",""erdoctor"",""medstudentstories"",""medstudentlife"",""fyp"",""grenada""]"
7281145730855718150,1695273852,Neko Samurai #art #illustration #procreate #procreateart #procreateapp #drawing #graphicdesign #logodesign #artwork #characterdesign #cartooncharacter #character ,37249,7.142169219956738e+18,Beat,192.0,f,https://tiktok.com/@/video/7281145730855718150,7210626486612280322,f,"[""art"",""illustration"",""procreate"",""procreateart"",""procreateapp"",""drawing"",""graphicdesign"",""logodesign"",""artwork"",""characterdesign"",""cartooncharacter"",""character""]"
7280218162073783584,1695057885,J’avais jamais vu autant de sneakers 🤭👟⛹️‍♀️ #nike #nikenewyork #vlognewyork ,47224,7.142169219956738e+18,Beat,192.0,f,https://tiktok.com/@/video/7280218162073783584,6754599254726575109,f,"[""nike"",""nikenewyork"",""vlognewyork""]"
7402884517213588778,1723618379,Replying to @michael_and_baby_aiden Short History of early settlement Reedley California! Follow for more cities! #foryoupage #fypage #foryou #history #reedleycalifornia #reedley #fyppage #historytok #historytime #city #place ,25834,7.142169219956738e+18,Beat,192.0,f,https://tiktok.com/@/video/7402884517213588778,7354630584584668206,f,"[""foryoupage"",""fypage"",""foryou"",""history"",""reedleycalifornia"",""reedley"",""fyppage"",""historytok"",""HistoryTime"",""city"",""place""]"
7384788244510231854,1719405022,#creditrepair #creditrepairservices #bestcreditrepaircompany #creditscoretips #credit #fico #loans #securedcreditcard #buildcredit #improvecreditscore @kelvinkristof.art ,12352,7.142169219956738e+18,Beat,192.0,f,https://tiktok.com/@/video/7384788244510231854,7384757862901531691,f,"[""creditrepair"",""creditrepairservices"",""bestcreditrepaircompany"",""creditscoretips"",""credit"",""fico"",""loans"",""securedcreditcard"",""buildcredit"",""improvecreditscore""]"
7470218939113491742,1739295947,Barbero en Tennessee🔥💈 Ve al link de mi perfil para agendar tu cita 🔥 #barber #nashville #barbero #tn #barbershop #barbería ,56004,7.142169219956738e+18,Beat,192.0,f,https://tiktok.com/@/video/7470218939113491742,7264487179346150405,f,"[""barber"",""nashville"",""barbero"",""tn"",""barbershop"",""barber\u00eda""]"
7504544010606791958,1747287825,Audi Q7 protected right before the summer heat! This vehicle received a 1 step paint correction & 5 year ceramic coating making this 4 year old paint look brand new once again 🤩 #cardetailing #cleancars #detailingworldofficial #carsofjacksonville #mobiledetailing #reelsviral #jacksonvillefl #detailing #autodetailing #cardetail,41349,7.142169219956738e+18,Beat,192.0,f,https://tiktok.com/@/video/7504544010606791958,7375421386850763808,f,"[""cardetailing"",""cleancars"",""detailingworldofficial"",""carsofjacksonville"",""mobiledetailing"",""reelsviral"",""jacksonvillefl"",""detailing"",""autodetailing"",""cardetail""]"
7509126396581530910,1748354764,Athena v. Billie at All In? #mercedesmone #athena #billiestarkz #tonistorm #aew #aewdoubleornothing #aewallin   ,14964,7.142169219956738e+18,Beat,192.0,f,https://tiktok.com/@/video/7509126396581530910,6775158807100703749,f,"[""mercedesmone"",""athena"",""billiestarkz"",""tonistorm"",""aew"",""aewdoubleornothing"",""aewallin""]"
7410632962649230635,1725422450,Replying to @eduardotellez9180 @JM Short History of early settlement Wasco California! Follow for more cities! #foryou #foryourepage #fyppage #fyp #history #wascocalifornia #wascoca #kerncounty #historytok #historytime #city #place ,18303,7.142169219956738e+18,Beat,192.0,f,https://tiktok.com/@/video/7410632962649230635,7354630584584668206,f,"[""foryou"",""foryourepage"",""fyppage"",""fyp"",""history"",""wascocalifornia"",""wascoca"",""kerncounty"",""historytok"",""HistoryTime"",""city"",""place""]"
7239782742802599214,1685643284,Replying to @angelrome1223 The summer serotonin got me in my makeup artist primeee🌞 	 Come at with me to my makeup appointment 💗 Me and @hairxlys have been working together for a while and it was time for a service trade 😋 I’m so happy she let me push her out of her comfort zone and do the look I’ve had envisioned for yearssss 🙌🏽 I’m telling yall we loved how lightweight and glowy this look was ✨ DM Me “Appointment” or head to the 🔗 in bio to claim your spot! Books are open for June and July 🔥 #southjerseymua #southjerseymakeupartist #phillymua #phillymakeupartist #makeupforfreckles  ,11513,7.142169219956738e+18,Beat,192.0,f,https://tiktok.com/@/video/7239782742802599214,6870334311163315206,f,"[""southjerseymakeupartist"",""southjerseymua"",""phillymua"",""phillymakeupartist"",""makeupforfreckles""]"
7207862720136351018,1678211347,Comment which Turkey decoys that you run! Stay tuned for Pt. 2! #rogerssportinggoods #rogersgear #hunting #huntingtok #huntingtiktok #springturkey #decoys #comparison #turkeydecoy,27186,7.142169219956738e+18,Beat,192.0,f,https://tiktok.com/@/video/7207862720136351018,7174849090470429738,f,"[""rogerssportinggoods"",""rogersgear"",""hunting"",""huntingtok"",""huntingtiktok"",""springturkey"",""decoys"",""comparison"",""turkeydecoy""]"
7300705396291947818,1699827952,How to wrap your bat🙌🏾 Very beginner friendly.  Pink Bat Grip from @NookSquad.com code: Dre  Bat model: 911 from @Dove Tail Bat Company  #2 Chain and Bracelet from @Luxe Bead Co code: dre10  #baseballtips #baseballtiktoks #viral #fypage #baseballtutorial #batgrip ,30915,7.142169219956738e+18,Beat,192.0,f,https://tiktok.com/@/video/7300705396291947818,7258847807393252394,f,"[""2"",""baseballtips"",""baseballtiktoks"",""viral"",""fypage"",""baseballtutorial"",""batgrip""]"
7477317536812420395,1740948689,Sam Wilson AKA Captain America 2.0  ‼️Marvel Legends Captain America‼️ #marvellegends #captainamerica #bravenewworld #mcu #actionfigures #fyp #toycollector #unboxing #figtok #figtoker #collector #toycollection #posingactionfigures #avengers #samwilson #foryoupage #plasticandpages ,15632,7.142169219956738e+18,Beat,192.0,f,https://tiktok.com/@/video/7477317536812420395,6874003908428858373,f,"[""marvellegends"",""captainamerica"",""bravenewworld"",""mcu"",""actionfigures"",""fyp"",""toycollector"",""unboxing"",""figtok"",""figtoker"",""collector"",""toycollection"",""posingactionfigures"",""avengers"",""samwilson"",""foryoupage"",""plasticandpages""]"
7325175279574338862,1705525301,A nod to our caddies🫡 #caddie #pinehurstnc #unsungheroes ,12662,7.142169219956738e+18,Beat,192.0,f,https://tiktok.com/@/video/7325175279574338862,6880148588199117830,t,"[""caddie"",""pinehurstnc"",""unsungheroes""]"
7422861153136610603,1728269545,2 15'' MTX 9500 4rth order blow through on single cab Sierra . . . #caraudio #blowthrough #mtxaudio #singlecab #soundsystem  #custom #upholstery #gmc #sierra #trokiando #suelotrucks #sonido #epicenterbass #trokiandocuh #installation #ds18 #audioshop #fyp #paratii #audiocontrol  #redguts #ledlights ,36781,7.142169219956738e+18,Beat,192.0,f,https://tiktok.com/@/video/7422861153136610603,6817062615535059973,f,"[""caraudio"",""blowthrough"",""mtxaudio"",""singlecab"",""soundsystem"",""custom"",""upholstery"",""gmc"",""sierra"",""trokiando"",""suelotrucks"",""sonido"",""epicenterbass"",""trokiandocuh"",""installation"",""ds18"",""audioshop"",""fyp"",""paratii"",""audiocontrol"",""redguts"",""ledlights""]"
7446497100017175839,1733772793,Daiwa BG MQ Overview #fi#fishingvideo #fishing #fishtok #daiwa #daiwareels #daiwabgmq #bgmq #foryoupage #fypツ #foryou #fyp,20430,7.142169219956738e+18,Beat,192.0,f,https://tiktok.com/@/video/7446497100017175839,7134834582834758702,f,"[""fishingvideo"",""fishing"",""fishtok"",""daiwa"",""daiwareels"",""daiwabgmq"",""bgmq"",""foryoupage"",""fyp\u30c4"",""foryou"",""fyp""]"
7251260507796163846,1688315655,Replying to @🇹🇷 kacmadim veyahut kacak gelmedim Work&Travel ile geldim ve ekimde donecegim. Sorulariniz varsa yorumlarda sorabilirsiniz. #amerikadayaşam #workandtravel #workandtravelusa #workandtravelturkey #workandtravel2023 #amerikayanasılgeldim #workandtravelprogram #amerikadahayat #,32093,7.142169219956738e+18,Beat,192.0,f,https://tiktok.com/@/video/7251260507796163846,6930534498597880837,f,"[""amerikadaya\u015fam"",""workandtravel"",""workandtravelusa"",""workandtravelturkey"",""workandtravel2023"",""amerikayanas\u0131lgeldim"",""workandtravelprogram"",""amerikadahayat""]"
7225268615614975275,1682263962,"Replying to @monique.aw storytime on how i fell into makeup, it was an accident fr 😭 its so amazing reflecting on my 8 year journey and seeing how much hard work and a lil talent can get you. Yall want Part 2 for my tips on how to become a MUA? 👀 #storytimemakeup #selftaughtmua #southjerseymakeupartist #phillymua #newjerseymakeupartist  ",10044,7.142169219956738e+18,Beat,192.0,f,https://tiktok.com/@/video/7225268615614975275,6870334311163315206,f,"[""storytimemakeup"",""selftaughtmua"",""southjerseymakeupartist"",""phillymua"",""newjerseymakeupartist""]"
7329889900306664750,1706622999,"Milwaukee booth, 2024 world of concrete! #Concretetradeshow #worldofconcrete #worldofconcrete2024 #worldofconcreteshow #worldofconcretelasvegas #woc #woc2024 #woc24 #worldofconcreteexpo #concrete #concretelife ##Milwaukee##MilwaukeeTools",53399,7.142169219956738e+18,Beat,192.0,f,https://tiktok.com/@/video/7329889900306664750,6950082888059192325,f,"[""concretetradeshow"",""worldofconcrete"",""worldofconcrete2024"",""worldofconcreteshow"",""worldofconcretelasvegas"",""woc"",""woc2024"",""woc24"",""worldofconcreteexpo"",""concrete"",""concretelife"",""milwaukee"",""milwaukeetools""]"
7405253273860476206,1724169895,Listen…🔊 get over your fear of making button holes…i got you! • #dop#dopemensewy#diyn#mensfashionn#mensfashionpost #gqs#casualstylen#menstyler#streetstylen#mensewings#designe#createy#diybloggers#fashions#designert#ootds#gqstylen#menswearw#sewitacademyi#tailormades#bespokerrisdantaford ,13803,7.142169219956738e+18,Beat,192.0,f,https://tiktok.com/@/video/7405253273860476206,6760997494740386821,f,"[""dopemensew"",""DIY"",""mensfashion"",""mensfashionpost"",""gq"",""casualstyle"",""menstyle"",""StreetStyle"",""mensewing"",""design"",""create"",""diyblogger"",""fashion"",""designer"",""OOTD"",""gqstyle"",""menswear"",""sewitacademy"",""tailormade"",""bespoke""]"
7404093295653178654,1723899853,"Do you experience headaches, eye pain, burning eyes or pain at the base of your skull or along the side of your head?  Well, very commonly if we overuse the wrong area of our neck, it can produce these types of symptoms. So while many people may be fearing the worst, such as something wrong inside their brain with their nervous system… very commonly. It’s just a case of moving incorrectly. You see the upper neck can rotate flex extend, and while its responsible for a significant amount of the movement, it should not be used exclusively, and when it is overused the nerves, blood vessels and muscles up there produce headaches, dizziness, and eye burning. In this video, you will learn an exercise to begin retraining and strengthening your neck to be used properly. You will be amazed at how much relief can get simply by changing the way you move. #headaches  #headacherelief #migraines #uppercervical #dizziness #migraine #neurologist #tmd #neckpainrelief #neckpain ",65027,7.142169219956738e+18,Beat,192.0,f,https://tiktok.com/@/video/7404093295653178654,7016500196452893701,f,"[""headaches"",""headacherelief"",""migraines"",""uppercervical"",""dizziness"",""migraine"",""neurologist"",""tmd"",""neckpainrelief"",""neckpain""]"
7400137959128796458,1722978891,Replying to @lolitamartinez71 Short History of early settlement Chowchilla California! Follow for more cities! #foryou #foryoupage #fy #history #chowchillacalifornia #chowchilla #historytok #historytime #city #place ,19622,7.142169219956738e+18,Beat,192.0,f,https://tiktok.com/@/video/7400137959128796458,7354630584584668206,f,"[""foryou"",""foryoupage"",""fy"",""history"",""chowchillacalifornia"",""chowchilla"",""historytok"",""HistoryTime"",""city"",""place""]"
7493703815837895979,1744763897,"Do you experience tightness in the neck, jaw tension or even difficult swallowing?  Well very commonly the muscles around the front of the neck, jaw and floor of the mouth can become tight, making you feel very restricted and uncomfortable. In this video, I show two releases one is an actual tongue stretch, and the other is for the floor of the mouth, muscle known as the mylohyoid.  They both may be uncomfortable at first, so go slow, but they can make a major impact on how you feel! These can’t even help with breathing, swallowing, headaches, and neck pain itself! #tmj #tmd #myofunctionaltherapy #dentist #tonguetie #neckpain #tmjtreatment #neckpainrelief #mylohyoid ",77240,7.142169219956738e+18,Beat,192.0,f,https://tiktok.com/@/video/7493703815837895979,7016500196452893701,f,"[""tmj"",""tmd"",""myofunctionaltherapy"",""dentist"",""tonguetie"",""neckpain"",""tmjtreatment"",""neckpainrelief"",""mylohyoid""]"
7349283369198439723,1711138403,what to do with previous box dye clients ‼️💕 @K18 Hair #houstonstylist #k18 #boxdye #hairtips #haireducation #foiling #highlights #teasylights #fyp ,15601,7.142169219956738e+18,Beat,192.0,f,https://tiktok.com/@/video/7349283369198439723,7130758355004294190,f,"[""houstonstylist"",""k18"",""boxdye"",""hairtips"",""haireducation"",""foiling"",""highlights"",""teasylights"",""fyp""]"
7488727120693333294,1743605171,Don’t forget to check us out on IG for more updates and information. #quartz #mlqfam #norcrossgeorgia #suppliers #fyppppppppppppppppppppppp #marblelookquartz #suppliers #sinointernational #marblelookquartz #orlando #forklift #countertops ,13508,7.142169219956738e+18,Beat,192.0,f,https://tiktok.com/@/video/7488727120693333294,7057543016689337349,f,"[""quartz"",""mlqfam"",""norcrossgeorgia"",""suppliers"",""fyppppppppppppppppppppppp"",""marblelookquartz"",""sinointernational"",""orlando"",""forklift"",""countertops""]"
7485162728416382239,1742775281,"fade tutorial  these steps work on all fade styles including textured fades. Achieving a sharp, professional look for Black men often involves a precise haircut, and the ""fade"" is a popular choice. Within the fade family, the ""skin fade"" stands out for its dramatic transition from hair to bare skin. Learning how to do a skin fade requires skill and practice, often best acquired through a haircut tutorial or professional training. These tutorials typically demonstrate the techniques for blending different clipper guards and using a foil shaver to create that seamless, clean finish. #ayekaykaye #haircut #barbershop #femalebarber #atlantabarber #fade ",63373,7.142169219956738e+18,Beat,192.0,f,https://tiktok.com/@/video/7485162728416382239,7022476292793222149,f,"[""ayekaykaye"",""haircut"",""barbershop"",""femalebarber"",""atlantabarber"",""fade""]"
7393084756595969326,1721336688,Replying to @goofygobblergoblin Air Jordan 14s are 🔥🔥🔥 #jordan14 #jordans #jordan #airjordans #airjordan #sneakers #shoes #sneakercollection #shoecollection,67059,7.142169219956738e+18,Beat,192.0,f,https://tiktok.com/@/video/7393084756595969326,6833126337974010885,f,"[""jordan14"",""jordans"",""jordan"",""airjordans"",""airjordan"",""sneakers"",""shoes"",""sneakercollection"",""shoecollection""]"
7417123460385656107,1726933635,Replying to @orlandoeditz1 Short History of early settlement Farmersville California! Follow for more cities! #foryou #foryourepage #fyp #fyppage #history #farmersvillecalifornia #farmersvilleca #tularecounty #historytok #historytime #city #place ,18155,7.142169219956738e+18,Beat,192.0,f,https://tiktok.com/@/video/7417123460385656107,7354630584584668206,f,"[""foryou"",""foryourepage"",""fyp"",""fyppage"",""history"",""farmersvillecalifornia"",""farmersvilleca"",""tularecounty"",""historytok"",""HistoryTime"",""city"",""place""]"
7412757808598224170,1725917178,Szn 2 day 20 no more cut,36046,7.142169219956738e+18,Beat,192.0,f,https://tiktok.com/@/video/7412757808598224170,6759222008271635461,f,[]
7509312780156161326,1748398163,Definitely taking the fender lines out with those wide tires 😂#TikTokAutoCampaign #CarTips #carcommunity #chevy #corvette #carsontiktok #manual ,11272,7.142169219956738e+18,Beat,192.0,f,https://tiktok.com/@/video/7509312780156161326,6779081585545135110,f,"[""tiktokautocampaign"",""cartips"",""carcommunity"",""chevy"",""corvette"",""carsontiktok"",""manual""]"
7493283173447634218,1744665983,"🗣️YeessSiiirrrrr✅ YessMamm✅ You are most definitely respected out here fam. People may not like you or show you love, but they certainly do respect you🫡🫡🫡Don’t let nobody play you fam. Continue knowing your worth and continue standing on business like you always do😎✊🏾💯💯💯💯🙏🏾🙏🏾🙏🏾🙏🏾💙💙💙💙🔥🔥🔥🔥🔥🔥💪🏾💪🏾💪🏾💪🏾💪🏾👑👑👑👑👑👑👑👑👑😇😇😇😇😇🙌🏾🙌🏾 #respect #youarerespected #theyrespectyou #standingonbusiness #youaretherealdeal #inspiration #motivation #fyp #tiktok #demirealtalk🗣️  ",7495,7.142169219956738e+18,Beat,192.0,f,https://tiktok.com/@/video/7493283173447634218,7260581897553282094,f,"[""respect"",""youarerespected"",""theyrespectyou"",""standingonbusiness"",""youaretherealdeal"",""inspiration"",""motivation"",""fyp"",""tiktok"",""demirealtalk\ud83d\udde3\ufe0f""]"
7437572959046323487,1731694927,LEGO Tip: Missing or lost a peice? Never fear i have a handy link to order replacement parts in my linktree. #lego #legoroom #legocollector #legocontentcreator #legocontent #legofan #legomeme #afol #legotok #legotiktok #moc #legobuilder #legolife #legos #bricks #legobricks #legofun #legomoc #legocreator #legocity #legobuild #legobuilding #legosets #legofan #bricktok #legocommunity ,35662,7.142169219956738e+18,Beat,192.0,f,https://tiktok.com/@/video/7437572959046323487,7367395130376455211,f,"[""lego"",""legoroom"",""legocollector"",""legocontentcreator"",""legocontent"",""legofan"",""legomeme"",""afol"",""legotok"",""legotiktok"",""moc"",""legobuilder"",""legolife"",""legos"",""bricks"",""legobricks"",""legofun"",""legomoc"",""legocreator"",""legocity"",""legobuild"",""legobuilding"",""legosets"",""bricktok"",""legocommunity""]"
7448102486176517381,1734146504,Franklin’s new house #gta5 #rockstargames #fyp #foryoupage #explore #gaming #content #viral ,103689,7.142169219956738e+18,Beat,192.0,f,https://tiktok.com/@/video/7448102486176517381,6917039908688217093,f,"[""gta5"",""rockstargames"",""fyp"",""foryoupage"",""explore"",""gaming"",""content"",""viral""]"
7405418687852842283,1724208407,Replying to @claudi_dayz@Rosemary Alcozar  Short History of early settlement Woodlake California! Follow for more cities! #foryou #foryoupage #fyp #fyppage #history #woodlakecalifornia #woodlakeca #historytok #historytime #city #place ,16951,7.142169219956738e+18,Beat,192.0,f,https://tiktok.com/@/video/7405418687852842283,7354630584584668206,f,"[""foryou"",""foryoupage"",""fyp"",""fyppage"",""history"",""woodlakecalifornia"",""woodlakeca"",""historytok"",""HistoryTime"",""city"",""place""]"
7233938384073395498,1684282538,We are a cnc cutting service helping small businesses. #cncrouter #cncwoodworking #cncmachine #cncmachiningservice #cncdesign  #prototyping #flatpack #nealscnc #cnccutting #northerlycustoms ,3977,7.142169219956738e+18,Beat,192.0,f,https://tiktok.com/@/video/7233938384073395498,7203203766945514538,f,"[""cncrouter"",""cncwoodworking"",""cncmachine"",""cncmachiningservice"",""cncdesign"",""prototyping"",""flatpack"",""nealscnc"",""cnccutting"",""northerlycustoms""]"
7249918117646814506,1688003114,Freshly built 🏠 comments are gonna love this one #michiganrealestate #michiganrealtor #michigan #real #realtor #realestate #realty #forsale #home #macombcounty #fyp #realestateagent #newconstruction #newbuild #roseville #rosevillemichigan #VozDosCriadores #screammovie Listed by John Graham - John Graham Realty LLC,21960,7.142169219956738e+18,Beat,192.0,f,https://tiktok.com/@/video/7249918117646814506,6782009441120207878,f,"[""michiganrealestate"",""michiganrealtor"",""michigan"",""real"",""realtor"",""realestate"",""realty"",""forsale"",""Home"",""macombcounty"",""fyp"",""realestateagent"",""newconstruction"",""newbuild"",""roseville"",""rosevillemichigan"",""vozdoscriadores"",""screammovie""]"
7323349933048745259,1705100301,Would you pay $700 to tint your front windshield? 🤔 - #Model3 #Cybertruck #teslatint #WindowTinting #LosAngeles #palmdaleca #quartzhill #lancasterca #ResidentialTint #windowtintticket ,80633,7.142169219956738e+18,Beat,192.0,f,https://tiktok.com/@/video/7323349933048745259,6962046431922652166,f,"[""model3"",""cybertruck"",""teslatint"",""windowtinting"",""losangeles"",""palmdaleca"",""quartzhill"",""lancasterca"",""residentialtint"",""windowtintticket""]"
7504777900978392375,1747342277,Most used VR #vr #vrgame #meta #metaquest #game #virtualreality #metaquest2 #fyp ,29883,7.142169219956738e+18,Beat,192.0,f,https://tiktok.com/@/video/7504777900978392375,7489758983093699589,f,"[""vr"",""vrgame"",""meta"",""metaquest"",""game"",""virtualreality"",""metaquest2"",""fyp""]"
7278806641594731807,1694729245,had to bring it back but better🤷🏽‍♂️💯 well maybe not da actual outfit💀 #elijahxramos #fashionwitexr #exr #fyp #virał #fashionchallenge #stylechallenge #outfitchallenge #hatchoosesoutfit #fashioninspo #styleinspo #outfitinspo #challenge ,11680,7.142169219956738e+18,Beat,192.0,f,https://tiktok.com/@/video/7278806641594731807,7095651166533174315,f,"[""elijahxramos"",""fashionwitexr"",""exr"",""fyp"",""vira\u0142"",""fashionchallenge"",""stylechallenge"",""outfitchallenge"",""hatchoosesoutfit"",""fashioninspo"",""styleinspo"",""outfitinspo"",""challenge""]"
7379669747027152170,1718213262,Freightliner Stalk Lever Diag with JPro...#dieseltech #dieselmechanic #servicetrucklife #fyp #fypシ #foryoupage #mobilemechanic #fleetmaintenance #JPRO #freightliner @Noregon_Systems ,17403,7.142169219956738e+18,Beat,192.0,f,https://tiktok.com/@/video/7379669747027152170,6838564210810274821,f,"[""dieseltech"",""dieselmechanic"",""servicetrucklife"",""fyp"",""fyp\u30b7"",""foryoupage"",""mobilemechanic"",""fleetmaintenance"",""jpro"",""freightliner""]"
7483311413851704606,1742344241,A bad CCW setup could cost you everything. Here are more common mistakes people make. Drop your thoughts in the comments. #concealedcarry #ccw #everydaycarry #edcgear #gunrights #2A #situationalawareness #selfdefense #gunbelt #carrysmart ,26655,7.142169219956738e+18,Beat,192.0,f,https://tiktok.com/@/video/7483311413851704606,7382221552832922667,f,"[""concealedcarry"",""ccw"",""everydaycarry"",""edcgear"",""gunrights"",""2a"",""situationalawareness"",""selfdefense"",""gunbelt"",""carrysmart""]"
7386532793767005482,1719811194,Replying to @dlc.boy Short History of early settlement Firebaugh California! Follow for more cities! #foryoupage #foryou #fy #history #firebaughca #firebaughcalifornia #historytok #historytime #city #place ,28256,7.142169219956738e+18,Beat,192.0,f,https://tiktok.com/@/video/7386532793767005482,7354630584584668206,f,"[""foryoupage"",""foryou"",""fy"",""history"",""firebaughca"",""firebaughcalifornia"",""historytok"",""HistoryTime"",""city"",""place""]"
7394222617080941870,1721601620,Replying to @adrian.i5.7 @Raul JR Rosas Short History of early settlement Winton California!Follow for more cities! #foryou #foryoupage #fy #history #wintonca #wintoncalifornia #historytime #historytok #city #place ,28273,7.142169219956738e+18,Beat,192.0,f,https://tiktok.com/@/video/7394222617080941870,7354630584584668206,f,"[""foryou"",""foryoupage"",""fy"",""history"",""wintonca"",""wintoncalifornia"",""HistoryTime"",""historytok"",""city"",""place""]"
7289489819045072174,1697216616,Let me save your grill ‼️‼️should i do a series ??? #bbqtiktok #grilltiktok #memphisbbqgrills #fyp #Rickthegrillman #grill ,20860,7.142169219956738e+18,Beat,192.0,f,https://tiktok.com/@/video/7289489819045072174,6834518008343348230,f,"[""bbqtiktok"",""grilltiktok"",""memphisbbqgrills"",""fyp"",""rickthegrillman"",""grill""]"
7478845926409391406,1741304524,"Ever find yourself on a run that was too steep or difficult for you? Try this skill, side slipping, to get down safely! It’s also a great way to practice edging with your skis. #skiing #ski #skicoach #skiinstructorvibe #skilessons #tipsandtricks #skitipsforbeginners ",21915,7.142169219956738e+18,Beat,192.0,f,https://tiktok.com/@/video/7478845926409391406,7400957362183799851,f,"[""skiing"",""ski"",""skicoach"",""skiinstructorvibe"",""skilessons"",""tipsandtricks"",""skitipsforbeginners""]"
7388244007773556011,1720209615,@Jose Cota859  Short History of early settlement Mendota California! Follow for more cities! #foryou #foryoupage #fy #history #mendotacalifornia #mendotaca #historytok #historytime #city #place ,29995,7.142169219956738e+18,Beat,192.0,f,https://tiktok.com/@/video/7388244007773556011,7354630584584668206,f,"[""foryou"",""foryoupage"",""fy"",""history"",""mendotacalifornia"",""mendotaca"",""historytok"",""HistoryTime"",""city"",""place""]"
7409379063409773870,1725130502,@ALPHA.RED Short History of early settlement Mcfarland California! Follow for more cities! #foryou #fyp #foryourepage #fyppage #history #mcfarlandcaliforna #mcfarlandca #kerncounty #historytok #historytime #city #place ,17089,7.142169219956738e+18,Beat,192.0,f,https://tiktok.com/@/video/7409379063409773870,7354630584584668206,f,"[""foryou"",""fyp"",""foryourepage"",""fyppage"",""history"",""mcfarlandcaliforna"",""mcfarlandca"",""kerncounty"",""historytok"",""HistoryTime"",""city"",""place""]"
7321787781892590894,1704736600,☀️Manifesting For Beginners 💫 #2024 #cosmicvoice222 #goodvibes #222 #foryourreels #spirituality #frequencywar #wokeshit💯🗣 #fypシ #foryourreels #yin #capricorn #LevelupNSilence #fyp #iykyk #meditation #888 #retrograde #selflove ,6515,7.142169219956738e+18,Beat,192.0,f,https://tiktok.com/@/video/7321787781892590894,7054295358672159791,f,"[""2024"",""cosmicvoice222"",""goodvibes"",""222"",""foryourreels"",""spirituality"",""frequencywar"",""wokeshit\ud83d\udcaf\ud83d\udde3"",""fyp\u30b7"",""yin"",""capricorn"",""levelupnsilence"",""fyp"",""iykyk"",""meditation"",""888"",""retrograde"",""selflove""]"
7272428542439263531,1693244265,What is going on with Prince Harry’s hair? #PrinceHarry #PrinceHarryEdit #PrinceHarryHair #HairRestoration #HairRestorationTreatment #HairLossSolution #HairLossSolutions #HairLossTreatment #HairLossTreatments #HairFiber #PRPWithExosome #ExosomeTherapy #CosmeticSurgery #PlasticSurgeonExplains #PlasticSurgeryNews #PlasticSurgeonReacts #HairTransplant #HairTransplantation ,156107,7.142169219956738e+18,Beat,192.0,f,https://tiktok.com/@/video/7272428542439263531,6770785564456125445,f,"[""princeharry"",""princeharryedit"",""princeharryhair"",""hairrestoration"",""hairrestorationtreatment"",""hairlosssolution"",""hairlosssolutions"",""hairlosstreatment"",""hairlosstreatments"",""hairfiber"",""prpwithexosome"",""exosometherapy"",""cosmeticsurgery"",""plasticsurgeonexplains"",""plasticsurgerynews"",""plasticsurgeonreacts"",""hairtransplant"",""hairtransplantation""]"
7490422854626872607,1744000013,This is a word!!!! 🗣️🎤#sundayservice #pastorjamalbryant #newbirthmissionarybaptistchurch #fypppppp,8820,7.142169219956738e+18,Beat,192.0,f,https://tiktok.com/@/video/7490422854626872607,6838796535486284805,f,"[""sundayservice"",""pastorjamalbryant"",""newbirthmissionarybaptistchurch"",""fypppppp""]"
7234679169441926443,1684455013,#trackandfield #outdoortrack #track #newhampshire #outdoor #highschool #jr #teen #200m #200mdash #200dash #200meter #200 #fast #slow #mid #cold #hot #keene #nh #trash ,15693,7.142169219956738e+18,Beat,192.0,f,https://tiktok.com/@/video/7234679169441926443,6742987321169429510,f,"[""trackandfield"",""outdoortrack"",""track"",""newhampshire"",""outdoor"",""highschool"",""jr"",""teen"",""200m"",""200mdash"",""200dash"",""200meter"",""200"",""fast"",""slow"",""mid"",""cold"",""hot"",""keene"",""nh"",""trash""]"
7220470729639316778,1681146867,"You can wear comb coils as a low maintenance style without starting locs. Though the process for starter locs is the same, when chosen as a curl set, we separate the coils for a more volumous curly look.  A comb coil is a type of curl achieved by wrapping your hair around a comb. The end result is these tight and bouncy coils in your hair. Some people want longevity of their style and leave their coils as is until they are ready to unravel them. #combcoilset #kinkycurlycoilyhair #notstarterlocs #durhamncsalon ",61923,7.142169219956738e+18,Beat,192.0,f,https://tiktok.com/@/video/7220470729639316778,6752876564487537669,f,"[""combcoilset"",""kinkycurlycoilyhair"",""notstarterlocs"",""durhamncsalon""]"
7331008782924844331,1706883508,"@SieteFoods Grain-Free Almond Flour Tortilla. 190 calories, 3g fiber, 6g protein.  You do want to reduce processed foods in your diet but that term means nothing without context. A lot of products are just hyped as a healthier alternative to things that are already perfectly fine to eat. Both Siete and Mission use xanthan gum or modified starch to boost fiber. I am Team @MissionFoodsUS Carb Wrap. It's 70 calories, 15g fiber, 5g protein. It clearly has better macros.  Neither of these foods are wrong or evil. However, if it were up to me, I would choose the lower-calorie, high fiber option of the two. #healthychoices #calorieconscious #nutritiogoals #healthyhabits #foodreview #lowcarb #healthylifestyle #healthyliving #healthyeating #healthyeatinghabits #healthyeatingtips #healthyeats #trackingmacros #macrocounting #caloriedeficit #caloriecounting #caloriesincaloriesout #weightloss #weightlosstips #performancecoach #personaltrainer #nyctrainer #nycfitnesstrainer #nycfitfam ",77882,7.142169219956738e+18,Beat,192.0,f,https://tiktok.com/@/video/7331008782924844331,6872512937706423301,f,"[""healthychoices"",""calorieconscious"",""nutritiogoals"",""healthyhabits"",""foodreview"",""lowcarb"",""healthylifestyle"",""healthyliving"",""healthyeating"",""healthyeatinghabits"",""healthyeatingtips"",""healthyeats"",""trackingmacros"",""macrocounting"",""caloriedeficit"",""caloriecounting"",""caloriesincaloriesout"",""weightloss"",""weightlosstips"",""performancecoach"",""personaltrainer"",""nyctrainer"",""nycfitnesstrainer"",""nycfitfam""]"
7248775873326009646,1687737170,Replying to @Chris Missoni Wave vs. LB Eau Intense #dolcegabbana#missoniwave#fragrsnce#summerfragrsnce#jeremyfragrance#designerfragrances#bestsummercolognesformen#bestperfumesof2023#bestsummerperfume,40997,7.142169219956738e+18,Beat,192.0,f,https://tiktok.com/@/video/7248775873326009646,7197860598524642347,f,"[""dolcegabbana"",""missoniwave"",""fragrsnce"",""summerfragrsnce"",""jeremyfragrance"",""designerfragrances"",""bestsummercolognesformen"",""bestperfumesof2023"",""bestsummerperfume""]"
7228968798433463595,1683125487,A longer look at the Gold wash Plant at the Lucky Strike Gold mine here in North Carolina. #goldprospecting #goldmining #mininggold #washplant #goldprospector #diggingforgold #mining #miningforgold #mininggold,43960,7.142169219956738e+18,Beat,192.0,f,https://tiktok.com/@/video/7228968798433463595,7077974984614642730,f,"[""goldprospecting"",""goldmining"",""mininggold"",""washplant"",""goldprospector"",""diggingforgold"",""mining"",""miningforgold""]"
7389511410176265515,1720504706,Short History of early settlement Madera California! Follow for more cities! #foryou #foryoupage #fy #history #maderacalifornia #historytok #historytime #city #place ,31187,7.142169219956738e+18,Beat,192.0,f,https://tiktok.com/@/video/7389511410176265515,7354630584584668206,f,"[""foryou"",""foryoupage"",""fy"",""history"",""maderacalifornia"",""historytok"",""HistoryTime"",""city"",""place""]"
7501175456171937066,1746503554,Do you see how that reservoir looks… 🤣🤣#fyp #cartok #carcommunity #chevy #corvette ,9140,7.142169219956738e+18,Beat,192.0,f,https://tiktok.com/@/video/7501175456171937066,6779081585545135110,f,"[""fyp"",""cartok"",""carcommunity"",""chevy"",""corvette""]"
7483267420837416238,1742334007,"Replying to @Elly Amai until May 1st, every flight booked out of LA comes with a premium @Elly Amai strawberry and @Erewhon catering - because why fly without the best? #jetvisiongroup #flyprivate #luxuryaviation #viralstrawberry #erewhon ",8579,7.142169219956738e+18,Beat,192.0,f,https://tiktok.com/@/video/7483267420837416238,7448296545956922414,f,"[""jetvisiongroup"",""flyprivate"",""luxuryaviation"",""viralstrawberry"",""erewhon""]"
7273255970820689195,1693436883,Typewriter V for Valery 🥰 #foryou #fyp #viral #jewelrywithmeaning #jewelrytok #minimalistjewelry #shopsmall #nrbjewelry #goldfill #goldfilled #goldjewelry #personalizednecklace #handstampedjewelry #minimaljewelry #handmadejewelry #shopsmall #howitsmade #goldjewellery #handmadenecklace  #personalizedgifts #mamaownedbusiness #etsyseller #latinaowned #bts #metalwork #jewelrytok #initialnecklace #initials ,22381,7.142169219956738e+18,Beat,192.0,f,https://tiktok.com/@/video/7273255970820689195,6821262659393455110,f,"[""foryou"",""fyp"",""viral"",""jewelrywithmeaning"",""jewelrytok"",""minimalistjewelry"",""shopsmall"",""nrbjewelry"",""goldfill"",""goldfilled"",""goldjewelry"",""personalizednecklace"",""handstampedjewelry"",""minimaljewelry"",""handmadejewelry"",""howitsmade"",""goldjewellery"",""handmadenecklace"",""personalizedgifts"",""mamaownedbusiness"",""etsyseller"",""latinaowned"",""bts"",""metalwork"",""initialnecklace"",""initials""]"
7403944851730992430,1723865251,Replying to @idkwho_isjulian Short History of early settlement Delhi California! Follow for more cities! #foryou #foryoupage #fyp #fyppage #history #delhicalifornia #delhica #historytok #historytime #city #place ,14421,7.142169219956738e+18,Beat,192.0,f,https://tiktok.com/@/video/7403944851730992430,7354630584584668206,f,"[""foryou"",""foryoupage"",""fyp"",""fyppage"",""history"",""delhicalifornia"",""delhica"",""historytok"",""HistoryTime"",""city"",""place""]"
7312150889219853574,1702492801,Вертаю цей #dyson в магазин 👎🏻 ##dysonairwrap #dysonairstrait #dysonairwraptutorial #дайсон #новинка #укладка #пористеволосся ,32772,7.142169219956738e+18,Beat,192.0,f,https://tiktok.com/@/video/7312150889219853574,6945921837427901445,f,"[""dyson"",""dysonairwrap"",""dysonairstrait"",""dysonairwraptutorial"",""\u0434\u0430\u0439\u0441\u043e\u043d"",""\u043d\u043e\u0432\u0438\u043d\u043a\u0430"",""\u0443\u043a\u043b\u0430\u0434\u043a\u0430"",""\u043f\u043e\u0440\u0438\u0441\u0442\u0435\u0432\u043e\u043b\u043e\u0441\u0441\u044f""]"
7274274849516686597,1693674099,#russia #russians #russianmentality #culture #russiangirl #viral #rek ,18073,7.142169219956738e+18,Beat,192.0,f,https://tiktok.com/@/video/7274274849516686597,6717363439717467142,f,"[""russia"",""russians"",""russianmentality"",""culture"",""russiangirl"",""viral"",""rek""]"
7253963181847022875,1688944932,Omar Little Takes the stand: Unveiling the unconventional testimony in the courtroom #mustwatch #series #funnymoments #throwback #thewire #fyp #foryou #nostalgic #clips #thewire #smart #wise #advice,51062,7.142169219956738e+18,Beat,192.0,f,https://tiktok.com/@/video/7253963181847022875,7183952316025668614,f,"[""mustwatch"",""series"",""funnymoments"",""throwback"",""thewire"",""fyp"",""foryou"",""nostalgic"",""clips"",""smart"",""wise"",""advice""]"
7387550637782846766,1720048178,It us vs everybody & you know what….. I’m cool with that 😎#blackamericans #olympics #fba #foundationalblackamericans #trackandfield #usaolympics #CapCut ,19480,7.142169219956738e+18,Beat,192.0,f,https://tiktok.com/@/video/7387550637782846766,6836010796054742022,f,"[""blackamericans"",""olympics"",""fba"",""foundationalblackamericans"",""trackandfield"",""usaolympics"",""capcut""]"
7214623163299204395,1679785366,"My homegirl just got off the plan from playing in Germany, so you lnow we had to get active 🤝🏾🔥 @getmani11  #FemaleHoopers #Basketball #Pro #Overseas #EliteHoops #Buckets #Shooter #WomanEmpowerment #StartTheMovement ",9287,7.142169219956738e+18,Beat,192.0,f,https://tiktok.com/@/video/7214623163299204395,6820160877245907973,f,"[""femalehoopers"",""basketball"",""pro"",""overseas"",""elitehoops"",""buckets"",""shooter"",""womanempowerment"",""startthemovement""]"
7495077656585571614,1745083781,2 years and counting. I’ve had these water pups since they were juveniles. #africancichlids #africa #cichlids #starsapphire #marineland #aquatics #florida #FishTok #Aquarium #Aquascape #FishKeeping #AquariumLife #TropicalFish #FishTank #AquariumSetup #FishCommunity #PetFish #AquariumAddiction #AquariumHobby #AquariumLove #Fishtagram #UnderwaterWorld #waterchange #maintenance #weekly #passion #peacockcichlids #lakemalawi #laketanganyikacichlids #mbuna #seachem #aquatics #beautiful #waterpups ,5475,7.142169219956738e+18,Beat,192.0,f,https://tiktok.com/@/video/7495077656585571614,7486711210375791662,f,"[""africancichlids"",""africa"",""cichlids"",""starsapphire"",""marineland"",""aquatics"",""florida"",""fishtok"",""aquarium"",""aquascape"",""fishkeeping"",""aquariumlife"",""tropicalfish"",""fishtank"",""aquariumsetup"",""fishcommunity"",""petfish"",""aquariumaddiction"",""aquariumhobby"",""aquariumlove"",""fishtagram"",""underwaterworld"",""waterchange"",""maintenance"",""weekly"",""passion"",""peacockcichlids"",""lakemalawi"",""laketanganyikacichlids"",""mbuna"",""seachem"",""beautiful"",""waterpups""]"
7332628046505069867,1707260519,Custom Keys 🔑 #goodart #goodarthlywd #porshe #porsheclub #964 #porshe911 #jewelrydesign #edlc #everydaycarry #carsoftiktok #carcommunity ,27161,7.142169219956738e+18,Beat,192.0,f,https://tiktok.com/@/video/7332628046505069867,7098164577817723946,f,"[""goodart"",""goodarthlywd"",""porshe"",""porsheclub"",""964"",""porshe911"",""jewelrydesign"",""edlc"",""everydaycarry"",""carsoftiktok"",""carcommunity""]"
7378175440189443371,1717865342,Short History of early settlement of Riverside California!Follow for more cities! This video was a request from BBQ Junkie! All video requests have been noted and will make them very soon! #foryoupage #foryou #history #riversidecaliforina #historytime #historytok #city ,45286,7.142169219956738e+18,Beat,192.0,f,https://tiktok.com/@/video/7378175440189443371,7354630584584668206,f,"[""foryoupage"",""foryou"",""history"",""riversidecaliforina"",""HistoryTime"",""historytok"",""city""]"
7431811631258029334,1730353496,Jag tror inte jag är ensam om att eftersträva en bred & snygg rygg och i dagens video gör vi exakt det. I samarbete med @RELODE. Så bill jag öven presentera deras BLACKOUT sale som börjar IDAG! Med min kod CLARAC får ni ytterligare 10% rabatt <33 #gymtok #back #relode #foryou #fördig #fitness #back #gymtips #buildmuscle ,17955,7.142169219956738e+18,Beat,192.0,f,https://tiktok.com/@/video/7431811631258029334,55827535392948224,f,"[""GymTok"",""back"",""relode"",""foryou"",""f\u00f6rdig"",""Fitness"",""gymtips"",""buildmuscle""]"
7430581495409937706,1730067076,Replying to @missysantos5 Short History of early settlement Merced California! Follow for more cities! #foryp #fyp #fypage #history #mercedcalifornia #mercedca #mercedcounty #californiacity #historytime #historytok #cities #place #visit ,10248,7.142169219956738e+18,Beat,192.0,f,https://tiktok.com/@/video/7430581495409937706,7354630584584668206,f,"[""foryp"",""fyp"",""fypage"",""history"",""mercedcalifornia"",""mercedca"",""mercedcounty"",""californiacity"",""HistoryTime"",""historytok"",""cities"",""place"",""visit""]"
7220287880860601642,1681104296,RUSTOLEUM TURBO CAR PAINT JOB: PART 2#rustoleumturbo #rustoleum #rustoleumspraypaint #carpaint #paintjob #carpaintjob #cartok #car #acura #integra #gsr #dc2 #fyp ,14842,7.142169219956738e+18,Beat,192.0,f,https://tiktok.com/@/video/7220287880860601642,6692463489712686085,f,"[""rustoleumturbo"",""rustoleum"",""rustoleumspraypaint"",""carpaint"",""paintjob"",""carpaintjob"",""cartok"",""car"",""acura"",""integra"",""gsr"",""dc2"",""fyp""]"
7504915594408381718,1747374339,"Un malade, un héros inattendu, un Joker et direction le Game 7  🚨 Qui des Nuggets ou du Thunder sortira vivant de cette série ? 🤔 Qui de Jokic ou Shai aura le MVP ? 🤔 Abonne toi pour suivre les playoffs tous les matins ⏰ #basketball #sport #fyp #nuggets #okc #jokic #shai #game7 ",7858,7.142169219956738e+18,Beat,192.0,f,https://tiktok.com/@/video/7504915594408381718,7477722315766268951,f,"[""basketball"",""sport"",""fyp"",""nuggets"",""okc"",""jokic"",""shai"",""game7""]"
7233384492210212122,1684153576,Si tu ne comprends pas pourquoi ton entourage est la chose la plus importante dans ta réussite au quotidien. Je t’explique ça tout de suite ! Exemple avec joueur de basketball en NBA #nba #jamorant #leçondevie #conseil #conseildelavie ,14218,7.142169219956738e+18,Beat,192.0,f,https://tiktok.com/@/video/7233384492210212122,149198860404273152,f,"[""NBA"",""jamorant"",""le\u00e7ondevie"",""conseil"",""conseildelavie""]"
7307810782614588718,1701482304,Replying to @..... #turobusiness #businesstips #carrentalbusiness ,36438,7.142169219956738e+18,Beat,192.0,f,https://tiktok.com/@/video/7307810782614588718,7252652060943238186,f,"[""turobusiness"",""businesstips"",""carrentalbusiness""]"
7497880461478300950,1745736347,"La série entre les Nuggets et Clippers a basculé à 0.1 seconde grace a Aaron Gordon🤯 Maintenant que tout est relancé, tu vois qui gagner cette série ? 🤔 Tu veux que je te résume quel match demain ? 🔥#sport #basketball #fyp #playoff #lebron #curry #jokic ",9216,7.142169219956738e+18,Beat,192.0,f,https://tiktok.com/@/video/7497880461478300950,7477722315766268951,f,"[""sport"",""basketball"",""fyp"",""playoff"",""lebron"",""curry"",""jokic""]"
7305548996817194282,1700955688,#hvacarmy  #illinois #heatingandcooling #heating #homeowner #hvactechnician #youthantrades #youthantrades #tools #worklife ,13999,7.142169219956738e+18,Beat,192.0,f,https://tiktok.com/@/video/7305548996817194282,6742555773313008646,f,"[""hvacarmy"",""illinois"",""heatingandcooling"",""heating"",""homeowner"",""hvactechnician"",""youthantrades"",""tools"",""worklife""]"
7305305927639534894,1700899112,I went shopping at the Goodwill outlet in Indiana for the first time. I love the prices $1.79 per pound and I found one banger item. #ebay #ebayreseller #sidehustle #resellcommunity #fliplifehustle #thrifttok #makemoneyonline #entrepreneur #resellertips #goodwilloutlet #thriftfinds #goodwillbins ,19247,7.142169219956738e+18,Beat,192.0,f,https://tiktok.com/@/video/7305305927639534894,88858610318864385,f,"[""ebay"",""ebayreseller"",""sidehustle"",""resellcommunity"",""fliplifehustle"",""thrifttok"",""makemoneyonline"",""entrepreneur"",""resellertips"",""goodwilloutlet"",""thriftfinds"",""goodwillbins""]"
7246475464167083310,1687201563,GM⚡️GM best breakfast around 🔥 #fypシ #fyp #foodies #foodie #breakfastideas #breakfast #sauagechallenge #cookingathometiktoktv #cooking #bensalem #philadelphia #screammovie #VozDosCriadores ,29202,7.142169219956738e+18,Beat,192.0,f,https://tiktok.com/@/video/7246475464167083310,7072944959951799338,f,"[""fyp\u30b7"",""fyp"",""foodies"",""Foodie"",""breakfastideas"",""breakfast"",""sauagechallenge"",""cookingathometiktoktv"",""cooking"",""bensalem"",""philadelphia"",""screammovie"",""vozdoscriadores""]"
7501467978400156958,1746571629,HVAC DAY IN MY LIFE AS A 19yd HVAC TECHNICIAN😎 | MINI SPLIT INSTALL!!🔥 | #foryoupage #viral #creatorsearchinsights #hvac #hvactechnician #hvacinstaller #milwaukee #bluecollar #mywork #dayinmylife #hvaclife #hvacapprentice @BRUNT Workwear @Milwaukee Tool @VETO PRO PAC ,4063,7.142169219956738e+18,Beat,192.0,f,https://tiktok.com/@/video/7501467978400156958,7164950648261231658,f,"[""foryoupage"",""viral"",""creatorsearchinsights"",""hvac"",""hvactechnician"",""hvacinstaller"",""milwaukee"",""bluecollar"",""mywork"",""dayinmylife"",""hvaclife"",""hvacapprentice""]"
7501544493439634731,1746589450,SOBRINO DE Abraham Lincoln @Yoelbarber1985 ,15644,7.142169219956738e+18,Beat,192.0,f,https://tiktok.com/@/video/7501544493439634731,7002996610770830341,f,[]
7249514337340083498,1687909106,"If only Mayor Adams put in as much effort into fixing the thrift stores instead of clubbing with rappers 🫤. But fr tho y’all, the stores actually had some really great pieces, but I came in specifically looking for sports jerseys that fit me well and were cute and I couldn’t find none. I’ll be back though! #fyp #foryoupage #thriftshop #letsgothrifting #thriftwithme #thrifthaul #thriftinginnyc #newyorkthrift #blackgirlthrift ",17716,7.142169219956738e+18,Beat,192.0,f,https://tiktok.com/@/video/7249514337340083498,6948191272918172677,f,"[""fyp"",""foryoupage"",""thriftshop"",""letsgothrifting"",""thriftwithme"",""thrifthaul"",""thriftinginnyc"",""newyorkthrift"",""blackgirlthrift""]"
7378657896919403822,1717977673,"👋🏾What’s up BBQ family?! Smoking oxtails is a two-step process that infuses them with rich, smoky flavor before braising them until melt-in-your-mouth tender. Here's a general guide: Preparation: ✅Trim the oxtails:  Remove excess fat from the outside of each piece. You can ask your butcher to do this for you at the time of purchase. ✅Seasoning: Season generously with your favorite BBQ rub or a combination of salt, pepper, garlic powder, onion powder, and paprika. 🪵Smoking: Prepare your smoker for indirect cooking at a temperature between 250-275°F (121-135°C). You can use wood chips like pecan, hickory, or oak for added smokiness. 🔥Smoke the oxtails: Place the seasoned oxtails on the smoker rack and smoke for 2-3 hours, flipping them occasionally, until they develop a deep mahogany color and start to get tender. Braising: ✅Braising liquid: Prepare a braising liquid with beef broth, red wine, herbs, and vegetables (optional) in a large pot or Dutch oven. ✅Transfer oxtails: Transfer the smoked oxtails to the braising liquid, ensuring they are submerged. 😋Braise until tender: Cover the pot and braise the oxtails in your oven or on the stovetop at low heat for 2-4 hours, or until the meat is very tender and falling off the bone. Tips: You can sear the oxtails in a hot pan with oil before smoking for an extra layer of flavor. Basting the oxtails occasionally with the braising liquid during smoking adds moisture and keeps them from drying out. Once the oxtails are braised, you can skim the fat from the surface of the braising liquid and reduce it to make a thicker sauce for serving. Enjoy!👍🏾 #bbq #bbqlife #bbqlover #bbqtok #grilling #foodie  #summer #summervibes #foryou #foryoupage ",36683,7.142169219956738e+18,Beat,192.0,f,https://tiktok.com/@/video/7378657896919403822,6938174285035013126,f,"[""bbq"",""bbqlife"",""bbqlover"",""bbqtok"",""grilling"",""Foodie"",""Summer"",""summervibes"",""foryou"",""foryoupage""]"
7493082544678735150,1744619334,Transport vent setup! 🫁 #respiratorytherapist #ventilator,6270,7.142169219956738e+18,Beat,192.0,f,https://tiktok.com/@/video/7493082544678735150,7153423571860587566,f,"[""respiratorytherapist"",""ventilator""]"
7397873127390219563,1722451569,Going old school to talk about something thats highly requested: my morning supplements 💪 If you wanna give @Revive MD products a shot hit the 🔗 in my bio and use code MCVEY #gymmotivation #fitnessmotivation #supplements #guthealth #malemodel ,17639,7.142169219956738e+18,Beat,192.0,f,https://tiktok.com/@/video/7397873127390219563,6738455758670889989,f,"[""gymmotivation"",""fitnessmotivation"",""supplements"",""guthealth"",""malemodel""]"
7215666818399112494,1680028358,#screammovie 2010 audi A8 Headlights restored #instaclear #instaclearhr #headlightrestoration🔥🔥🔥🔥🔥🔥 #houstontx #audia8 ,41882,7.142169219956738e+18,Beat,192.0,f,https://tiktok.com/@/video/7215666818399112494,6814391418951386117,f,"[""screammovie"",""instaclear"",""instaclearhr"",""headlightrestoration\ud83d\udd25\ud83d\udd25\ud83d\udd25\ud83d\udd25\ud83d\udd25\ud83d\udd25"",""houstontx"",""audia8""]"
7360732634726567211,1713804156,Sneak Peek at the new Bauer Fit Lab #wesco #hockey #hockeytiktoks #hockeytok #hockeyequipment #bauer #fitlab #aetrex #skates #custom #new #fit @BAUER Hockey @aetrex ,13980,7.142169219956738e+18,Beat,192.0,f,https://tiktok.com/@/video/7360732634726567211,7281802152591655982,f,"[""wesco"",""hockey"",""hockeytiktoks"",""hockeytok"",""hockeyequipment"",""bauer"",""fitlab"",""aetrex"",""skates"",""custom"",""new"",""fit""]"
7300405406344449322,1699758100,Taillights smoked on new Dodge Ram #instaclear #instaclearhr #headlightrestoration #tailightstint #smokedtailights #houstontx #dodgeram1500 ,23093,7.142169219956738e+18,Beat,192.0,f,https://tiktok.com/@/video/7300405406344449322,6814391418951386117,f,"[""instaclear"",""instaclearhr"",""headlightrestoration"",""tailightstint"",""smokedtailights"",""houstontx"",""dodgeram1500""]"
7504171515080887574,1747201095,Est ce une saison ratée pour les Cavs ? 🤔 Indiana s’impose et prend le premier ticket des finales de conf 🔥 Qui sera son adversaire selon toi ? 😉 Abonne toi pour suivre les playoffs tous les matins ⏰ #basketball #sport #fyp #pacers #cavs #haliburton #nba,7225,7.142169219956738e+18,Beat,192.0,f,https://tiktok.com/@/video/7504171515080887574,7477722315766268951,f,"[""basketball"",""sport"",""fyp"",""pacers"",""cavs"",""haliburton"",""NBA""]"
7361201738067545387,1713913349,Trial Tuesdays  - examination of trials  . #trialbreakdown  #trialtuesdays This video is about the #defendant being charged and questioned to his #understand of the #nature and #cause of the charges  . Make sure you  . Comment for Prt 2 next week #theinfohub #theinformationhub #court #courtroom #trial #trialbreakdown #trialcases #incourt #handlingcourt #fyp #viral #legalsystem #trialcase #trialtuesday   court cases currently in trial harmony montgomery case in order trial court cases true crime trial court cases happening now how to beat court cases trial footage of cases trial Trial breakdown Trial Tuesday Trial breakdown ThelnfoHub Trial breakdowns Soverign in trial  At trial  The info hub,20247,7.142169219956738e+18,Beat,192.0,f,https://tiktok.com/@/video/7361201738067545387,7165223096626201643,f,"[""trialbreakdown"",""trialtuesdays"",""defendant"",""understand"",""nature"",""cause"",""theinfohub"",""theinformationhub"",""court"",""courtroom"",""trial"",""trialcases"",""incourt"",""handlingcourt"",""fyp"",""viral"",""legalsystem"",""trialcase"",""trialtuesday""]"
7219052011868671274,1680816537,"@stuffedburritos really hits the spot when you want a Cali-Style Burrito. True to the name they are generously filled with ingredients and flavor. I ate way too much here, and walked out Full & Happy! Go Check’em!🔥🔥🔥 #sanantonio #satx #210 #texas #caliburrito #surfandturf #asada ",23504,7.142169219956738e+18,Beat,192.0,f,https://tiktok.com/@/video/7219052011868671274,6914482968573838341,f,"[""sanantonio"",""satx"",""210"",""texas"",""caliburrito"",""surfandturf"",""asada""]"
7231647267273313578,1683749104,Found some stuff but nothing i even collect its okay im sure the person who did this will be mad 😂 #misfitstothetop #jrrcustomz #hotwheels #target #targetfinds #targethunting #hotwheelscollector ,13843,7.142169219956738e+18,Beat,192.0,f,https://tiktok.com/@/video/7231647267273313578,6902916638728619014,f,"[""misfitstothetop"",""jrrcustomz"",""hotwheels"",""target"",""targetfinds"",""targethunting"",""hotwheelscollector""]"
7204956134464146734,1677534584,574sq ft rowhome for $879k!  #tinyhome #rowhome #georgetown #georgetowndc #georgetownuniversity #dcrealestate #agentsofcompass #dmvhomes ,15916,7.142169219956738e+18,Beat,192.0,f,https://tiktok.com/@/video/7204956134464146734,6748850385354392581,f,"[""tinyhome"",""rowhome"",""georgetown"",""georgetowndc"",""georgetownuniversity"",""dcrealestate"",""agentsofcompass"",""dmvhomes""]"
7389006654232169770,1720387183,Short History of early settlement Planada California! Follow for more cities! #foryou #foryoupage #fy #history #planadacalifornia #planada #historytok #historytime #city #place ,13894,7.142169219956738e+18,Beat,192.0,f,https://tiktok.com/@/video/7389006654232169770,7354630584584668206,f,"[""foryou"",""foryoupage"",""fy"",""history"",""planadacalifornia"",""planada"",""historytok"",""HistoryTime"",""city"",""place""]"
7471819229260647726,1739668514,"Replying to @darlenejones0 pt.2 Blackfoot, Cherokee, or Black Cherokee?? #Black #Native & #Indigenous #BlackTikTok #BlackHistoryMonth ",5102,7.142169219956738e+18,Beat,192.0,f,https://tiktok.com/@/video/7471819229260647726,6924121687735731206,f,"[""black"",""native"",""indigenous"",""BlackTikTok"",""blackhistorymonth""]"
7393436933474667818,1721418685,"WonderWorks Orlando! 🌟 This place is an International Drive icon and an amusement park for the mind. It has over 100 hands-on exhibits that mix education with entertainment. The story behind WonderWorks is wild: it was a lab in the Bermuda Triangle, and an experiment went wrong, flipping the whole building upside down and landing it here in Orlando. Pretty cool, right? Start your adventure by walking through the inversion tunnel, where the ceiling is under your feet and the ground is above your head. Inside are six Wonder Zones packed with fun for the whole family. You'll experience 'The WonderWorks Story' and explore all the fabulous 'Wonder Zones.' Don't miss out on the thrilling '4D XD Motion Theater' – a ride you won't forget. #wonderworksorlando #upsidedownmuseum #thingstodoinorlando #orladoflorida #iconpark #TravelVlog #DisneyMagic #traveltoorlando ",45585,7.142169219956738e+18,Beat,192.0,f,https://tiktok.com/@/video/7393436933474667818,6810916406075900934,f,"[""wonderworksorlando"",""upsidedownmuseum"",""thingstodoinorlando"",""orladoflorida"",""iconpark"",""travelvlog"",""disneymagic"",""traveltoorlando""]"
7337508538345983263,1708396876,"My pleasure sharing with everyone this double sleeve with a connecting chest tattoo! New sleeve done in 4 sessions, chest done in two, and older sleeve is 7 years healed!  Go check out @fearlessandfar videos to check out his crazy adventures!  . . #tattoo #tattoosleeve #fullsleeve #geometry #dotwork #wesche #houstontattooartist #ornamentaltattoo #tattooart #tattooinspiration ",34475,7.142169219956738e+18,Beat,192.0,f,https://tiktok.com/@/video/7337508538345983263,6866015185783751686,f,"[""tattoo"",""tattoosleeve"",""fullsleeve"",""geometry"",""dotwork"",""wesche"",""houstontattooartist"",""ornamentaltattoo"",""tattooart"",""tattooinspiration""]"
7498018206636936478,1745768441,finally got my first ever sew-in ahh i’m obsessed!! #hairmaintence #beauty #silkpress #sewin #fyp #dmvstylist #hairtransformation #Vlog #silkpressseason #maintenancevlog ,5199,7.142169219956738e+18,Beat,192.0,f,https://tiktok.com/@/video/7498018206636936478,7131350978114470958,f,"[""hairmaintence"",""beauty"",""silkpress"",""sewin"",""fyp"",""dmvstylist"",""hairtransformation"",""Vlog"",""silkpressseason"",""maintenancevlog""]"
7448005969847586079,1734124099,The Brand New @quantumfishing Strive #fishingvideo #fishing #fishtok #quantum #quantumfishing #quantumreels #quantumstrive #foryou #foryoupage #fypツ #fyp,13144,7.142169219956738e+18,Beat,192.0,f,https://tiktok.com/@/video/7448005969847586079,7134834582834758702,f,"[""fishingvideo"",""fishing"",""fishtok"",""quantum"",""quantumfishing"",""quantumreels"",""quantumstrive"",""foryou"",""foryoupage"",""fyp\u30c4"",""fyp""]"
7269922840445750574,1692660827,How to make fragrances last longer #falconfragrances #fragrance #cologne #fyp,11946,7.142169219956738e+18,Beat,192.0,f,https://tiktok.com/@/video/7269922840445750574,7248512493250774062,f,"[""falconfragrances"",""fragrance"",""cologne"",""fyp""]"
7406148844011965742,1724378406,"Usually start at 5 AM. Had a late start this day, but still got it done 🫡 ##CapCut##usfoods##sysco##union##bayarea##bluecollar##fypシ゚viral##truckdriver##noexcuses##hardwork",29218,7.142169219956738e+18,Beat,192.0,f,https://tiktok.com/@/video/7406148844011965742,7050761222865765382,f,"[""capcut"",""usfoods"",""sysco"",""union"",""bayarea"",""bluecollar"",""fyp\u30b7\u309aviral"",""truckdriver"",""noexcuses"",""hardwork""]"
7476184860223098142,1740684945,HOLY SHIT BATMAN!!!! Are you feeling it?? ✨️ Download the Schumann Resonance app in the app store to check the energy daily!  #energy #frequency #vibration #nikolatesla #quantumphysics #consciousness #awakening #spiritual #spirituality #schuman #synchronicity #fyp  #creatorsearchinsights ,14614,7.142169219956738e+18,Beat,192.0,f,https://tiktok.com/@/video/7476184860223098142,7387920576822117419,f,"[""energy"",""frequency"",""vibration"",""nikolatesla"",""quantumphysics"",""consciousness"",""awakening"",""spiritual"",""spirituality"",""schuman"",""synchronicity"",""fyp"",""creatorsearchinsights""]"
7449413546904997151,1734451779,#greenscreen What is a neuropsychologist? How do you become one? What does a neuropsychologist do? Today we’re discussing careers in neuropsychology. Thanks to @Cherithalt for the question!,20467,7.142169219956738e+18,Beat,192.0,f,https://tiktok.com/@/video/7449413546904997151,7198237013812544558,f,"[""greenscreen""]"
7231650388393332011,1683749832,"Cooking on the road is a little challenging, but I manage to keep us fed! #coupletruckdrivers #teamdrivers #westernexpressdriver #trucking #cdldriver #trucknluv ",28251,7.142169219956738e+18,Beat,192.0,f,https://tiktok.com/@/video/7231650388393332011,7208215309636453422,f,[]
7235460517710679338,1684636946,Surprising my dad by wrapping his c4 corvette for fathers day! #c4 #c4corvette #corvette #corvettec4 #paintisdead #projectcar #orangewrap #hexisvinyl #hexisskintac #hexis #corvettewrap #monstertruck #vintagemonstertruck #fathersday #rollinthunder #classicmonstertrucks ,23223,7.142169219956738e+18,Beat,192.0,f,https://tiktok.com/@/video/7235460517710679338,7158892627965084718,f,"[""c4"",""c4corvette"",""corvette"",""corvettec4"",""paintisdead"",""projectcar"",""orangewrap"",""hexisvinyl"",""hexisskintac"",""hexis"",""corvettewrap"",""monstertruck"",""vintagemonstertruck"",""FathersDay"",""rollinthunder"",""classicmonstertrucks""]"
7274718410062236970,1693777382,"Hope everyone is enjoying the long weekend! Sorry for the lapse in posting, had a lot of work travel going on and it’s also hotter than a former president in the stand during an impeachment trial. #rc #airplane #micro #hobby #fyp #foam #pitts #moa #biplane #glider #garagerc #rcairshenanigans #balsa ",14962,7.142169219956738e+18,Beat,192.0,f,https://tiktok.com/@/video/7274718410062236970,7030552127899239430,f,"[""rc"",""airplane"",""micro"",""hobby"",""fyp"",""foam"",""pitts"",""moa"",""biplane"",""glider"",""garagerc"",""rcairshenanigans"",""balsa""]"
7221675080139476267,1681427266,These Beef Short Rib Totchos are Fire!🔥🥵 Thundering Longhorn beef rub by @fireandsmokesociety Link in bio for the recipe! #totchos #beefribs #tatertots #bbq #nachos #fypシ #foodtok ,25343,7.142169219956738e+18,Beat,192.0,f,https://tiktok.com/@/video/7221675080139476267,6973726958028014598,f,"[""totchos"",""beefribs"",""tatertots"",""bbq"",""nachos"",""fyp\u30b7"",""FoodTok""]"
7515514372618308910,1749842091,You can’t even manipulate these bitches no more they leaving after the first RED FLAG 🚩 and CHEATING BACK 🤬🙄😤 #dating #podcast #relationship #skits #satire ,2608,7.142169219956738e+18,Beat,192.0,f,https://tiktok.com/@/video/7515514372618308910,6876132690576966662,f,"[""dating"",""podcast"",""Relationship"",""skits"",""satire""]"
7395451531337665835,1721887749,Replying to @fonz_88 @Cristal💞  Short History of early settlement Atwater California! Follow for more cities! #foryou #foryoupage #fy #history #atwaterca #atwatercalifornia #historytime #historytok #city #place ,17988,7.142169219956738e+18,Beat,192.0,f,https://tiktok.com/@/video/7395451531337665835,7354630584584668206,f,"[""foryou"",""foryoupage"",""fy"",""history"",""atwaterca"",""atwatercalifornia"",""HistoryTime"",""historytok"",""city"",""place""]"
7497334363714063646,1745609200,Yalll I loveeeeee!!! And I know you see that TikTok shop link 🫣🫣 lock in w me!! I . . . . . . . . #blindbox #blindboxunboxing #miniso #sonnyangel #labubu #minifigure #cute ,6084,7.142169219956738e+18,Beat,192.0,f,https://tiktok.com/@/video/7497334363714063646,6828270009836651526,f,"[""blindbox"",""blindboxunboxing"",""miniso"",""sonnyangel"",""labubu"",""minifigure"",""cute""]"
7491730679927983390,1744304489,#fyp #fypシ #foryounails #foryoupage #fy #nailsoftiktok #foryourpage #nailtoktok ,4176,7.142169219956738e+18,Beat,192.0,f,https://tiktok.com/@/video/7491730679927983390,7045498961683629062,f,"[""fyp"",""fyp\u30b7"",""foryounails"",""foryoupage"",""fy"",""nailsoftiktok"",""foryourpage"",""nailtoktok""]"
7511372313657527598,1748877702,Things that shoked me in America #america #usa #russianinamerica #russiangirl #russiantiktok ,13570,7.142169219956738e+18,Beat,192.0,f,https://tiktok.com/@/video/7511372313657527598,6717363439717467142,f,"[""america"",""usa"",""russianinamerica"",""russiangirl"",""russiantiktok""]"
7456542289545039150,1736111549,"Hi, @Robin | life+style 🖤 🫶🏽 I’ve got a random audit for you!🤭 I hope this was helpful! Make sure yall comment “Audit Me” for a chance to be randomly selected! #tiktoktips #tiktokaudit #tipsforcontentcreators #growthtips #greenscreen ",6877,7.142169219956738e+18,Beat,192.0,f,https://tiktok.com/@/video/7456542289545039150,6808290252178064389,f,"[""tiktoktips"",""tiktokaudit"",""tipsforcontentcreators"",""growthtips"",""greenscreen""]"
7314078758317870382,1702941671,y tu usas o has usado esta marca?? #flowjblonde #ropaenoferta #outfit #CapCut ,19333,7.142169219956738e+18,Beat,192.0,f,https://tiktok.com/@/video/7314078758317870382,7269606907748647978,f,"[""flowjblonde"",""ropaenoferta"",""outfit"",""capcut""]"
7330024362998828330,1706654322,Out with the bluetooth clicker in w Lens Buddy #howtotiktok #instagram #instagramtips #solodolo #tutorials #fashiontiktok #ootd #tripod #viralvideo ,12682,7.142169219956738e+18,Beat,192.0,f,https://tiktok.com/@/video/7330024362998828330,6789580295885931526,f,"[""howtotiktok"",""instagram"",""instagramtips"",""solodolo"",""tutorials"",""fashiontiktok"",""OOTD"",""tripod"",""viralvideo""]"
7488034666830646574,1743443971,peep the sound  #girlswhoclimb #beginnerclimber #climbingvlog #contentcreator ,9045,7.142169219956738e+18,Beat,192.0,f,https://tiktok.com/@/video/7488034666830646574,6685549502219011078,f,"[""girlswhoclimb"",""beginnerclimber"",""climbingvlog"",""contentcreator""]"
7303628297035042053,1700508482,"The difference between XRP, ripple and Chainlink. DM me LEARN to learn more. We teach A-Z all things Decentralized Finance(DeFi) and CRYPTO  #bankingcrisis #cryptobanking#foryoupage #infinitecryptobanking #fyp #becomethebank #bullrun  #Bitcoin #BTC #crypto  #Ethereum #ETH #Tether #USDT #Litecoin #LTC #Solana #SOL #Uniswap #UNI #TRON #TRX #Binance #BNB #Cardano #ADA #EOS #fyp #Dogecoin #DOGE #Polygon #MATIC #Curve #DAO  #CRV #Polkadot #DOT #Aave #AAVE #Dai #foryoupage #Monero #XMR #xrp #xrpcommunity #xrparmy",20857,7.142169219956738e+18,Beat,192.0,f,https://tiktok.com/@/video/7303628297035042053,6986717114438910982,f,"[""bankingcrisis"",""cryptobanking"",""foryoupage"",""infinitecryptobanking"",""fyp"",""becomethebank"",""bullrun"",""bitcoin"",""btc"",""crypto"",""ethereum"",""eth"",""tether"",""usdt"",""litecoin"",""ltc"",""solana"",""sol"",""uniswap"",""uni"",""tron"",""trx"",""binance"",""bnb"",""cardano"",""ada"",""eos"",""dogecoin"",""doge"",""polygon"",""matic"",""curve"",""dao"",""crv"",""polkadot"",""dot"",""aave"",""dai"",""monero"",""xmr"",""xrp"",""xrpcommunity"",""xrparmy""]"
7514349013865385262,1749570767,Replying to @evanismichael Fishing the WORST lake in Michigan called Kensington Lake… Will I catch a fish here? #fishing #funny #bass #fisherman #fishtok #crashout #rage ,9412,7.142169219956738e+18,Beat,192.0,f,https://tiktok.com/@/video/7514349013865385262,6906948895192974342,f,"[""fishing"",""funny"",""bass"",""fisherman"",""fishtok"",""crashout"",""rage""]"
7496316292308274463,1745372178,"Les dejo ahora mi rutina de pierna🦵 y hombros ,seguimos aprendiendo y avanzando!!después de 12 horas⏰ de trabajo👷🏼‍♂️pero hay que luchar por nuestras metas 💪🏼 sígueme en este camino 🔥#positivevibes  #motivation #tuesday #workhard #cambiofisico #latinosenusa  #mexicano #ejercicio #rutinagym ",4297,7.142169219956738e+18,Beat,192.0,f,https://tiktok.com/@/video/7496316292308274463,7256146146795504682,f,"[""positivevibes"",""motivation"",""tuesday"",""workhard"",""cambiofisico"",""latinosenusa"",""mexicano"",""ejercicio"",""rutinagym""]"
7504495513954258222,1747276562,NIÑO LIAM NOS VISITA,14313,7.142169219956738e+18,Beat,192.0,f,https://tiktok.com/@/video/7504495513954258222,7002996610770830341,f,[]
7491800067112701227,1744320644,Tariffs on action figures… here we go…. 🤷🏻‍♂️ #actionfigures #fyp #collector #marvellegends #hasbro #marvel #figtok #foryoupage #mafex #shfiguarts #dcmultiverse #mcfarlanetoys #plasticandpages ,6208,7.142169219956738e+18,Beat,192.0,f,https://tiktok.com/@/video/7491800067112701227,6874003908428858373,f,"[""actionfigures"",""fyp"",""collector"",""marvellegends"",""hasbro"",""marvel"",""figtok"",""foryoupage"",""mafex"",""shfiguarts"",""dcmultiverse"",""mcfarlanetoys"",""plasticandpages""]"
7485932580450225438,1742954528,Монетизация в тик ток #блогерывсша #америка #нашивсша #нашивамерике #жизньвсша #жизньвамерике ,12898,7.142169219956738e+18,Beat,192.0,f,https://tiktok.com/@/video/7485932580450225438,7275910539417551915,f,"[""\u0431\u043b\u043e\u0433\u0435\u0440\u044b\u0432\u0441\u0448\u0430"",""\u0430\u043c\u0435\u0440\u0438\u043a\u0430"",""\u043d\u0430\u0448\u0438\u0432\u0441\u0448\u0430"",""\u043d\u0430\u0448\u0438\u0432\u0430\u043c\u0435\u0440\u0438\u043a\u0435"",""\u0436\u0438\u0437\u043d\u044c\u0432\u0441\u0448\u0430"",""\u0436\u0438\u0437\u043d\u044c\u0432\u0430\u043c\u0435\u0440\u0438\u043a\u0435""]"
7488815014074125599,1743625651,Ultron Leak Marvel Rivals #fyp #gaming #Foryou #pcgaming #marvelrivals #marvel ,53011,7.142169219956738e+18,Beat,192.0,f,https://tiktok.com/@/video/7488815014074125599,6739805825773487110,f,"[""fyp"",""gaming"",""foryou"",""pcgaming"",""marvelrivals"",""marvel""]"
7503444751744519446,1747031880,"Deux matchs, deux records, deux hontes, voilà le résumé de la nuit 💥 Au programme Nuggets Thunder et Indiana Cleveland 👀 Partage la vidéo à tes potes qui ont regardé ces purges 🤝 Abonne toi pour suivre les playoffs tous les matins ⏰ #basketball #sport #fyp #okc #denver #pacers #cavs #jokic #shai ",6390,7.142169219956738e+18,Beat,192.0,f,https://tiktok.com/@/video/7503444751744519446,7477722315766268951,f,"[""basketball"",""sport"",""fyp"",""okc"",""denver"",""pacers"",""cavs"",""jokic"",""shai""]"
7402603549542190367,1723552967,Replying to @julie.cordeiro09 Short History of early settlement Hilmar California! Follow for more cities! #foryou #foryourepage #fypage #fyp #history #hilmarcalifornia #hilmar #historytok #historytime #city #place ,11291,7.142169219956738e+18,Beat,192.0,f,https://tiktok.com/@/video/7402603549542190367,7354630584584668206,f,"[""foryou"",""foryourepage"",""fypage"",""fyp"",""history"",""hilmarcalifornia"",""hilmar"",""historytok"",""HistoryTime"",""city"",""place""]"
7482053200284044587,1742051308,What’s inside a SEALED Fossil LockDown theme deck from 1999? Check it out 👀 #fyp #fypage #pokemon #pokemoncards #vintage #pokemontiktok #pokemoncommunity #fossil #theme #deck #aerodactyl #lapras #magmar #oldschool #nostalgia #nostalgic #whatsinside #pokemontcg #tiktokshop #tiktokpartner #tiktokviral ,6640,7.142169219956738e+18,Beat,192.0,f,https://tiktok.com/@/video/7482053200284044587,6968574394893599749,f,"[""fyp"",""fypage"",""pokemon"",""pokemoncards"",""vintage"",""pokemontiktok"",""pokemoncommunity"",""fossil"",""theme"",""deck"",""aerodactyl"",""lapras"",""magmar"",""oldschool"",""nostalgia"",""nostalgic"",""whatsinside"",""pokemontcg"",""TikTokShop"",""tiktokpartner"",""tiktokviral""]"
7231306694662294827,1683669799,2023 KIA STINGER GT2 AWD TRIBUTE  EDITION 🔥 MATTE GREY EXTERIOR + TERRACOTTA INTERIOR 🔥 #2023KIA #stingertributeedition #stingertribute #23stingergt2awd#GT2#AWD#speedemon #hotcar #whatababehonestly #stingergang #ganggang#fyp #fypシ゚viral #foryou #mattegrey#terracotta#comeseeme#dullesmotorcarsleesburgva ,13182,7.142169219956738e+18,Beat,192.0,f,https://tiktok.com/@/video/7231306694662294827,6821696198203376646,f,"[""2023kia"",""stingertributeedition"",""stingertribute"",""23stingergt2awd"",""gt2"",""awd"",""speedemon"",""hotcar"",""whatababehonestly"",""stingergang"",""ganggang"",""fyp"",""fyp\u30b7\u309aviral"",""foryou"",""mattegrey"",""terracotta"",""comeseeme"",""dullesmotorcarsleesburgva""]"
7436906838701952298,1731539810,I love leaf clean ups #evenstevenslawncare #fyp #foryou #trending #lawncare #blowthisup #stripelife #lawncarebusiness #exmark #business #landscape #lawntok #viral #stripegod #fallcleanup #echo ,12834,7.142169219956738e+18,Beat,192.0,f,https://tiktok.com/@/video/7436906838701952298,7040306418464867334,f,"[""evenstevenslawncare"",""fyp"",""foryou"",""trending"",""lawncare"",""blowthisup"",""stripelife"",""lawncarebusiness"",""exmark"",""business"",""landscape"",""lawntok"",""viral"",""stripegod"",""fallcleanup"",""echo""]"
7278759924350405931,1694718366,Replying to @altbaby ☣️ This one should suit you perfectly! Welcome to the 2024 Cherokee 256RRBL. #toyhauler #5thwheel #camper #rv #cherokeerv #camping #rvlife ,17207,7.142169219956738e+18,Beat,192.0,f,https://tiktok.com/@/video/7278759924350405931,7015646528765297669,f,"[""toyhauler"",""5thwheel"",""camper"",""rv"",""cherokeerv"",""camping"",""rvlife""]"
7508313896437124374,1748165561,"This Toyota Corolla got dropped off for the full works! Now protected with a 3-5 year ceramic coating & deep cleaning for both engine bay & Inteiror, this vehicle is looking fresh of the lot 😮‍💨 #cardetailing #cleancars #detailingworldofficial #carsofjacksonville #mobiledetailing #reelsviral #jacksonvillefl #detailing #autodetailing #cardetail",14774,7.142169219956738e+18,Beat,192.0,f,https://tiktok.com/@/video/7508313896437124374,7375421386850763808,f,"[""cardetailing"",""cleancars"",""detailingworldofficial"",""carsofjacksonville"",""mobiledetailing"",""reelsviral"",""jacksonvillefl"",""detailing"",""autodetailing"",""cardetail""]"
7451644795728039198,1734971273,I still don’t know what skibiddy means 👲🏻 #creatorsearchinsights #koreanswearword #learnkorean #dailykorean #shibal #skibiddy #studykorean ,6843,7.142169219956738e+18,Beat,192.0,f,https://tiktok.com/@/video/7451644795728039198,6883427092198360069,f,"[""creatorsearchinsights"",""koreanswearword"",""learnkorean"",""dailykorean"",""shibal"",""skibiddy"",""studykorean""]"
7204231120920186158,1677365783,James Bond or birthday party clown? #menswear #necktie #sartorial #tailoring #sartorial #tieknot #mensfashion ,13034,7.142169219956738e+18,Beat,192.0,f,https://tiktok.com/@/video/7204231120920186158,6729523724607456261,f,"[""menswear"",""necktie"",""sartorial"",""tailoring"",""tieknot"",""mensfashion""]"
7509667266250804510,1748480680,EBEMBE to the world (BONDOLO’O Ú BABONDO)  #congolese  #bembeboy #bembe #fulirugirl✌️  #kibembechallenge ,4710,7.142169219956738e+18,Beat,192.0,f,https://tiktok.com/@/video/7509667266250804510,7066514383142831150,f,"[""congolese"",""bembeboy"",""bembe"",""fulirugirl\u270c\ufe0f"",""kibembechallenge""]"
7511861904982461742,1748991683,"Jusgo Series: Welcome to Penang 📍Duluth, GA I’m always looking for good Malaysian food, anyone have any good recommendations? #duluthga #foodie #foodreview #georgiafoodie #foodreviewer #metroatlanta ",6904,7.142169219956738e+18,Beat,192.0,f,https://tiktok.com/@/video/7511861904982461742,7476214549610923054,f,"[""duluthga"",""Foodie"",""foodreview"",""georgiafoodie"",""foodreviewer"",""metroatlanta""]"
7423910733240372523,1728513919,Replying to @Nashville News The Nashville DA’s office said they did not have enough evidence. What do you think? #nashvillenews #leviismail ,5189,7.142169219956738e+18,Beat,192.0,f,https://tiktok.com/@/video/7423910733240372523,6945095463327859718,t,"[""nashvillenews"",""leviismail""]"
7501516587099278634,1746582949,"Pretty easy to diagnose, I probably need all new tie rods and ball joints #fyp #cartok #carcommunity #truck #diesel #diy ",9372,7.142169219956738e+18,Beat,192.0,f,https://tiktok.com/@/video/7501516587099278634,6779081585545135110,f,"[""fyp"",""cartok"",""carcommunity"",""truck"",""diesel"",""DIY""]"
7499337855227923754,1746075715,Great workout today 😁 95LBS/43.09KG  10X10  #powerlifting #powerliftingmotivation #benchpress #ghostenergy #gymmotivation #gymtok #gym #fyp #foryoupage #fitness #fitnessmotivation #fittok #fitnessjourney #bigboyseason #bodypositivity #rgv956 #956 #puro956 ,6206,7.142169219956738e+18,Beat,192.0,f,https://tiktok.com/@/video/7499337855227923754,6905929706777560069,f,"[""powerlifting"",""powerliftingmotivation"",""benchpress"",""ghostenergy"",""gymmotivation"",""GymTok"",""gym"",""fyp"",""foryoupage"",""Fitness"",""fitnessmotivation"",""FitTok"",""fitnessjourney"",""bigboyseason"",""bodypositivity"",""rgv956"",""956"",""puro956""]"
7468042696674905374,1738789243,Replying to @edz384_army @MorfinDad Short History of early settlement King City California! Follow for more cities! #fyp #foryoupage #fyourpage #fypage #kingcitycalifornia #kingcityca #montereycounty #californiacity #calicity #history #historytime #exploringcity #cities #exploring #historytok #california #visit #travel #place #historytok #californiatowns ,13322,7.142169219956738e+18,Beat,192.0,f,https://tiktok.com/@/video/7468042696674905374,7354630584584668206,f,"[""fyp"",""foryoupage"",""fyourpage"",""fypage"",""kingcitycalifornia"",""kingcityca"",""montereycounty"",""californiacity"",""calicity"",""history"",""HistoryTime"",""exploringcity"",""cities"",""exploring"",""historytok"",""california"",""visit"",""travel"",""place"",""californiatowns""]"
7504077798286429482,1747179307,N1Ñ0 MATEMÁTICO NOS VISITA,12807,7.142169219956738e+18,Beat,192.0,f,https://tiktok.com/@/video/7504077798286429482,7002996610770830341,f,[]
7244335173209312554,1686703229,Taking you through Day 1 of SVMP! The Summer Venture in Management Program (SVMP) is a one-week residential educational program for college juniors and seniors. #svmp #brianoviedo #harvard #student #college #business #mba ,12410,7.142169219956738e+18,Beat,192.0,f,https://tiktok.com/@/video/7244335173209312554,6849436401096819718,f,"[""svmp"",""brianoviedo"",""harvard"",""student"",""college"",""business"",""mba""]"
7228742533042539822,1683072791,@CAVA hire me bae #cooking #mediterranean #cavabowldupe #cavabowl #cookwithme #cookingvlog #traderjoes #traderjoesfoodreviews #traderjoeshaul #easyrecipe #easymeal #healthyrecipes #healthycooking ,19562,7.142169219956738e+18,Beat,192.0,f,https://tiktok.com/@/video/7228742533042539822,7895844,f,"[""cooking"",""mediterranean"",""cavabowldupe"",""cavabowl"",""CookWithMe"",""cookingvlog"",""traderjoes"",""traderjoesfoodreviews"",""traderjoeshaul"",""EasyRecipe"",""easymeal"",""healthyrecipes"",""healthycooking""]"
7509895617980779819,1748533848,"Come shop with me @veblen in Miami  Located at : 4218 NE Second Ave Miami, FL  33137 United States Fire store, got a lot of designer and pieces you won’t find regularly  #miamishopping #shopping #thingstodomiami #designdistrictmiami #designer #marni #balenciaga #chromehearts #dior ",9812,7.142169219956738e+18,Beat,192.0,f,https://tiktok.com/@/video/7509895617980779819,6959590868408386565,f,"[""miamishopping"",""shopping"",""thingstodomiami"",""designdistrictmiami"",""designer"",""marni"",""balenciaga"",""chromehearts"",""dior""]"
7439473253095148831,1732137365,Little behind the scenes process of making these custom @Husets_Speedway Jordan 1 Lows. To celebrate their 2024 @World of Outlaws Sprint Car championship win. #customshoes #customsneakers #sneakers #husetsspeedway #sprintcar #sprintcarracing #worldofoutlawsprintcars #angeluspaint #fyp #fypシ #art ,7465,7.142169219956738e+18,Beat,192.0,f,https://tiktok.com/@/video/7439473253095148831,6634588979948912646,f,"[""customshoes"",""customsneakers"",""sneakers"",""husetsspeedway"",""sprintcar"",""sprintcarracing"",""worldofoutlawsprintcars"",""angeluspaint"",""fyp"",""fyp\u30b7"",""art""]"
7241280834689387819,1685992093,Bundesliga Top Goal Scorers of All Time #soccer #futbol #bundesliga #bayern #lewandowski @Bundesliga ,15427,7.142169219956738e+18,Beat,192.0,f,https://tiktok.com/@/video/7241280834689387819,7174919539028165674,f,"[""Soccer"",""futbol"",""bundesliga"",""bayern"",""lewandowski""]"
7389439843773762859,1720488040,📍Home Tour Inside Stunning North Dallas Home For Sale #dallasrealtor #texasrealtor #dallasrealestateagent #housetour #houseoftiktok #investmentproperty #investmentopportunity #realtor ,33581,7.142169219956738e+18,Beat,192.0,f,https://tiktok.com/@/video/7389439843773762859,6803824470954001409,f,"[""dallasrealtor"",""texasrealtor"",""dallasrealestateagent"",""housetour"",""houseoftiktok"",""investmentproperty"",""investmentopportunity"",""realtor""]"
7499569788327431470,1746129703,"Very close on this one, just a little bit of texture missing to really sink it but very enjoyable  #fragrance #datascents #maisonasrarlegacy #exnihilobluetalisman ",27451,7.142169219956738e+18,Beat,192.0,f,https://tiktok.com/@/video/7499569788327431470,7469608210560975903,f,"[""fragrance"",""datascents"",""maisonasrarlegacy"",""exnihilobluetalisman""]"
7488360781025660190,1743519898,Take it all #edccommunity #everydaycarry #edctools #everydaygear #edgear #knifetok #knifecollectors #knifecollection #knifelife #everydaycarry4u #aprilfools ,23971,7.142169219956738e+18,Beat,192.0,f,https://tiktok.com/@/video/7488360781025660190,6777256875866457094,f,"[""edccommunity"",""everydaycarry"",""edctools"",""everydaygear"",""edgear"",""knifetok"",""knifecollectors"",""knifecollection"",""knifelife"",""everydaycarry4u"",""AprilFools""]"
7510443620130917674,1748661455,"Video will never do the colors justice, that’s just how it is! #TikTokAutoCampaign #CarTips #fyp #corvette #headlights #carsoftiktok #manual ",8729,7.142169219956738e+18,Beat,192.0,f,https://tiktok.com/@/video/7510443620130917674,6779081585545135110,f,"[""tiktokautocampaign"",""cartips"",""fyp"",""corvette"",""headlights"",""carsoftiktok"",""manual""]"
7244963940994698538,1686849631,Watch me do a short almond full set as a beginner nail tech #abstractnails #almondshapednails #beginnernailtech #atlanta #atlantanailtech #acrylicnails #fyp #foryou #viral ,75788,7.142169219956738e+18,Beat,192.0,f,https://tiktok.com/@/video/7244963940994698538,7235605089317700650,f,"[""abstractnails"",""almondshapednails"",""beginnernailtech"",""atlanta"",""atlantanailtech"",""acrylicnails"",""fyp"",""foryou"",""viral""]"
7496709176597515551,1745463646,Kevin Knight v. Ricochet could see a big moment soon #kevinknight #ricochet #aew #aewdynamite #njpw #njpwbosj #bosj ,13677,7.142169219956738e+18,Beat,192.0,f,https://tiktok.com/@/video/7496709176597515551,6775158807100703749,f,"[""kevinknight"",""ricochet"",""aew"",""aewdynamite"",""njpw"",""njpwbosj"",""bosj""]"
7229398034054941994,1683225417,"Here’s the process from start to finish of the 4xl set I did and posted yesterday using @Zulaysnailshop 4xl stiletto/coffin tips. I love to watch the full process so hopefully yal do too. Poly gels used are all @Makartt Official shades: cheer up, highlighter and clear #nail #nails #nailsartvideos #nailsart #nails💅 #nailsoftiktok #nailsvideotutorial #beginner #begginernailtech #polygel #polygelnails #polygelnail #malenails #malenailtechs #sparkle #glitter #glitternails #frenchnails #ombre #ombrenails #polygeltutorial #polygelnailstutorial #fyp #foryou #foryoupage #fypシ #foryourpage #fypage #fypシ゚viral #coffinnails ",24730,7.142169219956738e+18,Beat,192.0,f,https://tiktok.com/@/video/7229398034054941994,7102471085132203051,f,"[""nail"",""nails"",""nailsartvideos"",""nailsart"",""nails\ud83d\udc85"",""nailsoftiktok"",""nailsvideotutorial"",""beginner"",""begginernailtech"",""polygel"",""polygelnails"",""polygelnail"",""malenails"",""malenailtechs"",""sparkle"",""glitter"",""glitternails"",""frenchnails"",""ombre"",""ombrenails"",""polygeltutorial"",""polygelnailstutorial"",""fyp"",""foryou"",""foryoupage"",""fyp\u30b7"",""foryourpage"",""fypage"",""fyp\u30b7\u309aviral"",""coffinnails""]"
7242141199748877610,1686192406,Loved dining at Chutney! This #ColumbiaMD gem is a must try for sure 🫶 #mdfood #mdfoodie #marylandfood #marylandfoodies ,20431,7.142169219956738e+18,Beat,192.0,f,https://tiktok.com/@/video/7242141199748877610,7219481455490778154,f,"[""columbiamd"",""mdfood"",""mdfoodie"",""marylandfood"",""marylandfoodies""]"
7506047030452555030,1747637770,"Le Thunder file en finale de conf et rejoint les Wolves🚨  Les nuggets n’auront tenu qu’un quart temps dans un match dominé de long en large par OKC🔥 Plutôt Shai ou Edwards en finales NBA ? 🤔 Si mon contenu te plaît et que tu veux suivre la NBA, abonne toi 🙌 #basketball #jokic #shai #nuggets #okc ",5938,7.142169219956738e+18,Beat,192.0,f,https://tiktok.com/@/video/7506047030452555030,7477722315766268951,f,"[""basketball"",""jokic"",""shai"",""nuggets"",""okc""]"
7514155317567982855,1749525623,⚽️| Nuestro duelo ante Al Alhy previo al #FCWC se vivió así desde Miami #clubpachuca #tuzos #tiktokdeportes ,6600,7.142169219956738e+18,Beat,192.0,f,https://tiktok.com/@/video/7514155317567982855,6723719429317018630,t,"[""fcwc"",""clubpachuca"",""tuzos"",""TikTokDeportes""]"
7506565855799528735,1747758593,"Divorce or stuck with an inherited property in California—especially LA or OC? I’ll buy your home as-is—no repairs, no agent fees, no stress. We close in 10–15 days and put cash in your hands fast. 💰 Call/Text: 619-80-NANDA 👉 NandaRealty.com #WeBuyHouses #SellMyHouseFast #DivorceHelp #InheritedProperty #CashHomeBuyers #AsIsSale #NoRepairsNeeded #FastCashOffer #RealEstateTikTok #CaliforniaRealEstate #LosAngelesHomes #OrangeCountyRealEstate #NandaRealty #AskVarun #NoAgentFees #FYP #ForYouPage #HomeSellingTips #MovingOnStrong #RealEstateHelp #StressFreeSale #TikTokRealtor #SellFastLA #SellFastOC #PropertySolutions #LifeAfterDivorce #CaliforniaHomesForSale #HomeSellingMadeEasy #QuickHomeSale #RealEstateAdvice ",7893,7.142169219956738e+18,Beat,192.0,f,https://tiktok.com/@/video/7506565855799528735,7060220086621586478,f,"[""webuyhouses"",""sellmyhousefast"",""divorcehelp"",""inheritedproperty"",""cashhomebuyers"",""asissale"",""norepairsneeded"",""fastcashoffer"",""realestatetiktok"",""californiarealestate"",""losangeleshomes"",""orangecountyrealestate"",""nandarealty"",""askvarun"",""noagentfees"",""fyp"",""foryoupage"",""homesellingtips"",""movingonstrong"",""realestatehelp"",""stressfreesale"",""tiktokrealtor"",""sellfastla"",""sellfastoc"",""propertysolutions"",""lifeafterdivorce"",""californiahomesforsale"",""homesellingmadeeasy"",""quickhomesale"",""realestateadvice""]"
7392013430997257502,1721087263,📍Inside Stunning New Construction Luxury Home Las Vegas Nevada #dreamhome #luxuryhomes #newconstructionhome #hometours #lasvegasrealestate #vegasrealtor #lasvegasrealtor #bestrealtor ,16483,7.142169219956738e+18,Beat,192.0,f,https://tiktok.com/@/video/7392013430997257502,6803824470954001409,f,"[""dreamhome"",""luxuryhomes"",""newconstructionhome"",""hometours"",""lasvegasrealestate"",""vegasrealtor"",""lasvegasrealtor"",""bestrealtor""]"
7268294810975407402,1692281770,Lasagna Rolls 🤤🤤🤤 #LasagnaRolls #Lasagna #LasagnaRollUps #LasagnaRecipe #homemade  #goodfood #30minutemeal #mommeal #weeknightmeal #kidfriendly #weeknightdinnerrecipes #dinner #dinnerideas #cookwithme #foodporn #easydinner #recipes #momrecipes #blackgirlscook #cookingtiktok #easymeal #fyp #foryou   #webougielikethat #itssogoodyall ,36985,7.142169219956738e+18,Beat,192.0,f,https://tiktok.com/@/video/7268294810975407402,6807440674452849670,f,"[""lasagnarolls"",""lasagna"",""lasagnarollups"",""lasagnarecipe"",""homemade"",""goodfood"",""30minutemeal"",""mommeal"",""weeknightmeal"",""kidfriendly"",""weeknightdinnerrecipes"",""dinner"",""DinnerIdeas"",""CookWithMe"",""foodporn"",""easydinner"",""recipes"",""momrecipes"",""blackgirlscook"",""cookingtiktok"",""easymeal"",""fyp"",""foryou"",""webougielikethat"",""itssogoodyall""]"
7502348340495912215,1746776599,Les Warriors privés de Steph Curry s’incline logiquement face a Minnesota qui revient à 1-1 dans la série 🔥 Abonne toi pour suivre les playoffs tous les matins ⏰ #NBA #basketball #sport #warriors #curry #wolves ,4578,7.142169219956738e+18,Beat,192.0,f,https://tiktok.com/@/video/7502348340495912215,7477722315766268951,f,"[""NBA"",""basketball"",""sport"",""warriors"",""curry"",""wolves""]"
7497610705651125550,1745673544,Replying to @Banana Ball @Banana Ball how’d I do? Lets go Nanners 🍌🍌🍌 @thesavbananas @Jackson Olson #greenscreen #savannahbananas #Bananas #BananaBall #SportsDesign #graphicdesign ,4409,7.142169219956738e+18,Beat,192.0,f,https://tiktok.com/@/video/7497610705651125550,6710738431518966789,f,"[""greenscreen"",""savannahbananas"",""bananas"",""bananaball"",""sportsdesign"",""graphicdesign""]"
7312107063432285470,1702482624,MODEL CALL COLORADO Dec 16th  Please message me on my instagram if interested and meet the requirements 🤍 #denverhair #denverhairstylist #denvermodelcall #denverhaircolor #denvervividspecialist #denvercolorado #coloradohairstylist #coloradohair ,9951,7.142169219956738e+18,Beat,192.0,f,https://tiktok.com/@/video/7312107063432285470,6727731687838893061,f,"[""denverhair"",""denverhairstylist"",""denvermodelcall"",""denverhaircolor"",""denvervividspecialist"",""denvercolorado"",""coloradohairstylist"",""coloradohair""]"
7204196340941770027,1677357678,grwm the morning after broadway rave 💖 so grateful for this amazing experience and all the wonderful new friends i made being a theatre kid never felt so awesome😂 #grwmskincare #grwm #greenscreenvideo #theatremajor #chitchatgrwm #grwmroutine #skincarestorytime #rosemaryabdoney  ,2347,7.142169219956738e+18,Beat,192.0,f,https://tiktok.com/@/video/7204196340941770027,6744409901798376453,f,"[""grwmskincare"",""grwm"",""greenscreenvideo"",""theatremajor"",""chitchatgrwm"",""grwmroutine"",""skincarestorytime"",""rosemaryabdoney""]"
7197571318781398278,1675815168,"Escolha um profissional que se preocupe com você. E aí, você alonga antes do treino? ⬇️⬇️ #brazilianpersonaltrainer #personaltrainer #alongamento profissionaldasaude #brazil #workout #treino #stretching #gym #femalegym #healthylife",60806,7.142169219956738e+18,Beat,192.0,f,https://tiktok.com/@/video/7197571318781398278,7192693618259231749,f,"[""brazilianpersonaltrainer"",""personaltrainer"",""alongamento"",""brazil"",""workout"",""treino"",""stretching"",""gym"",""femalegym"",""healthylife""]"
7240244802288110894,1685750867,Replying to @Lenathatvirgo  Dorm essentials video next??? lmk! #college #collegelife #collegeadvice #freshmen #freshman #freshmanyear #collegefreshman #collegesophomore #advice #alverniauniversity #alvernia #au ,6244,7.142169219956738e+18,Beat,192.0,f,https://tiktok.com/@/video/7240244802288110894,6903392106468066309,f,"[""college"",""collegelife"",""collegeadvice"",""freshmen"",""freshman"",""freshmanyear"",""collegefreshman"",""collegesophomore"",""advice"",""alverniauniversity"",""alvernia"",""au""]"
7248309159303679275,1687628502,Installation of a 4 ton central air conditioning system in Inglewood CA #airconditioningsystems #hvactechnician #airhandler #Condenser #Air #hvac ,99473,7.142169219956738e+18,Beat,192.0,f,https://tiktok.com/@/video/7248309159303679275,7204728537768657963,f,"[""airconditioningsystems"",""hvactechnician"",""airhandler"",""condenser"",""air"",""hvac""]"
7219856691586813226,1681003891,Definitely a stop worth adding on your #seattle travel list! 😍 #seattleselfiemuseum #selfiemuseum #theselfiemuseum #seattletiktok #seattlewashington #seattlewa #thingstodoinseattlewa #thingstodoinseattle #pnwtravel ,15208,7.142169219956738e+18,Beat,192.0,f,https://tiktok.com/@/video/7219856691586813226,6795054837232321541,f,"[""seattle"",""seattleselfiemuseum"",""selfiemuseum"",""theselfiemuseum"",""seattletiktok"",""seattlewashington"",""seattlewa"",""thingstodoinseattlewa"",""thingstodoinseattle"",""pnwtravel""]"
7341565114623036714,1709341362,"I’m biased, my favorite feature about this house is that it comes with a pretty cool property manager 😜 #forrentinlasvegas #forrent #rhodesranchlasvegas #rhodesranchlv #propertymanager #lasvegasproperties #lasvegaspropertymanagement #durangohotel #investmentproperty #investmanagement #lasvegas #fyp #foryoupage #yournexthomeawaits ",13065,7.142169219956738e+18,Beat,192.0,f,https://tiktok.com/@/video/7341565114623036714,6917457854119314438,f,"[""forrentinlasvegas"",""forrent"",""rhodesranchlasvegas"",""rhodesranchlv"",""propertymanager"",""lasvegasproperties"",""lasvegaspropertymanagement"",""durangohotel"",""investmentproperty"",""investmanagement"",""lasvegas"",""fyp"",""foryoupage"",""yournexthomeawaits""]"
7380499916587666719,1718406575,"•Srt airbag cover install • 2015-2023 charger,challenger  #dodgecharger #swapscat #fyp #viral #viralvideos #carsoftiktok #hemipower #explore #explorepage #houstontx #houstonmopars #srt #srt8 #charger #392  #hellcat #redeye #moparmilitia #mopar #hemi #vinylfrog #trending #carmods #moddedcars #exhaust #car #carmod #chargers #392hemi #foryou #foryoupage #srtairbag #chargerairbag #srt8 #tutorial #carmods ",19291,7.142169219956738e+18,Beat,192.0,f,https://tiktok.com/@/video/7380499916587666719,7371662156956550186,f,"[""dodgecharger"",""swapscat"",""fyp"",""viral"",""viralvideos"",""carsoftiktok"",""hemipower"",""explore"",""explorepage"",""houstontx"",""houstonmopars"",""srt"",""srt8"",""charger"",""392"",""hellcat"",""redeye"",""moparmilitia"",""mopar"",""hemi"",""vinylfrog"",""trending"",""carmods"",""moddedcars"",""exhaust"",""car"",""carmod"",""chargers"",""392hemi"",""foryou"",""foryoupage"",""srtairbag"",""chargerairbag"",""tutorial""]"
7212985586255138091,1679404088,Tips to having the perfect stance when receiving serves.  #tiktokpingpong  #tiktoktabletennis #tabletennistiktok #pingpongtiktok #sports #howtoplaypingpong #howtoplaytabletennis #tabletennistips #tabletennis #tabletennisgame #pingpod #fyp #joola #teamjoola ,18688,7.142169219956738e+18,Beat,192.0,f,https://tiktok.com/@/video/7212985586255138091,6839481264052569094,f,"[""tiktokpingpong"",""tiktoktabletennis"",""tabletennistiktok"",""pingpongtiktok"",""sports"",""howtoplaypingpong"",""howtoplaytabletennis"",""tabletennistips"",""tabletennis"",""tabletennisgame"",""pingpod"",""fyp"",""joola"",""teamjoola""]"
7328935637380418862,1706400834,Posted @withregram • @weschetattoo Stencil for today’s tattoo and second back to back day! Doing some super fun and bright teal on this one!  . . #tattoo #tattoos #tattooartist #mandala #tattoostencil #tattooideas #tattooist #tattooart #wesche #houstontattooartist ,21672,7.142169219956738e+18,Beat,192.0,f,https://tiktok.com/@/video/7328935637380418862,6866015185783751686,f,"[""tattoo"",""tattoos"",""tattooartist"",""mandala"",""tattoostencil"",""tattooideas"",""tattooist"",""tattooart"",""wesche"",""houstontattooartist""]"
7417347635255823658,1726985836,Replying to @frannyavalos22 Short History of early settlement Willits California! Follow for more cities! #foryou #foryourepage #fyp #fyppage #history #willitscalifornia #willitsca #mendocinocounty #historytok #historytime #city #place ,8637,7.142169219956738e+18,Beat,192.0,f,https://tiktok.com/@/video/7417347635255823658,7354630584584668206,f,"[""foryou"",""foryourepage"",""fyp"",""fyppage"",""history"",""willitscalifornia"",""willitsca"",""mendocinocounty"",""historytok"",""HistoryTime"",""city"",""place""]"
7266149782417100075,1691782343,The best breakfast spot in OKC!😮‍💨😮‍💨 One thing we can say is we gets down on breakfast foods! #fyp #fypシ #trending #viral #comedyvideo #comedycentral #breakfast #hunnybunnybiscuit #okc #xjolen ,17087,7.142169219956738e+18,Beat,192.0,f,https://tiktok.com/@/video/7266149782417100075,6783317626267878406,f,"[""fyp"",""fyp\u30b7"",""trending"",""viral"",""comedyvideo"",""comedycentral"",""breakfast"",""hunnybunnybiscuit"",""okc"",""xjolen""]"
7254009298966023470,1688955666,"Check out this masterful Fort Lauderdale property which was recently listed for $13,499,000 💰!!! The estate is designed by Michael Grey, and it lays in the worlds yacht capital. The home boasts a plethora of luxurious amenities:  - Allini water filtration  - Toto toilets - full home automation  - Lutron lighting/blinds - A gourmet kitchen w/Wolf & Sub Zero appliances  - club room, office, bar, wine room, and summer kitchen - An air-conditioned 4-car garage - Infinity saltwater pool - Elevator  - 48kw generator  - Commercial-grade gym, & sauna - 100’ of waterfront, deep water dockage for a yacht along with great boat turnaround space on a massive canal Comment your favorite part of this property 👇  Property Location📍:  52 Royal Palm Drive Ft. Lauderdale The Yacht 🛥️ Capital of The World  Credit Via Instagram:  House tour 🏠 by: @MrAlexGoldstein Property listed by: @mralexgoldstein  #elegant #home #house #modernhome #mansion #estate #foryou #mansions #houses #housesoftiktok #viral #fyp #rich #wealth #florida #fortlauderdale ",20835,7.142169219956738e+18,Beat,192.0,f,https://tiktok.com/@/video/7254009298966023470,6898018092900205573,f,"[""elegant"",""Home"",""house"",""modernhome"",""mansion"",""estate"",""foryou"",""mansions"",""houses"",""housesoftiktok"",""viral"",""fyp"",""rich"",""wealth"",""florida"",""fortlauderdale""]"
7509569405680962862,1748457926,"⚠️ Stop lying to yourself. ⏳ Legacy doesn’t wait until you “feel ready.” It demands that you show up now. 💥 The truth? You are the problem. But here’s the power — you’re also the solution. 🧠 That means change is in your hands. Not theirs. Not the system. Yours. 🔁 You don’t need more time. You need more honesty. 🔥 If you want real transformation — in your income, identity, or legacy — it starts with radical ownership. 💯 Stop waiting. Start building. Your family is counting on you. Follow 👉🏾 @aricheducation19 for more knowledge  #PersonalResponsibility #LegacyMindset #OwnershipOverVictimhood #AccountabilityFirst #FixYourselfFirst #MindsetShift #RealGrowthOnly #NoExcusesJustResults #SelfDiscipline #EmpowerYourself #BreakTheCycle #LevelUpMindset #ChangeStartsWithYou",12495,7.142169219956738e+18,Beat,192.0,f,https://tiktok.com/@/video/7509569405680962862,85561871419727872,f,"[""personalresponsibility"",""legacymindset"",""ownershipovervictimhood"",""accountabilityfirst"",""fixyourselffirst"",""mindsetshift"",""realgrowthonly"",""noexcusesjustresults"",""selfdiscipline"",""empoweryourself"",""breakthecycle"",""levelupmindset"",""changestartswithyou""]"
7279021440328863008,1694779256,Avis très mitigé sur la co A/H de #zara à #newyork 🫠🤭 #zaranewyork #zaracollection ,21421,7.142169219956738e+18,Beat,192.0,f,https://tiktok.com/@/video/7279021440328863008,6754599254726575109,f,"[""zara"",""newyork"",""zaranewyork"",""zaracollection""]"
7501491358071360799,1746577074,PONDOLO’O Ú BABONDO🌎 #tendaebembe  #kibembetiktok #kibembechallenge #babondomusic #congolese #tanzania🇹🇿 ,3568,7.142169219956738e+18,Beat,192.0,f,https://tiktok.com/@/video/7501491358071360799,7066514383142831150,f,"[""tendaebembe"",""kibembetiktok"",""kibembechallenge"",""babondomusic"",""congolese"",""tanzania\ud83c\uddf9\ud83c\uddff""]"
7453936639405002014,1735504877,We’ve got progress. Make your plans for April 2025. #whiskeyrow #pursuit #pursuitspirits #pursuitunited #construction #renovation ,10504,7.142169219956738e+18,Beat,192.0,f,https://tiktok.com/@/video/7453936639405002014,6770407475613467654,f,"[""whiskeyrow"",""pursuit"",""pursuitspirits"",""pursuitunited"",""construction"",""renovation""]"
7498238468032843054,1745819767,Grim Knight VS Killer Croc! Collector Edition Review Who wins this fight?! #batman #dcmultiverse #dccomics #actionfigures #mcfarlanetoys #figtok #review #unboxing #unbox #collector #collection #dcuniverse #figures #unboxingvideo ,6292,7.142169219956738e+18,Beat,192.0,f,https://tiktok.com/@/video/7498238468032843054,6900430169858606085,f,"[""batman"",""dcmultiverse"",""dccomics"",""actionfigures"",""mcfarlanetoys"",""figtok"",""review"",""unboxing"",""unbox"",""collector"",""collection"",""dcuniverse"",""figures"",""unboxingvideo""]"
7278099771632602414,1694564667,Hyundai interiors have always looked great imo but this was a notch above their standards 😵‍💫😵‍💫😵‍💫 #hyundai #kona #viral #fyp #luxury @Hyundai USA ,25657,7.142169219956738e+18,Beat,192.0,f,https://tiktok.com/@/video/7278099771632602414,7265028251084669998,f,"[""hyundai"",""kona"",""viral"",""fyp"",""luxury""]"
7472982355582405934,1739939302,My hands-on time with the OnePlus Watch 3 has been pretty great. What do you think of the value proposition? #reel #reels #fyp #shorts #viral #handson #firstlook #techbriefing #quicklook #oneplus #onepluswatch #onepluswatch3 #android #techtok #cooltech ,19615,7.142169219956738e+18,Beat,192.0,f,https://tiktok.com/@/video/7472982355582405934,7048036293197218821,f,"[""reel"",""reels"",""fyp"",""shorts"",""viral"",""handson"",""firstlook"",""techbriefing"",""quicklook"",""oneplus"",""onepluswatch"",""onepluswatch3"",""android"",""techtok"",""cooltech""]"
7406125099759439150,1724372882,"Boa, no snake 🐍   A boa system is a modular system that allows for adjustability within a socket. This is especially good for patients who tend to fluctuate in volume throughout the day,  but it's only used for pin locking or anatomical suspension. If they have any type of suction suspension, the patient has to use socks to manage the volume change in their limb.  #prosthetics #orthotics  #prostheticsandorthotics #amputation #limbloss #residency #orthoticsandprosthetics #pnowithmo",10288,7.142169219956738e+18,Beat,192.0,f,https://tiktok.com/@/video/7406125099759439150,7251720457412756523,f,"[""prosthetics"",""orthotics"",""prostheticsandorthotics"",""amputation"",""limbloss"",""residency"",""orthoticsandprosthetics"",""pnowithmo""]"
7287657263765146913,1696789937,"SHAKER HYPER PROTÉINE , RAPIDE , EFFICACE 🤯🤯🤯 #musculation #pourtoi #fyp #foryou #prisedemasse #proteine #shakerattleandroll ",22537,7.142169219956738e+18,Beat,192.0,f,https://tiktok.com/@/video/7287657263765146913,79431478324920320,f,"[""musculation"",""pourtoi"",""fyp"",""foryou"",""prisedemasse"",""proteine"",""shakerattleandroll""]"
7499096668118289686,1746019512,30/30 Que pensent les américains des français ?  #francevsusa #1jour1question #francaisauxusa #vivreauxusa ,4486,7.142169219956738e+18,Beat,192.0,f,https://tiktok.com/@/video/7499096668118289686,6995203637006550022,f,"[""francevsusa"",""1jour1question"",""francaisauxusa"",""vivreauxusa""]"
7491765010897587461,1744312476,#barber #barbershop #barberlife #haircut #barbershopconnect #fade #hair #barbers #barberlove #hairstyle #wahl #barbering #beard #barberworld #menshair #hairstyles #barbergang #andis #style #skinfade #barbersinctv #hairstylist #thebarberpost #barbernation #barberia #barberlifestyle #fadehaircut #barbearia #haircuts #barberconnect,5069,7.142169219956738e+18,Beat,192.0,f,https://tiktok.com/@/video/7491765010897587461,6808350153716614150,f,"[""barber"",""barbershop"",""barberlife"",""haircut"",""barbershopconnect"",""fade"",""hair"",""barbers"",""barberlove"",""hairstyle"",""wahl"",""barbering"",""beard"",""barberworld"",""menshair"",""hairstyles"",""barbergang"",""andis"",""style"",""skinfade"",""barbersinctv"",""hairstylist"",""thebarberpost"",""barbernation"",""barberia"",""barberlifestyle"",""fadehaircut"",""barbearia"",""haircuts"",""barberconnect""]"
7488744758634876203,1743609278,"Another victory for justice! ⚖️ Successfully defended a serious domestic violence case involving strangulation. Stay informed, know your rights, and trust the process. #JusticeServed #DomesticViolenceDefense #Criminallaw #DefenseAttorney #EllisLegal ",11100,7.142169219956738e+18,Beat,192.0,f,https://tiktok.com/@/video/7488744758634876203,7483215975257900074,f,"[""justiceserved"",""domesticviolencedefense"",""criminallaw"",""defenseattorney"",""ellislegal""]"
7486481926010834222,1743082421,Possibly the  definition of “classic freshie”… but that #yuzu been hitting different since ‘94 #isseymiyake #leaudissey ,12568,7.142169219956738e+18,Beat,192.0,f,https://tiktok.com/@/video/7486481926010834222,7390190924846466090,f,"[""yuzu"",""isseymiyake"",""leaudissey""]"
7512455780461792542,1749129929,🚨 Car Accident in Connecticut?   Don’t talk to insurance until you talk to my firm!  📲 Free Consult | 💬 Bilingual | ⏰ 24/7 Available Call/Text 860-595-3163 now ... #lawyerthelawyer #lawyertwillie #ct #ctlawyer #ctlawfirm #ctcaraccident #caraccidentlawyer #hartford #newlondon #waterbury #funnylawyers #lawyers #connecticut #caraccident #personalinjury #personalinjury #lawyersoftiktok ,9234,7.142169219956738e+18,Beat,192.0,f,https://tiktok.com/@/video/7512455780461792542,7163421058993521710,f,"[""lawyerthelawyer"",""lawyertwillie"",""ct"",""ctlawyer"",""ctlawfirm"",""ctcaraccident"",""caraccidentlawyer"",""hartford"",""newlondon"",""waterbury"",""funnylawyers"",""lawyers"",""connecticut"",""caraccident"",""personalinjury"",""lawyersoftiktok""]"
7360507630021791018,1713751750,B46TU getting Catted DownPipe #bmwb48 #bmwb46 #bmwb46tu #bmwdownpipe ##catteddownpipe #ctsturbo #bmwx3g01 #bmw330i ,22032,7.142169219956738e+18,Beat,192.0,f,https://tiktok.com/@/video/7360507630021791018,6928419345107108870,f,"[""bmwb48"",""bmwb46"",""bmwb46tu"",""bmwdownpipe"",""catteddownpipe"",""ctsturbo"",""bmwx3g01"",""bmw330i""]"
7379577341569174826,1718191752,"The world’s best buggy operator! Keep up the good work! If you work hard enough, you could be as good as me!  sell concrete pour concrete stack the money! 🤩 ##Concrete##ConcreteBuggy##ConcreteWork##ConcreteDriveway##ConcreteLife##ConcreteTime",15704,7.142169219956738e+18,Beat,192.0,f,https://tiktok.com/@/video/7379577341569174826,6950082888059192325,f,"[""concrete"",""concretebuggy"",""concretework"",""concretedriveway"",""concretelife"",""concretetime""]"
7439175344143240490,1732067987,🗣️ Mississippi College canceled football program on Monday abruptly. This puts coaches and also players at risk for careers and opportunities moving forward. #f#fyf#fypシf#foryouf#foryoupagem#mississippicollegec#collegefootballc#clintonmississippic#choctawc#cancelledn#ncaad#divison2t#trending,26437,7.142169219956738e+18,Beat,192.0,f,https://tiktok.com/@/video/7439175344143240490,57752349686902784,f,"[""fy"",""fyp\u30b7"",""foryou"",""foryoupage"",""mississippicollege"",""CollegeFootball"",""clintonmississippi"",""choctaw"",""cancelled"",""ncaa"",""divison2"",""trending""]"
7225757628822129966,1682377813,"Replying to @netbanger32 i love this project and I hate this project, hopefully this helps.  #jangofett #jango #boba #bobafett #customactionfigure #customactionfigures #actionfigures #actionfigure #customtoys #toyphotography #customfigure #customfigures #actionfigurephotography #marvellegends #customtoy #toycollector #one #toys #marvel #custom #toycommunity #actionfigurecustom #toy #dccomics #thisweekincustoms #hasbro #bootlegtoys #collective #toyartistry #custommarvellegends #starwars #designertoy #mezco #marvellegendscustom",4205,7.142169219956738e+18,Beat,192.0,f,https://tiktok.com/@/video/7225757628822129966,6992213011550716933,f,"[""jangofett"",""jango"",""boba"",""bobafett"",""customactionfigure"",""customactionfigures"",""actionfigures"",""actionfigure"",""customtoys"",""toyphotography"",""customfigure"",""customfigures"",""actionfigurephotography"",""marvellegends"",""customtoy"",""toycollector"",""one"",""toys"",""marvel"",""custom"",""toycommunity"",""actionfigurecustom"",""toy"",""dccomics"",""thisweekincustoms"",""hasbro"",""bootlegtoys"",""collective"",""toyartistry"",""custommarvellegends"",""starwars"",""designertoy"",""mezco"",""marvellegendscustom""]"
7509576742114266411,1748459626,@coverado_auto making sure that my Mustang’s interior stays intact! 👌 #ad #coverado #ford #mustang #carcommunity #carsontiktok #manual #fyp ,4182,7.142169219956738e+18,Beat,192.0,f,https://tiktok.com/@/video/7509576742114266411,6779081585545135110,f,"[""ad"",""coverado"",""ford"",""mustang"",""carcommunity"",""carsontiktok"",""manual"",""fyp""]"
7474113519009434926,1740202700,#greenscreen #lamarodom #lakers #lalakers #lebrom #kobe #kobebryant #paugasol #nba #nbatok ,6642,7.142169219956738e+18,Beat,192.0,f,https://tiktok.com/@/video/7474113519009434926,8453254,f,"[""greenscreen"",""lamarodom"",""lakers"",""lalakers"",""lebrom"",""kobe"",""kobebryant"",""paugasol"",""NBA"",""nbatok""]"
7309837916937768235,1701954281,Honda Accord tailights smoked #instaclear #instaclearhr #headlightrestoration #houstontx #hondaaccord ,13216,7.142169219956738e+18,Beat,192.0,f,https://tiktok.com/@/video/7309837916937768235,6814391418951386117,f,"[""instaclear"",""instaclearhr"",""headlightrestoration"",""houstontx"",""hondaaccord""]"
7332974181690166574,1707341131,A Day in the Life of a Fashion Design student🤍✂️🧵 ••••••••••••••••••••••••••••• #springsemester #wadecollege #videooftheday #ootd #fashion #fashiontiktok #blacklivesmatter #blackhistorymonth #blackgirltiktok #blackfashiondesigner #blackwomeninfashion #yesitstate #whatiworetoday #foryou ,7143,7.142169219956738e+18,Beat,192.0,f,https://tiktok.com/@/video/7332974181690166574,6972016072283423749,f,"[""springsemester"",""wadecollege"",""videooftheday"",""OOTD"",""fashion"",""fashiontiktok"",""blacklivesmatter"",""blackhistorymonth"",""blackgirltiktok"",""blackfashiondesigner"",""blackwomeninfashion"",""yesitstate"",""whatiworetoday"",""foryou""]"
7430646757660577070,1730082272,Replying to @559icee Short History of early settlement Woodville California! Follow for more cities! #foryp #fyp #fypage #history #woodvillecalifornia #woodvilleca #tularecounty #californiatowns #historytime #historytok #cities #place #visit #town ,6682,7.142169219956738e+18,Beat,192.0,f,https://tiktok.com/@/video/7430646757660577070,7354630584584668206,f,"[""foryp"",""fyp"",""fypage"",""history"",""woodvillecalifornia"",""woodvilleca"",""tularecounty"",""californiatowns"",""HistoryTime"",""historytok"",""cities"",""place"",""visit"",""town""]"
7514901120163089707,1749699310,Made the seats legit look brand new. Love the new look! 💺 #TikTokAutoCampaign #CarRestoration #carsontiktok #corvette #chevy #carcommunity ,3666,7.142169219956738e+18,Beat,192.0,f,https://tiktok.com/@/video/7514901120163089707,6779081585545135110,f,"[""tiktokautocampaign"",""carrestoration"",""carsontiktok"",""corvette"",""chevy"",""carcommunity""]"
7267902036715343146,1692190322,Replying to @CJayy__ I literally make this all the time. But I’m also one of those people who can eat eggs everyday. #whatieatinaday #whatieatforbreakfast #whatieeatinaday #highproteinmealideas #highproteinbreakfast #goodmorning☀️ #fypシ #prettyhappyhealthy  @Pretty + Happy + Healthy 💛 ,2970,7.142169219956738e+18,Beat,192.0,f,https://tiktok.com/@/video/7267902036715343146,7005669394391172102,f,"[""whatieatinaday"",""whatieatforbreakfast"",""whatieeatinaday"",""highproteinmealideas"",""highproteinbreakfast"",""goodmorning\u2600\ufe0f"",""fyp\u30b7"",""prettyhappyhealthy""]"
7235082453294009646,1684548915,Have you tried this supplement?? #supplementsfordancers #tipafordancers #dancersoftiktok ,5812,7.142169219956738e+18,Beat,192.0,f,https://tiktok.com/@/video/7235082453294009646,6687258375267255302,f,"[""supplementsfordancers"",""tipafordancers"",""dancersoftiktok""]"
7294706801721789739,1698431286,Whats next?? #r35 #s13 #skyline #240sx #driftcar #drifting #fyp #stancenation #style #stance #carscene #carsoftiktok #drift #nissan #r34 #r35 #gtr #formuladrift #motorsports #trading #finalbout #jimmyoakes #cletusmcfarland #ricermiata #ricer #v8 #turbo #jdm #jdmcarsoftiktok #supra #mk4supra #lamborghini #supercarstiktok ,2489,7.142169219956738e+18,Beat,192.0,f,https://tiktok.com/@/video/7294706801721789739,6588145388946767878,f,"[""r35"",""s13"",""skyline"",""240sx"",""driftcar"",""drifting"",""fyp"",""stancenation"",""style"",""stance"",""carscene"",""carsoftiktok"",""drift"",""nissan"",""r34"",""gtr"",""formuladrift"",""motorsports"",""trading"",""finalbout"",""jimmyoakes"",""cletusmcfarland"",""ricermiata"",""ricer"",""v8"",""turbo"",""jdm"",""jdmcarsoftiktok"",""supra"",""mk4supra"",""lamborghini"",""supercarstiktok""]"
7250181327243496750,1688064393,chrome is such a tricky product but here is the best way i have learned to only have your chrome adhere to what you want it to adhere to 🖤 #acrylicnails #chromedesign #chromenailstutorial #dfwnails #fyp #beginnernailtech #chromenails ,11396,7.142169219956738e+18,Beat,192.0,f,https://tiktok.com/@/video/7250181327243496750,7177803129563202602,f,"[""acrylicnails"",""chromedesign"",""chromenailstutorial"",""dfwnails"",""fyp"",""beginnernailtech"",""chromenails""]"
7466222377739767071,1738365390,Inside STUNNING New Construction Next Gen Home located near Las Vegas Strip ##lasvegashomes##hendersonnv##lasvegasrealestate##lasvegasrealtor##vegasrealtor##homesforsale🏠🔑##buyingahome##newhome##nextgen,21735,7.142169219956738e+18,Beat,192.0,f,https://tiktok.com/@/video/7466222377739767071,6803824470954001409,f,"[""lasvegashomes"",""hendersonnv"",""lasvegasrealestate"",""lasvegasrealtor"",""vegasrealtor"",""homesforsale\ud83c\udfe0\ud83d\udd11"",""buyingahome"",""newhome"",""nextgen""]"
7506631040404917534,1747773766,#viralvideo #tarotcommunity #intuitivemessage #foryourpage ,8583,7.142169219956738e+18,Beat,192.0,f,https://tiktok.com/@/video/7506631040404917534,7341117678192755755,f,"[""viralvideo"",""tarotcommunity"",""intuitivemessage"",""foryourpage""]"
7203898015952964910,1677288228,This thing is pretty cool! Let me know what you think🤔 #fyp #chevrolet #chevy #sales #tampa #stpete #bayarea #florida #fl #cars #newcar #findnewroads,12343,7.142169219956738e+18,Beat,192.0,f,https://tiktok.com/@/video/7203898015952964910,6622824013914718214,f,"[""fyp"",""chevrolet"",""chevy"",""sales"",""tampa"",""stpete"",""bayarea"",""florida"",""fl"",""cars"",""newcar"",""findnewroads""]"
7335143188107250990,1707846160,Want Boulders 🪨 For Shoulders? Add This Routine in Next Time You Hit Shoulders 🏋🏽‍♂️ | #fyp #gymtok #shoulders #workout #personaltrainer ,6641,7.142169219956738e+18,Beat,192.0,f,https://tiktok.com/@/video/7335143188107250990,6801106603569333254,f,"[""fyp"",""GymTok"",""shoulders"",""workout"",""personaltrainer""]"
7249743998313712939,1687962590,Upstate New York #fyp #explorepage #ithaca #ny #hike #waterfalls #gorges ,16294,7.142169219956738e+18,Beat,192.0,f,https://tiktok.com/@/video/7249743998313712939,6743818237995516934,f,"[""fyp"",""explorepage"",""ithaca"",""ny"",""hike"",""waterfalls"",""gorges""]"
7289888800996658474,1697309518,"Thank you @haritosmartialartsfl !!  Getting my yellow belt is just the beginning, loving my Martial Arts Journey!      #martialarts #womeninmartialarts #yellowbelt ",12741,7.142169219956738e+18,Beat,192.0,f,https://tiktok.com/@/video/7289888800996658474,6780007916176049158,f,"[""martialarts"",""womeninmartialarts"",""yellowbelt""]"
7392678268870167838,1721242048,PERSONAL TRAINING : BUSINESS 101 How can I structure my personal training business to really make money? Lets break down the basics…comment below questions and more topics you would like me to discuss! #personaltrainer #finance #businessowner #smallbusiness #premiumpricing #accounting #gymowner #njgymowner #femalegym #njfemaletrainer #njpersonaltrainer #personaltrainingbusiness #trainingbusiness #gymbusiness #howtoopenagym ,8721,7.142169219956738e+18,Beat,192.0,f,https://tiktok.com/@/video/7392678268870167838,6805670599978189829,f,"[""personaltrainer"",""finance"",""businessowner"",""SmallBusiness"",""premiumpricing"",""accounting"",""gymowner"",""njgymowner"",""femalegym"",""njfemaletrainer"",""njpersonaltrainer"",""personaltrainingbusiness"",""trainingbusiness"",""gymbusiness"",""howtoopenagym""]"
7308505850119834922,1701644136,Pretty 🔥 edit on #CapCut #evenstevenslawncare #fyp #viral #lawntok #lawncare #trending #business #stripegod #blowthisup #businesstips #lawncarebusiness #leafremoval #fallcleanup #businesstips #exmarkmowers #exmark ,9813,7.142169219956738e+18,Beat,192.0,f,https://tiktok.com/@/video/7308505850119834922,7040306418464867334,f,"[""capcut"",""evenstevenslawncare"",""fyp"",""viral"",""lawntok"",""lawncare"",""trending"",""business"",""stripegod"",""blowthisup"",""businesstips"",""lawncarebusiness"",""leafremoval"",""fallcleanup"",""exmarkmowers"",""exmark""]"
7232651840570019114,1683983020,"They received a huge truckload of deals. And If I bougt the items mentioned in the video, I would save 66% of the regular prices!  RnR Bins n Wagons 1585 Moreland Ave, SE Atlanta  #discountshopping #deals #atlantadiscounters #discounter #wholesale #liquidator  #blackownedbusiness #smallownedblackbusiness  #fyp #smallownedbusiness #binstore #thrift #resellercommunity #dealoftheday #liquidation #treasurehunt  #costcofinds #amazonreturns #thingstodoatlanta #stufftodoatlanta #rnrbinsnwagons",11637,7.142169219956738e+18,Beat,192.0,f,https://tiktok.com/@/video/7232651840570019114,6899497979209696262,f,"[""discountshopping"",""deals"",""atlantadiscounters"",""discounter"",""wholesale"",""liquidator"",""blackownedbusiness"",""smallownedblackbusiness"",""fyp"",""smallownedbusiness"",""binstore"",""thrift"",""resellercommunity"",""dealoftheday"",""liquidation"",""treasurehunt"",""costcofinds"",""amazonreturns"",""thingstodoatlanta"",""stufftodoatlanta"",""rnrbinsnwagons""]"
7428725720806903072,1729635003,The best ability items in Dragon Ball Sparking Zero #dragonball #sparkingzero #GamingOnTikTok #TikTokGaming #WhatToPlay #dragonballsparkingzero ,10927,7.142169219956738e+18,Beat,192.0,f,https://tiktok.com/@/video/7428725720806903072,7410849428926333985,f,"[""dragonball"",""sparkingzero"",""GamingOnTikTok"",""tiktokgaming"",""WhatToPlay"",""dragonballsparkingzero""]"
7349125656468376875,1711101767,Probably the most aesthetic gaming mouse on TikTok 😮‍💨   #gravastar #mercurym1pro #gravastargamingmouse  #gamingmouse #techreview #techtok #aesthetictech #gamer #baewired ,11175,7.142169219956738e+18,Beat,192.0,f,https://tiktok.com/@/video/7349125656468376875,6894773492622984198,f,"[""gravastar"",""mercurym1pro"",""gravastargamingmouse"",""gamingmouse"",""techreview"",""techtok"",""aesthetictech"",""gamer"",""baewired""]"
7472403136683150638,1739804480,"Most Affordable Las Vegas 5 bed home? let's take a look, intrest list is 3 months out sign up asap if your looking for a home with 3k sqft under 550k. call me for more details. #lasvegashomes #homesforsale #hometour #fyp #houseforsale #lasvegashomes #propertytour #lasvegasrealestate ",9909,7.142169219956738e+18,Beat,192.0,f,https://tiktok.com/@/video/7472403136683150638,7311050320775644202,f,"[""lasvegashomes"",""homesforsale"",""hometour"",""fyp"",""houseforsale"",""propertytour"",""lasvegasrealestate""]"
7487241294633291038,1743259241,"This tiny camera can literally fit in the palm of your hand — this is the Minolta 110 Zoom SLR Mark II, and it’s certainly one of the cutest cameras we have tested recently.  Beyond its tiny size, this camera is one of the most sophisticated ways to shoot 110 film, with full manual control of aperture, focus, and zoom, and a stepless automatic shutter with speeds to 1/1000th.  In its day, the Minolta 110 Zoom SLR Mark II was an expensive purchase — the camera listed for $342 in 1979, or over $1500 adjusted for inflation. Luckily, these cameras are much more affordable today on the used market, usually trading around $100.  And 110 film is still available — we sell fresh Lomography stock in both color and black and white. Today we’ll load with a roll of LOMO Color ’92. This camera is a breeze to shoot, with LEDs in the viewfinder for the light meter.  We did find that the f3.5 aperture was limiting in low light even with this 400 speed film, so we mounted this Minolta Auto 128 flash, which is about as big as the camera itself.  The Minolta 25-67mm Zoom Rokkor lens is known to be one of the sharpest 110 optics, but is limited by the image quality of 110 film itself, which has about 1/4 of the surface area of 35mm.  Still, we think these cameras are great fun to shoot — we develop, scan, and print from 110 film!  #minolta #minolta110zoomslr #minolta110zoomslrmarkii #110film #lomography #color92 #lomocolor92  #film #analog #filmcamera #shootfilm #kodak #filmcommunity #ishootfilm #vintage #analog #classic #1970s #1980s #portland ",7022,7.142169219956738e+18,Beat,192.0,f,https://tiktok.com/@/video/7487241294633291038,7479214208887309358,f,"[""minolta"",""minolta110zoomslr"",""minolta110zoomslrmarkii"",""110film"",""lomography"",""color92"",""lomocolor92"",""film"",""analog"",""filmcamera"",""shootfilm"",""kodak"",""filmcommunity"",""ishootfilm"",""vintage"",""classic"",""1970s"",""1980s"",""portland""]"
7478574461374123310,1741241364,Replying to @familysanchez400 Short History of early settlement ButtonWillow California! Follow for more cities! #fyp #foryoupage #fyourpage #fypage #buttonwillowcalifornia #buttonwillowca #smalltown #kerncounty #exploringbuttonwillowca #historytok #historytime #californiatown #history #buttonwillowcahistory #exploring #place #travel ,7285,7.142169219956738e+18,Beat,192.0,f,https://tiktok.com/@/video/7478574461374123310,7354630584584668206,f,"[""fyp"",""foryoupage"",""fyourpage"",""fypage"",""buttonwillowcalifornia"",""buttonwillowca"",""smalltown"",""kerncounty"",""exploringbuttonwillowca"",""historytok"",""HistoryTime"",""californiatown"",""history"",""buttonwillowcahistory"",""exploring"",""place"",""travel""]"
7203914576503557419,1677292080,3 month update on the creality sonic pad 🖨🤓 for those of you not framilar the creality sonic pad is a plug and play interface for klipper. It can support up to 4 printers and costs $160. The longer I use it and the trill wears off the less willing I am to want to use something buggy and while it’s definitely improving over time I don’t think it’s a must have item. That being said if you’re someone who really loves to dial in your printer and you like a lot more control you might really love tbis product. If you’re curious about it I have a few more videos about it in this playlist 🥰 #misfitprinting #3DPrinting #3dp #creality #crealityender3v2 #crealitysonicpad #sonicpad #sonicpadreview #3dprinterreview #3dprinterupgrade #klipper ,6885,7.142169219956738e+18,Beat,192.0,f,https://tiktok.com/@/video/7203914576503557419,7137449981948347438,f,"[""misfitprinting"",""3dprinting"",""3dp"",""creality"",""crealityender3v2"",""crealitysonicpad"",""sonicpad"",""sonicpadreview"",""3dprinterreview"",""3dprinterupgrade"",""klipper""]"
7291865930727034143,1697769853,New Nails set 🤍✨ #fyp #learn #aprendecontiktok #njevastecnicas #nuñas #paterson #NJ #extensionpaterson #aprendeentiktok #aprendeentiktok #viralvideo ,6591,7.142169219956738e+18,Beat,192.0,f,https://tiktok.com/@/video/7291865930727034143,257418102550818816,f,"[""fyp"",""learn"",""AprendeConTikTok"",""njevastecnicas"",""nu\u00f1as"",""paterson"",""nj"",""extensionpaterson"",""AprendeEnTikTok"",""viralvideo""]"
7306703023751875886,1701224379,A closer look into the New Balance Tekela v4 Magia. Overall a great mid-tier laceless football boot. True to size and under 100$USD. 8.5/10. Follow for more! ⚽️ #newbalance #newbalancetekela #newbalancetekelav4 #review #soccercleats #soccertiktok #futebol #⚽️ #soccer #fyp #trending #futbol #bestsoccercleats #soccercleat #soccercleats101 #soccercleats🔥❤️😍 ,23909,7.142169219956738e+18,Beat,192.0,f,https://tiktok.com/@/video/7306703023751875886,7050334460534637615,f,"[""newbalance"",""newbalancetekela"",""newbalancetekelav4"",""review"",""soccercleats"",""soccertiktok"",""futebol"",""\u26bd\ufe0f"",""Soccer"",""fyp"",""trending"",""futbol"",""bestsoccercleats"",""soccercleat"",""soccercleats101"",""soccercleats\ud83d\udd25\u2764\ufe0f\ud83d\ude0d""]"
7358627190394604806,1713313917,Sabiam disso? . . . . . . . #ny #travel #intercambio #novaiorque #inglesbasico #falaringles #culturapreta #hiphopculture #brasileirosemny #brasileirosnoexterior #intercambista #pretaspelomundo #semperrenguenagringa #blackculture #culturalexchange #travel #novaiorque #brasileirosnoseua #wakanda #wakandagossip #art #blackhistorymonth #blackwomaninny #pretasemny #brasileiraemny #mulherpreta #cabeloafro #naturalhair #afrohair ,3648,7.142169219956738e+18,Beat,192.0,f,https://tiktok.com/@/video/7358627190394604806,6826114306573124614,f,"[""ny"",""travel"",""intercambio"",""novaiorque"",""inglesbasico"",""falaringles"",""culturapreta"",""hiphopculture"",""brasileirosemny"",""brasileirosnoexterior"",""intercambista"",""pretaspelomundo"",""semperrenguenagringa"",""blackculture"",""culturalexchange"",""brasileirosnoseua"",""wakanda"",""wakandagossip"",""art"",""blackhistorymonth"",""blackwomaninny"",""pretasemny"",""brasileiraemny"",""mulherpreta"",""cabeloafro"",""naturalhair"",""afrohair""]"
7501364682406776110,1746547633,"My new personal best black drum! Just over 40 inches, and the hardest fight of my life so far! What a monster!  #fishing #catch #bigfish #fyp ",5873,7.142169219956738e+18,Beat,192.0,f,https://tiktok.com/@/video/7501364682406776110,7428303235508044842,f,"[""fishing"",""catch"",""bigfish"",""fyp""]"
7506933218722155822,1747844111,Bitcoin Hit ANew ATH! What’s Next 5/21/2025 #btc #bitcoin #crypto #charts #ta ,8086,7.142169219956738e+18,Beat,192.0,f,https://tiktok.com/@/video/7506933218722155822,6752972223672402950,f,"[""btc"",""bitcoin"",""crypto"",""charts"",""ta""]"
7219172768040881450,1680844654,Hyper-realistic Nails! #changeiscoming #foryoupage #fyp #hyperrealistic #hyperrealisticnails #nailtech #nails #nailsart #foryou #diné #dinétiktok #acrylicnails #acrylic #natural #naturalnails #frenchtipnails ,12507,7.142169219956738e+18,Beat,192.0,f,https://tiktok.com/@/video/7219172768040881450,6828398896144188422,f,"[""changeiscoming"",""foryoupage"",""fyp"",""hyperrealistic"",""hyperrealisticnails"",""nailtech"",""nails"",""nailsart"",""foryou"",""din\u00e9"",""din\u00e9tiktok"",""acrylicnails"",""acrylic"",""natural"",""naturalnails"",""frenchtipnails""]"
7497632245231013162,1745678581,#BlackPawnGame #Streetwear #LuxuryApparel #washingtondc ,6026,7.142169219956738e+18,Beat,192.0,f,https://tiktok.com/@/video/7497632245231013162,6948436689728062470,f,"[""blackpawngame"",""streetwear"",""luxuryapparel"",""washingtondc""]"
7465214108342832406,1738130629,Smart invention ideas 🧑‍🔧 #asmr #asmrsound #diy #handyman #tools #repair ,71064,7.142169219956738e+18,Beat,192.0,f,https://tiktok.com/@/video/7465214108342832406,7348089449202631712,f,"[""asmr"",""asmrsound"",""DIY"",""handyman"",""tools"",""repair""]"
7221717986711719214,1681437254,Top 3 Favorite Luxury Moisturizers #favoritemoisturizer #luxuryskincare #skincare #moisturizers #skinprep #highendbeauty #flawlessskin #makeupartistpicks ,21214,7.142169219956738e+18,Beat,192.0,f,https://tiktok.com/@/video/7221717986711719214,6804817645504300038,f,"[""favoritemoisturizer"",""luxuryskincare"",""skincare"",""moisturizers"",""skinprep"",""highendbeauty"",""flawlessskin"",""makeupartistpicks""]"
7490567731830459670,1744033714,"Tip 2/3–Marriage🤵🏾‍♂️: ‘Know Thyself’. It’s OK to acknowledge your weaknesses, just make sure you’re proactively addressing them and not making excuses. Have you watched Netflix’s ‘Temptation Island’ yet? Let me know what you think in the comments. #MarriageTips #LifelongLearning #LoveWins #KnowThyself #HonestySavesTime ",9983,7.142169219956738e+18,Beat,192.0,f,https://tiktok.com/@/video/7490567731830459670,7063545085270950917,f,"[""marriagetips"",""lifelonglearning"",""lovewins"",""knowthyself"",""honestysavestime""]"
7414016054487174443,1726210140,Replying to @life.with.irma @𖣂 Short History of early settlement Ivanhoe California! Follow for more cities! #foryou #foryourepage #fyppage #fyp #history #ivanhoecalifornia #ivanhoeca #historytok #historytime #city #place #tularecounty ,7390,7.142169219956738e+18,Beat,192.0,f,https://tiktok.com/@/video/7414016054487174443,7354630584584668206,f,"[""foryou"",""foryourepage"",""fyppage"",""fyp"",""history"",""ivanhoecalifornia"",""ivanhoeca"",""historytok"",""HistoryTime"",""city"",""place"",""tularecounty""]"
7495762393482415382,1745243188,"kleanx_detail From swirls to shine transformation as i bring the paint back to life with a flawless correction and seal it witha glassy ceramic coat. The gloss is real! plus this car had very low mileage might as well protect this art !! The jobi did for was Down South Industries and they have the most authentic, low mileage and well kept old classic trucks and cars shoot a message to @hoop1173 for more info on there inventory If you're around Jacksonville FL and Surrounding areas make sure to use the booking link provided on my profile to book your ceramic coating and other detailing services #cardetailing #cleancars #detailingworldofficial #carsofjacksonville #mobiledetailing #reelsviral #jacksonvillefl #explorepage #cars ",9070,7.142169219956738e+18,Beat,192.0,f,https://tiktok.com/@/video/7495762393482415382,7375421386850763808,f,"[""cardetailing"",""cleancars"",""detailingworldofficial"",""carsofjacksonville"",""mobiledetailing"",""reelsviral"",""jacksonvillefl"",""explorepage"",""cars""]"
7253234950508629294,1688775374,Beta Breakdown- spicy slab thumbing #betabreakdown #climbinginstructor #climbingbeta #climbingmoves #slabclimbing #crimpstrength #rockclimbing #climbtok #climbingtiktok #bouldering #climber #climb #boulderingtiktok #boulderingtok #climbing #climbinglife #indoorclimbing #gymclimbing #newclimber #staticclimbing ,6568,7.142169219956738e+18,Beat,192.0,f,https://tiktok.com/@/video/7253234950508629294,7173171282738119726,f,"[""betabreakdown"",""climbinginstructor"",""climbingbeta"",""climbingmoves"",""slabclimbing"",""crimpstrength"",""rockclimbing"",""climbtok"",""climbingtiktok"",""bouldering"",""climber"",""climb"",""boulderingtiktok"",""boulderingtok"",""climbing"",""climbinglife"",""indoorclimbing"",""gymclimbing"",""newclimber"",""staticclimbing""]"
7514334722726612254,1749567418,Bitcoin Is Rippping 6/10/2025 #btc #bitcoin #crypto #charts #ta ,9498,7.142169219956738e+18,Beat,192.0,f,https://tiktok.com/@/video/7514334722726612254,7513209371857077294,f,"[""btc"",""bitcoin"",""crypto"",""charts"",""ta""]"
7428808615881952555,1729654297,Replying to @zac_wiggs Short History of early settlement Hughson California! Follow for more cities! #fyp #fypage #foryp #history #hughsoncalifornia #hughsonca #stanislauscounty #californiacity #californiatowns #historytime #historytok #cities #place #town #visit ,7207,7.142169219956738e+18,Beat,192.0,f,https://tiktok.com/@/video/7428808615881952555,7354630584584668206,f,"[""fyp"",""fypage"",""foryp"",""history"",""hughsoncalifornia"",""hughsonca"",""stanislauscounty"",""californiacity"",""californiatowns"",""HistoryTime"",""historytok"",""cities"",""place"",""town"",""visit""]"
7239526620996898091,1685583660,"This gorgeous penthouse rests on Billionaire’s Row, one of the most lavish parts of Manhattan, New York. It consists of a 360 degree view of the city, including a special view of Central Park, and it has 2 floors. On top of all this, the penthouse has 4 bedrooms, 4 bathrooms, and holds about 8,000 square foot of space.  How much do you think this house is worth? Drop your thoughts in the comments 👇  Credit from Instagram:  Via: @mega_mansions By: @dronehubmedia Cc: @franceskatzen @53w53 #elegant #home #house #modernhome #mansion #estate #newyork  #foryou #cityviews #mansions #houses #housesoftiktok #viral #fyp #rich #wealth #nycapartment #nyc #nyclife #penthouse ",11381,7.142169219956738e+18,Beat,192.0,f,https://tiktok.com/@/video/7239526620996898091,6898018092900205573,f,"[""elegant"",""Home"",""house"",""modernhome"",""mansion"",""estate"",""newyork"",""foryou"",""cityviews"",""mansions"",""houses"",""housesoftiktok"",""viral"",""fyp"",""rich"",""wealth"",""nycapartment"",""nyc"",""nyclife"",""penthouse""]"
7442038386581572910,1732734592,What should I teach next?  #crochet #howtocrochet #turorial ,6101,7.142169219956738e+18,Beat,192.0,f,https://tiktok.com/@/video/7442038386581572910,6806875528622097413,f,"[""crochet"",""howtocrochet"",""turorial""]"
7489221077193723167,1743720171,Get To Know Us #movingday#letushelpyou#movingcompany#fyp#content#trending  ,4435,7.142169219956738e+18,Beat,192.0,f,https://tiktok.com/@/video/7489221077193723167,7487384431755248682,f,"[""movingday"",""letushelpyou"",""movingcompany"",""fyp"",""content"",""trending""]"
7488464099647442222,1743543949,Marvel Legends Maximum Series Hulk🟢💪🏻 #hulk #marvellegends #actionfigures #spiderman #fyp #figtok #marvel #foryoupage #collector #plasticandpages ,4973,7.142169219956738e+18,Beat,192.0,f,https://tiktok.com/@/video/7488464099647442222,6874003908428858373,f,"[""hulk"",""marvellegends"",""actionfigures"",""spiderman"",""fyp"",""figtok"",""marvel"",""foryoupage"",""collector"",""plasticandpages""]"
7501983320872340758,1746691610,Desolé pour les termes mais cette esuipe des celtics me fatigue…  Gros respect aux Knicks qui montrent un visage tellement séduisants 🔥 Abonne toi pour suivre les playoffs tous les matins ⏰ #NBA #basketball #sport #playoff #knicks #celtics ,2750,7.142169219956738e+18,Beat,192.0,f,https://tiktok.com/@/video/7501983320872340758,7477722315766268951,f,"[""NBA"",""basketball"",""sport"",""playoff"",""knicks"",""celtics""]"
7435930962917117230,1731312610,El downtown de omaha nebraska! Esta genial! Tienes que visitarlo si vienes a omaha! #omaha #nebraska #viajes #travel #city #fyp,21291,7.142169219956738e+18,Beat,192.0,f,https://tiktok.com/@/video/7435930962917117230,104907289484013568,f,"[""omaha"",""nebraska"",""viajes"",""travel"",""city"",""fyp""]"
7325238427367132459,1705540001,🎙️Why #men should stay #single until a woman shows us these 16 things pt 1 of 4😮‍💨💎💪🏾✌🏾🤣🤣 #fyp #fypシ゚viral #foryoupage #theunpoplartruthpodcast #viral #trending #explore #relatable #tiktok #relationship #love #viralvideo #mentalhealth #memphis #dating #foll ,8864,7.142169219956738e+18,Beat,192.0,f,https://tiktok.com/@/video/7325238427367132459,6925463913443230725,f,"[""men"",""single"",""fyp"",""fyp\u30b7\u309aviral"",""foryoupage"",""theunpoplartruthpodcast"",""viral"",""trending"",""explore"",""relatable"",""tiktok"",""Relationship"",""Love"",""viralvideo"",""MentalHealth"",""memphis"",""dating"",""foll""]"
7485457726416440622,1742843987,"Protein Waffles 🧇 Macros: 327 calories, 26 carbs, 8 fat, 33 protein These macros are for the waffles ONLY, you can put whatever toppings you want but for just the waffles is the macros above 👍 Ingredients 30g flour 30g vanilla whey 59g egg 60ml milk 4g baking powder Splash of vanilla These waffles are so good and super easy to make. Took me not even 10 minutes to make them! #waffles #highprotein #proteinwaffles #proteinbreakfast #easyrecipes ",17564,7.142169219956738e+18,Beat,192.0,f,https://tiktok.com/@/video/7485457726416440622,6716304291219047430,f,"[""waffles"",""highprotein"",""proteinwaffles"",""proteinbreakfast"",""EasyRecipes""]"
7447390655850040618,1733980766,A lot of growth today. 🫡 ———————————————— Gear Used: 🛸: @Betafpv Air65 Freestyle 🥽: @DJI Official Goggles V2 + BDI Digidapter V2 + SpeedyBee VRX 🎮: @RadioMaster transmitters TX16s 4-in-1 with Ranger Micro ELRS Backpack  ———————————————— #fpv #tinywhoop #drone #LearnOnTikTok #fpvpilot #fpvdrone #betafpv #air65 #air65freestyle #fyp #foryoupage #foryou #viral #fpvfreestyle #fpvlife #fpvaddiction ,8299,7.142169219956738e+18,Beat,192.0,f,https://tiktok.com/@/video/7447390655850040618,6874642884882449413,f,"[""fpv"",""tinywhoop"",""drone"",""LearnOnTikTok"",""fpvpilot"",""fpvdrone"",""betafpv"",""air65"",""air65freestyle"",""fyp"",""foryoupage"",""foryou"",""viral"",""fpvfreestyle"",""fpvlife"",""fpvaddiction""]"
7467592267256057134,1738684393,"St. Louis Cardinals Player Predictions: Masyn Winn Follow for daily St. Louis sports videos! Full episodes available on YouTube, Spotify, and Amazon Music! Link in bio. Go subscribe! #stlouis #cardinals #baseball #mlbb #mlb #baseballlife #mlbbtiktok #mlbbttofficial #fyp #viralvideo #trending #sportsnews #sports #podcast #archcitysports ",4040,7.142169219956738e+18,Beat,192.0,f,https://tiktok.com/@/video/7467592267256057134,7353703242247423018,f,"[""stlouis"",""cardinals"",""baseball"",""mlbb"",""MLB"",""baseballlife"",""mlbbtiktok"",""mlbbttofficial"",""fyp"",""viralvideo"",""trending"",""SportsNews"",""sports"",""podcast"",""archcitysports""]"
7203849363745983787,1677276892,y’all I had a couple mishaps in this recording but i wasn’t about to redo it. this is a lot of work for ya girl but I hope you enjoyed the visuals none the less! #ButterflyPeaFlower #TeaLady #TeaDrinker #Fyp #WellHelloThere #tabithabrowntarget ,2021,7.142169219956738e+18,Beat,192.0,f,https://tiktok.com/@/video/7203849363745983787,7090716277556184107,f,"[""butterflypeaflower"",""tealady"",""teadrinker"",""fyp"",""wellhellothere"",""tabithabrowntarget""]"
7278780809824226593,1694723225,@delta just announced their biggest EVER change to the SkyMiles loyalty program 🔺💔✈️ #deltaskymiles #medallionmember #SkyMiles #DeltaAirlines #airlinestatustok #airlinestatusstrategy  Airline status change Airline status Frequent flyers  US airline status US airline,19033,7.142169219956738e+18,Beat,192.0,f,https://tiktok.com/@/video/7278780809824226593,7192264554377495557,f,"[""deltaskymiles"",""medallionmember"",""skymiles"",""deltaairlines"",""airlinestatustok"",""airlinestatusstrategy""]"
7350338309534551338,1711384024,The essentials for every hockey player! Keep a Howies accessory bag in your hockey bag! #wesco #hockey #hockeyshop #hockeytiktoks #hockeytok #hockeyequipment #player #tip #howies #hockeybag ,5748,7.142169219956738e+18,Beat,192.0,f,https://tiktok.com/@/video/7350338309534551338,7281802152591655982,f,"[""wesco"",""hockey"",""hockeyshop"",""hockeytiktoks"",""hockeytok"",""hockeyequipment"",""player"",""tip"",""howies"",""hockeybag""]"
7499591009081363754,1746134649,The nutmeg 🤌 The ball control 🫰 Kundananji 💫 #NWSL @Bay FC ,9527,7.142169219956738e+18,Beat,192.0,f,https://tiktok.com/@/video/7499591009081363754,6888503421549741061,t,"[""nwsl""]"
7424400382366944554,1728627933,Replying to @toritoryaaa Short History of early settlement Le Grand California! Follow for more cities! #fyppage #fyp #foryourepage #foryou #history #legrandcalifornia #legrandca #mercedcounty #historytok #historytime #cities #place #visit ,5891,7.142169219956738e+18,Beat,192.0,f,https://tiktok.com/@/video/7424400382366944554,7354630584584668206,f,"[""fyppage"",""fyp"",""foryourepage"",""foryou"",""history"",""legrandcalifornia"",""legrandca"",""mercedcounty"",""historytok"",""HistoryTime"",""cities"",""place"",""visit""]"
7481038223578254635,1741814975,"#greenscreen #mlb #mlbtok #nashville #nashvilletn #tennesseetitans #titans #nashvillepredators #nhl #nfl #baseball @Nashville, TN @GrandOleOpry ",9184,7.142169219956738e+18,Beat,192.0,f,https://tiktok.com/@/video/7481038223578254635,8453254,f,"[""greenscreen"",""MLB"",""mlbtok"",""nashville"",""nashvilletn"",""tennesseetitans"",""titans"",""nashvillepredators"",""NHL"",""nfl"",""baseball""]"
7315939782948015406,1703374983,"THEE gift guide for all godly girls! 🎀 for my single ladies, proverbs 31 wives, christian girls in college, and more…I got you covered okay!!  all products in my amazon storefront in link in bio (relationship guide too) comment below your fav gift idea 💕 #christiangifts #godlygirlcontent #proverbs31woman #womanofgod #godlywoman #christiangirltiktok #godlygifts #christiangiftideas #greenscreen #christiangiftsforwomen #christmasgiftguide #godlygirl #godlygirltalk #christianlifestyle #christmasshoppingguide #godlyrelationships #christiancouples #godlymarriage #waitingtillmarriage #singlechristian #christianwife #christiancollegegirl #collegechristiangirl ",7373,7.142169219956738e+18,Beat,192.0,f,https://tiktok.com/@/video/7315939782948015406,6791190957397738501,f,"[""christiangifts"",""godlygirlcontent"",""proverbs31woman"",""womanofgod"",""godlywoman"",""christiangirltiktok"",""godlygifts"",""christiangiftideas"",""greenscreen"",""christiangiftsforwomen"",""christmasgiftguide"",""godlygirl"",""godlygirltalk"",""christianlifestyle"",""christmasshoppingguide"",""godlyrelationships"",""christiancouples"",""godlymarriage"",""waitingtillmarriage"",""singlechristian"",""christianwife"",""christiancollegegirl"",""collegechristiangirl""]"
7387060592374418720,1719934082,Trying @Wendy’s in Florida for the first time! #florida #wendys #wendy #orlando #orlandoflorida #fyp #foodreview #tastetest #america ,5062,7.142169219956738e+18,Beat,192.0,f,https://tiktok.com/@/video/7387060592374418720,7332773826974090273,f,"[""florida"",""wendys"",""wendy"",""orlando"",""orlandoflorida"",""fyp"",""foodreview"",""tastetest"",""america""]"
7220447704185425198,1681141509,Replying to @mezforprez  LIFT WITH A D1 DANCE TEAM  #miami #umiami #college #athlete #fitness #sports #fyp #dance #dancer #danceteam #weights #gymtok #gains #d1 #sebastian #basketball #marchmadness #training #body #university #hurricanes ,10026,7.142169219956738e+18,Beat,192.0,f,https://tiktok.com/@/video/7220447704185425198,6725802542900921350,f,"[""miami"",""umiami"",""college"",""athlete"",""Fitness"",""sports"",""fyp"",""dance"",""dancer"",""danceteam"",""weights"",""GymTok"",""gains"",""d1"",""sebastian"",""basketball"",""MarchMadness"",""training"",""body"",""university"",""hurricanes""]"
7295030017761807647,1698506545,"Active recovery days are the most important days for athletes, this is where u should be doing injury precention work, something active but low workload, best part is icing ur joints and after the workout and watching some netflix, shout out @Revixcare for the care package, very clutch‼️💪🏽 #CapCut #fyp #recoveryispossible #activerecovery #fypシ゚viral #hoopertok #hooper #injurycheck #basketball #viral #legworkout #injuryprevention #training #ballislife🏀 #tipsforathletes ",6513,7.142169219956738e+18,Beat,192.0,f,https://tiktok.com/@/video/7295030017761807647,6758461142572844037,f,[]
7481612980606471455,1741948858,Homie fails botha test #tiktokshop #blacktiktok #tiktokhighlights #highlight #highlights #trending #fyp ,2759,7.142169219956738e+18,Beat,192.0,f,https://tiktok.com/@/video/7481612980606471455,6937120138476323846,f,"[""TikTokShop"",""BlackTikTok"",""tiktokhighlights"",""highlight"",""highlights"",""trending"",""fyp""]"
7222801423929462058,1681689513,Replying to @pieceofmine_ Showing the #rustoleumturbo car paint job I did in broad #utah daylight. This paint was never supposed to be perfect. I never expected it to be either. I wanted my car to not be multicolored and this was a quick and easy budget solution. I plan on tracking the car as well and beating the living crap out of it as my daily. Enjoy!  #acura #integra #gsr #dc2 #dc4  #honda #vtec #cartok #kanjo #jdm #fyp #rustoleum ,7421,7.142169219956738e+18,Beat,192.0,f,https://tiktok.com/@/video/7222801423929462058,6692463489712686085,f,"[""rustoleumturbo"",""utah"",""acura"",""integra"",""gsr"",""dc2"",""dc4"",""honda"",""vtec"",""cartok"",""kanjo"",""jdm"",""fyp"",""rustoleum""]"
7509431540653264150,1748425784,Bit of motivation to help get back on track if you feel lost. It’s all part of it at the end of the day it’s just how you respond to it that counts. HAPPY HUNTING GO GET THAT BAG💰🎯 #motivation #downbad #comeback #morningrun #mentalhealth #goals #positivity #grind #morninggrind ,3000,7.142169219956738e+18,Beat,192.0,f,https://tiktok.com/@/video/7509431540653264150,6838323542166569990,f,"[""motivation"",""downbad"",""comeback"",""morningrun"",""MentalHealth"",""goals"",""positivity"",""grind"",""morninggrind""]"
7480792299018997022,1741757701,Медицина в США #сша #америка #нашивсша #нашивамерике #жизньвамерике #жизньвсша ,10963,7.142169219956738e+18,Beat,192.0,f,https://tiktok.com/@/video/7480792299018997022,7275910539417551915,f,"[""\u0441\u0448\u0430"",""\u0430\u043c\u0435\u0440\u0438\u043a\u0430"",""\u043d\u0430\u0448\u0438\u0432\u0441\u0448\u0430"",""\u043d\u0430\u0448\u0438\u0432\u0430\u043c\u0435\u0440\u0438\u043a\u0435"",""\u0436\u0438\u0437\u043d\u044c\u0432\u0430\u043c\u0435\u0440\u0438\u043a\u0435"",""\u0436\u0438\u0437\u043d\u044c\u0432\u0441\u0448\u0430""]"
7513996500666518815,1749488664,Anyone have any experience trying this thing out? Let me know what you think!  #mobiledetailing #autodetailing #detailers #detailersoftiktok #detailing #paintcorrection #detailing #massachusetts #ceramiccoating #salisburyma #newburyportma #amesburyma #hamptonnh #boston #iykyk #massachuestts #favoritetool ,6297,7.142169219956738e+18,Beat,192.0,f,https://tiktok.com/@/video/7513996500666518815,7395041250094711851,f,"[""mobiledetailing"",""autodetailing"",""detailers"",""detailersoftiktok"",""detailing"",""paintcorrection"",""massachusetts"",""ceramiccoating"",""salisburyma"",""newburyportma"",""amesburyma"",""hamptonnh"",""boston"",""iykyk"",""massachuestts"",""favoritetool""]"
7477255802907184430,1740934315,Maxillary Third Molar Removal Step by Step 🔊🔊Dr. Wahan Experiment Video Podcast is out everywhere  🛠️🛠️Find these elevators at drwahan.com #thirdmolars #wisdomteethremoval #wisdomtooth #dentalinfluencer #oralsurgeon #seattlemet #seattle ,11450,7.142169219956738e+18,Beat,192.0,f,https://tiktok.com/@/video/7477255802907184430,6946956176605381637,f,"[""thirdmolars"",""wisdomteethremoval"",""wisdomtooth"",""dentalinfluencer"",""oralsurgeon"",""seattlemet"",""seattle""]"
7391288596763823406,1720918490,@Virginya Quiroz626  Short History of early settlement Indio ! Follow for more cities! #foryou #foryoupage #fy #history #indiocalifornia #historytok #historytime #city #place ,28496,7.142169219956738e+18,Beat,192.0,f,https://tiktok.com/@/video/7391288596763823406,7354630584584668206,f,"[""foryou"",""foryoupage"",""fy"",""history"",""indiocalifornia"",""historytok"",""HistoryTime"",""city"",""place""]"
7255024945086909738,1689192138,"Week of workouts - toned arms, hourglass body workout #tonedarms #weekofworkouts #workoutwithme #hourglassworkout #hourglassfigure #beginnerworkout #dumbbellworkout ",10067,7.142169219956738e+18,Beat,192.0,f,https://tiktok.com/@/video/7255024945086909738,7039857070516159535,f,"[""tonedarms"",""weekofworkouts"",""workoutwithme"",""hourglassworkout"",""hourglassfigure"",""beginnerworkout"",""dumbbellworkout""]"
7480768260204481838,1741752101,#greenscreen #clevelandcavaliers #cavaliers #cavs #nba #nbatok #nbayoungboy #celtics #bostonceltics #donovanmitchell #knicks #bucks #thunder #lakers #lalakers #okcthunder #denvernuggets @Cleveland Cavaliers ,4243,7.142169219956738e+18,Beat,192.0,f,https://tiktok.com/@/video/7480768260204481838,8453254,f,"[""greenscreen"",""clevelandcavaliers"",""cavaliers"",""cavs"",""NBA"",""nbatok"",""nbayoungboy"",""celtics"",""bostonceltics"",""donovanmitchell"",""knicks"",""bucks"",""thunder"",""lakers"",""lalakers"",""okcthunder"",""denvernuggets""]"
7515999491493874990,1749955034,ASMR for Marvel & Tool Fans 📐🦸‍♂️ You NEED to HEAR this! #marvel #asmr #fyp #mjolnir #satisfyingsounds #carpenter #oddlysatisfying #mcu #speedsquare ,12187,7.142169219956738e+18,Beat,192.0,f,https://tiktok.com/@/video/7515999491493874990,7347187283680052266,f,"[""marvel"",""asmr"",""fyp"",""mjolnir"",""satisfyingsounds"",""carpenter"",""oddlysatisfying"",""mcu"",""speedsquare""]"
7514374070650031391,1749576572,Eth market Update 6/10/2025 #eth #ethereum #crypto #charts #btc ,7964,7.142169219956738e+18,Beat,192.0,f,https://tiktok.com/@/video/7514374070650031391,7513209371857077294,f,"[""eth"",""ethereum"",""crypto"",""charts"",""btc""]"
7497613678490029343,1745674286,"Swing Hack 🧠⚾️: Get in your stance, hold a ball in your front hand, and swing like normal — release the ball straight toward your target. Clean direction = clean swing path. Train it. Feel it. Own it. Dialing this in will make you a way more consistent and dangerous hitter at the plate. #SwingHack #BaseballDrills #HittingTips #SwingPath #BaseballTraining #HittersWork #BaseballLife #GrindSeason"" DM me the word “SWING” for a free evaluation! 🚨 Want to Master your craft at XSP? Link in the Bio! #XSP #XSPTRIBE",10656,7.142169219956738e+18,Beat,192.0,f,https://tiktok.com/@/video/7497613678490029343,7320276161278313514,f,"[""swinghack"",""baseballdrills"",""hittingtips"",""swingpath"",""baseballtraining"",""hitterswork"",""baseballlife"",""grindseason"",""xsp"",""xsptribe""]"
7498444901466737966,1745867768,"One thing about me - I will be using my furniture flipping skills to my advantage. Our primary bedroom tv wall has been empty for too long and it was time to change that 🙂‍↕️ I picked up this cabinet for $50 from marketplace and knew it had the perfect bones to make into something ideal 👏🏻 I stripped away that orange stain with my sander and used an acetone method to help me in those harder to reach areas 🍊 After some testing, I settled on @Minwax red oak wood stain. I felt like it was the closest match to the wooden headboard in the bedroom 🛌 The final results blew me away. I could not be more happy with the vibe it brought to the space. Everything feels so homey, yet even more luxurious than before 🤩 What do you think, would something like this work in your home? 🤔 • • • • • #furnitureflip #furnituremakeover #paintedfurniture #upcycledfurniture #furniture #furniturerestoration #upcycle #furnitureartist #hoemdecor #furnituredesign #diyproject #refinishedfurniture #vintagefurnitureflip #vintage #chalkpainting #interiordecor #chalkpaintedfurniture #beforeandafter #furniturepainter #refurbishedfurniture #handpaintedfurniture #upcycled #upcycling #fusionmineralpaint #diyhimedecor #handpainted #paintedfurniturelove #furnitureflipper #restoredfurniture #furniturepainting",3763,7.142169219956738e+18,Beat,192.0,f,https://tiktok.com/@/video/7498444901466737966,124662256394452992,f,"[""furnitureflip"",""furnituremakeover"",""paintedfurniture"",""upcycledfurniture"",""furniture"",""furniturerestoration"",""upcycle"",""furnitureartist"",""hoemdecor"",""furnituredesign"",""diyproject"",""refinishedfurniture"",""vintagefurnitureflip"",""vintage"",""chalkpainting"",""interiordecor"",""chalkpaintedfurniture"",""beforeandafter"",""furniturepainter"",""refurbishedfurniture"",""handpaintedfurniture"",""upcycled"",""upcycling"",""fusionmineralpaint"",""diyhimedecor"",""handpainted"",""paintedfurniturelove"",""furnitureflipper"",""restoredfurniture"",""furniturepainting""]"
7496525166936165634,1745420783,"Ford F-350 for a full detail. Whole interior detailed with steamer I was making sure I destroyed all bacterias 😂 exterior- decontamination followed with 6 months paint protection- hydro graphene ceramic coating. Clean , shiny , smooth , protected ❤️ #keywestdetailing #cardetailing #keywest #ford#F350#florida#detailingvideo #viral #reel#girl#girldetailer #tattogirl#floridagirl #miami#orlando#gainesville#ocala#ocaladetailing#shiny #car#floridakeys",20587,7.142169219956738e+18,Beat,192.0,f,https://tiktok.com/@/video/7496525166936165634,7375421386850763808,f,"[""keywestdetailing"",""cardetailing"",""keywest"",""f350"",""florida"",""detailingvideo"",""reel"",""girl"",""girldetailer"",""tattogirl"",""floridagirl"",""miami"",""orlando"",""gainesville"",""ocala"",""ocaladetailing"",""shiny"",""floridakeys""]"
7237561398262336811,1685126088,Irish Football League Overview! #soccer #futbol #championsleague #europaleague #ireland @Shamrock Rovers FC  ,7495,7.142169219956738e+18,Beat,192.0,f,https://tiktok.com/@/video/7237561398262336811,7174919539028165674,f,"[""Soccer"",""futbol"",""championsleague"",""europaleague"",""ireland""]"
7513285894418238762,1749323225,Bitcoin Has Broken A BearTrap 6/7/2025 #btc #bitcoin #crypto #charts #ta ,12971,7.142169219956738e+18,Beat,192.0,f,https://tiktok.com/@/video/7513285894418238762,7513209371857077294,f,"[""btc"",""bitcoin"",""crypto"",""charts"",""ta""]"
7511369002170453294,1748876935,Bitcoin Market Update 6/2/2025 #btc #bitcoin #crypto #charts #ta ,6894,7.142169219956738e+18,Beat,192.0,f,https://tiktok.com/@/video/7511369002170453294,6752972223672402950,f,"[""btc"",""bitcoin"",""crypto"",""charts"",""ta""]"
7390693829952769310,1720780019,#slimshady #eminemrap #eminem #eminemtoktik #raptok #rapgod #hiphop #hiphopmusic #newmusic #deathofslimshady #rap #reniassance #habits #musicdiscussion #weird #greenscreen #foryou #foryoupage #insight ,13151,7.142169219956738e+18,Beat,192.0,f,https://tiktok.com/@/video/7390693829952769310,7184316258853635114,f,"[""slimshady"",""eminemrap"",""eminem"",""eminemtoktik"",""raptok"",""rapgod"",""hiphop"",""hiphopmusic"",""newmusic"",""deathofslimshady"",""rap"",""reniassance"",""habits"",""musicdiscussion"",""weird"",""greenscreen"",""foryou"",""foryoupage"",""insight""]"
7509504607798693142,1748442796,The best streetwear stores in Chicago 🇺🇸📍  Your top 3 guide to the best streetwear and sneaker shops in the windy city of Chicago 🍕  Which one are you going to?? 👀  #chicago #streetwear #streetwearstore #shopping #sneakers @RoundTwo_official @carhartt @Carhartt WIP  ,4993,7.142169219956738e+18,Beat,192.0,f,https://tiktok.com/@/video/7509504607798693142,7244119650081129499,f,"[""chicago"",""streetwear"",""streetwearstore"",""shopping"",""sneakers""]"
7446130985411956011,1733687475,New Fragrance Alert! 🔥👀🎁 Rasasi Hawas Fire 🔥  What are YOUR thoughts? 🤔 #cologne #colognes #fragrances #parfum #parfumtiktok #perfumetiktok #perfumetok #eaudeparfum #explorepage #tiktokgood #foryoupage ,18769,7.142169219956738e+18,Beat,192.0,f,https://tiktok.com/@/video/7446130985411956011,7405805127036322859,f,"[""cologne"",""colognes"",""fragrances"",""parfum"",""parfumtiktok"",""perfumetiktok"",""perfumetok"",""eaudeparfum"",""explorepage"",""tiktokgood"",""foryoupage""]"
7267695832441343274,1692142310,I never include lunch time but we be vibing and eating swell 😊 #foryoupage #trending #viral #collegelife #summercollegeclass #freshmanyear #nyc #bmcc #citytechcuny #dayinmylifevlog #blackvlogger ,7960,7.142169219956738e+18,Beat,192.0,f,https://tiktok.com/@/video/7267695832441343274,7139333640064287787,f,"[""foryoupage"",""trending"",""viral"",""collegelife"",""summercollegeclass"",""freshmanyear"",""nyc"",""bmcc"",""citytechcuny"",""dayinmylifevlog"",""blackvlogger""]"
7490617024360516895,1744045233,"@DUBAI PERFUME LLC  📍 11429 Harry Hines Blvd Dallas, TX 75229  Dubai perfumes hit different—one spray and it’s giving all-day elegance. Don’t say I never put you on.  #dubaiperfumes #dubaiperfume #LuxuryScents  #FragranceTok #dubai #PerfumeCollection #perfumetok #ScentOfTheDay #dallas #dfw",4844,7.142169219956738e+18,Beat,192.0,f,https://tiktok.com/@/video/7490617024360516895,6789269024258655237,f,"[""dubaiperfumes"",""dubaiperfume"",""luxuryscents"",""fragrancetok"",""dubai"",""perfumecollection"",""perfumetok"",""scentoftheday"",""dallas"",""dfw""]"
7229655068960869678,1683285258,"@@Queendom Cultivation  I’m sure you’ve heard of Red, Green and Blue Calcite but have you heard of Honey Calcite? 🍯 This is an amazing crystal to have in your collection if you are in need of a boost of confidence, motivation or creativity. ✨ #queendomcultivation #lasvegascrystalshop #honeycalcite #calcite #crystalstore #metaphysicalhealing",6049,7.142169219956738e+18,Beat,192.0,f,https://tiktok.com/@/video/7229655068960869678,7079103324910765099,f,"[""queendomcultivation"",""lasvegascrystalshop"",""honeycalcite"",""calcite"",""crystalstore"",""metaphysicalhealing""]"
7266959909583981866,1691970966,New Dodge Charger Headlights from @VLAND 😏😏 #dodge #charger #fypシ #carsoftiktok #headlights #rgb #rgbw #vland #bmw #toyota #chevy #ford #subaru ,17738,7.142169219956738e+18,Beat,192.0,f,https://tiktok.com/@/video/7266959909583981866,6752654761407677445,f,"[""dodge"",""charger"",""fyp\u30b7"",""carsoftiktok"",""headlights"",""rgb"",""rgbw"",""vland"",""bmw"",""toyota"",""chevy"",""ford"",""subaru""]"
7307291144759610666,1701361324,Gov. Bill Lee unveils his new #schoolvouchers plan. #nashvillenews #leviismail #school ,4372,7.142169219956738e+18,Beat,192.0,f,https://tiktok.com/@/video/7307291144759610666,6945095463327859718,t,"[""schoolvouchers"",""nashvillenews"",""leviismail"",""school""]"
7478531055419477278,1741231231,"📢 Te explico cómo hacer la dieta carnívora más efectiva para perder peso sin efecto rebote. | How to make the carnivore diet more effective for weight loss without rebound effects. 🥩🔥 Aprende a adaptarte, hacerla más estricta y acelerar tu progreso. 💪 #DietaCarnívora #CarnivoreDiet #PérdidaDePeso #WeightLoss #CarnivoreKeto #RecetasCarnívoras #CarnivoreRecipes #BajarDePeso #SinEfectoRebote #NoRebound #KetoCarnívoro #CarnivoreTransformation #KetoLife #LowCarbLife #Carne #HighProtein",3697,7.142169219956738e+18,Beat,192.0,f,https://tiktok.com/@/video/7478531055419477278,6992704363509351429,f,"[""dietacarn\u00edvora"",""carnivorediet"",""p\u00e9rdidadepeso"",""weightloss"",""carnivoreketo"",""recetascarn\u00edvoras"",""carnivorerecipes"",""bajardepeso"",""sinefectorebote"",""norebound"",""ketocarn\u00edvoro"",""carnivoretransformation"",""ketolife"",""lowcarblife"",""carne"",""highprotein""]"
7479666006672051487,1741495478,Что я ес за день и как похудела на 17 кг #чтояемзадень ,13814,7.142169219956738e+18,Beat,192.0,f,https://tiktok.com/@/video/7479666006672051487,7275910539417551915,f,"[""\u0447\u0442\u043e\u044f\u0435\u043c\u0437\u0430\u0434\u0435\u043d\u044c""]"
7511878821805690154,1748995616,I get a lot of questions about #repairs on #sisterlocks and #microlocs so I made you all a quick #tutorial ✨ #sparklecoachsays #krownandglory #sparklelocsacademy #fyppppppppppppppppppppppp ,3920,7.142169219956738e+18,Beat,192.0,f,https://tiktok.com/@/video/7511878821805690154,6831950482241209350,f,"[""repairs"",""sisterlocks"",""microlocs"",""tutorial"",""sparklecoachsays"",""krownandglory"",""sparklelocsacademy"",""fyppppppppppppppppppppppp""]"
7379736597039828255,1718228876,Just a quick lil tutorial on how to use a wash rag/ wash cloth #howto #howtotiktok #blacktiktok #blacktiktokcommunity #washcloth #washrag #tiktok ,7890,7.142169219956738e+18,Beat,192.0,f,https://tiktok.com/@/video/7379736597039828255,6812906825877931013,f,"[""howto"",""howtotiktok"",""BlackTikTok"",""blacktiktokcommunity"",""washcloth"",""washrag"",""tiktok""]"
7508770885885529387,1748272001,"We got the Scales you need! The OG Bubba and the PRO! Stop by, we will fix you up right!#supportsmallbusiness #bassfishing #tackleshop #highquality ",9934,7.142169219956738e+18,Beat,192.0,f,https://tiktok.com/@/video/7508770885885529387,7417649598820680750,f,"[""supportsmallbusiness"",""bassfishing"",""tackleshop"",""highquality""]"
7488938234567871774,1743654356,#fyp #vietnamese #foodie #foryoupage #dallastx ,13857,7.142169219956738e+18,Beat,192.0,f,https://tiktok.com/@/video/7488938234567871774,6777622701982221318,f,"[""fyp"",""vietnamese"",""Foodie"",""foryoupage"",""dallastx""]"
7304670250145041707,1700751094,#bodybuilding #bodybuilder #gymtok #allnattybro #ashwagandha #ekkovision #buckedup #allnatty #naturalbodybuilding ,24629,7.142169219956738e+18,Beat,192.0,f,https://tiktok.com/@/video/7304670250145041707,6774484082246059013,f,"[""bodybuilding"",""bodybuilder"",""GymTok"",""allnattybro"",""ashwagandha"",""ekkovision"",""buckedup"",""allnatty"",""naturalbodybuilding""]"
7466195561381661994,1738359162,Unboxing a Nice NLBN supply drop for our Florida trip 😮‍💨 . @J_ba_by @Elijah Perez @Beyond Braid @NoLiveBaitNeeded  . #fish #fishing #fishtok #fishinglife #fyp #foryoupage #yknottoutfitters #fishingtiktoks #fisherman #fishingtips #bass #largemouthbass #florida #floridafishing #snook #saltwaterfishing #unboxing #tackle #fishingtackle #nlbn #nolivebaitneeded ,5931,7.142169219956738e+18,Beat,192.0,f,https://tiktok.com/@/video/7466195561381661994,7362684041881469998,f,"[""fish"",""fishing"",""fishtok"",""fishinglife"",""fyp"",""foryoupage"",""yknottoutfitters"",""fishingtiktoks"",""fisherman"",""fishingtips"",""bass"",""largemouthbass"",""florida"",""floridafishing"",""snook"",""saltwaterfishing"",""unboxing"",""tackle"",""fishingtackle"",""nlbn"",""nolivebaitneeded""]"
7216715689413987630,1680272570,"Give the search engines what they love! Schema markup is an advanced SEO technique thst very few people are aware of that totally differntiates uou from your competitors in the search results. If you are looking to drive more traffic and stand out amongst your competitors, this technique is something I highly recommemd. #seo #seocompany #googleseo #internetmarketing #seotips ",9652,7.142169219956738e+18,Beat,192.0,f,https://tiktok.com/@/video/7216715689413987630,7113306352412394539,f,"[""seo"",""seocompany"",""googleseo"",""internetmarketing"",""seotips""]"
7499897749551320350,1746206049,Would you buy a car out of state? #mercedeswithjacob #mercedesboffman #mercedes #dealertok #fyp #shipping cars #sl63 #g63 #amg #dealership #Zeigler ,14391,7.142169219956738e+18,Beat,192.0,f,https://tiktok.com/@/video/7499897749551320350,6761987959422501894,f,"[""mercedeswithjacob"",""mercedesboffman"",""mercedes"",""dealertok"",""fyp"",""shipping"",""sl63"",""g63"",""amg"",""dealership"",""zeigler""]"
7262066930566139182,1690831731,Reviewing @spelunkersburgers the Philly cheesesteak was one of the best in this area‼️ bacon cheeseburger was good as well. #foodreview  #localfoodie  #dmvfoodie  #phillycheesesteak  #cheeseburger  #foodcritic  #vafoodie #cheesepull  #fyp  #mukbang  #foodie  #foodlover  #winchesterva  #frontroyalva    #giftcardgiveaways ,7755,7.142169219956738e+18,Beat,192.0,f,https://tiktok.com/@/video/7262066930566139182,7038245848782898182,f,"[""foodreview"",""localfoodie"",""dmvfoodie"",""phillycheesesteak"",""cheeseburger"",""foodcritic"",""vafoodie"",""cheesepull"",""fyp"",""mukbang"",""Foodie"",""FoodLover"",""winchesterva"",""frontroyalva"",""giftcardgiveaways""]"
7499485892114124054,1746110132,Et si les Rockets venaient renverser les Warriors ? 🤔 #basketball #warriors #curry #rockets ,3694,7.142169219956738e+18,Beat,192.0,f,https://tiktok.com/@/video/7499485892114124054,7477722315766268951,f,"[""basketball"",""warriors"",""curry"",""rockets""]"
7236581148569128235,1684897862,RESTOCK/ASMR some essentials with me ! 🫶🏼 #esthetiantiktok #fyp #fypシ #fypシ゚viral #aesthetic #chicagoesthetician #beauty #lashes #waxing #brows #skincare #resrock #asmr #illinois ,3815,7.142169219956738e+18,Beat,192.0,f,https://tiktok.com/@/video/7236581148569128235,7209406326946120747,f,"[""esthetiantiktok"",""fyp"",""fyp\u30b7"",""fyp\u30b7\u309aviral"",""aesthetic"",""chicagoesthetician"",""beauty"",""lashes"",""waxing"",""brows"",""skincare"",""resrock"",""asmr"",""illinois""]"
7515067453186051370,1749738008,"You’re not just a stylist. You’re a business. Ready to work in a space that treats you like an entrepreneur instead of an employee? ✨ Your talent deserves more. ✨ Your brand deserves to shine. ✨ Your clients deserve an experience — not just a chair. At Opulent Oasis Beauty Studios, we support beauty pros ready to boss all the way up — with luxury suites, concierge service, and real business coaching that moves the needle. You want to grow? Get in an environment built for growth. 📍Farmington, MI 📲 Link in bio to schedule a private tour. #salonsuite #salonsuiteowner #salonsuitelife #beautybusiness #detroithair #entrepreneurship #estheticianlife #novimi ",6439,7.142169219956738e+18,Beat,192.0,f,https://tiktok.com/@/video/7515067453186051370,7302637601038107690,f,"[""salonsuite"",""salonsuiteowner"",""salonsuitelife"",""beautybusiness"",""detroithair"",""entrepreneurship"",""estheticianlife"",""novimi""]"
7497094219014655275,1745553329,"671 lynx mountain 📍 Step into luxury with your dream home located in San Antonio, Tx 📍 this brand new renovated property is located one minute away from SeaWorld 🤯 having a home like this within city limits is to die for!!! This home is full of luxury finishes 🔑 what looks like $1 million home is only 340,000 The home consist of: $340,000 4 bedroom  2.5  bathroom 2,100 Sqft   . . .  Requirements:  580 credit score  2 years of work history 2 years of tax returns  2 months of bank statements 2 months of pay stubs . . .  ⬇️ Contact me today to schedule a tour! 📱: 210.716.1516 📩: aguilarnick1@gmail.com . . .  #sanantoniohomesforsale #sanantonio #sa #realestatea #realtor #sanantonio #sanantoniotx #mcmansion #luxurylifestyle #dallas #austin #sanmarcos #texas #california #houses #apartments #luxury #explorerpage #stoneoak #liveoak #seguin #bulverde #springbranch #texas #us #homes #houses #apartments #dreamhome #explorer #taxes #love #God #luxury #million #tour #hometour #housetour #viral",5476,7.142169219956738e+18,Beat,192.0,f,https://tiktok.com/@/video/7497094219014655275,7100754228565541931,f,"[""sanantoniohomesforsale"",""sanantonio"",""sa"",""realestatea"",""realtor"",""sanantoniotx"",""mcmansion"",""luxurylifestyle"",""dallas"",""austin"",""sanmarcos"",""texas"",""california"",""houses"",""apartments"",""luxury"",""explorerpage"",""stoneoak"",""liveoak"",""seguin"",""bulverde"",""springbranch"",""us"",""homes"",""dreamhome"",""explorer"",""taxes"",""Love"",""god"",""million"",""tour"",""hometour"",""housetour"",""viral""]"
7502129356584619294,1746725621,"This one is going pretty strong on my skin already, this is pretty solid pick at this price point 👀 Shoutout to Cal for the great suggestion 🙌  #fragrance #datascents #atraliaquantum #alberteinsteinquantum #summerfragrance #budgetfragrance",8222,7.142169219956738e+18,Beat,192.0,f,https://tiktok.com/@/video/7502129356584619294,7469608210560975903,f,"[""fragrance"",""datascents"",""atraliaquantum"",""alberteinsteinquantum"",""summerfragrance"",""budgetfragrance""]"
7492385495985491242,1744457028,"You loved it when the last luxury property we toured had a hidden pantry, and this one does too! I'm trademarking calling it the #cookienook - do you need one as much as I do?! #mnrealtor #mnrealestate #minnesotahomes #buyersagent #twincities #twincitiesmn #twincitiesrealestate #twincitiesrealtor #twincitieshomes #mnhomesearch #mnhomesforsale #relocatingtominnesota #CLHMS #globalluxury ",4915,7.142169219956738e+18,Beat,192.0,f,https://tiktok.com/@/video/7492385495985491242,7089119970181612587,f,"[""cookienook"",""mnrealtor"",""mnrealestate"",""minnesotahomes"",""buyersagent"",""twincities"",""twincitiesmn"",""twincitiesrealestate"",""twincitiesrealtor"",""twincitieshomes"",""mnhomesearch"",""mnhomesforsale"",""relocatingtominnesota"",""clhms"",""globalluxury""]"
7503579778482490646,1747063314,George Foreman- L’histoire d’un homme qui a trouvé la foi… et l’a ramenée sur le ring. #GeorgeForeman #Boxe #HistoireVraie #Motivation  #Foi #Champ,3018,7.142169219956738e+18,Beat,192.0,f,https://tiktok.com/@/video/7503579778482490646,6877172889956107266,f,"[""georgeforeman"",""boxe"",""histoirevraie"",""motivation"",""foi"",""champ""]"
7478949320658586911,1741328650,Replying to @youngblud190 @Luis Rodriguez Short History of early settlement San Joaquin California! Follow for more cities! #fyp #foryoupage #fypage #foryp #sanjoaquincalifornia #sanjoaquinca #sanjoaquincahistory #exploringsanjoaquinca #fresnocounty #californiacity #smalltown #historytok #historytime #place #visit #travel #centralvalleyca ,4656,7.142169219956738e+18,Beat,192.0,f,https://tiktok.com/@/video/7478949320658586911,7354630584584668206,f,[]
7282861422197869855,1695673321,Watch me create gold accent nails!✨  #gel #nails #fallnailinspo #nailsoftiktok #soothing #nailart #blackwomenoftiktok #nailsnailsnails #ignails #cutenails #atlnailtech #atlnails #nailsartvideos #fyp #atlfyp #foryou #nails💅 #gelx #gelxnails ,19645,7.142169219956738e+18,Beat,192.0,f,https://tiktok.com/@/video/7282861422197869855,6796031439226995718,f,"[""gel"",""nails"",""fallnailinspo"",""nailsoftiktok"",""soothing"",""nailart"",""blackwomenoftiktok"",""nailsnailsnails"",""ignails"",""cutenails"",""atlnailtech"",""atlnails"",""nailsartvideos"",""fyp"",""atlfyp"",""foryou"",""nails\ud83d\udc85"",""gelx"",""gelxnails""]"
7438624584498171178,1731939760,A clean fade tutorial! A perfect haircut for clients who want a sharp look with minimal upkeep. @babylissprobarber @babylisspro_barberology @behindthechair_com #btcxbarberology #btcxbabylissprobarber #btcxfxone #behindthechair #btcsampling,11876,7.142169219956738e+18,Beat,192.0,f,https://tiktok.com/@/video/7438624584498171178,7022476292793222149,f,"[""btcxbarberology"",""btcxbabylissprobarber"",""btcxfxone"",""behindthechair"",""btcsampling""]"
7492996050819550494,1744599122,DONT FALL FOR IT #fyp #minimumwage #25dollars #worker #workingclass #bluecollarboys #whitecollar #towers #trolls #bots ,7471,7.142169219956738e+18,Beat,192.0,f,https://tiktok.com/@/video/7492996050819550494,7072065133383517230,f,"[""fyp"",""minimumwage"",""25dollars"",""worker"",""workingclass"",""bluecollarboys"",""whitecollar"",""towers"",""trolls"",""bots""]"
7503332932631809311,1747005865,"This one surprised me, very beautiful blend between the masculine and citrus, can’t wait to test it out! How’d you guys feel about it? #fragrance #datascents #afnansupremacycollectorsedition #supremacycollectorsedition #masculinefragrances ",6091,7.142169219956738e+18,Beat,192.0,f,https://tiktok.com/@/video/7503332932631809311,7469608210560975903,f,"[""fragrance"",""datascents"",""afnansupremacycollectorsedition"",""supremacycollectorsedition"",""masculinefragrances""]"
7421212616393002282,1727885717,Replying to @miriamayala1024 Short History of early settlement Kettleman City California! Follow for more cities! #fyppage #fyp #foryourepage #foryou #history #kettlemancityca #kettlemancitycalifornia #kingscountyca #historytok #historytime #cities #place #visit ,9223,7.142169219956738e+18,Beat,192.0,f,https://tiktok.com/@/video/7421212616393002282,7354630584584668206,f,"[""fyppage"",""fyp"",""foryourepage"",""foryou"",""history"",""kettlemancityca"",""kettlemancitycalifornia"",""kingscountyca"",""historytok"",""HistoryTime"",""cities"",""place"",""visit""]"
7504334705790045471,1747239091,"Who really should pick up the bill? In a world of equality, many women still expect men to pay — even when they say it’s “50/50.” What do YOU think? Should men always pay? Should couples split 50/50? We’re diving into real studies that show even today, traditional expectations still dominate dating. Let’s talk about the tension between feminism and chivalry — and who gets stuck with the check. 💬 Comment what YOU do on dates. 👇 #WhoShouldPay #FirstDateRules #DatingDebate #50Split #GenderRoles #EqualityVsTradition #ModernLove #RelationshipTalk #HePaysSheStays #TikTokDebate Lever, J., Frederick, D. A., & Hertz, R. (2015). Who Pays for Dates? Following versus Challenging Gender Norms Sage Open, 5(4).",4703,7.142169219956738e+18,Beat,192.0,f,https://tiktok.com/@/video/7504334705790045471,6841189266695275526,f,"[""whoshouldpay"",""firstdaterules"",""datingdebate"",""50split"",""genderroles"",""equalityvstradition"",""modernlove"",""relationshiptalk"",""hepaysshestays"",""tiktokdebate""]"
7228261176147315974,1682960706,Série: The Sopranos (1999) Disponível: HBO Max S01E01 #TrechosDeFilmes #FilmesDublados #DicasDeSéries  #Sopranos  #MembersOnly ,8283,7.142169219956738e+18,Beat,192.0,f,https://tiktok.com/@/video/7228261176147315974,7228237316677370886,f,"[""trechosdefilmes"",""filmesdublados"",""dicasdes\u00e9ries"",""sopranos"",""membersonly""]"
7479117927447416110,1741367883,#greenscreen #goldenstate #warriors #gsw #stephcurry #stephencurry #draymondgreen #draymond #chasecenter #jimmybutler #nba #nbatok #lebron #lebronjames ,3525,7.142169219956738e+18,Beat,192.0,f,https://tiktok.com/@/video/7479117927447416110,8453254,f,"[""greenscreen"",""goldenstate"",""warriors"",""gsw"",""stephcurry"",""stephencurry"",""draymondgreen"",""draymond"",""chasecenter"",""jimmybutler"",""NBA"",""nbatok"",""lebron"",""lebronjames""]"
7249540076915445038,1687915093,"New spec house 🏡 new series on how we build houses 💪🔨! This is a fun process, let me walk 🚶‍♂️you through it! #howto #contractor #homebuilder #homebuilding #diy #builder ",12747,7.142169219956738e+18,Beat,192.0,f,https://tiktok.com/@/video/7249540076915445038,6717432843377001477,f,"[""howto"",""contractor"",""homebuilder"",""homebuilding"",""DIY"",""builder""]"
7510418819328871722,1748655688,"BEST VALUE IN LAS VEGAS!! 4 bed 2.5 bath 1752sqft for 399,000 Have you seen a better deal did I mention a backyard 😉  #lasvegashomes #vegashomes #homesforsale #houseforsale #hometour #townhome #snowtour #lasvegasrealestate ",9675,7.142169219956738e+18,Beat,192.0,f,https://tiktok.com/@/video/7510418819328871722,7311050320775644202,f,"[""lasvegashomes"",""vegashomes"",""homesforsale"",""houseforsale"",""hometour"",""townhome"",""snowtour"",""lasvegasrealestate""]"
7255360810187328811,1689270336,"Its never too late to start working on yourself. Im beginning my self-improvement journey at the age of 46, and I hope you’ll join me! #selfimprovement #womenover40 #fitnessjourneyover40 #workingonmyself #selflove #selfcare ",6256,7.142169219956738e+18,Beat,192.0,f,https://tiktok.com/@/video/7255360810187328811,6841194614382593030,f,"[""selfimprovement"",""womenover40"",""fitnessjourneyover40"",""workingonmyself"",""selflove"",""SelfCare""]"
7264801452495834410,1691468405,Welcome back to my life as a DEI PROGRAM MANAGER.  Ive been ducked off baking a sweet baby girl but the work has not stopped! Excited about this new project ☺️ follow for more!  #dayinthelife #careertiktok #programmanager #blackgirltiktok #fyp #projectmanager #diversityandinclusion #employeeresourcegroups #workingwhilepregnant ,5027,7.142169219956738e+18,Beat,192.0,f,https://tiktok.com/@/video/7264801452495834410,7049846767689876485,f,"[""dayinthelife"",""careertiktok"",""programmanager"",""blackgirltiktok"",""fyp"",""projectmanager"",""diversityandinclusion"",""employeeresourcegroups"",""workingwhilepregnant""]"
7236166396747566378,1684801286,"One of the better spots I’ve tried - @Dirt Dog at their Commerce location 🌭 Insane food, great service, and welcoming atmosphere. 10/10 #dirtdog #commerce #foodreviews #elotedog #carneasadatacos #foodtiktok ",11725,7.142169219956738e+18,Beat,192.0,f,https://tiktok.com/@/video/7236166396747566378,7056851625925788718,f,"[""dirtdog"",""commerce"",""foodreviews"",""elotedog"",""carneasadatacos"",""foodtiktok""]"
7226494857236253994,1682549457,Day in the life of a 1st year med student🩺#CapCut #fyp #blackgirl #medstudent #blackmedstudent #medschool #dayinthelife ,7096,7.142169219956738e+18,Beat,192.0,f,https://tiktok.com/@/video/7226494857236253994,6776833481656157189,f,"[""capcut"",""fyp"",""blackgirl"",""medstudent"",""blackmedstudent"",""medschool"",""dayinthelife""]"
7233023991655501098,1684069651,Replying to @pietgoosen78 review of solar pond aerator. Can do cheaper if savey. But much better than buying complete kits.  #fyp #pondhealth #solar #aerator #review #2000$ ,15113,7.142169219956738e+18,Beat,192.0,f,https://tiktok.com/@/video/7233023991655501098,6587567833890177029,f,"[""fyp"",""pondhealth"",""solar"",""aerator"",""review"",""2000""]"
7218911498863725866,1680783854,Headlight restoration ln Nissan Máxima #instclear #indtaclearhr #headlightrestoration🔥🔥🔥🔥🔥🔥 #houstontx #nissanmaxima #screammovie ,12652,7.142169219956738e+18,Beat,192.0,f,https://tiktok.com/@/video/7218911498863725866,6814391418951386117,f,"[""instclear"",""indtaclearhr"",""headlightrestoration\ud83d\udd25\ud83d\udd25\ud83d\udd25\ud83d\udd25\ud83d\udd25\ud83d\udd25"",""houstontx"",""nissanmaxima"",""screammovie""]"
7397622990667648299,1722393330,"Want to grow your glutes? 🍑 Try this Glute Isolation workout! This routine will target your glutes from all angles, focusing on maintaining tension for max gains 🔥  Outfit: @Women‘s Best | collection: Define | Code: FRENCHFIT 💕 Workout Breakdown: 1. Elevated Banded Kettlebell RDL with 3-Second Hold at Bottom: 3 sets of 10 reps. Rest 60 sec between sets. (The band adds extra resistance to challenge your glutes even more.) 2. Elevated Curtsy Lunges with 2 Pulses: 3 sets of 10 reps each leg. Rest 60 sec between sets. (Elevating your foot adds more range of motion and intensity) 3. Elevated Sumo Squat with 3-Second Pause at Bottom: 3 sets of 12 reps. Rest 60 sec between sets. (The pause at the bottom emphasizes the contraction, working those glutes harder) 4. Weighted Clamshells: 3 sets of 12-15 reps each side. Rest 45 sec between sets. (Slow and controlled movements with a slight pause at the top) 5. Banded Hip Thrust Combo: 3 sets of: - 5 reps with a 5-second hold followed by 10 regular reps without taking any rest in between. Rest 60 sec between sets. (This combo will have your glutes crying 😭🥵) Remember, quality over quantity! Focus on controlled movements and maintaining tension throughout each exercise. Staying under tension is the ultimate way for muscle growth and strength! Let's work 💪🏽 #glutesworkout #gluteisolationexercises #legday #fitness #fitnessmotivation #workoutroutine #fitnessroutine #voiceover #fittok #fyp ",5887,7.142169219956738e+18,Beat,192.0,f,https://tiktok.com/@/video/7397622990667648299,6796409118837212166,f,[]
7510567982809156910,1748690835,The structure matters more than you think. This is what makes an impact. ⚖️🔥 #CriminalDefense #ellispalividas #TikTokLawyer #Sentencing #LegalTikTok #EllisLegal #criminaldefenselawyer ,4135,7.142169219956738e+18,Beat,192.0,f,https://tiktok.com/@/video/7510567982809156910,7483215975257900074,f,"[""criminaldefense"",""ellispalividas"",""tiktoklawyer"",""sentencing"",""legaltiktok"",""ellislegal"",""criminaldefenselawyer""]"
7250968795764886830,1688247742,Bahrain Football League is Here! #soccer #futbol #bahrain #championsleague #europaleague @YAD Oud  | يد عود ♪ @AFC ,6050,7.142169219956738e+18,Beat,192.0,f,https://tiktok.com/@/video/7250968795764886830,7174919539028165674,f,"[""Soccer"",""futbol"",""bahrain"",""championsleague"",""europaleague""]"
7513340504134798622,1749335931,"🌲✨ Dispersed camping dreams do come true! Set up just 20 feet from a hidden waterfall — no crowds, no reservations, just nature’s soundtrack. 🏕️💧 This is what off-grid peace looks like.   #DispersedCamping #WaterfallCamping #NatureEscape #CampingVibes #OffGridLife #camptok ",2748,7.142169219956738e+18,Beat,192.0,f,https://tiktok.com/@/video/7513340504134798622,6998511473107026950,f,"[""dispersedcamping"",""waterfallcamping"",""natureescape"",""campingvibes"",""offgridlife"",""camptok""]"
7358242042008407342,1713224251,Happy Monday! 😎🤍 #askforedward #honda #hondaworldwestminster #ochondaworld #acura #2022acuramdx #cartour #cartok,17995,7.142169219956738e+18,Beat,192.0,f,https://tiktok.com/@/video/7358242042008407342,7245326188252890158,f,"[""askforedward"",""honda"",""hondaworldwestminster"",""ochondaworld"",""acura"",""2022acuramdx"",""cartour"",""cartok""]"
7450305783000173870,1734659495,"At this Hakata-style ramen spot, expect lines for ultra-rich tonkotsu broth, firm noodles, and tender chashu. #infatuationseattle #seattlefood #bestfoodseattle #seattlefood #capitolhill #capitolhillrestaurants ",8540,7.142169219956738e+18,Beat,192.0,f,https://tiktok.com/@/video/7450305783000173870,7150388459218666538,t,"[""infatuationseattle"",""seattlefood"",""bestfoodseattle"",""capitolhill"",""capitolhillrestaurants""]"
7503640896768986390,1747077544,#barbershop #coiffurehomme #freshcut #barberlifestyle #blackbarber #Taperfade @nathalybarber @Maniang Reus🇸🇳 @NDIOL_MI🇸🇳 ,1546,7.142169219956738e+18,Beat,192.0,f,https://tiktok.com/@/video/7503640896768986390,7388140329218737184,f,"[""barbershop"",""coiffurehomme"",""freshcut"",""barberlifestyle"",""blackbarber"",""taperfade""]"
7472415657276099870,1739807404,Everyone deserves their Dignity when they return home from Prison. That means getting them access to resources to start with #prison #prisontok #secondchance #reentrymatters #explorepage #advocate #resources #helpothers #dignity #selfworth ,2686,7.142169219956738e+18,Beat,192.0,f,https://tiktok.com/@/video/7472415657276099870,7196505102596473898,f,"[""prison"",""prisontok"",""secondchance"",""reentrymatters"",""explorepage"",""advocate"",""resources"",""helpothers"",""dignity"",""selfworth""]"
7496251870910975275,1745357191,"New research reveals a topical cream that not only enhances skin quality but also uplifts mood and intimacy. Dive into the science behind this groundbreaking discovery!  @XOMD Skin and Mood Care #Moodceutical #XOMDskin #SkincareInnovation #SelfConfidence #QualityOfLife #TopicalTreatment #BeautyScience #SkinCareRoutine #HealthAndWellness Fabi, Sabrina G., et al. ""Unlocking the psycho-social-dermal axis: A double blinded randomized placebo controlled study unveiling the influence of a novel topical formulation on skin quality, attractiveness, quality of life, and sexual satisfaction."" Journal of Cosmetic Dermatology, vol. 23, no. 9, 2024, pp. 2905–2917. Wiley, doi:10.1111/jocd.16496.",6034,7.142169219956738e+18,Beat,192.0,f,https://tiktok.com/@/video/7496251870910975275,6841189266695275526,f,"[""moodceutical"",""xomdskin"",""skincareinnovation"",""selfconfidence"",""qualityoflife"",""topicaltreatment"",""beautyscience"",""skincareroutine"",""healthandwellness""]"
7457361501066726686,1736302290,Full vid on YT @villalifts 🎙️ Learning from the best. Try this split if you new to the gym! #gym #motivation #fyp #fypシ #fitness #gymshorts #fitnesstrainer #weightlifting #training #gymtok ,4011,7.142169219956738e+18,Beat,192.0,f,https://tiktok.com/@/video/7457361501066726686,7344460418314241067,f,"[""gym"",""motivation"",""fyp"",""fyp\u30b7"",""Fitness"",""gymshorts"",""fitnesstrainer"",""weightlifting"",""training"",""GymTok""]"
7504467164884176158,1747269931,"Hola amigos! Si estás buscando la mejor manera de aprender sobre la música de países diferentes, estás en el lugar correcto! Estoy entusiasmado por este serie! Vamos 🎶🌎 #nosabokid #musica",1287,7.142169219956738e+18,Beat,192.0,f,https://tiktok.com/@/video/7504467164884176158,7472085793911047198,f,"[""nosabokid"",""musica""]"
7500054921874640170,1746242647,I can’t wait to rock stage with @lapobreska @leftover_crack_official in @theglasshousepomona Pomona tonight at 9:20 and finishing the night at @regenttheaterla with @la_muerte_ @desmadrexla @aredsunworldwide  #ska #skanking #skanker #latinoska #mexicanska #skalatino #skamexicano #skamexicano🇲🇽 #skamusic #skamusicforever #skadance #skadancing #latinska #skamusic💃🕺🔥 #skacore #skacoremexicano ,2305,7.142169219956738e+18,Beat,192.0,f,https://tiktok.com/@/video/7500054921874640170,7224029686419964974,f,"[""ska"",""skanking"",""skanker"",""latinoska"",""mexicanska"",""skalatino"",""skamexicano"",""skamexicano\ud83c\uddf2\ud83c\uddfd"",""skamusic"",""skamusicforever"",""skadance"",""skadancing"",""latinska"",""skamusic\ud83d\udc83\ud83d\udd7a\ud83d\udd25"",""skacore"",""skacoremexicano""]"
7311450859894770990,1702329820,These bronzers had me like “ 😳😨”  #makeup #bronzersfordarkskin #plouise #beautytok #beauty #makeupreview ,7671,7.142169219956738e+18,Beat,192.0,f,https://tiktok.com/@/video/7311450859894770990,6746400024602051590,f,"[""makeup"",""bronzersfordarkskin"",""plouise"",""BeautyTok"",""beauty"",""makeupreview""]"
7467209934233718062,1738595391,"We got em all! We made sure to stock up since we knew yall were coming! Tungsten, lead, 2/0 hooks all the way up to a 6/0 for a big Minner! Come see us!#supportsmallbusiness #tackleshop #fypage #bassfishinglife #mlf ",5075,7.142169219956738e+18,Beat,192.0,f,https://tiktok.com/@/video/7467209934233718062,7417649598820680750,f,"[""supportsmallbusiness"",""tackleshop"",""fypage"",""bassfishinglife"",""mlf""]"
7513977967685487903,1749484348,"This truck came in after a major collision, and what looked like a standard repair quickly turned into something far more serious. The insurance company initially pushed for a frame repair, but after attempting the job, it became clear: the damage runs deeper than expected. The entire frame is compromised. Even with our best efforts and equipment, the structure is too far gone — and with parts, labor, and everything factored in, the cost of restoring this truck has now surpassed $30,000. That’s dangerously close to the truck’s value… meaning this repair might not even be worth it. A total loss is likely. Situations like this are a reminder of why expert assessments before authorizing repairs are so important — especially with frame damage. At Green Tech Collision, we always prioritize safety and transparency, even when the outcome isn't ideal. #FrameDamage #CollisionRepair #TotalLoss #AutoBodyShop #TruckRepair #InsuranceClaim #GreenTechCollision #VehicleDamageAssessment #BehindTheScenes #CarRestorationReality #CarRepairLife",10710,7.142169219956738e+18,Beat,192.0,f,https://tiktok.com/@/video/7513977967685487903,7501204150775923758,f,"[""framedamage"",""collisionrepair"",""totalloss"",""autobodyshop"",""truckrepair"",""insuranceclaim"",""greentechcollision"",""vehicledamageassessment"",""behindthescenes"",""carrestorationreality"",""carrepairlife""]"
7493769677907217695,1744779232,Не популярное мнение о первых свиданиях #свидания #отношения #жизньвсша #жизньвамерике #нашивсша ,6693,7.142169219956738e+18,Beat,192.0,f,https://tiktok.com/@/video/7493769677907217695,7275910539417551915,f,"[""\u0441\u0432\u0438\u0434\u0430\u043d\u0438\u044f"",""\u043e\u0442\u043d\u043e\u0448\u0435\u043d\u0438\u044f"",""\u0436\u0438\u0437\u043d\u044c\u0432\u0441\u0448\u0430"",""\u0436\u0438\u0437\u043d\u044c\u0432\u0430\u043c\u0435\u0440\u0438\u043a\u0435"",""\u043d\u0430\u0448\u0438\u0432\u0441\u0448\u0430""]"
7379061372476345642,1718071614,Summer time=men short styles🩳  #menfashion #grwm #mensstyle #mensshorts #summervibes #plussize #plussizeedition #plussizefashion #blackmenoftiktok #fashiontiktok #mens #menswear #fashioninspo #brandambassador #shorts ,12629,7.142169219956738e+18,Beat,192.0,f,https://tiktok.com/@/video/7379061372476345642,7114102948728701995,f,"[""menfashion"",""grwm"",""mensstyle"",""mensshorts"",""summervibes"",""plussize"",""plussizeedition"",""plussizefashion"",""blackmenoftiktok"",""fashiontiktok"",""mens"",""menswear"",""fashioninspo"",""brandambassador"",""shorts""]"
7375828578807598379,1717318936,Really fun gameday with excellent atmosphere. #uslchampionship #usl #soccer #futbol #footballtiktok @Switchbacks FC ,3619,7.142169219956738e+18,Beat,192.0,f,https://tiktok.com/@/video/7375828578807598379,7137082547050316846,f,"[""uslchampionship"",""usl"",""Soccer"",""futbol"",""footballtiktok""]"
7441730797423463726,1732662975,Let’s dye my hair black! #hair #hairtok #hairstyle #fyp #hairdye #fall #naturalhair #natural #blackhair #beauty #beautytips #haircare #hairtutorial #holiday ,2094,7.142169219956738e+18,Beat,192.0,f,https://tiktok.com/@/video/7441730797423463726,6806003430483182598,f,"[""hair"",""hairtok"",""hairstyle"",""fyp"",""hairdye"",""fall"",""naturalhair"",""natural"",""blackhair"",""beauty"",""beautytips"",""haircare"",""hairtutorial"",""holiday""]"
7409370513522330926,1725128510,First time on High Ridge at Hawes⛰️🌤️ #mtblife #downhill #endurohardtail #hardtail #mountainbike #canyonbike ,7358,7.142169219956738e+18,Beat,192.0,f,https://tiktok.com/@/video/7409370513522330926,6917748446389339142,f,"[""mtblife"",""downhill"",""endurohardtail"",""hardtail"",""mountainbike"",""canyonbike""]"
7342533073940286766,1709566764,Know anyone? #chicago #realestate #chicagorealestate #westloop #chicagoapartment #loft #chicagoapartments #chicagofyp #chicagotiktok #movingtochicago #apartmenthunting #exposedbrick #luxuryapartment #chicagocheck,12011,7.142169219956738e+18,Beat,192.0,f,https://tiktok.com/@/video/7342533073940286766,7172231955823461422,f,"[""chicago"",""realestate"",""chicagorealestate"",""westloop"",""chicagoapartment"",""loft"",""chicagoapartments"",""chicagofyp"",""chicagotiktok"",""movingtochicago"",""apartmenthunting"",""exposedbrick"",""luxuryapartment"",""chicagocheck""]"
7380788977135029546,1718473853,@EBMOBBN14 Short History of early settlement Yuba City California! Follow for more cities! #foryou #foryoupage #history #yubacitycalifornia #historytime #historytok #city ,15013,7.142169219956738e+18,Beat,192.0,f,https://tiktok.com/@/video/7380788977135029546,7354630584584668206,f,"[""foryou"",""foryoupage"",""history"",""yubacitycalifornia"",""HistoryTime"",""historytok"",""city""]"
7232006573470633258,1683832766,My First 5 Boro Bike Tour was a success #FiveBoroBikeTour #BikeNewYork #ManhattanPortage #TDFBBT #NYCadventure #nycbiking #40miles #40milesinmay #bikelifenyc 🚴🏾‍♀️🏅✨,4136,7.142169219956738e+18,Beat,192.0,f,https://tiktok.com/@/video/7232006573470633258,535625,f,"[""fiveborobiketour"",""bikenewyork"",""manhattanportage"",""tdfbbt"",""nycadventure"",""nycbiking"",""40miles"",""40milesinmay"",""bikelifenyc""]"
7305552171033005355,1700956429,What do we guys think of the mic’ed up gym vlogs? Yay or na 🤠 #gymtok #gymmicdup #gymvlog #gymworkout #foruyou #foryourpage ,1338,7.142169219956738e+18,Beat,192.0,f,https://tiktok.com/@/video/7305552171033005355,7229926112415155242,f,"[""GymTok"",""gymmicdup"",""gymvlog"",""gymworkout"",""foruyou"",""foryourpage""]"
7489944229230153006,1743888607,Come with me to Tamarindo 🌺 I had a blast!! 🥰 #fyp #birthdaygirl #foryou #vacation #momtok #greenvillesc #foodie #itinerary #momsoftiktok ,2285,7.142169219956738e+18,Beat,192.0,f,https://tiktok.com/@/video/7489944229230153006,1631883,f,"[""fyp"",""birthdaygirl"",""foryou"",""vacation"",""momtok"",""greenvillesc"",""Foodie"",""itinerary"",""MomsofTikTok""]"
7427517292084219182,1729353637,Replying to @zacflores14 @Samantha Segovia Short History of early settlement  Del Rey California! Follow for more cities! #foryoupage #fyp #fypage #foryp #history #delreyca #delreycalifornia #californiatowns #historytime #historytok #fresnocounty #cities #place #visit ,5145,7.142169219956738e+18,Beat,192.0,f,https://tiktok.com/@/video/7427517292084219182,7354630584584668206,f,"[""foryoupage"",""fyp"",""fypage"",""foryp"",""history"",""delreyca"",""delreycalifornia"",""californiatowns"",""HistoryTime"",""historytok"",""fresnocounty"",""cities"",""place"",""visit""]"
7426375345953131807,1729087788,"If you’re dealing with water flooding at your home due to heavy rain (excluding natural disasters), it’s crucial to install a proper drainage system. When we began this project, we carefully observed how water moved across the property after the initial grading. Based on those observations, we collaborated with the homeowner to implement a comprehensive solution, which included a French drain, a dry riverbed, and gutters to direct water away from the home and prevent severe erosion. Watch this video to see our full drainage plan in action. #CustomHomeBuilder #DIYDrainage #ConstructionLife #HomeImprovement #ContractorTips #BuilderLife #FloodPrevention #HomeRenovation #FrenchDrainInstallation #CustomHomes #DIYProjects #FoundationProtection #JobsiteTips #ConstructionWork #ErosionControl #LuxuryHomes #BuildingDreamHomes #GutterInstallation #LandscapingDesign #ContractorLife #WaterproofingSolutions #NewHomeConstruction #OutdoorDrainage #CustomBuilds #SitePreparation #HeavyRainProtection #HomeBuildingTips #DIYHomeRenovation #BuildingSolutions #HomeMaintenance #ConstructionCommunity ",11466,7.142169219956738e+18,Beat,192.0,f,https://tiktok.com/@/video/7426375345953131807,6973976445476602885,f,"[""customhomebuilder"",""diydrainage"",""constructionlife"",""homeimprovement"",""contractortips"",""builderlife"",""floodprevention"",""homerenovation"",""frenchdraininstallation"",""customhomes"",""diyprojects"",""foundationprotection"",""jobsitetips"",""constructionwork"",""erosioncontrol"",""luxuryhomes"",""buildingdreamhomes"",""gutterinstallation"",""landscapingdesign"",""contractorlife"",""waterproofingsolutions"",""newhomeconstruction"",""outdoordrainage"",""custombuilds"",""sitepreparation"",""heavyrainprotection"",""homebuildingtips"",""diyhomerenovation"",""buildingsolutions"",""homemaintenance"",""constructioncommunity""]"
7239895010483768622,1685669423,Follow me and find out what an Industry Pharmacist does on a day to day. #Dayinthelife #IndustryPharmacist #DrugDeveloper #Healthcare #Pharmaceuticals #BigPharma #corporateamerica ,7001,7.142169219956738e+18,Beat,192.0,f,https://tiktok.com/@/video/7239895010483768622,6793882693262230533,f,"[""dayinthelife"",""industrypharmacist"",""drugdeveloper"",""healthcare"",""pharmaceuticals"",""bigpharma"",""corporateamerica""]"
7497646661963992342,1745681903,"7 Best Dumbbell Chest Exercises to Grow a Bigger, Stronger, and More Defined Chest — Build Massive Size and Strength Fast. #squatgoals #7 #fitness #motivation #Bodyworkouts#tiktokamerica🇺🇸 #us  #resistancebandchestworkout #creatorsearchinsights ",2968,7.142169219956738e+18,Beat,192.0,f,https://tiktok.com/@/video/7497646661963992342,7483391797181563926,f,"[""squatgoals"",""7"",""Fitness"",""motivation"",""bodyworkouts"",""tiktokamerica\ud83c\uddfa\ud83c\uddf8"",""us"",""resistancebandchestworkout"",""creatorsearchinsights""]"
7449520217954192670,1734476606,Big Wheel Harley Davidson TriGlide just finished. #absolutecustomcycles #cleanassbuilds #sinisterwheel #americansuspension #dirtyair #paulyaffebaggernation #harleydavidson #triglide #bigwheel #black #christmas #trike #threewheeler #custom #simpleandclean #lkn #laknorman #denvernc #charlotte ,4422,7.142169219956738e+18,Beat,192.0,f,https://tiktok.com/@/video/7449520217954192670,6913690341925274629,f,"[""absolutecustomcycles"",""cleanassbuilds"",""sinisterwheel"",""americansuspension"",""dirtyair"",""paulyaffebaggernation"",""harleydavidson"",""triglide"",""bigwheel"",""black"",""christmas"",""trike"",""threewheeler"",""custom"",""simpleandclean"",""lkn"",""laknorman"",""denvernc"",""charlotte""]"
7201692560702688554,1676774726,Este drill es un ejercicio para crear muscle memory del movimiento de tiene que hacer la mano derecha a la hora de golpear la pelota. Enseńandole a esa mano lo importante de mantenerse deteas de la pelota y no por fuera. Para tener un swing mas explosivo siguenos @mlbkids7  This drill is an exercise to create muscle memory of the movement that the right hand has to do when hitting the ball. Teaching that hand the importance of staying behind the ball and not on the outside. To have a more explosive swing follow us @mlbkids7  #baseballtraining #baseball #baseballlife #mlb #baseballseason #baseballgame #baseballlove #baseballmom #baseballplayer #baseballcoach #baseballislife #baseballpractice #baseballism #baseballswag #baseballdad #baseballfield #baseballplayers #baseballforlife #highschoolbaseball #collegebaseball #baseballcards #youthbaseball #baseballbat #baseballisback #baseballcap #baseballboys #softball #travelball #baseballteam #baseballfans ,8856,7.142169219956738e+18,Beat,192.0,f,https://tiktok.com/@/video/7201692560702688554,6924268775726629894,f,"[""baseballtraining"",""baseball"",""baseballlife"",""MLB"",""baseballseason"",""baseballgame"",""baseballlove"",""baseballmom"",""baseballplayer"",""baseballcoach"",""baseballislife"",""baseballpractice"",""baseballism"",""baseballswag"",""baseballdad"",""baseballfield"",""baseballplayers"",""baseballforlife"",""highschoolbaseball"",""collegebaseball"",""baseballcards"",""youthbaseball"",""baseballbat"",""baseballisback"",""baseballcap"",""baseballboys"",""softball"",""travelball"",""baseballteam"",""baseballfans""]"
7230853546101525806,1683564296,Some of my favorite shoulder movements. Try them out and add them to your routine. Lmk what yall think🤘🏾 #mindset #motivation #workhard #betterthanyesterday #typ #foryoupage #beast #gymtiktok #trending #viral #love #follow #explore #bodybuilding #flex #muscle #foryou #bodybuildingmotivation #dedication #motivation #fitness #fitfam #noexcuses #passion #npc #npctexas #muscle #blessed #stayhungry #stayhumble #onlinecoaching #onlinecoach #selfcare #selflove #workoutvideo #shoulders #shoulderworkout ,2230,7.142169219956738e+18,Beat,192.0,f,https://tiktok.com/@/video/7230853546101525806,6874293119366546437,f,"[""mindset"",""motivation"",""workhard"",""betterthanyesterday"",""typ"",""foryoupage"",""beast"",""gymtiktok"",""trending"",""viral"",""Love"",""follow"",""explore"",""bodybuilding"",""flex"",""muscle"",""foryou"",""bodybuildingmotivation"",""dedication"",""Fitness"",""fitfam"",""noexcuses"",""passion"",""npc"",""npctexas"",""blessed"",""stayhungry"",""stayhumble"",""onlinecoaching"",""onlinecoach"",""SelfCare"",""selflove"",""workoutvideo"",""shoulders"",""shoulderworkout""]"
7250161926309776683,1688059877,Keys are yours! Grab your 2023 Cadillac XT5 Premium Luxury FWD today! 🙌🏼 #cadillacofneworleans #cadillac #xt5 #premiumluxury ,8192,7.142169219956738e+18,Beat,192.0,f,https://tiktok.com/@/video/7250161926309776683,7082795570530501678,f,"[""cadillacofneworleans"",""cadillac"",""xt5"",""premiumluxury""]"
7340799317931871534,1709163059,17 voiceovers cuts later featuring Saba. Take it or leave it. Day in a life of weekly private chef family. #dayinthelife #privatechef #privatechefhouston #chefsergkitchen,2874,7.142169219956738e+18,Beat,192.0,f,https://tiktok.com/@/video/7340799317931871534,6992285391483339781,f,"[""dayinthelife"",""privatechef"",""privatechefhouston"",""chefsergkitchen""]"
7493927467116186910,1744815968,"If I woke up with zero… this is what I’d do over and over again 💪 I left the corporate world for good in 2024 thanks to digital marketing. Here are the EXACT steps I follow: 1. Create a brand new  social media account 2. Niche down (health wealth relationships) 3. Find a high ticket digital product (I recommend a DFY product, more info below) 4. Create a sales funnel and email campaign around your product.  5. Start posting 2-3 times/day driving traffic to your link. You obviously need to learn these skills to do it right and that’s why I recommend a Done For You product, especially ones that have added benefits like mentorship coaching, and this is exactly where I started. 💬 head to the 🔗 at the top of my profile to start. Follow @bizwithmichael as I share ways to earn online daily with digital marketing.",9862,7.142169219956738e+18,Beat,192.0,f,https://tiktok.com/@/video/7493927467116186910,7289144162943337518,f,[]
7252592948691422510,1688625896,my whole colorado trip!! #2023 #fyp #vlog #colorado #roadtrip #bouldercolorado #meowwolf #avanti ,36863,7.142169219956738e+18,Beat,192.0,f,https://tiktok.com/@/video/7252592948691422510,6965350504076985349,f,"[""2023"",""fyp"",""Vlog"",""colorado"",""roadtrip"",""bouldercolorado"",""meowwolf"",""avanti""]"
7495487087605452063,1745179109,"Another good choice for the gym, what are you guys rocking? #fragrance #datascents #gymfragrance #jimmychoomanice ",5193,7.142169219956738e+18,Beat,192.0,f,https://tiktok.com/@/video/7495487087605452063,7469608210560975903,f,"[""fragrance"",""datascents"",""gymfragrance"",""jimmychoomanice""]"
7516129672254491926,1749985314,"Another day, another G-Wagon in Palm Beach getting the AJ Pro treatment! 💪✨ This beast got a full wash & wax for that showroom shine, plus a deep interior detail—vacuumed, wiped down, leather conditioned, and plastics protected (no steam needed, just precision work 🔥). We treat every vehicle like it’s a luxury one—because your car deserves that level of care. 📍Serving Palm Beach Gardens and surrounding areas 📆 Booking up fast this week – DM us or click the link in bio to schedule! 👉 It’s not just about cleaning—it’s about preserving your investment. Stay consistent. Stay sharp. Keep your ride glowing. #cardetailing #cleancars #detailingworldofficial #carsofjacksonville #mobiledetailing #reelsviral #jacksonvillefl #detailing #autodetailing #cardetail",2690,7.142169219956738e+18,Beat,192.0,f,https://tiktok.com/@/video/7516129672254491926,7375421386850763808,f,"[""cardetailing"",""cleancars"",""detailingworldofficial"",""carsofjacksonville"",""mobiledetailing"",""reelsviral"",""jacksonvillefl"",""detailing"",""autodetailing"",""cardetail""]"
7293209708071062830,1698082727,UMass drops antough one in OT to New Mexico 🏈  . . #cinematography #videography #sportsvideography #football #footballtiktok #collegefootball ,2876,7.142169219956738e+18,Beat,192.0,f,https://tiktok.com/@/video/7293209708071062830,6777752063994938373,f,"[""cinematography"",""videography"",""sportsvideography"",""football"",""footballtiktok"",""CollegeFootball""]"
7514416237405818142,1749586383,XRP Bounced From A Critical Level 6/10/2025 #xrp #ripple #iso20022 #crypto #btc #bitcoib ,6644,7.142169219956738e+18,Beat,192.0,f,https://tiktok.com/@/video/7514416237405818142,7513209371857077294,f,"[""xrp"",""ripple"",""iso20022"",""crypto"",""btc"",""bitcoib""]"
7493726349136432430,1744769141,"Yes, I have my cdl and still have trouble backing ! But I am learning in a safe place so if you want to follow me, or leave feedback, your advice is welcomed.@Lula's Trucking Wear  #fypシ #foryou #pretty #womenempowerment #womensafetyvest #safetyvest  #trucker #truck #texas #trokera #troqueros #camioneras #dallastx #satx #houstontx #nyc #boogiedown #bronx #hireme #sysco #labatt #usfoods #pepsi #foodservice #bigrig #tractor #driver #CDL #local #truckher #ladytrucker #womentrucker #viral #foryourpage #foryourpage ",2346,7.142169219956738e+18,Beat,192.0,f,https://tiktok.com/@/video/7493726349136432430,7370516387263562794,f,"[""fyp\u30b7"",""foryou"",""pretty"",""womenempowerment"",""womensafetyvest"",""safetyvest"",""trucker"",""truck"",""texas"",""trokera"",""troqueros"",""camioneras"",""dallastx"",""satx"",""houstontx"",""nyc"",""boogiedown"",""bronx"",""hireme"",""sysco"",""labatt"",""usfoods"",""pepsi"",""foodservice"",""bigrig"",""tractor"",""driver"",""cdl"",""local"",""truckher"",""ladytrucker"",""womentrucker"",""viral"",""foryourpage""]"
7440145730620230943,1732293937,📍Arts District Luxury Dallas High Rise✨ Floor plan shown: 3 Bed/2 Bath starting at $6243 Studio/1/2/3 Bed Units available✨ Starting Rents: Studio- $1842 1 Bed-$2302 2 Bed-$3102 3 Bed-$4214 Moving in 30-60 days? Message me for info & free help!✨ #dfw #dallastx #dallas #downtowndallas #artsdistrict #highrise #luxury #luxuryapartment #luxuryhighrise #dallashighrise #dallasluxury #dallasluxuryapartments #realestate #dallasrealtor #apartmentlocating #apartmenthunting #apartmenthunters ,5368,7.142169219956738e+18,Beat,192.0,f,https://tiktok.com/@/video/7440145730620230943,7371575800007377962,f,"[""dfw"",""dallastx"",""dallas"",""downtowndallas"",""artsdistrict"",""highrise"",""luxury"",""luxuryapartment"",""luxuryhighrise"",""dallashighrise"",""dallasluxury"",""dallasluxuryapartments"",""realestate"",""dallasrealtor"",""apartmentlocating"",""apartmenthunting"",""apartmenthunters""]"
7513982730678390046,1749485460,This 4000 sq. ft. MONSTER with a detached 2000 sq. ft. garbage  was truly a piece of work. BUT... It is under roof! #90degreeconstruction #construction #building #builder #nonunion #contractor #innovator #empowerment #fyp #jcsykes #carpenterkween #carpenter #StrongerTogether #blackexcellence #blackownedbusiness #blackhistory365 #stl #awardwinning #SideHustleHonors #SaveOurSelves #perseverance #resilience #UsOrElse #grateful ,1081,7.142169219956738e+18,Beat,192.0,f,https://tiktok.com/@/video/7513982730678390046,7195640172083610667,f,"[""90degreeconstruction"",""construction"",""building"",""builder"",""nonunion"",""contractor"",""innovator"",""empowerment"",""fyp"",""jcsykes"",""carpenterkween"",""carpenter"",""strongertogether"",""blackexcellence"",""blackownedbusiness"",""blackhistory365"",""stl"",""awardwinning"",""sidehustlehonors"",""saveourselves"",""perseverance"",""resilience"",""usorelse"",""grateful""]"
7231545186701020458,1683725345,Everything in here gets used all the time! Only some things is for vacation! 🥰#skincarefridgetour #seehergreatness👸🏾 ,3849,7.142169219956738e+18,Beat,192.0,f,https://tiktok.com/@/video/7231545186701020458,6965186322374280197,f,"[""skincarefridgetour"",""seehergreatness\ud83d\udc78\ud83c\udffe""]"
7516603906135199007,1750095742,Eth market Update 6/16/2025 #eth #crypto #charts #ta #btc #bitcoin ,5898,7.142169219956738e+18,Beat,192.0,f,https://tiktok.com/@/video/7516603906135199007,7513209371857077294,f,"[""eth"",""crypto"",""charts"",""ta"",""btc"",""bitcoin""]"
7365897323739761962,1715006634,Be aware of what you’re feeding your soul 👀⚠️🔋  #elevate #meditate #feedyoursoul #wealthy #drricora ,2948,7.142169219956738e+18,Beat,192.0,f,https://tiktok.com/@/video/7365897323739761962,7082578276393649195,f,"[""elevate"",""meditate"",""feedyoursoul"",""wealthy"",""drricora""]"
7516776016170323255,1750135842,Posting this late well because I’m on the grind rn! #TikTokAutoCampaign #TuningCar #chevy #carsontiktok #corvette #ls ,1945,7.142169219956738e+18,Beat,192.0,f,https://tiktok.com/@/video/7516776016170323255,6779081585545135110,f,"[""tiktokautocampaign"",""tuningcar"",""chevy"",""carsontiktok"",""corvette"",""ls""]"
7247510763374431534,1687442619,Whats your thoughts I really dont see it it’s really the same color as my skin this is in shade very deep bronze #milkmakeup#bronzer#makeuptutorial#makeupreview#darkskinmakeup#fyp#foryou#makeup#pov ,9127,7.142169219956738e+18,Beat,192.0,f,https://tiktok.com/@/video/7247510763374431534,60216519640526848,f,"[""milkmakeup"",""bronzer"",""makeuptutorial"",""makeupreview"",""darkskinmakeup"",""fyp"",""foryou"",""makeup"",""pov""]"
7512651446735686942,1749175493,Jada Toys Street Fighter 2 Line is still the best line in the business for its price.  #actionfigures #unboxing #review #capcom #toycollector #streetfighter #guile #fyp #jadatoys #marvellegends #foryoupage #marvelvscapcom #mcfarlanetoys #figtok #plasticandpages ,1967,7.142169219956738e+18,Beat,192.0,f,https://tiktok.com/@/video/7512651446735686942,6874003908428858373,f,"[""actionfigures"",""unboxing"",""review"",""capcom"",""toycollector"",""streetfighter"",""guile"",""fyp"",""jadatoys"",""marvellegends"",""foryoupage"",""marvelvscapcom"",""mcfarlanetoys"",""figtok"",""plasticandpages""]"
7504364333342756126,1747245991,Just a Quick Look at the beauty house experience if you were skeptical. Not bad at all 😁 #fragrance #datascents #beautyhouse #discount #budgetfragrance ,5339,7.142169219956738e+18,Beat,192.0,f,https://tiktok.com/@/video/7504364333342756126,7469608210560975903,f,"[""fragrance"",""datascents"",""beautyhouse"",""discount"",""budgetfragrance""]"
7515959353115938078,1749945673,#blackhistory #blackhistorytiktok #fypシ #africandiaspora #afroamericans #blkppl  ,1119,7.142169219956738e+18,Beat,192.0,f,https://tiktok.com/@/video/7515959353115938078,6880161815914480645,f,"[""blackhistory"",""blackhistorytiktok"",""fyp\u30b7"",""africandiaspora"",""afroamericans"",""blkppl""]"
7496753985584483630,1745474127,Robin! Action Figure of the Day! #dcmultiverse #mcfarlanetoys #figtok #robin #figtok #dccomics #actionfigures #figures #figures #collector ,2910,7.142169219956738e+18,Beat,192.0,f,https://tiktok.com/@/video/7496753985584483630,6900430169858606085,f,"[""dcmultiverse"",""mcfarlanetoys"",""figtok"",""robin"",""dccomics"",""actionfigures"",""figures"",""collector""]"
7348798848225037598,1711025583,Sep.2 2023- Home Debut #fyp #soccer #futbol #soccerplayer #footballer #soccertiktok #soccerlife #soccerskills #soccerboy #europe #croatia #matchhighlights #hnl #midfielder ,3892,7.142169219956738e+18,Beat,192.0,f,https://tiktok.com/@/video/7348798848225037598,7095480722421793838,f,"[""fyp"",""Soccer"",""futbol"",""soccerplayer"",""footballer"",""soccertiktok"",""soccerlife"",""soccerskills"",""soccerboy"",""europe"",""croatia"",""matchhighlights"",""hnl"",""midfielder""]"
7342979005525740846,1709670537,"When was the last time you supported a #blackdesigner? If you’re looking for quality, handmade jewelry, I highly recommend @ShopKhoi! They have so many styles to choose from and the designs are so unique and innovative. Who’s your fav Black designer?  #jewelrytiktok #jewelrydesigner #blackownedbusiness #blackbusiness #shopwithme #unboxingvideo ",4165,7.142169219956738e+18,Beat,192.0,f,https://tiktok.com/@/video/7342979005525740846,6961031058035098630,f,"[""blackdesigner?"",""jewelrytiktok"",""jewelrydesigner"",""blackownedbusiness"",""blackbusiness"",""shopwithme"",""unboxingvideo""]"
7469503120901524791,1739129226,"Believe or not, this is the actual size of the tattoo  Acredite ou não, esse é o tamanho real da tattoo Sponsored by @TATSoul @aitenitas @Eclipse Tattoo Ink @inkclawtattoosupply @H2Ocean #tattoo #tattoos #tatuagem #stabmegod #fredericorabelo #blackwork #animaltattoos #etchingtattoo #engravingtattoo #contemporarytattoo #culture #NYC #brooklyn #art #craft #contemporaryart #ink #bodyart #inked ",10545,7.142169219956738e+18,Beat,192.0,f,https://tiktok.com/@/video/7469503120901524791,7345834243991798790,f,"[""tattoo"",""tattoos"",""tatuagem"",""stabmegod"",""fredericorabelo"",""blackwork"",""animaltattoos"",""etchingtattoo"",""engravingtattoo"",""contemporarytattoo"",""culture"",""nyc"",""brooklyn"",""art"",""craft"",""contemporaryart"",""ink"",""bodyart"",""inked""]"
7510049289595407646,1748569628,‼️S.H. Figuarts Kamen Rider Geats(Magnumboost form) Unboxing & Review‼️ #actionfigures #shfiguarts #fyp #unboxing #toyreview #kamenrider #kamenridergeats #collector #marvellegends #toycollector #review #foryoupage #tokusatsu #plasticandpages  ,1434,7.142169219956738e+18,Beat,192.0,f,https://tiktok.com/@/video/7510049289595407646,6874003908428858373,f,"[""actionfigures"",""shfiguarts"",""fyp"",""unboxing"",""toyreview"",""kamenrider"",""kamenridergeats"",""collector"",""marvellegends"",""toycollector"",""review"",""foryoupage"",""tokusatsu"",""plasticandpages""]"
7514705512798162206,1749653751,Quick get ready with me…can’t be late for my government job! Lmk if you want another video with the products used :). #grwm #everydaymakeup #slickback #businesswoman #lawyer #fyp #realitytv ,2271,7.142169219956738e+18,Beat,192.0,f,https://tiktok.com/@/video/7514705512798162206,7343429554050466858,t,"[""grwm"",""everydaymakeup"",""slickback"",""businesswoman"",""lawyer"",""fyp"",""realitytv""]"
7324725962086599979,1705420686,"Would you want this truck?! 😍  Learn more about it ⬇️ The new Peterbilt Chassis 589 has finally arrived at our shop and we couldn’t be more excited! This model is industry leading and is the ultimate reward and premium work truck that has minimal noise, vibration or harshness. This model is available in a 121-inch or 131 inch and can be configured as a day cab or sleeper. . . . . #newtruckdelivery #newtruck #trucksales #peterbilt #589 #foryoupage #foryou #trucking #truckingindustry #carhauler #carhaulersofinstagram #reelsinstagram #truckviral #fleetdirect #alabama #truckdriver #truckmodel #forsale #explore #viralreels #fbreels",10112,7.142169219956738e+18,Beat,192.0,f,https://tiktok.com/@/video/7324725962086599979,7153611094157362222,f,"[""newtruckdelivery"",""newtruck"",""trucksales"",""peterbilt"",""589"",""foryoupage"",""foryou"",""trucking"",""truckingindustry"",""carhauler"",""carhaulersofinstagram"",""reelsinstagram"",""truckviral"",""fleetdirect"",""alabama"",""truckdriver"",""truckmodel"",""forsale"",""explore"",""viralreels"",""fbreels""]"
7303707519506025770,1700526933,"just a girl getting over artist block, soaking in her wins, and trusting God through it all 💖 God said imma shock the world, so that’s exactly what i’m gonna do! ✨ but on his timing, not mine :) #blackwomanartists #blackartistsontiktok #artentrepreneur #myartwork🎨✍️ #coloredpencilartists #supportblackartists #artfypシ ",1741,7.142169219956738e+18,Beat,192.0,f,https://tiktok.com/@/video/7303707519506025770,6808296519487177734,f,"[""blackwomanartists"",""blackartistsontiktok"",""artentrepreneur"",""myartwork\ud83c\udfa8\u270d\ufe0f"",""coloredpencilartists"",""supportblackartists"",""artfyp\u30b7""]"
7450294491812007199,1734656870,it used to be heavier lol  inspo: @Melissa #fashion #carabiner #jumbo #fyp #keychain #charms #hawaii ,4011,7.142169219956738e+18,Beat,192.0,f,https://tiktok.com/@/video/7450294491812007199,6771971165259842565,f,"[""fashion"",""carabiner"",""jumbo"",""fyp"",""keychain"",""charms"",""hawaii""]"
7495364260474768662,1745150490,"Day 2–I dare you to be kind. Everyone, including your spouse, is going through something. They may not be able to articulate it, but your unexpected act of kindness will go a long way towards lightening their emotional load. Do that today and let me know how it goes 🤵🏿‍♂️#HonestySavesTime #Celebrant #Kindness #IDareYou ",6173,7.142169219956738e+18,Beat,192.0,f,https://tiktok.com/@/video/7495364260474768662,7063545085270950917,f,"[""honestysavestime"",""celebrant"",""kindness"",""idareyou""]"
7229123576127884587,1683161502,Big Back Workout i want you to try! #backworkout #back #lat #gym #gymtok #workout #optimal #gains #muscle #bodybuilding ,3307,7.142169219956738e+18,Beat,192.0,f,https://tiktok.com/@/video/7229123576127884587,6567816553013952513,f,"[""backworkout"",""back"",""lat"",""gym"",""GymTok"",""workout"",""optimal"",""gains"",""muscle"",""bodybuilding""]"
7321860842641771819,1704753604,Wage Garnishment Explained  #wagegarnishment #learnwithcambio #fyp ,14601,7.142169219956738e+18,Beat,192.0,f,https://tiktok.com/@/video/7321860842641771819,6889548290254767110,f,"[""wagegarnishment"",""learnwithcambio"",""fyp""]"
7253249751666281734,1688778813,"Little technique day, working on the little things. #longjump #longjumper #fypシ #collegetrack #mutuals #jumpersworld #hop #mutuals? #summerworkout #jumpfarther ",2695,7.142169219956738e+18,Beat,192.0,f,https://tiktok.com/@/video/7253249751666281734,6773092057499878406,f,"[""longjump"",""longjumper"",""fyp\u30b7"",""collegetrack"",""mutuals"",""jumpersworld"",""hop"",""mutuals?"",""summerworkout"",""jumpfarther""]"
7510732042926050590,1748728594,Marvel Legends ROM Spaceknight is amazing!!! #actionfigures #marvellegends #unboxing #fyp #toyreview #romspaceknight #marvel #figtok #toycollector #collector #mcu #foryoupage #plasticandpages ,1860,7.142169219956738e+18,Beat,192.0,f,https://tiktok.com/@/video/7510732042926050590,6874003908428858373,f,"[""actionfigures"",""marvellegends"",""unboxing"",""fyp"",""toyreview"",""romspaceknight"",""marvel"",""figtok"",""toycollector"",""collector"",""mcu"",""foryoupage"",""plasticandpages""]"
7247270055925337386,1687386566,#poolboyinthahouse #poolequipment #poolreaper #poolrepair #commercialpool #poolboy #foryou ,10322,7.142169219956738e+18,Beat,192.0,f,https://tiktok.com/@/video/7247270055925337386,6930772568676795397,f,"[""poolboyinthahouse"",""poolequipment"",""poolreaper"",""poolrepair"",""commercialpool"",""poolboy"",""foryou""]"
7256131718460165422,1689449830,The Conductor is ready 🤘🐏 #screammovie #VozDosCriadores #Rams #NFL #KobieTurner #Rookie #NFLDraft #Draft #TheConductor #WakeForest #SeanMcVay #LesSnead #RaheemMorris #LA #LosAngeles ,6096,7.142169219956738e+18,Beat,192.0,f,https://tiktok.com/@/video/7256131718460165422,6983883907444016134,f,"[""screammovie"",""vozdoscriadores"",""rams"",""nfl"",""kobieturner"",""rookie"",""nfldraft"",""draft"",""theconductor"",""wakeforest"",""seanmcvay"",""lessnead"",""raheemmorris"",""la"",""losangeles""]"
7241743330978057518,1686099766,Let me know if this helps! :) #foryou #photographer #planning #creativedirector #movietheaterphotoshoot #atlanta #nashville #fyp #pinterest ,3062,7.142169219956738e+18,Beat,192.0,f,https://tiktok.com/@/video/7241743330978057518,5401352,f,"[""foryou"",""photographer"",""planning"",""creativedirector"",""movietheaterphotoshoot"",""atlanta"",""nashville"",""fyp"",""pinterest""]"
7467627660877794590,1738692631,Did you know this fact? #greenscreen #northsidehistorian #bhm #history #dailyblackhistoryfacts #historynerd #blackhistorymonth #13thamendment #sharecropping #prisontiktok ,924,7.142169219956738e+18,Beat,192.0,f,https://tiktok.com/@/video/7467627660877794590,6888507645411525637,f,"[""greenscreen"",""northsidehistorian"",""bhm"",""history"",""dailyblackhistoryfacts"",""historynerd"",""blackhistorymonth"",""13thamendment"",""sharecropping"",""prisontiktok""]"
7341279262982327595,1709274791,Amazing working skills 🥵 || #foryou #foryoupage #amazingvideos #amazingskill #workingskill #fyp #viralvideo ,9962,7.142169219956738e+18,Beat,192.0,f,https://tiktok.com/@/video/7341279262982327595,7254617284013376554,f,"[""foryou"",""foryoupage"",""amazingvideos"",""amazingskill"",""workingskill"",""fyp"",""viralvideo""]"
7441074165727235370,1732510094,Red leather truck bench seat for a 1968 chevrolet c10 #benchseat #leather #c10trucks #c10nation #c10lifestyle #67_72chevytrucks #obs #upholstery  #custom #redguts #chevytrucks #restomod ,7614,7.142169219956738e+18,Beat,192.0,f,https://tiktok.com/@/video/7441074165727235370,6817062615535059973,f,"[""benchseat"",""leather"",""c10trucks"",""c10nation"",""c10lifestyle"",""67_72chevytrucks"",""obs"",""upholstery"",""custom"",""redguts"",""chevytrucks"",""restomod""]"
7221160688792669486,1681307504,LS harness build for a Class 1 desert race car using a Haltech Elite 2500.   snpspeed.com #snpspeed #snpspeedinnovations #betunedbygabeesertracing #offroadracing #wiring #wired #haltech @haltech @elmehikano  ,3605,7.142169219956738e+18,Beat,192.0,f,https://tiktok.com/@/video/7221160688792669486,6824076689174610949,f,"[""snpspeed"",""snpspeedinnovations"",""betunedbygabe"",""offroadracing"",""wiring"",""wired"",""haltech""]"
7488413510494391583,1743532179,Warframe: Ember Prime Fashion! 🔥 #Warframe #EmberPrime #FashionFrame #Gaming #heirloom #emberheirloom #fashion #tenno #consolegaming #pcgaming #videogames #fyp #foryoupage #warframetiktok #fypシ #warframecommunity #xboxseriesx #silver #gold #warframefashion #framefashion ,2746,7.142169219956738e+18,Beat,192.0,f,https://tiktok.com/@/video/7488413510494391583,199017398794924032,f,"[""warframe"",""emberprime"",""fashionframe"",""gaming"",""heirloom"",""emberheirloom"",""fashion"",""tenno"",""consolegaming"",""pcgaming"",""videogames"",""fyp"",""foryoupage"",""warframetiktok"",""fyp\u30b7"",""warframecommunity"",""xboxseriesx"",""silver"",""gold"",""warframefashion"",""framefashion""]"
7514787938685734190,1749672947,"🔁 BREAK 796 RECAP — 2024 OPTIC FOOTBALL 🔁 20 BOX MEGA RIP — BLASTERS & HANGERS CHASING DOWNTOWNS & UPTOWNS ALL NIGHT LONG! Break 796 brought the HEAT with 20 boxes of 2024 Optic Football — and this one did not disappoint. ⸻ 💥 Big Pull Highlights: 	•	✍️ 2 AUTOGRAPHS landed! 	•	🏙️ Downtown & Uptown Hunt kept us on the edge — wild parallels & case-hit energy throughout 	•	🔥 Rated Rookies showed up STRONG 	•	💎 Tons of Prizms, Holo hits, My House, Rocket Ships, and more! ⸻ Whether you were in it for the rookies, the rare hits, or the thrill of the rip — Break 796 delivered. 👉 Get ready… more Optic breaks are right around the corner. Keep chasing the monsters with us. #Break796 #WorldwideBreakers #Optic2024 #NFLcards #DowntownChase #UptownHunt #FootballBreaks #LiveRips #CardCommunity #RatedRookieHunt",1099,7.142169219956738e+18,Beat,192.0,f,https://tiktok.com/@/video/7514787938685734190,7383119158439478314,f,"[""break796"",""worldwidebreakers"",""optic2024"",""nflcards"",""downtownchase"",""uptownhunt"",""footballbreaks"",""liverips"",""cardcommunity"",""ratedrookiehunt""]"
7471748926668868906,1739652145,Replying to @Aquiles_DJ Saludos brother!! #fyp #foryoupage #fypシ゚viral #supra #toyotasupra #cars #carguys #carlovers #trending ,3571,7.142169219956738e+18,Beat,192.0,f,https://tiktok.com/@/video/7471748926668868906,6927125065620489222,f,"[""fyp"",""foryoupage"",""fyp\u30b7\u309aviral"",""supra"",""toyotasupra"",""cars"",""carguys"",""carlovers"",""trending""]"
7506992548502572319,1747857916,#fyp ,5111,7.142169219956738e+18,Beat,192.0,f,https://tiktok.com/@/video/7506992548502572319,7496740014320174111,f,"[""fyp""]"
7233873678163905838,1684267473,Replying to @IT Girl Yana Mobile Spa Licensing permits ans regulations  #mobilespa #mobilespaowner #howtogetmoreclients #sixfigurementors #marketingtips #marketingtips #businesslicense #beautyserviceproviders #businessregistration  #spabusparty #pmutraining #thespablueprint #mobileservice #mobilebarber #mobilemassage ,4396,7.142169219956738e+18,Beat,192.0,f,https://tiktok.com/@/video/7233873678163905838,7174162258598708270,f,"[""mobilespa"",""mobilespaowner"",""howtogetmoreclients"",""sixfigurementors"",""marketingtips"",""businesslicense"",""beautyserviceproviders"",""businessregistration"",""spabusparty"",""pmutraining"",""thespablueprint"",""mobileservice"",""mobilebarber"",""mobilemassage""]"
7386923896655596843,1719902254,@aguapo93 Short History of early settlement Lamont California!Follow for more cities!  #foryou #foryoupage #fy #history #lamontcalifornia #lamontca #historytime #historytok #city #place ,12498,7.142169219956738e+18,Beat,192.0,f,https://tiktok.com/@/video/7386923896655596843,7354630584584668206,f,"[""foryou"",""foryoupage"",""fy"",""history"",""lamontcalifornia"",""lamontca"",""HistoryTime"",""historytok"",""city"",""place""]"
7472144931050605854,1739744354,Looking to create some separation here on hole 9 #golf #golftok #golftiktok #genesisinvintational #pga #pgatour #hidekimatsuyama #gspro #skytrak #golfsimulator #tgl ,6392,7.142169219956738e+18,Beat,192.0,f,https://tiktok.com/@/video/7472144931050605854,7183652694892004398,f,"[""golf"",""golftok"",""golftiktok"",""genesisinvintational"",""pga"",""PGATOUR"",""hidekimatsuyama"",""gspro"",""skytrak"",""golfsimulator"",""tgl""]"
7508584127466130719,1748228493,Luxury at its finest w/ @Hive Fit Club Follow and check out Esme’s TikTok on Hive @esmefavela787   #luxurylife #gymtok #gymvlog #gymtour #arizonalife #fyp #fitness ,1449,7.142169219956738e+18,Beat,192.0,f,https://tiktok.com/@/video/7508584127466130719,6750519962052494342,f,"[""luxurylife"",""GymTok"",""gymvlog"",""gymtour"",""arizonalife"",""fyp"",""Fitness""]"
7333634538368863534,1707494900,Come with me to the lash storee 🫶🏽!! I shouldve filmed more of their products cause they lirerally had EVERYTHING.  #fyp #lashtech #atlanta ,3192,7.142169219956738e+18,Beat,192.0,f,https://tiktok.com/@/video/7333634538368863534,6899661737970025477,f,"[""fyp"",""lashtech"",""atlanta""]"
7456141112915414303,1736018151,Do you have an app you record all the movies you watch? #letterboxd #movieratingapp #movietrackerapp #creatorsearchinsights ,14313,7.142169219956738e+18,Beat,192.0,f,https://tiktok.com/@/video/7456141112915414303,6996211451083080709,f,"[""letterboxd"",""movieratingapp"",""movietrackerapp"",""creatorsearchinsights""]"
7435672830588570922,1731252497,"2013 #HyundaiSonata having a hard start condition followed by the #checkenginelight on for a p0087 code. So upon inspection, the high pressure fuel pump (hpfp) loses priming pressure creating all type of issues. #hyundai #diagnosis #carrepair #automotive #cars #mechanic #mobilemechanic #travel #fyp #blackshine007 ",10221,7.142169219956738e+18,Beat,192.0,f,https://tiktok.com/@/video/7435672830588570922,7090160831320572970,f,"[""hyundaisonata"",""checkenginelight"",""hyundai"",""diagnosis"",""carrepair"",""automotive"",""cars"",""mechanic"",""mobilemechanic"",""travel"",""fyp"",""blackshine007""]"
7498081264038137110,1745783091,27/30 : On peut poursuivre nos études aux États-Unis après avoir commencé en France ? #unjourunequestion #etudierauxusa #exchangestudent ,1874,7.142169219956738e+18,Beat,192.0,f,https://tiktok.com/@/video/7498081264038137110,6995203637006550022,f,"[""unjourunequestion"",""etudierauxusa"",""exchangestudent""]"
7476485984989859115,1740755108,"TOP Defense formation for any age - great for a run heavy or short pass offense - blitz and no blitz version. Shut it down - 5v5, 6v6, or 7v7. Part of the New Coach Bundle (link in bio). Perfect for new or experienced coaches and players. Get some! 🏈🔥 Grab FREE plays - link in bio  #flagfootball #youthflagfootball #football #flagfootball🏈 #coaching #flagfootballwithcoachd #newcoach #footballdefense #formations #defensive #drills #youthsports #defense #nflflag #i9",5966,7.142169219956738e+18,Beat,192.0,f,https://tiktok.com/@/video/7476485984989859115,6775687518857298949,f,"[""flagfootball"",""youthflagfootball"",""football"",""flagfootball\ud83c\udfc8"",""coaching"",""flagfootballwithcoachd"",""newcoach"",""footballdefense"",""formations"",""defensive"",""drills"",""youthsports"",""defense"",""nflflag"",""i9""]"
7505605688836607278,1747535029,How to practice trapping the ball 🧱⚽️ - #jogabonito #soccer #football #soccerskills #soccerdrills #footballdrills #footballskills #dribbling #ballmastery #footy #ronaldinho #brazil #neymar #messi #footballtechnique #footballers #footballer #footballpractice #footballcoach #footballtraining #training #technique #footballtrainer #technique #training #juggling ,4458,7.142169219956738e+18,Beat,192.0,f,https://tiktok.com/@/video/7505605688836607278,6932008938902127621,f,"[""jogabonito"",""Soccer"",""football"",""soccerskills"",""soccerdrills"",""footballdrills"",""footballskills"",""dribbling"",""ballmastery"",""footy"",""ronaldinho"",""brazil"",""neymar"",""messi"",""footballtechnique"",""footballers"",""footballer"",""footballpractice"",""footballcoach"",""footballtraining"",""training"",""technique"",""footballtrainer"",""juggling""]"
7312826468248194347,1702650105,Join me while I pick up my favorite macro-friendly snacks from Stop & Shop: 1️⃣ @halotopcreamery popsicles - I love the berry 2️⃣ @catalinacrunch cereal 3️⃣ @nicksicecream - my favorite is the peanut butter 4️⃣ @thelaughingcowusa light cheese 5️⃣ @questnutrition frosted cookies 6️⃣ @ratiofood granola #stopandshop #icecream #cereal #cheese #cookies #granola #halotop #protein #highprotein #healthylifestyle #healthyliving #healthyeating #healthyeatinghabits #healthyeatingtips #healthyeats #trackingmacros #macrocounting #caloriedeficit #caloriecounting #caloriesincaloriesout #weightloss #weightlosstips #dietingtips #performancecoach #personaltrainer #nyctrainer #nycfitnesstrainer #nycfitfam ,6929,7.142169219956738e+18,Beat,192.0,f,https://tiktok.com/@/video/7312826468248194347,6872512937706423301,f,"[""stopandshop"",""icecream"",""cereal"",""cheese"",""cookies"",""granola"",""halotop"",""protein"",""highprotein"",""healthylifestyle"",""healthyliving"",""healthyeating"",""healthyeatinghabits"",""healthyeatingtips"",""healthyeats"",""trackingmacros"",""macrocounting"",""caloriedeficit"",""caloriecounting"",""caloriesincaloriesout"",""weightloss"",""weightlosstips"",""dietingtips"",""performancecoach"",""personaltrainer"",""nyctrainer"",""nycfitnesstrainer"",""nycfitfam""]"
7474098543691648302,1740199203,The OPPO Find N5 is live and it’s already signaling “best phone of the year” vibes. Do you agree? #reel #reels #fyp #shorts #viral #oppo #findn5 #oppofindn5 #bestphone #handson #cooltech #best #android #google #foodable #thinnestphone #thinnestfoldable #techtok ,4620,7.142169219956738e+18,Beat,192.0,f,https://tiktok.com/@/video/7474098543691648302,7048036293197218821,f,"[""reel"",""reels"",""fyp"",""shorts"",""viral"",""oppo"",""findn5"",""oppofindn5"",""bestphone"",""handson"",""cooltech"",""best"",""android"",""google"",""foodable"",""thinnestphone"",""thinnestfoldable"",""techtok""]"
7355673858050903338,1712626297,How to access the Nihils boss fight in Warframe🚨 Completing the boss fight rewards his Vitrica sword (MR 13 required to use) #warframe #warframecommunity #gaming #fonzj ,4765,7.142169219956738e+18,Beat,192.0,f,https://tiktok.com/@/video/7355673858050903338,6736985946271925254,f,"[""warframe"",""warframecommunity"",""gaming"",""fonzj""]"
7356267483755564319,1712764632,Product Name:AirSlim® Shaping High Waist Logo Shorts C0de for 15% off:iamshan15  @shapellxofficial @shapellxcrew  #shapellxcurve #curvy #shapewear #ootd ,3965,7.142169219956738e+18,Beat,192.0,f,https://tiktok.com/@/video/7356267483755564319,7233644481902412846,f,"[""shapellxcurve"",""curvy"",""shapewear"",""OOTD""]"
7483675013409688862,1742428893,#Phoenix #Arizona let’s keep building our #Community 🫶🏽🤝🏽  @Andrias Tienda @ChispaAz @Fuerte Arts @AZ AANHPI for Equity @SierraClub @CPLCcommunitycenter  #phx #az #latinocommunity #chandler #tempe #mesa #scottsdale #glendaleaz #peoria #goodyear #avondale #tolleson #buckeye #maryvale #latino #latinx #latina #SmallBusiness #nationalparks #wildlife #art #localvendors,1243,7.142169219956738e+18,Beat,192.0,f,https://tiktok.com/@/video/7483675013409688862,6728792059517764614,f,"[""phoenix"",""arizona"",""community"",""phx"",""az"",""latinocommunity"",""chandler"",""tempe"",""mesa"",""scottsdale"",""glendaleaz"",""peoria"",""goodyear"",""avondale"",""tolleson"",""buckeye"",""maryvale"",""latino"",""latinx"",""latina"",""SmallBusiness"",""nationalparks"",""wildlife"",""art"",""localvendors""]"
7504370238822305070,1747247370,If you tag me in a SALUTE report about wintry weather... I will repost and amplify your voice as much as I can. #cutewinterboots ,908,7.142169219956738e+18,Beat,192.0,f,https://tiktok.com/@/video/7504370238822305070,6960096635037467654,f,"[""cutewinterboots""]"
7322537333843152170,1704911102,this is why you guys need to invest in a good kolinsky brush  ##makarttprojandeals@@MakarttPro##nails##beginnernailtech##nailsalon,5650,7.142169219956738e+18,Beat,192.0,f,https://tiktok.com/@/video/7322537333843152170,6715556474758595589,f,"[""makarttprojandeals"",""nails"",""beginnernailtech"",""nailsalon""]"
7511110774853553450,1748816795,Бизнес мотивация в США #США #америка #бизнесвсша #бизнес #нашивсша #нашивамерике #жизньвсша #жизньвамерике #недвижимость #иллинойс #чикаго ,3531,7.142169219956738e+18,Beat,192.0,f,https://tiktok.com/@/video/7511110774853553450,7275910539417551915,f,"[""\u0441\u0448\u0430"",""\u0430\u043c\u0435\u0440\u0438\u043a\u0430"",""\u0431\u0438\u0437\u043d\u0435\u0441\u0432\u0441\u0448\u0430"",""\u0431\u0438\u0437\u043d\u0435\u0441"",""\u043d\u0430\u0448\u0438\u0432\u0441\u0448\u0430"",""\u043d\u0430\u0448\u0438\u0432\u0430\u043c\u0435\u0440\u0438\u043a\u0435"",""\u0436\u0438\u0437\u043d\u044c\u0432\u0441\u0448\u0430"",""\u0436\u0438\u0437\u043d\u044c\u0432\u0430\u043c\u0435\u0440\u0438\u043a\u0435"",""\u043d\u0435\u0434\u0432\u0438\u0436\u0438\u043c\u043e\u0441\u0442\u044c"",""\u0438\u043b\u043b\u0438\u043d\u043e\u0439\u0441"",""\u0447\u0438\u043a\u0430\u0433\u043e""]"
7291374658941881646,1697655464,Congratulations Mostert 🏆 | #nfl #nflhighlights #miamidolphins #raheemmostert #askewedits ,6031,7.142169219956738e+18,Beat,192.0,f,https://tiktok.com/@/video/7291374658941881646,7174094352480764970,f,"[""nfl"",""nflhighlights"",""miamidolphins"",""raheemmostert"",""askewedits""]"
7485134471231048991,1742768691,You Need This Space Jam Outfit In NBA2k25 | Season 5 #nba2k25 #2k25 #2k #2kcommunity #spacejam #outfit #tutorial ,5112,7.142169219956738e+18,Beat,192.0,f,https://tiktok.com/@/video/7485134471231048991,7259473843156091947,f,"[""nba2k25"",""2k25"",""2k"",""2kcommunity"",""spacejam"",""outfit"",""tutorial""]"
7476167903553899818,1740681001,#greenscreen #lakersGFOAT #PROMOTION #LAKERS #ESPN #espnla @ESPN Los Angeles @NBA #lakers #fandom ,3080,7.142169219956738e+18,Beat,192.0,f,https://tiktok.com/@/video/7476167903553899818,8453254,f,"[""greenscreen"",""lakersgfoat"",""promotion"",""lakers"",""espn"",""espnla"",""fandom""]"
7493948153645763871,1744820785,First Time At The Soulard Market 😬✨ #stl #soulardmarket  Make Sure You Tap In With My @JuliaB For The Body Butters 💕🤞🏾🤞🏾🤞🏾,2349,7.142169219956738e+18,Beat,192.0,f,https://tiktok.com/@/video/7493948153645763871,7362290568082261022,f,"[""stl"",""soulardmarket""]"
7512221580496309547,1749075431,Bitcoin Market Update 6/4/2025 #btc #bitcoin #charts #ta #crypto ,3673,7.142169219956738e+18,Beat,192.0,f,https://tiktok.com/@/video/7512221580496309547,6752972223672402950,f,"[""btc"",""bitcoin"",""charts"",""ta"",""crypto""]"
7514779321005772078,1749670945,When it’s your kid and your MIL crosses the line… do you stay quiet or speak up? Let’s talk about it. #MomLife #monstamarah #motherinlaw #momlifeunfiltered,6664,7.142169219956738e+18,Beat,192.0,f,https://tiktok.com/@/video/7514779321005772078,6931920103333610501,f,"[""momlife"",""monstamarah"",""motherinlaw"",""momlifeunfiltered""]"
7292816770178600235,1697991238,Dont abort the BABY! . . .  #churchgirl #christiantiktok #houstontx #fyp #christian #christiancontent #christiancontentcreator #relationshipwithGod #staycommitted #christiancommunity #propheticword #dontabortthebaby ,2997,7.142169219956738e+18,Beat,192.0,f,https://tiktok.com/@/video/7292816770178600235,6809740608640074758,f,"[""churchgirl"",""christiantiktok"",""houstontx"",""fyp"",""christian"",""christiancontent"",""christiancontentcreator"",""relationshipwithgod"",""staycommitted"",""christiancommunity"",""propheticword"",""dontabortthebaby""]"
7505865261497519406,1747595470,How to dry cut curtain bangs 💇‍♀️ #goldwell #gogoldwell #curtainbangs #curtainbangtutorial #drycut @FancyHairdressers ,3396,7.142169219956738e+18,Beat,192.0,f,https://tiktok.com/@/video/7505865261497519406,7145197194564174894,f,"[""goldwell"",""gogoldwell"",""curtainbangs"",""curtainbangtutorial"",""drycut""]"
7496780623168769302,1745480264,آنچه شما نمی دانستید ؟ 🖤#قوم_پرستی_ممنوع⛔️ #تاجیک_هزاره_ازبک_پشتون_ترکمن #explore #vira #faryou ,1579,7.142169219956738e+18,Beat,192.0,f,https://tiktok.com/@/video/7496780623168769302,7274785343450661920,f,"[""\u0642\u0648\u0645_\u067e\u0631\u0633\u062a\u06cc_\u0645\u0645\u0646\u0648\u0639\u26d4\ufe0f"",""\u062a\u0627\u062c\u06cc\u06a9_\u0647\u0632\u0627\u0631\u0647_\u0627\u0632\u0628\u06a9_\u067e\u0634\u062a\u0648\u0646_\u062a\u0631\u06a9\u0645\u0646"",""explore"",""vira"",""faryou""]"
7437899062197701930,1731770834,Replying to @lh_benji28 Short History of early settlement La Habra California! Follow for more cities! #fyp #forypupage #fypage #fyourpage #history #lahabracalifornia #lahabraca #orangecountyca #historytime #historytok #cities #city #visit #place #cityhistory ,16955,7.142169219956738e+18,Beat,192.0,f,https://tiktok.com/@/video/7437899062197701930,7354630584584668206,f,"[""fyp"",""forypupage"",""fypage"",""fyourpage"",""history"",""lahabracalifornia"",""lahabraca"",""orangecountyca"",""HistoryTime"",""historytok"",""cities"",""city"",""visit"",""place"",""cityhistory""]"
7231139224983063851,1683630815,Replying to @mycherieamore16 Hope this helps! Drop more questions below on all things hair loss and hair growth 👇 #alopecia #hairloss #hairgrowth #hairtransplant #hairstyle #haircut #womenshair #menshair #fyp ,11282,7.142169219956738e+18,Beat,192.0,f,https://tiktok.com/@/video/7231139224983063851,6810810245272241158,f,"[""alopecia"",""hairloss"",""hairgrowth"",""hairtransplant"",""hairstyle"",""haircut"",""womenshair"",""menshair"",""fyp""]"
7388716047328611626,1720319520,Short History of early settlement Westley California! Follow for more cities! #foryou #foryoupage #fy #history #westleycalifornia #westley #historytime #historytok #city #place ,12962,7.142169219956738e+18,Beat,192.0,f,https://tiktok.com/@/video/7388716047328611626,7354630584584668206,f,"[""foryou"",""foryoupage"",""fy"",""history"",""westleycalifornia"",""westley"",""HistoryTime"",""historytok"",""city"",""place""]"
7224166916208856366,1682007443,"Antelope Canyon X (Page, AZ) #antelopecanyon #arizona #pageaz #bucketlist #fyp #traveltik #blowthisup #fypシ #viral #atmosphere #lowerantlopecanyon #travel #foryou #foryoupage ",10882,7.142169219956738e+18,Beat,192.0,f,https://tiktok.com/@/video/7224166916208856366,6693717784738448390,f,"[""antelopecanyon"",""arizona"",""pageaz"",""bucketlist"",""fyp"",""traveltik"",""blowthisup"",""fyp\u30b7"",""viral"",""atmosphere"",""lowerantlopecanyon"",""travel"",""foryou"",""foryoupage""]"
7448681160076578090,1734281235,Sub to my YT channel! Link in bio! #adhd #collegestruggles #adhdtiktok #adhdstruggles #college #studying #collegegirl #collegestruggles #freshmanyear ,4619,7.142169219956738e+18,Beat,192.0,f,https://tiktok.com/@/video/7448681160076578090,6623802192435871749,f,"[""adhd"",""collegestruggles"",""adhdtiktok"",""adhdstruggles"",""college"",""studying"",""collegegirl"",""freshmanyear""]"
7354481388831231275,1712348665,"Carrying on artistic legacy with our Duncanson Artist-in-Residence program 🖼️ Do you know the history behind these murals? Learn more about the artist who created them with Duncanson Program Manager, Kareem Simpson, then mark your calendar for this year’s residency, April 13–27!  #TaftMuseumDiscovered #TaftMuseumOfArt #duncansonartistinresidence #RobertSDuncanson #TundeWey #CulinaryArts ",1113,7.142169219956738e+18,Beat,192.0,f,https://tiktok.com/@/video/7354481388831231275,6963022284614894597,f,"[""taftmuseumdiscovered"",""taftmuseumofart"",""duncansonartistinresidence"",""robertsduncanson"",""tundewey"",""culinaryarts""]"
7245318260076317994,1686932123,Shorts are 🆙 rn stg #fyp #fashiontok #haul #thrifting #vintage #swag ,1685,7.142169219956738e+18,Beat,192.0,f,https://tiktok.com/@/video/7245318260076317994,6611630135555883013,f,"[""fyp"",""fashiontok"",""haul"",""thrifting"",""vintage"",""swag""]"
7453546016181161258,1735413920,"These are just rough figures to paint a picture. These brokers are getting spoiled by carriers who haul cheap freight. As an operator… YOU are on the front line, driving all those miles and long hours.  YOU have to eat the cost of gas, maintenance, and tolls.  YOU are subject to inclement weather and potentially dangerous road conditions. #cargovanbusiness #bravetransport #cargovan #sprintervan #vanlife #otr #otrdriver #owneroperator #entrepreneur #cargovanloads  #transportation ",5734,7.142169219956738e+18,Beat,192.0,f,https://tiktok.com/@/video/7453546016181161258,7350882635303699502,f,"[""cargovanbusiness"",""bravetransport"",""cargovan"",""sprintervan"",""vanlife"",""otr"",""otrdriver"",""owneroperator"",""entrepreneur"",""cargovanloads"",""transportation""]"
7270679920861383978,1692837093,Sort your Chaff 🌾🌾,4170,7.142169219956738e+18,Beat,192.0,f,https://tiktok.com/@/video/7270679920861383978,7203009750053127210,f,[]
7496320978402757919,1745373257,♡ ይህን ሳፍሮን እንጠጣ/ drinking saffron everyday benefits   #marsglowcollections  #ethiopia    #marsglowcollections ,1448,7.142169219956738e+18,Beat,192.0,f,https://tiktok.com/@/video/7496320978402757919,7213154017383138350,f,"[""marsglowcollections"",""ethiopia""]"
7307641198590709035,1701442816,"ATLANTA RESIDENTS Upgrade ✨ your lifestyle at the Newest Property located on the Beltline, just a few steps away from Ponce City Market! Overline Residence  ••••••••••••••••••••••••••••••••••••• ##studioapartment##studioapartmenttour##apartmenttour##atlapartments##apartmentlocatoratl##apartmentsinat##at##atlapartments##luxuryapartment##atliving##movingtoat##apartmenthunting##highriseapartment##apartmentliving##exclusivelisting##buckheadatl##beltlineatl##beltlineatlanta##poncecitymarketatlanta##atlantaapartments##apartmentsinatlanta",4147,7.142169219956738e+18,Beat,192.0,f,https://tiktok.com/@/video/7307641198590709035,7306916069042291758,f,"[""studioapartment"",""studioapartmenttour"",""apartmenttour"",""atlapartments"",""apartmentlocatoratl"",""apartmentsinat"",""at"",""luxuryapartment"",""atliving"",""movingtoat"",""apartmenthunting"",""highriseapartment"",""apartmentliving"",""exclusivelisting"",""buckheadatl"",""beltlineatl"",""beltlineatlanta"",""poncecitymarketatlanta"",""atlantaapartments"",""apartmentsinatlanta""]"
7288350810000510254,1696951425,"🧀🍷✨ i had a blast at The Mozzarella Company in Dallas! 🎉🤗 Got my hands cheesy in a handmade mozzarella cheese making class where we crafted several delectable varieties. 🧀👩‍🍳 Then, the evening got even better with a wine and cheese pairing that was pure bliss. 🍷🧀 Cheers to the cheesy adventures of the day! 🥂 #MozzarellaMastery #CheeseLovers #DallasFoodie #WineAndCheese 📷👨‍🍳",2027,7.142169219956738e+18,Beat,192.0,f,https://tiktok.com/@/video/7288350810000510254,6917097532658304005,f,"[""mozzarellamastery"",""cheeselovers"",""dallasfoodie"",""wineandcheese""]"
7499188768646171946,1746040983,"First impressions it’s really nice, I might be going nose blind to it fast. My lady said it’s too sickening to be applying indoors 😂 #fragrance #datascents #shlgodoffire #godoffire ",3730,7.142169219956738e+18,Beat,192.0,f,https://tiktok.com/@/video/7499188768646171946,7469608210560975903,f,"[""fragrance"",""datascents"",""shlgodoffire"",""godoffire""]"
7493208851962023198,1744648679,"Isenções ainda são possíveis: O Exército pode conceder isenções para certas restrições de tatuagem, para aqueles que já têm tatuagens que não atendem aos padrões atuais. Ex: Tatuagens no rosto relacionado a religião, tatuagens para fins estéticos etc… . . . . #army #militar #alistamentomilitar #carreira #tatuagens #regrasmilitares #tattooarmy #exercito #curiosidades #fyp #foryou #pravoce #armylife #armybts #estadosunidos #exercitoamericano #militar #militares #carreiradesucesso #brasileirosnosestadosunidos #brasileirosnocanada #imigrantes #imigrantesbrasileiros #imigrantesemportugal",4041,7.142169219956738e+18,Beat,192.0,f,https://tiktok.com/@/video/7493208851962023198,6807924651831837701,f,"[""army"",""militar"",""alistamentomilitar"",""carreira"",""tatuagens"",""regrasmilitares"",""tattooarmy"",""exercito"",""curiosidades"",""fyp"",""foryou"",""pravoce"",""armylife"",""armybts"",""estadosunidos"",""exercitoamericano"",""militares"",""carreiradesucesso"",""brasileirosnosestadosunidos"",""brasileirosnocanada"",""imigrantes"",""imigrantesbrasileiros"",""imigrantesemportugal""]"
7455926087860751658,1735968082,Brings back such good memories..🥹 #fragrancetiktok #fragrancetok #mensfragrance #jeremyfragrance #fypシ゚viral #fypage @Kenneth Cole ,11613,7.142169219956738e+18,Beat,192.0,f,https://tiktok.com/@/video/7455926087860751658,7380871910216893486,f,"[""fragrancetiktok"",""fragrancetok"",""mensfragrance"",""jeremyfragrance"",""fyp\u30b7\u309aviral"",""fypage""]"
7492470802017783070,1744476830,"Ready to make waves? 🌊 Dive into vibrant colors with @punkyhaircolour sugar cloud semi permanent foaming hair color. ☁️🍭You suds up with a rich, no mix, temporary color in 5 different shades, and I chose shade  CANDYFLOSS of course 💖💕🎀 and I love how it came out! So dare to be different and try @punkycolours available at @Sally Beauty Now! #punkycolourpartner #coloryourworld #foamcolor #punkycolour #punkyvibes #sallysbeauty ",1917,7.142169219956738e+18,Beat,192.0,f,https://tiktok.com/@/video/7492470802017783070,6763132888482644998,f,"[""punkycolourpartner"",""coloryourworld"",""foamcolor"",""punkycolour"",""punkyvibes"",""sallysbeauty""]"
7332289980754185515,1707181825,#kingsbridge #fordhamroad #crestonave #drivingvideos #kingsbridgerich #mybronxstory ,3048,7.142169219956738e+18,Beat,192.0,f,https://tiktok.com/@/video/7332289980754185515,6628355866776174598,f,"[""kingsbridge"",""fordhamroad"",""crestonave"",""drivingvideos"",""kingsbridgerich"",""mybronxstory""]"
7494732293047717150,1745003357,Sienna Brown interior on the 2025 C300  #mercedeswithacob #mercedes #fyp #Zeigler #zeiglerauto #dealertok #dealership #walkaround #c300 #amg #viral #siennabrown #carinterior #bestcar #usedcar #bestdeal ,8341,7.142169219956738e+18,Beat,192.0,f,https://tiktok.com/@/video/7494732293047717150,6761987959422501894,f,"[""mercedeswithacob"",""mercedes"",""fyp"",""zeigler"",""zeiglerauto"",""dealertok"",""dealership"",""walkaround"",""c300"",""amg"",""viral"",""siennabrown"",""carinterior"",""bestcar"",""usedcar"",""bestdeal""]"
7232342437836885294,1683910967,How I got off parole 4 years early #prisontiktok #fyp ,5390,7.142169219956738e+18,Beat,192.0,f,https://tiktok.com/@/video/7232342437836885294,6680618493350904838,f,"[""prisontiktok"",""fyp""]"
7325266091024862469,1705546422,#макияж#макияждлясебя#декоративнаякосметика#базаподмакияж#трехцветнаябаза#косметикавамерике  ,8658,7.142169219956738e+18,Beat,192.0,f,https://tiktok.com/@/video/7325266091024862469,6891396295728333829,f,"[""\u043c\u0430\u043a\u0438\u044f\u0436"",""\u043c\u0430\u043a\u0438\u044f\u0436\u0434\u043b\u044f\u0441\u0435\u0431\u044f"",""\u0434\u0435\u043a\u043e\u0440\u0430\u0442\u0438\u0432\u043d\u0430\u044f\u043a\u043e\u0441\u043c\u0435\u0442\u0438\u043a\u0430"",""\u0431\u0430\u0437\u0430\u043f\u043e\u0434\u043c\u0430\u043a\u0438\u044f\u0436"",""\u0442\u0440\u0435\u0445\u0446\u0432\u0435\u0442\u043d\u0430\u044f\u0431\u0430\u0437\u0430"",""\u043a\u043e\u0441\u043c\u0435\u0442\u0438\u043a\u0430\u0432\u0430\u043c\u0435\u0440\u0438\u043a\u0435""]"
7207270435069840686,1678073427,"📜 Fingerprints of the Gods: Investigating Our Extraterrestrial Past and Future?? We've all heard of the gods, but did you know there may be some clear extraterrestrial clues, signs, and fingerprints in our collective past as the human race? Join me as we dive daily into the recent news stories, eyewitness accounts, testimonies, and experiences to uncover the layers behind these mysterious phenomena! #extraterrestrialsigns #godsfingerprints #humanracehistory #recentnewsstories #eyewitnessaccounts #testimonies #experiences #et #alienorigins #ancientaliens ",5769,7.142169219956738e+18,Beat,192.0,f,https://tiktok.com/@/video/7207270435069840686,6738797372304688134,f,"[""extraterrestrialsigns"",""godsfingerprints"",""humanracehistory"",""recentnewsstories"",""eyewitnessaccounts"",""testimonies"",""experiences"",""et"",""alienorigins"",""ancientaliens""]"
7425080198951046446,1728786207,"Y’all, we just tried Pho Saigon in Columbus, GA, and it did not disappoint! My wife had the I round, I went with the Shrimp Pho, and we shared some of the Chicken Fried Rice, so good! If you’re a fan of authentic Vietnamese food, this is a spot you need to check out. Highly recommend!  #PhoSaigon #ColumbusGAEats #ShrimpPho #FriedRiceLovers #FoodieCouple #VietnameseFood #RestaurantReview #SupportLocal #GeorgiaFoodies #FoodOnTikTok #foodie #food #pho #columbusga #phenixcityal #fyp #foodtiktok #food #chicken #shrimp #chickenfriedrice #greatfood #content #foodblogger #columbusgafoodies ",4214,7.142169219956738e+18,Beat,192.0,f,https://tiktok.com/@/video/7425080198951046446,7251347857881007146,f,"[""phosaigon"",""columbusgaeats"",""shrimppho"",""friedricelovers"",""foodiecouple"",""vietnamesefood"",""RestaurantReview"",""supportlocal"",""georgiafoodies"",""foodontiktok"",""Foodie"",""food"",""pho"",""columbusga"",""phenixcityal"",""fyp"",""foodtiktok"",""chicken"",""shrimp"",""chickenfriedrice"",""greatfood"",""content"",""foodblogger"",""columbusgafoodies""]"
7462196925983427870,1737428145,no weird shiii but fr wouldnt u like to see the face behind the voice ??? #fyp #foryou #xy #xyz #xyzabc #xyzbcafypシ #fyppppppppppppppppppppppp #private #account #privateaccout ,1224,7.142169219956738e+18,Beat,192.0,f,https://tiktok.com/@/video/7462196925983427870,6775640460309496837,f,"[""fyp"",""foryou"",""xy"",""xyz"",""xyzabc"",""xyzbcafyp\u30b7"",""fyppppppppppppppppppppppp"",""private"",""account"",""privateaccout""]"
7494474451791252779,1744943338,Do you experience headaches on the side of the head and forehead?  Have you tried all sorts of stuff to fix it but they always come back? Are you confused because you can’t seem to figure out what’s causing them? Well in this video I should three common causes and how they l produce pain in the same areas.   When it comes to fixing the body we need an all inclusive approach to ensure long term results.  Which is why todays solution is 3 part to address multiple factors that work together to keep you having headaches! #headache #headacherelief #neckpain #neckpainrelief #migrainerelief #migrines,6269,7.142169219956738e+18,Beat,192.0,f,https://tiktok.com/@/video/7494474451791252779,7016500196452893701,f,"[""headache"",""headacherelief"",""neckpain"",""neckpainrelief"",""migrainerelief"",""migrines""]"
7442856292651126047,1732925036,PART 2 Surprising my friend with new @9AND3 Wheels on his F-350 Platinum Super Duty. This is our XRS-03 Forged Wheel in Matte Black. 20x9 0mm Offset. #forged #forgedwheels #ford #f350 #superduty #fordf350 #f350platinum ,11882,7.142169219956738e+18,Beat,192.0,f,https://tiktok.com/@/video/7442856292651126047,6769009134933394437,f,"[""forged"",""forgedwheels"",""ford"",""f350"",""superduty"",""fordf350"",""f350platinum""]"
7258647770733563182,1690035660,Supper sharp tattoo done by Joel Orozco @malvados_ink           #legtattoo #liningtattoo #sculltattoo #butterflytattoo #nctattooers #asheborotattooer #malvadosink ,1842,7.142169219956738e+18,Beat,192.0,f,https://tiktok.com/@/video/7258647770733563182,7075016466396333098,f,"[""legtattoo"",""liningtattoo"",""sculltattoo"",""butterflytattoo"",""nctattooers"",""asheborotattooer"",""malvadosink""]"
7264636064025824555,1691429904,Custom leather cowboy Pants 💜  #hemhers #renaissanceworldtour #renaissancechallenge #fy #fyp #beyonce #custommade #leatherpants #fringe #spikes #dmvdesigner #amazonfinds #amazonfashion #fashiondiy #customdesign #renaissance ,18940,7.142169219956738e+18,Beat,192.0,f,https://tiktok.com/@/video/7264636064025824555,6807207454628283398,f,"[""hemhers"",""renaissanceworldtour"",""renaissancechallenge"",""fy"",""fyp"",""beyonce"",""custommade"",""leatherpants"",""fringe"",""spikes"",""dmvdesigner"",""amazonfinds"",""amazonfashion"",""fashiondiy"",""customdesign"",""renaissance""]"
7397799614067445038,1722434456,How To Make A Mexican Cactus 🌵 Breakfast- #cactus #howto #foodtiktok #cactusbreakfast #fyp ,2490,7.142169219956738e+18,Beat,192.0,f,https://tiktok.com/@/video/7397799614067445038,7002263017104098309,f,"[""cactus"",""howto"",""foodtiktok"",""cactusbreakfast"",""fyp""]"
7514699908411100447,1749652456,And this is exactly how you mark out your resistance and support areas on the market 💕 #trading #tradingtips #fyp #foryoupage #forextrader #tradingmentor #trading101 #resistance #tradingstrategy #forexforbeginners #engagement #teamwork #viral #contentcreation #tradingsuccess #tradingforbeginners ,1544,7.142169219956738e+18,Beat,192.0,f,https://tiktok.com/@/video/7514699908411100447,6835344178671797253,f,"[""trading"",""tradingtips"",""fyp"",""foryoupage"",""forextrader"",""tradingmentor"",""trading101"",""resistance"",""tradingstrategy"",""forexforbeginners"",""engagement"",""teamwork"",""viral"",""contentcreation"",""tradingsuccess"",""tradingforbeginners""]"
7471353190106123550,1739560010,#greenscreen The character Marvel wants you to think is popular… #ironman #tonystark #marvel #marvelcomics #marvelanimation #marvelstudios #mcu #marvelcinimaticuniverse #fyp #fypシ #comictok #ironmantok #kenansavage11 ,1779,7.142169219956738e+18,Beat,192.0,f,https://tiktok.com/@/video/7471353190106123550,6875777856501548037,f,"[""greenscreen"",""ironman"",""tonystark"",""marvel"",""marvelcomics"",""marvelanimation"",""marvelstudios"",""mcu"",""marvelcinimaticuniverse"",""fyp"",""fyp\u30b7"",""comictok"",""ironmantok"",""kenansavage11""]"
7491808087570107694,1744322512,"Sorry for the day late post, but I hope yall had a good NCBD! Hope to see some of yall at @C2E2  #comic #ncbd #comics #fyp #trending #newcomicbookday #marvel #dcu #dccomics #dc #marvelcomics #imagecomics #invincible #invincibleseason3 #comictok #comiccon #batman #avengers #c2e2 #chicago #chicagotiktok #booktok #shopping #haul #shoppinghaul ",811,7.142169219956738e+18,Beat,192.0,f,https://tiktok.com/@/video/7491808087570107694,6951259939961209862,f,"[""comic"",""ncbd"",""comics"",""fyp"",""trending"",""newcomicbookday"",""marvel"",""dcu"",""dccomics"",""dc"",""marvelcomics"",""imagecomics"",""invincible"",""invincibleseason3"",""comictok"",""comiccon"",""batman"",""avengers"",""c2e2"",""chicago"",""chicagotiktok"",""BookTok"",""shopping"",""haul"",""shoppinghaul""]"
7433548536089693482,1730757895,If you’re an international student athlete… the rules are different for NIL! Protect yourself! #nil #ncaa #lawyersoftiktok #athletes ,5524,7.142169219956738e+18,Beat,192.0,f,https://tiktok.com/@/video/7433548536089693482,7322921879995581482,f,"[""nil"",""ncaa"",""lawyersoftiktok"",""athletes""]"
7471849823042424095,1739675615,"Broad jump variations build explosive power, acceleration, and force absorption, key for sprinting and athletic performance.  Master these broad jump variations to become faster, more explosive, and powerful in every sport!  #explosivemovements #jumptraining #coachgreenphd #athleticperformance #sportsperformance #strengthandconditioning #speedandagility #powerdevelopment #broadjumps #trainlikeanathlete",3493,7.142169219956738e+18,Beat,192.0,f,https://tiktok.com/@/video/7471849823042424095,7458741823334204462,f,"[""explosivemovements"",""jumptraining"",""coachgreenphd"",""athleticperformance"",""sportsperformance"",""strengthandconditioning"",""speedandagility"",""powerdevelopment"",""broadjumps"",""trainlikeanathlete""]"
7250259922464541994,1688082692,See our bio for more information! #fyp #foryou #usedcars #yakima #wa #car #usedcar #cartiktok #chinatiktok #low #price #mazda #oneowner ,13436,7.142169219956738e+18,Beat,192.0,f,https://tiktok.com/@/video/7250259922464541994,7102586574726923310,f,"[""fyp"",""foryou"",""usedcars"",""yakima"",""wa"",""car"",""usedcar"",""cartiktok"",""chinatiktok"",""low"",""price"",""mazda"",""oneowner""]"
7438749305789238570,1731968793,P.2 Watch me test my Raw Indian Wavy Hair from my new vendor! 🫧💎 The “RAW HAIR TEST” is the best way to know if your hair is processed or unprocessed. It also helps you identifiy if your vendor truly supplies pure raw hair. Tell me what you guys think! ☺️  #fyp #rawindianhair #rawhairvendor #blackgirlluxury #luxuryhair #indianhair #rawhairtest #unprocessedhair ,3602,7.142169219956738e+18,Beat,192.0,f,https://tiktok.com/@/video/7438749305789238570,6799814397286024197,f,"[""fyp"",""rawindianhair"",""rawhairvendor"",""blackgirlluxury"",""luxuryhair"",""indianhair"",""rawhairtest"",""unprocessedhair""]"
7250267024750890286,1688084346,"Bye-bye Stinky Odor! 🌿🛁 With Tumeric Face & BodyBar #1 Simple Step to Freshness: Step 1️⃣: Soap Magic ✨🍋 Combat excess oil, bacteria, and odor with our New Turmeric Face & BodyBar! It’s packed with the power of these awesome ingredients to keep your armpits and feet smelling fresh and clean.  Say goodbye to stinky pits and feet, and hello to freshness and confidence! 😌 Looking to invest in your Self-Care? We at Tebeauty strive to help you love You in your natural through selflove practices and Organic Skincare that truly makes you feel renewed inside and out🌱🥰 #sugarscrub #turmericsoap #discoloration #hyperpigmentation #acnescars #darkspots #turmericbenefits #turmericscrub #skincare #bodycareproducts #smellyarmpits #detoxingarmpits #bodyodor #bodyodorsoap   #FreshVibes #NaturalCare #healthypits ",7680,7.142169219956738e+18,Beat,192.0,f,https://tiktok.com/@/video/7250267024750890286,6955668335967126533,f,"[""1"",""sugarscrub"",""turmericsoap"",""discoloration"",""hyperpigmentation"",""acnescars"",""darkspots"",""turmericbenefits"",""turmericscrub"",""skincare"",""bodycareproducts"",""smellyarmpits"",""detoxingarmpits"",""bodyodor"",""bodyodorsoap"",""freshvibes"",""naturalcare"",""healthypits""]"
7292164127315856682,1697839283,Create Festival maps in Blender! #blender3d #3dmodeling #blenderanimation ,8324,7.142169219956738e+18,Beat,192.0,f,https://tiktok.com/@/video/7292164127315856682,6761094647236543493,f,"[""blender3d"",""3dmodeling"",""blenderanimation""]"
7469509550840876318,1739130760,Now I wanna a be a flip-over wig! Lol @MillionHair always comes through for me 🤝💗 hair from: @ScahlpsStudio “Baby Curly” texture ➰  #hairchronicles #flipovermethod #blackgirlhairstyles #blackhairtiktok #CapCut ,1942,7.142169219956738e+18,Beat,192.0,f,https://tiktok.com/@/video/7469509550840876318,6906588285729145861,f,"[""hairchronicles"",""flipovermethod"",""blackgirlhairstyles"",""blackhairtiktok"",""capcut""]"
7233513914124848430,1684183708,"Unleash the sting, introducing the 2023 Dodge Hornet GT! 🐝 #DodgeHornet #GT #suresky #dealershiptiktok #upstateny #middletownny #goshenny #foryoupage ",2727,7.142169219956738e+18,Beat,192.0,f,https://tiktok.com/@/video/7233513914124848430,7174784089383420971,f,"[""dodgehornet"",""gt"",""suresky"",""dealershiptiktok"",""upstateny"",""middletownny"",""goshenny"",""foryoupage""]"
7437257610794978602,1731621482,"This PS5 came to us after another shop botched a simple HDMI port repair with missing screws, misplacements, and terrible soldering. 😬 Choosing a tech repair shop with a solid reputation matters. Fixing mistakes like this one will only end up costing you more in the long run. Come to a shop you can trust—we have 697 Google reviews and a 4.9-star rating for a reason! 🌟 #ps5 #ps5console #ps5repair #techmistakes #repairshop #gamingconsole #hdmirepair #techexperts #ComputerProdigies #chicago ",5411,7.142169219956738e+18,Beat,192.0,f,https://tiktok.com/@/video/7437257610794978602,7015414507955225606,f,[]
7418029472743607598,1727144582,"Today I stepped out of my  comfort zone and taught a silk press class to a cosmetology school. Most cosmetology schools do not teach enough on textured hair. So I was really happy to share my skills and knowledge with these wonderful students! I really enjoyed this class 💇🏽‍♀️💙  • • • • Also, if you are in the Nashville area and is in search for a natural hairstylist that does all hair types add my hair page on Instagram @ Krowned.by.keilah and send me a message. I am new to Nashville so I am taking on new clients.☺️💇🏽‍♀️@KrownedbyKeilah  #LicensedCosmetologist #NashvilleHairstylist #NashvilleStylist #BlackGirlsNashville #BlackGirlTikTok #BlackHairTikTok #NaturalHairstylist #SilkPressSeason #NaturalSilkPress #HealthyHair #HairTrims #FabulousPro #MasterStylist #CosmetologySchool #krownedbykeilah",974,7.142169219956738e+18,Beat,192.0,f,https://tiktok.com/@/video/7418029472743607598,6801094057754985478,f,"[""licensedcosmetologist"",""nashvillehairstylist"",""nashvillestylist"",""blackgirlsnashville"",""blackgirltiktok"",""blackhairtiktok"",""naturalhairstylist"",""silkpressseason"",""naturalsilkpress"",""healthyhair"",""hairtrims"",""fabulouspro"",""masterstylist"",""cosmetologyschool"",""krownedbykeilah""]"
7341492813198118175,1709324552,Wanted to try out a light sensor mod for my roulette wheel to add the true randomness to it.  #electronicsengineering #tutorials #diy #modding #photoresistor #lightsensor #roulette #handheldgaming ,5485,7.142169219956738e+18,Beat,192.0,f,https://tiktok.com/@/video/7341492813198118175,6824586742239347717,f,"[""electronicsengineering"",""tutorials"",""DIY"",""modding"",""photoresistor"",""lightsensor"",""roulette"",""handheldgaming""]"
7371300887035219242,1716264743,How to make a simple tech pack clothing brand owners. #brandowner #fyp #tutorial ,1866,7.142169219956738e+18,Beat,192.0,f,https://tiktok.com/@/video/7371300887035219242,7242516510005675050,f,"[""brandowner"",""fyp"",""tutorial""]"
7252495642851888427,1688603236,Legendz Grooming Lounge here for all of your grooming needs! #barbershop #barbertok #andis #oster #wahl #barber #barbershopconnect #barberlife #barbergang #smallbusiness #fyp #centraltexas #dallasbarber #wacobarber #austinbarber #viral #haircut #blackownedbusiness ,1272,7.142169219956738e+18,Beat,192.0,f,https://tiktok.com/@/video/7252495642851888427,6771845336040096774,f,"[""barbershop"",""barbertok"",""andis"",""oster"",""wahl"",""barber"",""barbershopconnect"",""barberlife"",""barbergang"",""SmallBusiness"",""fyp"",""centraltexas"",""dallasbarber"",""wacobarber"",""austinbarber"",""viral"",""haircut"",""blackownedbusiness""]"
7205979041147538731,1677772753,There is a science to Tapping Trees in March! Learn why today! #treetapping #maplesyrup #treesap #realmaplesyrup #mapletree ,1376,7.142169219956738e+18,Beat,192.0,f,https://tiktok.com/@/video/7205979041147538731,7184957222568641582,f,"[""treetapping"",""maplesyrup"",""treesap"",""realmaplesyrup"",""mapletree""]"
7264691685874240814,1691442853,Replying to @margaritamakie #sundowntowns #sundowns #sundown #sundowntowndatabase #justice #sundownsomewhere #tougaloo ,17576,7.142169219956738e+18,Beat,192.0,f,https://tiktok.com/@/video/7264691685874240814,6646483596562841605,f,"[""sundowntowns"",""sundowns"",""sundown"",""sundowntowndatabase"",""justice"",""sundownsomewhere"",""tougaloo""]"
7479207454849436959,1741388711,"Episode 2 of The Biscotti Series: Chocolate Covered Orange Biscotti  I spent last May-June traveling Italy, and during my time visiting the Amalfi Coast, I tried some chocolate covered orange peels that changed my life. This recipe draws inspiration from that experience with the bites of candied orange peel and dark chocolate coating.  Full recipe at:  cucinaviola.com  Let me know in the comments what biscotti flavors I should try next! #italianfood #springrecipes #easyrecipes #cooking #italian #italiancooking #italianamericanfood #homecooking  #Foodie #Baking #HomeBaking #FoodLover #DessertLover #FoodTikTok #Biscotti #chocolateorange #italy #chocolate #orange #terryschocolateorange #ItalianBaking #CoffeePairing #cafe #CrunchyTreats #RecipeOfTheDay #BakingTrend #FoodForYou #FYP #HomemadeGoodness #like #follow #fyp #lgbt #lgbtq #lgbtcreator ",855,7.142169219956738e+18,Beat,192.0,f,https://tiktok.com/@/video/7479207454849436959,6813409304197628934,f,"[""italianfood"",""springrecipes"",""EasyRecipes"",""cooking"",""italian"",""italiancooking"",""italianamericanfood"",""homecooking"",""Foodie"",""baking"",""homebaking"",""FoodLover"",""dessertlover"",""foodtiktok"",""biscotti"",""chocolateorange"",""italy"",""chocolate"",""orange"",""terryschocolateorange"",""italianbaking"",""coffeepairing"",""cafe"",""crunchytreats"",""recipeoftheday"",""bakingtrend"",""foodforyou"",""fyp"",""homemadegoodness"",""like"",""follow"",""lgbt"",""lgbtq"",""lgbtcreator""]"
7355255841886571822,1712528976,Dreamville Festival Fit Check 🌻💧 #dreamvillefest #dreamvillefestival #dreamvillefestival2024 #dorotheadixpark #dixpark #raleighnc #dreamville #jcole #dreamvilleoutfits #dreamvilleoutfit #fitcheck #musicfestivalstyle #musicfestivaloutfit ,7781,7.142169219956738e+18,Beat,192.0,f,https://tiktok.com/@/video/7355255841886571822,6711351793589388293,t,"[""dreamvillefest"",""dreamvillefestival"",""dreamvillefestival2024"",""dorotheadixpark"",""dixpark"",""raleighnc"",""dreamville"",""jcole"",""dreamvilleoutfits"",""dreamvilleoutfit"",""fitcheck"",""musicfestivalstyle"",""musicfestivaloutfit""]"
7487578745180720430,1743337850,My first coral ever was green star polyps and I still have them on my back glass in my reef tank.  #greenstarpolyps #reeftank #torchcoral #coralreef #marineaquarium #saltwatertank #reefaquarium #coraltank #aquariumlife #reeftanksetup #torchcorals #reefaddicts #coralcollection #aquariumcorals #saltwaterreef #reefhobbyist #coralfrags #underwaterworld #aquariumdesign #coralphotography #coralfrags #reefaddicts #mixedreef #lpscorals #acrotank #spscorals #reefkeeper #torchcoralgarden #reefergang #fishtankideas #reeftanktips #aquariumtips #aquariumtipsandtricks #careguide #aquariumcare #fishtankinspiration #reefinspiration #oceanreef #beginnercorals #swaying #waves #wavescrashing #toadstoolleather #mushroomcoralgarden #mushroomcoral #plantedtank #plantedaquarium #aquascapedesign #marinebiologist #marineconservation #massfollowing #fishtok #marinebiologytok #marinebiology ,2897,7.142169219956738e+18,Beat,192.0,f,https://tiktok.com/@/video/7487578745180720430,7426380428315231275,f,"[""greenstarpolyps"",""reeftank"",""torchcoral"",""coralreef"",""marineaquarium"",""saltwatertank"",""reefaquarium"",""coraltank"",""aquariumlife"",""reeftanksetup"",""torchcorals"",""reefaddicts"",""coralcollection"",""aquariumcorals"",""saltwaterreef"",""reefhobbyist"",""coralfrags"",""underwaterworld"",""aquariumdesign"",""coralphotography"",""mixedreef"",""lpscorals"",""acrotank"",""spscorals"",""reefkeeper"",""torchcoralgarden"",""reefergang"",""fishtankideas"",""reeftanktips"",""aquariumtips"",""aquariumtipsandtricks"",""careguide"",""aquariumcare"",""fishtankinspiration"",""reefinspiration"",""oceanreef"",""beginnercorals"",""swaying"",""waves"",""wavescrashing"",""toadstoolleather"",""mushroomcoralgarden"",""mushroomcoral"",""plantedtank"",""plantedaquarium"",""aquascapedesign"",""marinebiologist"",""marineconservation"",""massfollowing"",""fishtok"",""marinebiologytok"",""marinebiology""]"
7484635281996533014,1742652455,PERFUMES WITH INSANE SILLAGE ✨ what’s your perfume that projects the most ? #sillageperfume #longlastingperfume #longlastingfragrance #perfumetiktok #fragrancetiktok #fragrance #CapCut ,2459,7.142169219956738e+18,Beat,192.0,f,https://tiktok.com/@/video/7484635281996533014,7296828536743232544,f,"[""sillageperfume"",""longlastingperfume"",""longlastingfragrance"",""perfumetiktok"",""fragrancetiktok"",""fragrance"",""capcut""]"
7489479942544067870,1743780465,New Emma Frost Skin coming to Marvel Rivals #fyp #gaming #Foryou #pcgaming #playstation #marvelrivals #marvel #xbox  ,7683,7.142169219956738e+18,Beat,192.0,f,https://tiktok.com/@/video/7489479942544067870,6739805825773487110,f,"[""fyp"",""gaming"",""foryou"",""pcgaming"",""playstation"",""marvelrivals"",""marvel"",""xbox""]"
7335477860934651182,1707924082,Quick lesson for 9U player on posture and eyes when hitting.  #hitting #batting #hittingdrill #baseball #youthbaseball ,6722,7.142169219956738e+18,Beat,192.0,f,https://tiktok.com/@/video/7335477860934651182,7259000648540210222,f,"[""hitting"",""batting"",""hittingdrill"",""baseball"",""youthbaseball""]"
7467018242561838382,1738550703,"drugstore, highend, & new makeup all in this video🤩  PRODUCT DETAILS: @Drink Poppi - always @laneige_us - lip mask @Embryolisse USA - Lait Crème @elfcosmetics - Jelly Pop Primer @loréal paris usa - Infallible Pro-Glow Foundation  @Maybelline NY - Concealer  @Hourglass Cosmetics - Concealer  @Rare Beauty - Concealer Brush @LYS Beauty - Cream Bronzer & Blush  @makeupbymario - Powder Bronzer & Blush @KimChi Chic Beauty - Puff Puff Pass Powder  @Sephora Collection - Setting Spray  @Charlotte Tilbury - Iconic Nude Liner  @Summer Fridays - Vanilla Beige Butter Balm  #makeuptutorial #makeuproutine #drugstoremakeup #highendmakeup #newmakeupproduct #beautytok ",1113,7.142169219956738e+18,Beat,192.0,f,https://tiktok.com/@/video/7467018242561838382,6705588875824333830,f,"[""makeuptutorial"",""MakeupRoutine"",""drugstoremakeup"",""highendmakeup"",""newmakeupproduct"",""BeautyTok""]"
7282608347700874539,1695614400,"This week, I had the pleasure of building in the Asus Prime 201! My client wanted a build under $1000 that could run most modern games with high FPS. I think i delivered!  @ASUS Prime 201  @MSI B550M Pro Wifi  @AMD Ryzen 5600 & 6700xt  @corsair 750w modular PSU + DDR4 RAM @DeepCool AG400 CPU cooler  @Silicon Power 2TB NVME #pc #pcgaming #pcsetup #custompc #custombuild #gaming #pcgamer #technology #gamer #amd #corsair #deepcool #xfx #6700xt #ryzen ",6373,7.142169219956738e+18,Beat,192.0,f,https://tiktok.com/@/video/7282608347700874539,7170538877059892267,f,"[""pc"",""pcgaming"",""pcsetup"",""custompc"",""custombuild"",""gaming"",""pcgamer"",""technology"",""gamer"",""amd"",""corsair"",""deepcool"",""xfx"",""6700xt"",""ryzen""]"
7285157724378418478,1696207973,Get your Adjustable Brim Bender only at BendyBrim.com 👌 🔗 🔗 🔗 #bendybrims #brimbender #curveband #fittedcommunity #astros #texas #fittedcap #fitted #fitteds #fittedhats #mlb #59fifty ,8963,7.142169219956738e+18,Beat,192.0,f,https://tiktok.com/@/video/7285157724378418478,6811621092228236293,f,"[""bendybrims"",""brimbender"",""curveband"",""fittedcommunity"",""astros"",""texas"",""fittedcap"",""fitted"",""fitteds"",""fittedhats"",""MLB"",""59fifty""]"
7390288924897414446,1720685743,Replying to @brooke.ashley00 Short History of early settlement Dublin California! Follow for more cities! #foryou #foryoupage #fy #history #dublincalifornia #historytok #historytime #city #place ,8927,7.142169219956738e+18,Beat,192.0,f,https://tiktok.com/@/video/7390288924897414446,7354630584584668206,f,"[""foryou"",""foryoupage"",""fy"",""history"",""dublincalifornia"",""historytok"",""HistoryTime"",""city"",""place""]"
7487302894773898518,1743273555,BEST CHERRY PERFUMES ❤️ what’s your personal favourite cherry perfume?  perfumes listed :  - Cherry ambition @The 7 Virtues Perfume  - Mula mula rouge by byron  - Cherry punk @Room 1015  - Maraschino @Sospiro Parfum  #cherryperfume #cherryfragrance #perfumetiktok #fragrancetiktok #sillageperfume #longlastingperfume #smellingood ,2629,7.142169219956738e+18,Beat,192.0,f,https://tiktok.com/@/video/7487302894773898518,7296828536743232544,f,"[""cherryperfume"",""cherryfragrance"",""perfumetiktok"",""fragrancetiktok"",""sillageperfume"",""longlastingperfume"",""smellingood""]"
7511478615977069867,1748902446,"as a health & wellness girly, it’s time to start focusing on my hair health with the help of @Wellbel 💆🏼‍♀️ if you want to join me, my code ERINF10 gets you 10% off!! #wellbelpartner  #hairhealth #wellbel #hairtransformation #haircare #hairsupplement #biotin #wellnesstips #wellnessjourney #healthandwellness #hairtips #hairtok  wearing @vestique 💐",6642,7.142169219956738e+18,Beat,192.0,f,https://tiktok.com/@/video/7511478615977069867,6716543236485612550,f,"[""wellbelpartner"",""hairhealth"",""wellbel"",""hairtransformation"",""haircare"",""hairsupplement"",""biotin"",""wellnesstips"",""wellnessjourney"",""healthandwellness"",""hairtips"",""hairtok""]"
7242918010619743534,1686373273,Cascading views of the Mira Tower by Studio Gang #architecture #tower #highrise #sanfrancisco #archinspiration ,1801,7.142169219956738e+18,Beat,192.0,f,https://tiktok.com/@/video/7242918010619743534,6842045082795983877,f,"[""architecture"",""tower"",""highrise"",""sanfrancisco"",""archinspiration""]"
7514320138733243679,1749564041,POV: You walk into this model home and suddenly your rental just doesn’t feel the same 😅 This Star Trail beauty in Prosper TX is chef’s kiss 👌 ✨ Designer touches 🛁 Spa-like bathrooms 🔥 Backyard made for entertaining And yes… the ceilings are that high 😍 📍In top-rated Prosper ISD 📩 DM “MODEL” if you’re ready for new construction magic 💬 Would you live here? Tell me in the comments! #dfwrealtor #fyp #foryourpage #prosper #prospertx #prospertexas #dallastx #dallasrealtor #dallashomes #texashomes #tiktokrealtor #firsttimehomebuyer #movingtotexas #prosperisd #startrail #homebuying #realestateagent #luxuryhomes ,17994,7.142169219956738e+18,Beat,192.0,f,https://tiktok.com/@/video/7514320138733243679,6850201330066998277,f,"[""dfwrealtor"",""fyp"",""foryourpage"",""prosper"",""prospertx"",""prospertexas"",""dallastx"",""dallasrealtor"",""dallashomes"",""texashomes"",""tiktokrealtor"",""firsttimehomebuyer"",""movingtotexas"",""prosperisd"",""startrail"",""homebuying"",""realestateagent"",""luxuryhomes""]"
7497388724775390507,1745621892,live wallpaper   Stunning Titan Spider-Man hybrid live wallpaper  #livewallpaper #wallpapers #livephotos #spiderman #aiartcommunity #fyp #xtremelyai ,7567,7.142169219956738e+18,Beat,192.0,f,https://tiktok.com/@/video/7497388724775390507,7365692986812417067,f,"[""livewallpaper"",""wallpapers"",""livephotos"",""spiderman"",""aiartcommunity"",""fyp"",""xtremelyai""]"
7453226815092526379,1735339601,Yo Jamahal has to one of the funniest guys I know. #JamahalHill #UFC #MMA #FYP #ViralMoments ,2103,7.142169219956738e+18,Beat,192.0,f,https://tiktok.com/@/video/7453226815092526379,85005,f,"[""jamahalhill"",""UFC"",""mma"",""fyp"",""viralmoments""]"
7292959128471866667,1698024381,"BMW M6 with the Vision Rings, LED strips, X leds, Black Background and New headlights lenses. . . . . . . . . . . . . #bmw #bmwm6 #bmwm6grancoupe #chasingleds #customheadlights #bavgruppe #retrofitheadlights ",5468,7.142169219956738e+18,Beat,192.0,f,https://tiktok.com/@/video/7292959128471866667,6532051521578745857,f,"[""bmw"",""bmwm6"",""bmwm6grancoupe"",""chasingleds"",""customheadlights"",""bavgruppe"",""retrofitheadlights""]"
7368680538208587054,1715654642,Like this video for more tips on using AI for marketing and business. 💫 #chatgpt4o #artificialintelligence #marketingstrategy ,2698,7.142169219956738e+18,Beat,192.0,f,https://tiktok.com/@/video/7368680538208587054,6941096903267664902,f,"[""chatgpt4o"",""artificialintelligence"",""marketingstrategy""]"
7506036335916879126,1747635279,This Mustang GT got protected with a 1 step paint correction & 1 year coating. This returning client actually received this service well over a year back & was in need of a good shine before summer! #cardetailing #cleancars #detailingworldofficial #carsofjacksonville #mobiledetailing #reelsviral #jacksonvillefl #detailing #autodetailing #cardetail,2377,7.142169219956738e+18,Beat,192.0,f,https://tiktok.com/@/video/7506036335916879126,7375421386850763808,f,"[""cardetailing"",""cleancars"",""detailingworldofficial"",""carsofjacksonville"",""mobiledetailing"",""reelsviral"",""jacksonvillefl"",""detailing"",""autodetailing"",""cardetail""]"
7512463039002692906,1749131620,Bitcoin Market Update 6/5/2025 #btc #bitcoin #crypto #charts #ta ,2969,7.142169219956738e+18,Beat,192.0,f,https://tiktok.com/@/video/7512463039002692906,6752972223672402950,f,"[""btc"",""bitcoin"",""crypto"",""charts"",""ta""]"
7455003586276101408,1735753289,“It's a really helpful tool if you want to develop as a youth player” 💡 Total Futball Academy boys answer a few Taka questions! #actionthatmatters,2241,7.142169219956738e+18,Beat,192.0,f,https://tiktok.com/@/video/7455003586276101408,7023318637768606725,f,"[""actionthatmatters""]"
7357117297460383018,1712962380,"Tiktok just restricted my livestream access because it deemed my content is exploiting/abusive to youth. It’s mind boggling how heavy handed censorship is on here. For the time, I’ve set up another account at @offgriddiy, but it requires 1000 followers just to have access to livestreaming. For all my followers, please follow that account so I can continue livestreaming on this platform, otherwise, I’ll have to consider elsewhere to a platform that doesn’t have this level of censorship! #censorship #censorshipisreal #tiktokcensoringvideos #tiktokcensorship #instagram #youtube #livestream ",1461,7.142169219956738e+18,Beat,192.0,f,https://tiktok.com/@/video/7357117297460383018,7239053386020242478,f,"[""censorship"",""censorshipisreal"",""tiktokcensoringvideos"",""tiktokcensorship"",""instagram"",""youtube"",""livestream""]"
7490599268118433054,1744041093,"Is your dream to be a backup dancer too? 🤩 Join us July 10, 2025 for the Straight Up Abilities Dance Workshop at the @Rollettes LA Experience!  🔗 Link to sign up for the experience is in our TikTok Bio! 🌟 SEE YOU THERE 🪩 #dance #danceworkshop #danceexperience #downsyndrome #autism #downsyndromedance #autismdance #danceteam #allabilities #nonprofit #happy #dream #talent #skills #rollettes #shinebright #superstar",1020,7.142169219956738e+18,Beat,192.0,f,https://tiktok.com/@/video/7490599268118433054,6778977499378009093,f,"[""dance"",""danceworkshop"",""danceexperience"",""downsyndrome"",""autism"",""downsyndromedance"",""autismdance"",""danceteam"",""allabilities"",""nonprofit"",""happy"",""dream"",""talent"",""skills"",""rollettes"",""shinebright"",""superstar""]"
7498767499643604267,1745942881,Everyday.  #trucking #trucker #truck #truckerlife #truckersoftiktok #dayinmylife #semitruck #bigrig #fyp ,1266,7.142169219956738e+18,Beat,192.0,f,https://tiktok.com/@/video/7498767499643604267,6809705055954093061,f,"[""trucking"",""trucker"",""truck"",""truckerlife"",""truckersoftiktok"",""dayinmylife"",""semitruck"",""bigrig"",""fyp""]"
7269926530803961134,1692661688,Can I get this for my #homelab 😂 #tech #techtok #vmwareexplore #saasyengineer #vmware #vmwareexplore2023 ,2431,7.142169219956738e+18,Beat,192.0,f,https://tiktok.com/@/video/7269926530803961134,6673647674644104198,f,"[""homelab"",""tech"",""techtok"",""vmwareexplore"",""saasyengineer"",""vmware"",""vmwareexplore2023""]"
7219418366027615531,1680901832,HAWAIIAN BREAKFAST BOWL 🍳 🍚!!! IS IT REALLY A STRUGGLE MEAL!!! 🤔 #fyp #juancho00_ #vlogs #foodtiktok #foodreview #LIKE #COMMENT #SUBSCRIBE #youtube #LINKINBIO #samoanfoodsurfer #hawaiianfood #hawaiinbreakfast ,4437,7.142169219956738e+18,Beat,192.0,f,https://tiktok.com/@/video/7219418366027615531,6768183941042045957,f,"[""fyp"",""juancho00_"",""vlogs"",""foodtiktok"",""foodreview"",""like"",""comment"",""subscribe"",""youtube"",""linkinbio"",""samoanfoodsurfer"",""hawaiianfood"",""hawaiinbreakfast""]"
7508131313669459231,1748123069,Brand New Bodega by 6th Sense Fishing  #6thsense ##6thsensefishing #catfish #catfishing #bigcats #fishtok #bass #bassfishing #panfish #panfishing #crappie #crappiefishing #creek #jdmfishingtackle #jdm #fishinglife #river #riverfishing #trout #troutfishing #fishing #fish #catchandrelease #outdoors #nature #angler #carpfishing #flyfishing #fishingislife #pesca #fishingtrip #carp #fishingaddict #largemouthbass #fisherman #trout #saltwaterfishing #hunting #bigfish #angling #fishingdaily #photography #troutfishing #shimano #pike #fishon #carplife #creatotsearchinsights  #TikTokShop #deals #fyp #foryoupage #unleashyourgame #TheBigGame #tiktokshoprestock #CapCut #TikTokSpringGlowUp #swimmax #springtok #tiktokshopspringglowup #500k #viral #trending ,6500,7.142169219956738e+18,Beat,192.0,f,https://tiktok.com/@/video/7508131313669459231,6796301082089948165,f,"[""6thsense"",""6thsensefishing"",""catfish"",""catfishing"",""bigcats"",""fishtok"",""bass"",""bassfishing"",""panfish"",""panfishing"",""crappie"",""crappiefishing"",""creek"",""jdmfishingtackle"",""jdm"",""fishinglife"",""river"",""riverfishing"",""trout"",""troutfishing"",""fishing"",""fish"",""catchandrelease"",""Outdoors"",""nature"",""angler"",""carpfishing"",""flyfishing"",""fishingislife"",""pesca"",""fishingtrip"",""carp"",""fishingaddict"",""largemouthbass"",""fisherman"",""saltwaterfishing"",""hunting"",""bigfish"",""angling"",""fishingdaily"",""photography"",""shimano"",""pike"",""fishon"",""carplife"",""creatotsearchinsights"",""TikTokShop"",""deals"",""fyp"",""foryoupage"",""unleashyourgame"",""thebiggame"",""tiktokshoprestock"",""capcut"",""tiktokspringglowup"",""swimmax"",""springtok"",""tiktokshopspringglowup"",""500k"",""viral"",""trending""]"
7503710324789546286,1747093743,Full-body burner with just ONE kettlebell! No gym? No problem. Take this workout anywhere and feel the burn everywhere.  #KettlebellWorkout #FullBodyWorkout #NoGymNoProblem #HomeWorkout #FitnessAnywhere #WorkoutMotivation #KettlebellFlow #FitTok #BodyGoals #ViralWorkout #weightloss #75hard ,942,7.142169219956738e+18,Beat,192.0,f,https://tiktok.com/@/video/7503710324789546286,6921842273324844037,f,"[""kettlebellworkout"",""fullbodyworkout"",""nogymnoproblem"",""homeworkout"",""fitnessanywhere"",""workoutmotivation"",""kettlebellflow"",""FitTok"",""bodygoals"",""viralworkout"",""weightloss"",""75hard""]"
7498852411520453930,1745962684,🌌episode 49🌌                                                              #fyp #foryou #fypシ゚viral #fortnite #foryourpage #foryoupage #fypシ゚viral🖤 #ftp #fypage #foru #settingpowder #grwm #makeup #makeuptutorial #boost #moots #yessir #decoration #makeuphacks #promlook #valid #prom #diy #viral #trending #fyppp #makeuplook #dontflop #creatorsearchinsights ,557,7.142169219956738e+18,Beat,192.0,f,https://tiktok.com/@/video/7498852411520453930,6781257511540311046,f,"[""fyp"",""foryou"",""fyp\u30b7\u309aviral"",""fortnite"",""foryourpage"",""foryoupage"",""fyp\u30b7\u309aviral\ud83d\udda4"",""ftp"",""fypage"",""foru"",""settingpowder"",""grwm"",""makeup"",""makeuptutorial"",""boost"",""moots"",""yessir"",""decoration"",""makeuphacks"",""promlook"",""valid"",""prom"",""DIY"",""viral"",""trending"",""fyppp"",""makeuplook"",""dontflop"",""creatorsearchinsights""]"
7480765940267846958,1741751561,#greenscreen #nba #nbatok #lebron #lebronjames #kobe #kobebryant #stephcurry #stephencurry #lakers #warriors #celtics #bostonceltics #fyp ,1694,7.142169219956738e+18,Beat,192.0,f,https://tiktok.com/@/video/7480765940267846958,8453254,f,"[""greenscreen"",""NBA"",""nbatok"",""lebron"",""lebronjames"",""kobe"",""kobebryant"",""stephcurry"",""stephencurry"",""lakers"",""warriors"",""celtics"",""bostonceltics"",""fyp""]"
7447314175820516654,1733962957,Delta Force Need a Battle Royale? 🤔  #drdisrespect #drdisrespectlive #drdisrespectclips #rumbledrdisrespect #rumble #twotime #thebestwotime #deltaforce #deltaforcegame #fypシ゚viral #fyp ,6830,7.142169219956738e+18,Beat,192.0,f,https://tiktok.com/@/video/7447314175820516654,6978493221337613317,f,"[""drdisrespect"",""drdisrespectlive"",""drdisrespectclips"",""rumbledrdisrespect"",""rumble"",""twotime"",""thebestwotime"",""deltaforce"",""deltaforcegame"",""fyp\u30b7\u309aviral"",""fyp""]"
7218608452564831531,1680713283,The symbolism behind the Masonic working tool the common gavel. #symbolism #freemasonry #masons #museummoment ,18562,7.142169219956738e+18,Beat,192.0,f,https://tiktok.com/@/video/7218608452564831531,7188602012584543275,f,"[""symbolism"",""freemasonry"",""masons"",""museummoment""]"
7491428594154097975,1744234151,Real size octopus tattoo stencil.  Sponsored by @TATSoul @aitenitas @Eclipse Tattoo Ink @inkclawtattoosupply @H2Ocean #tattoo #tattoos #tatuagem #stabmegod #fredericorabelo #blackwork #animaltattoos #etchingtattoo #engravingtattoo #contemporarytattoo #culture #NYC #brooklyn #art #craft #contemporaryart #ink #bodyart #inked ,1161,7.142169219956738e+18,Beat,192.0,f,https://tiktok.com/@/video/7491428594154097975,7345834243991798790,f,"[""tattoo"",""tattoos"",""tatuagem"",""stabmegod"",""fredericorabelo"",""blackwork"",""animaltattoos"",""etchingtattoo"",""engravingtattoo"",""contemporarytattoo"",""culture"",""nyc"",""brooklyn"",""art"",""craft"",""contemporaryart"",""ink"",""bodyart"",""inked""]"
7335550383764327722,1707940944,Super great tool to have in your arsenal! Really happy that my boss grabbed this kit! #lumaiii #dentfix #uvprimer #sata #axalta #spieshecker #axaltarefinish @Dent Fix Equipment ,2473,7.142169219956738e+18,Beat,192.0,f,https://tiktok.com/@/video/7335550383764327722,6993079113330656262,f,"[""lumaiii"",""dentfix"",""uvprimer"",""sata"",""axalta"",""spieshecker"",""axaltarefinish""]"
7256854638106856747,1689618147,Day 1: Gotze Flick 🇩🇪#germany#worldcup #equalizer#argentinaarchenemy #germanyslove #flickupfriday #freestyle ,2895,7.142169219956738e+18,Beat,192.0,f,https://tiktok.com/@/video/7256854638106856747,7130738997543699502,f,"[""germany"",""worldcup"",""equalizer"",""argentinaarchenemy"",""germanyslove"",""flickupfriday"",""freestyle""]"
7448781589628079390,1734304626,Spoiler: I loved it. 10/10. Watch the video for a more comprehensive review😉 Thank you @Emirates for an amazing experience. I will be flying with you again 🔜  #roamwithro #emirates #emiratesairlines #emiratesfirstclass #firstclass #businessclass #travel #review #jfk #mxp #solotravel #blacktravel #blacksolotraveler #traveltiktok ,875,7.142169219956738e+18,Beat,192.0,f,https://tiktok.com/@/video/7448781589628079390,6882559989053195270,f,"[""roamwithro"",""emirates"",""emiratesairlines"",""emiratesfirstclass"",""firstclass"",""businessclass"",""travel"",""review"",""jfk"",""mxp"",""solotravel"",""blacktravel"",""blacksolotraveler"",""traveltiktok""]"
7516773714898193686,1750135284,"Fully reset this Honda Accord with a premium full detail. This was this clients first time booking my service and first time having their vehicle detailed. Now clean, this Honda will just need future maintenance for upkeep! ___________________ ▶️ Appointment Only List of service 🎗️ maintenance 🎗️Paint correction 🎗️Ceramic coating 🎗️Steam clean & shampoo 🎗️Clay & wax 🎗️Engine bay detail • • • • • • • #cardetailing #cleancars #detailingworldofficial #carsofjacksonville #mobiledetailing #reelsviral #jacksonvillefl #detailing #autodetailing #cardetail",2484,7.142169219956738e+18,Beat,192.0,f,https://tiktok.com/@/video/7516773714898193686,7375421386850763808,f,"[""cardetailing"",""cleancars"",""detailingworldofficial"",""carsofjacksonville"",""mobiledetailing"",""reelsviral"",""jacksonvillefl"",""detailing"",""autodetailing"",""cardetail""]"
7283176880012873003,1695746779,"Hey Friends! Come with me to get a Russian Manicure, specifically a Hard  Gel Refill!  . YOLO Beauty Zone - 1400 Chain Bridge Rd. McLean, VA 22101 . #russianmanicure #russiannails #nails #dmvnails #vanails ",5073,7.142169219956738e+18,Beat,192.0,f,https://tiktok.com/@/video/7283176880012873003,6822473255132890117,f,"[""russianmanicure"",""russiannails"",""nails"",""dmvnails"",""vanails""]"
7472543571242061102,1739837168,"😂 What’s the Wi-Fi Password? 📶 When the Wi-Fi password turns into an irresistible order! 🍔🔥 We wouldn’t mind if this were the rule, right? 😆 Come grab your Joy Burger (and get the Wi-Fi as a bonus)! 🍔 #JoyBurgers #Challenge #Funny #Trend #LasVegas #Burger #foodie #fy #foryou ",2561,7.142169219956738e+18,Beat,192.0,f,https://tiktok.com/@/video/7472543571242061102,7125210408836400174,f,"[""joyburgers"",""challenge"",""funny"",""trend"",""lasvegas"",""burger"",""Foodie"",""fy"",""foryou""]"
7225939427690843434,1682420169,@asiasierra_ I sincerely hope your skin heals for the better Sis. So sorry this happened to you ❤️‍🩹 #chemicalpeelgonewrong #blackskincare #medicalaesthetics #joytaughtme💋 ,21853,7.142169219956738e+18,Beat,192.0,f,https://tiktok.com/@/video/7225939427690843434,6717262352062514181,f,"[""chemicalpeelgonewrong"",""blackskincare"",""medicalaesthetics"",""joytaughtme\ud83d\udc8b""]"
7512869852986510634,1749226372,Bitcoin Just Made A Massive Bear Trap 6/6/2025 #btc #bitcoin #charts #ta #crypto ,2054,7.142169219956738e+18,Beat,192.0,f,https://tiktok.com/@/video/7512869852986510634,6752972223672402950,f,"[""btc"",""bitcoin"",""charts"",""ta"",""crypto""]"
7321762262316846337,1704730630,Makeup stain-proof makeup bag? 🫢 #ETOILE #makeupbag #beautytravel #makeuptravelbag #greenscreenvideo ,3856,7.142169219956738e+18,Beat,192.0,f,https://tiktok.com/@/video/7321762262316846337,6671915549528424453,f,"[""etoile"",""makeupbag"",""beautytravel"",""makeuptravelbag"",""greenscreenvideo""]"
7439062282216262942,1732041674,"Come on down, and stay a while 🫶🏾 #capcut #yapping #gettoknowme #introducemyself #beautyblogger #blackbeauty #blackwellness #beautycommunity #wellnesscommunity #introduction #makeuplook #girltalk #girlsfyp #CapCut ",2590,7.142169219956738e+18,Beat,192.0,f,https://tiktok.com/@/video/7439062282216262942,7003459992057775109,f,"[""capcut"",""yapping"",""gettoknowme"",""introducemyself"",""beautyblogger"",""blackbeauty"",""blackwellness"",""beautycommunity"",""wellnesscommunity"",""introduction"",""makeuplook"",""girltalk"",""girlsfyp""]"
7472386258988174635,1739800561,"**WHY HIRE A PROFESSIONAL**  🏠🪚🧰📐🔨  Part 1  Full disclaimer: there are many people that are well equipped to do DIY projects!  Unfortunately, a lot of people will also makes mistakes due to lack of construction knowledge, not having the correct tools, don’t have the necessary skills, or just don’t have the time to spend to compete the project correctly etc… This, unfortunately can lead to poor results, taking a very long time to complete the project, and eventually having to redo the project entirely by themselves or someone else. This takes more time and 💰💰.  While professionals aren’t perfect either, usually, they possess a lot more knowledge, skills, and have the correct equipment to accomplish projects in a timely manner.  #palisadecontracting #contractor #construction #interiordesign #education #design #remodeling #DIY #kitchen #homeimprovement #diyproject ",1979,7.142169219956738e+18,Beat,192.0,f,https://tiktok.com/@/video/7472386258988174635,7306215319470212127,f,"[""palisadecontracting"",""contractor"",""construction"",""interiordesign"",""education"",""design"",""remodeling"",""DIY"",""kitchen"",""homeimprovement"",""diyproject""]"
7237211392468602155,1685044593,Love closing out games like this 🫣 #bowlersoftiktok #teamctd #trending ,2381,7.142169219956738e+18,Beat,192.0,f,https://tiktok.com/@/video/7237211392468602155,6718060317450290181,f,[]
7264656367326219562,1691434631,Tip 114: Why Collagen Peptides For Hair Growth & Anti-Aging? AMAZON LINK: https://amen.to/43WRFBc #hairgrowth #antiaging #collagen  #collagenpowder #collagenpeptides #Amysdaydreams1 #Amyshairgrowskinglowfashionflow #hairgrowskinglow,5606,7.142169219956738e+18,Beat,192.0,f,https://tiktok.com/@/video/7264656367326219562,7083291007933563950,f,"[""hairgrowth"",""antiaging"",""collagen"",""collagenpowder"",""collagenpeptides"",""amysdaydreams1"",""amyshairgrowskinglowfashionflow"",""hairgrowskinglow""]"
7451777715750898986,1735002206,Replying to @Remii 🤭🤭🤭 #foryou #richgirlbutter #bodybutter #sheabutter #blackownedsmallbusiness #hydratingbodybutter ,2920,7.142169219956738e+18,Beat,192.0,f,https://tiktok.com/@/video/7451777715750898986,6831888736454034437,f,"[""foryou"",""richgirlbutter"",""bodybutter"",""sheabutter"",""blackownedsmallbusiness"",""hydratingbodybutter""]"
7336628451857681706,1708191943,What grips do you use? #golf #golftok #golftiktok #golfgrips #lamkin ,5410,7.142169219956738e+18,Beat,192.0,f,https://tiktok.com/@/video/7336628451857681706,6820762610515264517,f,"[""golf"",""golftok"",""golftiktok"",""golfgrips"",""lamkin""]"
7232675666993368362,1683988545,"not sponsored, just obsessed that one of my FAVORITE sunscreens comes in an even darker, black-girl friendly shade for summer 🥰☀️ have you tried @Supergoop Glow Screen? #supergoop #spf40 #darkskinmakeup #sunscreen #skincare  ",12307,7.142169219956738e+18,Beat,192.0,f,https://tiktok.com/@/video/7232675666993368362,6821644501025014790,f,"[""supergoop"",""spf40"",""darkskinmakeup"",""sunscreen"",""skincare""]"
7495090902847753503,1745086863,"Pepperoni, ham, beef, sausage, bacon bits, mushroom, olives, pineapple, onion, green pepper, and tomatoes! At The Pizza Gallery in Burien, Washington #pizzatiktok #pizzacutter #seattlepizza #seattle #seattlefood #burien #burienwa #foodbeast ",18117,7.142169219956738e+18,Beat,192.0,f,https://tiktok.com/@/video/7495090902847753503,6831285710336492550,f,"[""pizzatiktok"",""pizzacutter"",""seattlepizza"",""seattle"",""seattlefood"",""burien"",""burienwa"",""foodbeast""]"
7240558752271813934,1685823967,I could not believe it! He picked up food off my table 🥴#greenscreen #costasinn #crabsoftiktok #crabtok #storytime ,4121,7.142169219956738e+18,Beat,192.0,f,https://tiktok.com/@/video/7240558752271813934,6956388345762137093,f,"[""greenscreen"",""costasinn"",""crabsoftiktok"",""crabtok"",""storytime""]"
7480662407489178926,1741727471,3 designer items I wouldn’t invest in.   #designer #investing #designerfashion #fyp ,5896,7.142169219956738e+18,Beat,192.0,f,https://tiktok.com/@/video/7480662407489178926,6849361248850101254,f,"[""designer"",""investing"",""designerfashion"",""fyp""]"
7507423845897227550,1747958346,🚨🚨 Crypto Market Update: BTC ATH - SUI HACKED - WORLDCOIN GIGAPUMP 🚀#crypto #cryptok #bitcoin #xrp #cryptocurrency #solana #ethereum #cryptoforbeginners #cryptoinvesting #cryptotrading #memecoin #cryptonews #doge ,2400,7.142169219956738e+18,Beat,192.0,f,https://tiktok.com/@/video/7507423845897227550,6961265291431642117,f,"[""crypto"",""cryptok"",""bitcoin"",""xrp"",""cryptocurrency"",""solana"",""ethereum"",""cryptoforbeginners"",""cryptoinvesting"",""cryptotrading"",""memecoin"",""cryptonews"",""doge""]"
7507812285163998510,1748048810,"You don’t need to shrink yourself. You don’t need to look like someone else on IG. You need a plan that actually respects your goals and your body.   I just want more of us to stop falling for these cycles of trends that keep us small and confused. You deserve to feel powerful, educated, and consistent. So if no one’s told you this before: strength training won’t make you bulky. ##gym##gymtok##gymgirl##gymtalk##fitness##fittok##rant##bodybuilding##realtalk##fypシ##fyp",974,7.142169219956738e+18,Beat,192.0,f,https://tiktok.com/@/video/7507812285163998510,7499983764664648746,f,"[""gym"",""GymTok"",""gymgirl"",""gymtalk"",""Fitness"",""FitTok"",""rant"",""bodybuilding"",""realtalk"",""fyp\u30b7"",""fyp""]"
7347861296634662174,1710807313,I love this Woman. I learned so much from her during my conscious evolution. Ase’ to the Ancestors 🤲🏾🙏🏾 #drfrancescresswelsing #happysolarreturn ,1155,7.142169219956738e+18,Beat,192.0,f,https://tiktok.com/@/video/7347861296634662174,6836010796054742022,f,"[""drfrancescresswelsing"",""happysolarreturn""]"
7401559121880976686,1723309784,🐊 #флорида #сша #u4u #нашівсша #емігранткавсша #життявсшa #тампа ,5121,7.142169219956738e+18,Beat,192.0,f,https://tiktok.com/@/video/7401559121880976686,6764074113964393477,f,"[""\u0444\u043b\u043e\u0440\u0438\u0434\u0430"",""\u0441\u0448\u0430"",""u4u"",""\u043d\u0430\u0448\u0456\u0432\u0441\u0448\u0430"",""\u0435\u043c\u0456\u0433\u0440\u0430\u043d\u0442\u043a\u0430\u0432\u0441\u0448\u0430"",""\u0436\u0438\u0442\u0442\u044f\u0432\u0441\u0448a"",""\u0442\u0430\u043c\u043f\u0430""]"
7406963007089036586,1724567977,Replying to @zachary_mccormick  Short History of early settlement Rancho Cordova California! Follow for more cities! #foryou #foryoupage #fyp #fyppage #history #ranchocordovaca #ranchocordovacalifornia #historytok #historytime #city #place ,8034,7.142169219956738e+18,Beat,192.0,f,https://tiktok.com/@/video/7406963007089036586,7354630584584668206,f,"[""foryou"",""foryoupage"",""fyp"",""fyppage"",""history"",""ranchocordovaca"",""ranchocordovacalifornia"",""historytok"",""HistoryTime"",""city"",""place""]"
7494671219082579246,1744989139,"Murdered Out, Bullet Backed, American Flag Friday. Who wants one of these Scottys in their bag? @Cerakote @Scotty Cameron  #theclublab #grandrapids #scottycameron #golfing #golf #golfer #golflife #touronly #golfstagram #golfcourse #nikegolf #golfaddict #golfers #pga #golfclub #pgatour #golftips #golfislife #golfpro #jordangolf #golfcoach #themasters  #golflifestyle #golfisfun #golfstyle #titleist #tigerwoods ",19787,7.142169219956738e+18,Beat,192.0,f,https://tiktok.com/@/video/7494671219082579246,7088494233041667118,f,"[""theclublab"",""grandrapids"",""scottycameron"",""golfing"",""golf"",""golfer"",""golflife"",""touronly"",""golfstagram"",""golfcourse"",""nikegolf"",""golfaddict"",""golfers"",""pga"",""golfclub"",""PGATOUR"",""golftips"",""golfislife"",""golfpro"",""jordangolf"",""golfcoach"",""TheMasters"",""golflifestyle"",""golfisfun"",""golfstyle"",""titleist"",""tigerwoods""]"
7446243475017764139,1733713666,Part 3 - Instagram Social media IS a search engine. There is so much information on these platforms. #cargovanbusiness #vanlife #entrepreneur #businessowner #owneroperator #fyp #bravetransport #cargovan #hustle #independantcontractor #courier #transportation ,9096,7.142169219956738e+18,Beat,192.0,f,https://tiktok.com/@/video/7446243475017764139,7350882635303699502,f,"[""cargovanbusiness"",""vanlife"",""entrepreneur"",""businessowner"",""owneroperator"",""fyp"",""bravetransport"",""cargovan"",""hustle"",""independantcontractor"",""courier"",""transportation""]"
7244301834985180458,1686695466,"✨Amazon tops try on haul✨ I freaking LOVE these tops from Reoria, the material is so soft and smooth, plus they have SO MANY colors🤩🫶🏼✨ Everything will be 🔗 under “basics”. Have an amazing day bestiesss💛🤭 #AmazonMustHaves #AmazonFinds #AmazinBasicTees #TheBestBasicTeeshirts #AmazonTops #Amazon #ReoriaTops ",2690,7.142169219956738e+18,Beat,192.0,f,https://tiktok.com/@/video/7244301834985180458,6764435438683505670,f,"[""amazonmusthaves"",""amazonfinds"",""amazinbasictees"",""thebestbasicteeshirts"",""amazontops"",""amazon"",""reoriatops""]"
7488406278956404010,1743530494,Paul Pierce says Line Up The 1s to All Former Players He Had Battles With In The League! 👁️🏀😳😱🧐🫨 #viralvideo #fypシ゚viral #fy #kobe #goat #goats #lebron #lebronjames23 #kobebryant💜🤍 #kobebryantforever #nbabasketballedits #mj #michaeljordan #bron #1v1 #hoops #anthonydavis #anthonydavis3 #luka #kyrie #kd #kevindurant #shaq #adamsilver #stephenasmith #kyrie #kd,1015,7.142169219956738e+18,Beat,192.0,f,https://tiktok.com/@/video/7488406278956404010,7063585963415356463,f,"[""viralvideo"",""fyp\u30b7\u309aviral"",""fy"",""kobe"",""goat"",""goats"",""lebron"",""lebronjames23"",""kobebryant\ud83d\udc9c\ud83e\udd0d"",""kobebryantforever"",""nbabasketballedits"",""mj"",""michaeljordan"",""bron"",""1v1"",""hoops"",""anthonydavis"",""anthonydavis3"",""luka"",""kyrie"",""kd"",""kevindurant"",""shaq"",""adamsilver"",""stephenasmith""]"
7219427481177050414,1680903953,Come on a shopping trip with me to @tractorsupply to shop all their new spring finds from Red Shed { a d } & see how I styled my favorites in our home! #tractorsupply #tractorsupplyfinds #whatiboughtvshowitlooks #shoppinghaul #redshedshoppinghaul #whatiboughtvshowistyleit #springdecor #homedecor #homeinteriordesign ,5516,7.142169219956738e+18,Beat,192.0,f,https://tiktok.com/@/video/7219427481177050414,7030874053003232261,f,"[""tractorsupply"",""tractorsupplyfinds"",""whatiboughtvshowitlooks"",""shoppinghaul"",""redshedshoppinghaul"",""whatiboughtvshowistyleit"",""springdecor"",""homedecor"",""homeinteriordesign""]"
7410244612167716139,1725332030,😮‍💨 I’m so glad my skin didn’t react. I cant wait to see the results from using @Naturium ‘s Retinol Complex Serum! @La Roche-Posay #skincycling #retinolnight #skinroutine #combinationskin #CapCut ,5472,7.142169219956738e+18,Beat,192.0,f,https://tiktok.com/@/video/7410244612167716139,6893674012448572421,f,"[""skincycling"",""retinolnight"",""skinroutine"",""combinationskin"",""capcut""]"
7496618003606342942,1745442420,"Mediation can feel overwhelming. But here at Driskell Law, we’ll walk you through every step.  #femalelawyer #lawyertok #tulsa #mediation #attorney ",4435,7.142169219956738e+18,Beat,192.0,f,https://tiktok.com/@/video/7496618003606342942,6866374308387013638,f,"[""femalelawyer"",""lawyertok"",""tulsa"",""mediation"",""attorney""]"
7209337222791695659,1678554639,Replying to @painternew4 #kerbalspaceprogram2 #kerbalspaceprogram #kerbalspace #evadedtheKraken #evadethekraken ,5586,7.142169219956738e+18,Beat,192.0,f,https://tiktok.com/@/video/7209337222791695659,6809356484835017734,f,"[""kerbalspaceprogram2"",""kerbalspaceprogram"",""kerbalspace"",""evadedthekraken"",""evadethekraken""]"
7488613120877890846,1743578627,Неудобная правда о блогерстве #тикток #блогер #блогеры ,2281,7.142169219956738e+18,Beat,192.0,f,https://tiktok.com/@/video/7488613120877890846,7275910539417551915,f,"[""\u0442\u0438\u043a\u0442\u043e\u043a"",""\u0431\u043b\u043e\u0433\u0435\u0440"",""\u0431\u043b\u043e\u0433\u0435\u0440\u044b""]"
7509839062933654830,1748520684,#Soccer #football #transfernews #premierleague  the transfer's new today...⚽,7437,7.142169219956738e+18,Beat,192.0,f,https://tiktok.com/@/video/7509839062933654830,7474016398288241710,f,"[""Soccer"",""football"",""transfernews"",""PremierLeague""]"
7242383207230917930,1686248753,beauty buisness hack for easy forms + consents ✨😘 #beautybusiness #beautybusinesshacks #etsy #estheticianlife #etsytemplates #smallbusiness #smallbusinesstips #estheticianhack #beautybusiness #hack #smallbusinesshack #etsytemplates #etsysmallbusiness #browlamination #browlaminationtutorial #lashlift #trending #fyp #fypシ #fypage ,2665,7.142169219956738e+18,Beat,192.0,f,https://tiktok.com/@/video/7242383207230917930,6813791007298700293,f,"[""beautybusiness"",""beautybusinesshacks"",""etsy"",""estheticianlife"",""etsytemplates"",""SmallBusiness"",""smallbusinesstips"",""estheticianhack"",""hack"",""smallbusinesshack"",""etsysmallbusiness"",""browlamination"",""browlaminationtutorial"",""lashlift"",""trending"",""fyp"",""fyp\u30b7"",""fypage""]"
7233934553184832811,1684281646,FIGS try on! 🤗#healthcare#dentist#dentalschool#stem#unlvdental#figsscrubs#graphite#vegas#dentistry ,9382,7.142169219956738e+18,Beat,192.0,f,https://tiktok.com/@/video/7233934553184832811,6866676613434885125,f,"[""healthcare"",""dentist"",""dentalschool"",""stem"",""unlvdental"",""figsscrubs"",""graphite"",""vegas"",""dentistry""]"
7506496378340658474,1747742449,"Another successful route down—and more to go.💰We’ve come a long way from our first deliveries in a sedan. Now we’re transporting bigger loads in cargo vans and looking to scale even more. Courier work isn’t just a side hustle—it’s a real path to full-time income and freedom. There are routes for every type of vehicle and schedule. Start where you are, use your current resources, and grow from there. We put together a guide with everything that helped us get here so you can follow your own path too, 🔗 in bio!  Follow for more✅  #viral #fyp #extraincome #courier #smallbusiness #cargo #tiktok  Best courier apps  Top Side Hustles 2025 How to become a medical courier  How to earn extra income  Courier company list Courier Business ",2521,7.142169219956738e+18,Beat,192.0,f,https://tiktok.com/@/video/7506496378340658474,6784451642676593669,f,"[""viral"",""fyp"",""extraincome"",""courier"",""SmallBusiness"",""cargo"",""tiktok""]"
7493479113139817750,1744711570,"Stellt euch vor, es gäbe eure Lieblingsstars als Actionfigur – genau im Style, den man von Insta kennt. Realistisch. Stylisch. Sammlerwert. Wieviel würdet ihr dafür zahlen? @DARDAN  #Dardan #Gjesti @gjesti #ComingSoon ",16510,7.142169219956738e+18,Beat,192.0,f,https://tiktok.com/@/video/7493479113139817750,7313026698013869089,f,"[""dardan"",""gjesti"",""comingsoon""]"
7499941414344707370,1746216228,ΣΧ Derby Days Challenges: Jimmy & Colin ✂️ #fy #fyp #barber #barbershop #cut #haircut #buzzcut #fypシ #fypage #fypシ゚viral #fyppppppppppppppppppppppp #sigma #sigmachi #greek #greeklife #frat #fraternity #college #collegelife #cancer #cancersucks #cancerawareness #charity #micdup #funny #viral #trending #buzz #hair #fraternities #foryoupage #foryourpage ,1515,7.142169219956738e+18,Beat,192.0,f,https://tiktok.com/@/video/7499941414344707370,7475562252536579114,f,"[""fy"",""fyp"",""barber"",""barbershop"",""cut"",""haircut"",""buzzcut"",""fyp\u30b7"",""fypage"",""fyp\u30b7\u309aviral"",""fyppppppppppppppppppppppp"",""sigma"",""sigmachi"",""greek"",""greeklife"",""frat"",""fraternity"",""college"",""collegelife"",""cancer"",""cancersucks"",""cancerawareness"",""charity"",""micdup"",""funny"",""viral"",""trending"",""buzz"",""hair"",""fraternities"",""foryoupage"",""foryourpage""]"
7391682452688981294,1721010192,"Philip Appleton of Appleton Electric Heating and Air is installing a Generac Power Pack generator system at a property in Pine Flat Lakes, California. The video covers the initial steps of the installation process, including setting up the ground rod and transfer switch. #appletonelectric #GeneratorInstallation #OffGridLiving #PineFlatLakes #HVAC #Generac #electricianlife #sparky ",3193,7.142169219956738e+18,Beat,192.0,f,https://tiktok.com/@/video/7391682452688981294,6824221958683804677,f,"[""appletonelectric"",""generatorinstallation"",""offgridliving"",""pineflatlakes"",""hvac"",""generac"",""electricianlife"",""sparky""]"
7462384803762015519,1737471920,Get yourself a new case for iPhone 16 Pro Max😎 The white is so nice. #aulumu #aulumucase #iphonecase #iphone16promax ,6652,7.142169219956738e+18,Beat,192.0,f,https://tiktok.com/@/video/7462384803762015519,7162446937018795050,f,"[""aulumu"",""aulumucase"",""iphonecase"",""iphone16promax""]"
7304216550330895622,1700645445,Final do Game do Berrics BATB 13 Jamie Griffin x Nick Holt,1255,7.142169219956738e+18,Beat,192.0,f,https://tiktok.com/@/video/7304216550330895622,6933494119969719301,f,[]
7486626268033699102,1743116025,"“After all you’ve conquered, you deserve this rest. ✨ Let the stress melt away with our rejuvenating Japanese Head Spa—where relaxation meets luxury. Your peace starts here. #KOALDBeautySpa #JapaneseHeadSpa #RelaxAndRejuvenate #GlowingSkin #ScalpCare #LuxurySpa #Cincinnati #ohio ",2358,7.142169219956738e+18,Beat,192.0,f,https://tiktok.com/@/video/7486626268033699102,7150054778929071150,f,"[""koaldbeautyspa"",""japaneseheadspa"",""relaxandrejuvenate"",""glowingskin"",""scalpcare"",""luxuryspa"",""cincinnati"",""ohio""]"
7479067657157758250,1741356183,Basement Foundation Repair #fyppppppppppppppppppppppp #michigan #xyzbca #beforeandafter #viralvideos #masonrywork #waterfordmichigan #fypシ゚viral #construction #detroit ,2030,7.142169219956738e+18,Beat,192.0,f,https://tiktok.com/@/video/7479067657157758250,58173825607053312,f,"[""fyppppppppppppppppppppppp"",""michigan"",""xyzbca"",""beforeandafter"",""viralvideos"",""masonrywork"",""waterfordmichigan"",""fyp\u30b7\u309aviral"",""construction"",""detroit""]"
7262029939405245739,1690823121,One of the best açaí bowls I’ve ever had! Quench Juice Bar(32 S. Calvert Street) just opened so they are still renovating while serving up greatness! #blackownedbusiness #blackgirltiktok #juicebar #acaibowl #triniowned #womanownedbusiness #baltimoretiktok #baltimoreeats #downtownbaltimore #fyp #fypシ #cousinkim ,4790,7.142169219956738e+18,Beat,192.0,f,https://tiktok.com/@/video/7262029939405245739,6945921994010264582,f,"[""blackownedbusiness"",""blackgirltiktok"",""juicebar"",""acaibowl"",""triniowned"",""womanownedbusiness"",""baltimoretiktok"",""baltimoreeats"",""downtownbaltimore"",""fyp"",""fyp\u30b7"",""cousinkim""]"
7231665671648611627,1683753387,"Round Rock, Texas 📍  F-150 Full interior detail  #clean #mobiledetailing #Satisfying #AutoDetail #CarDetailing #Viral #DetailingWorld #austintx #fyp ",5779,7.142169219956738e+18,Beat,192.0,f,https://tiktok.com/@/video/7231665671648611627,7200580134675153966,f,"[""clean"",""mobiledetailing"",""satisfying"",""autodetail"",""cardetailing"",""viral"",""detailingworld"",""austintx"",""fyp""]"
7471695069138128174,1739639619,"chasing and repousse  a bit of working on the end of this skull project. . . . m . . . #handmade #copper #art #montanaartist #repousse #imakewithmyhands #raisedvessel #silversmithing #chasingandrepousse #craft #coppersmith #copper #metalartwork #sheetmetal #imakewithmyhands #silver #hammer #anvil #fire #forge #maker #silversmithing #silversmith #stake s #craftsman #interiordesign #custom #custommade #jewelry #repousse #chasingrepousse #imakewithmyhands #raisedvessel #silversmithing #chasingandrepousse #craft #coppersmith #copper #metalartwork #sheetmetal #imakewithmyhands #silver #hammer #anvil #fire #forge #maker #silversmithing #silversmith #stake s #craftsman #interiordesign #custom #custommade #jewelry #repousse #chasingrepousseMontana metalsmith creating beautiful objects from recycled sheet metal, copper ,steel ,bronze ,silver zinc and anything else that catches my eye. all designs are hand drawn and original. my focuse is raising, forming ,chasing and repousse, repousse for short, brazing, blacksmithing, tool making, and anything else that I need for a particular vision to be realized. always making.",7429,7.142169219956738e+18,Beat,192.0,f,https://tiktok.com/@/video/7471695069138128174,6928940845777667077,f,"[""handmade"",""copper"",""art"",""montanaartist"",""repousse"",""imakewithmyhands"",""raisedvessel"",""silversmithing"",""chasingandrepousse"",""craft"",""coppersmith"",""metalartwork"",""sheetmetal"",""silver"",""hammer"",""anvil"",""fire"",""forge"",""maker"",""silversmith"",""stake"",""craftsman"",""interiordesign"",""custom"",""custommade"",""jewelry"",""chasingrepousse"",""chasingrepoussemontana""]"
7504856779294100766,1747360650,bienvenidos @KingBaker🇩🇴🌴 #usc #collegebasketball ,1026,7.142169219956738e+18,Beat,192.0,f,https://tiktok.com/@/video/7504856779294100766,7423092863892538411,f,"[""usc"",""collegebasketball""]"
7459484708930407726,1736796638,"Join us at Evolve Boxing Club for Open Gym or Entry-Level Memberships: 🥊 Open Gym – Train at your own pace. Hit the bags, step into the ring, and work towards your fitness goals. 🥊 Entry-Level – Personalized workouts to learn boxing fundamentals like shadowboxing, combinations, footwork, and more. 📍 1302 Gail Borden Pl, Suite B4 💬 DM us to get started! 📲 TEXT (915) 333-4411 #BoxingGym #BoxingTraining #FitnessJourney #BoxingForFitness #FightClub #BoxingCommunity #BoxingFitness #BoxingLife #alpacofitness #alpacoboxy #alpacogyms #alpacotexas #alpacolife #StartBoxing #BoxingBasics #LearnBoxing #OpenGym #JoinUsToday #PersonalizeTheWorkouts",2252,7.142169219956738e+18,Beat,192.0,f,https://tiktok.com/@/video/7459484708930407726,7433478407348732970,f,"[""boxinggym"",""boxingtraining"",""fitnessjourney"",""boxingforfitness"",""fightclub"",""boxingcommunity"",""boxingfitness"",""boxinglife"",""alpacofitness"",""alpacoboxy"",""alpacogyms"",""alpacotexas"",""alpacolife"",""startboxing"",""boxingbasics"",""learnboxing"",""opengym"",""joinustoday"",""personalizetheworkouts""]"
7473351851535191342,1740025357,Poor Craftsmanship #cypresstx #houstontx #springtx #homeinspection #newconstuction #realestate #fypシ゚viral #diy #challenge ,1757,7.142169219956738e+18,Beat,192.0,f,https://tiktok.com/@/video/7473351851535191342,7160721190461260842,f,"[""cypresstx"",""houstontx"",""springtx"",""homeinspection"",""newconstuction"",""realestate"",""fyp\u30b7\u309aviral"",""DIY"",""challenge""]"
7513185850776145182,1749299940,WNBA: The Connecticut Sun add their second win to the W column defeating the Atlanta Dream last night  #wnba #womensports #womensbasketball #atlantadream #connecticutsun #recap #fyp ,813,7.142169219956738e+18,Beat,192.0,f,https://tiktok.com/@/video/7513185850776145182,7099128590625227822,f,"[""WNBA"",""womensports"",""womensbasketball"",""atlantadream"",""connecticutsun"",""recap"",""fyp""]"
7505504884658015518,1747511555,Ocean Blue Margarita 🌊 2oz Tequila Añejo  1oz lemon juice 1oz blue curaçao  1oz agave syrup  #CapCut #fyp #homebartender #mixology #cocktails #margarita #tequila #kirkland #summer #ocean #saturdaynight #fun #tasty,1007,7.142169219956738e+18,Beat,192.0,f,https://tiktok.com/@/video/7505504884658015518,6765521921193264134,f,"[""capcut"",""fyp"",""homebartender"",""mixology"",""cocktails"",""margarita"",""tequila"",""kirkland"",""Summer"",""ocean"",""saturdaynight"",""fun"",""tasty""]"
7513964620378361131,1749481263,In part 2 I almost botch my bangs 💀 #fyp #tiktok #viral #bangs #hair #haircut #diy #brunette ,1336,7.142169219956738e+18,Beat,192.0,f,https://tiktok.com/@/video/7513964620378361131,7360546759057802283,f,"[""fyp"",""tiktok"",""viral"",""bangs"",""hair"",""haircut"",""DIY"",""brunette""]"
7493173256464125215,1744640396,"Here’s exactly what I do and how I left the corporate grind for good in 2024. I am giving away 3 free coaching calls with me this week, so you can steal my secrets on how to scale to your first 10k online and scale your social media growth across multiple platforms. 🔗 head to the top of my profile to get started with the DFY business and message me when you join so we can get our first call booked! ",1501,7.142169219956738e+18,Beat,192.0,f,https://tiktok.com/@/video/7493173256464125215,7289144162943337518,f,[]
7482544116249709855,1742165589,Boom or Bust? 🤷🏽‍♂️ Lets rip💥            #nflcards #fyp #donruss #boxbreak #sportscards #hobby #psa #nfl ,1615,7.142169219956738e+18,Beat,192.0,f,https://tiktok.com/@/video/7482544116249709855,7480040002164966443,f,"[""nflcards"",""fyp"",""donruss"",""boxbreak"",""sportscards"",""hobby"",""psa"",""nfl""]"
7501033734217551134,1746470552,embrace the feedback. here’s a lesson from @Patrick Bet-David  @Lagos Creative ,1042,7.142169219956738e+18,Beat,192.0,f,https://tiktok.com/@/video/7501033734217551134,6707742802035688453,f,[]
7490703820780080414,1744065424,Day in the life working in the sports industry #dayinthelife #dayinmylife #dailyvlog #sports #sportsindustry ,942,7.142169219956738e+18,Beat,192.0,f,https://tiktok.com/@/video/7490703820780080414,7487797876413465646,f,"[""dayinthelife"",""dayinmylife"",""dailyvlog"",""sports"",""sportsindustry""]"
7461749094671731999,1737323851,Check out the kind of house you can get in Bethany Oklahoma. What a beautiful home and a beautiful remodel this was.#realtoroftiktok #chicano #investmentproperty #greatdeals ,507,7.142169219956738e+18,Beat,192.0,f,https://tiktok.com/@/video/7461749094671731999,6773399470068663301,f,"[""realtoroftiktok"",""chicano"",""investmentproperty"",""greatdeals""]"
7438574705335864606,1731928199,#cedarfence #horizontalfence #fencecontractor #woodfence #portlandoregon ,5979,7.142169219956738e+18,Beat,192.0,f,https://tiktok.com/@/video/7438574705335864606,7120473258089432106,f,"[""cedarfence"",""horizontalfence"",""fencecontractor"",""woodfence"",""portlandoregon""]"
7494056331037494558,1744845993,"🔥 MJ reviews our fresh trade-in! 🔥  Check out this stunning 2015 Mercedes-Benz S 550 4MATIC Sedan with the SPORT PACKAGE in one of the most gorgeous, rare colors we've ever seen! 😍✨ You're getting top-tier luxury, power, and elegance... all for under $30K 💥  Yes, you read that right — full-size luxury at an unbeatable price. Come see it in person before it's gone! ¿Sabías que tenemos ⬇️ ⚡️Financiamiento fácil y rápido disponible 🙋‍♂️Programa para compradores primerizos disponible ✈️Envíos a nivel nacional disponibles 🚙Aceptamos vehículos a cuenta ¡Encuentra la sucursal más cercana a ti! 👇 📍10926 SW Hwy Palos Hills, IL 60465 | 📲 708-741-0001 📍18024 torrence avenue Lansing, IL 60438 | 📲 708-858-2172 📍Service and auto spa 11002 SW Hwy Palos Hills, IL 60465 | 📲 708-741-0001 -🚙- #mercedes #vs #bmw #pickone #foryoupage #dealguesser #dealership #dealershiplife #salesman #chicago #supportsmallbusiness ",2516,7.142169219956738e+18,Beat,192.0,f,https://tiktok.com/@/video/7494056331037494558,7394649761339343914,f,"[""mercedes"",""vs"",""bmw"",""pickone"",""foryoupage"",""DealGuesser"",""dealership"",""dealershiplife"",""salesman"",""chicago"",""supportsmallbusiness""]"
7404241622159887659,1723934348,Replying to @joseayala993 @Angelina Garcia #foryou #foryoupage #fyp #fyppage #history #alpaughcalifornia #alpaughca #alpaugh #historytok #historytime #city #place ,4653,7.142169219956738e+18,Beat,192.0,f,https://tiktok.com/@/video/7404241622159887659,7354630584584668206,f,"[""foryou"",""foryoupage"",""fyp"",""fyppage"",""history"",""alpaughcalifornia"",""alpaughca"",""alpaugh"",""historytok"",""HistoryTime"",""city"",""place""]"
7376806124852383019,1717546521,3 Alitas Prime 15x12🛞 Se van ast Califas🙌🏽  #17x11 #takemebacktothe90s #trocasperronas #obscartel #retroogwheels #chevyobs #rines #oldschoolwheels #15x10 #15x12 #rinesanchos ,6916,7.142169219956738e+18,Beat,192.0,f,https://tiktok.com/@/video/7376806124852383019,6875712227161211909,f,"[""17x11"",""takemebacktothe90s"",""trocasperronas"",""obscartel"",""retroogwheels"",""chevyobs"",""rines"",""oldschoolwheels"",""15x10"",""15x12"",""rinesanchos""]"
7383018358549007649,1718992921,Must Read Obi-Wan Comic Book! #obiwankenobi #obiwan #benkenobi #starwars #starwarscomics #starwarsfan #marvel #marvelcomics #comicbookcommunity #starwarscomunity #comictok  @Marvel Entertainment @Star Wars ,1244,7.142169219956738e+18,Beat,192.0,f,https://tiktok.com/@/video/7383018358549007649,6810503099679179781,f,"[""obiwankenobi"",""obiwan"",""benkenobi"",""starwars"",""starwarscomics"",""starwarsfan"",""marvel"",""marvelcomics"",""comicbookcommunity"",""starwarscomunity"",""comictok""]"
7491905548464573738,1744345238,Another great night Bowfishing. Got to focus on just shooting tonight not captaining ⛵️🏹🐟 @evanlegion on IG #lakepleasant #lakepleasantaz #bowfishing #bowfish ,1561,7.142169219956738e+18,Beat,192.0,f,https://tiktok.com/@/video/7491905548464573738,6800796615525680134,f,"[""lakepleasant"",""lakepleasantaz"",""bowfishing"",""bowfish""]"
7488890447578909994,1743643213,This is where you can get custom labels in Los Angeles! #customlabels #customtags #label #fashionbrand ,2817,7.142169219956738e+18,Beat,192.0,f,https://tiktok.com/@/video/7488890447578909994,7285497287639254058,f,"[""customlabels"",""customtags"",""label"",""fashionbrand""]"
7236188497701244202,1684806434,Easy bbq wings💛 #chicken #chickenwings #bbq #airfryer #buffalo #buffalowildwings #spicy #delicious #easy #quickrecipes #gamenightideas #sweetbabyrays #sweetbabyraysbbq ,6512,7.142169219956738e+18,Beat,192.0,f,https://tiktok.com/@/video/7236188497701244202,7053577368778081286,f,"[""chicken"",""chickenwings"",""bbq"",""airfryer"",""buffalo"",""buffalowildwings"",""spicy"",""delicious"",""easy"",""QuickRecipes"",""gamenightideas"",""sweetbabyrays"",""sweetbabyraysbbq""]"
7400915914155380014,1723160022,The best motorcycle helmet holder! ,7959,7.142169219956738e+18,Beat,192.0,f,https://tiktok.com/@/video/7400915914155380014,3824766,f,[]
7282935068501265706,1695690470,It’s me turning turkey patties into Swedish meatballs and they are so goood. 🔥 #chickeninabiskit #swedishmeatballs #dairyfreemeals #Mondaymeals #lesbiansover30 #easyrecipes ,2190,7.142169219956738e+18,Beat,192.0,f,https://tiktok.com/@/video/7282935068501265706,6922668895195939846,f,"[""chickeninabiskit"",""swedishmeatballs"",""dairyfreemeals"",""mondaymeals"",""lesbiansover30"",""EasyRecipes""]"
7204511559719079174,1677431068,"#Descubra os tesouros do #castelo  de Akershus em #Oslo !""  ""Olá pessoal, eu estou aqui no Castelo de #akershus - em Oslo - #Noruega, e o melhor de tudo, este castelo é aberto à visitação, então se você estiver na cidade, não deixe de conferir!""  No centro da praça principal do Castelo, há uma estátua de um #leão  segurando um escudo com as armas da Noruega. Essa estátua é conhecida como o ""Leão de Akershus"" e simboliza a força e a bravura dos #soldados que defenderam o castelo ao longo dos #séculos  O #escudo exibe as #armas  da Noruega, destacando a importância do castelo como uma #fortaleza  nacional e como um símbolo da soberania norueguesa. Este castelo tem mais de 700 anos e é um dos monumentos mais importantes da Noruega.  Dê uma olhada nesta vista incrível do Fiorde de Oslo! Isso é uma visão que os antigos guerreiros noruegueses tinham quando estavam defendendo suas terras. Aqui estão alguns dos #canhões  que foram usados para proteger a fortaleza ao longo dos anos. Eles foram fabricados em diferentes épocas e são tão fascinantes quanto assustadores! Este é o #coração  do castelo, a fortaleza original, onde os #governantes  noruegueses costumavam viver. Olhando do alto do castelo, você pode ver a cidade toda. Inesquecível! O Castelo de Akershus, que fica em Oslo, na Noruega, tem entrada #gratuita  para sua área externa e para algumas partes internas do castelo. No entanto, há uma taxa de entrada para visitar algumas das áreas internas do castelo, como as exposições e o museu.  O valor da entrada pode variar dependendo da época do ano e das exposições disponíveis. É importante verificar o site oficial do Castelo de Akershus para obter as informações mais atualizadas sobre horários, preços e a disponibilidade das visitas guiadas. #viagemcultural #castle #castles #patrimôniohistórico  #curiosidadeshistóricas  #arquiteturaantiga  #turismocultural #osloturisme ",1060,7.142169219956738e+18,Beat,192.0,f,https://tiktok.com/@/video/7204511559719079174,6802028102966379525,f,"[""descubra"",""castelo"",""oslo"",""akershus"",""noruega"",""le\u00e3o"",""soldados"",""s\u00e9culos"",""escudo"",""armas"",""fortaleza"",""canh\u00f5es"",""cora\u00e7\u00e3o"",""governantes"",""gratuita"",""viagemcultural"",""castle"",""castles"",""patrim\u00f4niohist\u00f3rico"",""curiosidadeshist\u00f3ricas"",""arquiteturaantiga"",""turismocultural"",""osloturisme""]"
7420418658784136479,1727700898,Everybody got problems it’s not just you ..  #kingquay_zar  #quaylive  #life  #lessons  #inspiration ,1057,7.142169219956738e+18,Beat,192.0,f,https://tiktok.com/@/video/7420418658784136479,6888112100373709829,f,"[""kingquay_zar"",""quaylive"",""life"",""lessons"",""inspiration""]"
7448846981566385454,1734319841,Set up with me for a client!! 🍒🦷✨ DM for bookings/ questions🤍 ✧ ✧ ✧ #toothgems #toothjewelry #bling #toothgemsla #toothjewels #swarovski #smile #toothgemtech #gemz #diamonds #leadfree #iced #crystal #toothbling #icy #grillz #girls #LosAngeles #preciosagems #preciosacrystals #preciosagemz #preciosa #crystals #teeth #teethtok,1152,7.142169219956738e+18,Beat,192.0,f,https://tiktok.com/@/video/7448846981566385454,6691836730599490566,f,"[""toothgems"",""toothjewelry"",""bling"",""toothgemsla"",""toothjewels"",""swarovski"",""smile"",""toothgemtech"",""gemz"",""diamonds"",""leadfree"",""iced"",""crystal"",""toothbling"",""icy"",""grillz"",""girls"",""losangeles"",""preciosagems"",""preciosacrystals"",""preciosagemz"",""preciosa"",""crystals"",""teeth"",""teethtok""]"
7282039700137741611,1695482000,#mrbills crabby corn slap! #crabbycorn #cornonthecob #baltimoretiktok #baltimorecrabs ,3857,7.142169219956738e+18,Beat,192.0,f,https://tiktok.com/@/video/7282039700137741611,6956388345762137093,f,"[""mrbills"",""crabbycorn"",""cornonthecob"",""baltimoretiktok"",""baltimorecrabs""]"
7182600272168996102,1672329449,✅paso a paso  ✅✅ comenta que te pareció  #barberosdedallas #barberostexas #barbershop #barberocristiangarcia #color #platinado #haircut #fadehaircut #barberiasdelujo #grandesbarberos #barberconnect #barberlife #venezuelabarber #barinas #yopal #barberocristiangarcia #daletu ,2328,7.142169219956738e+18,Beat,192.0,f,https://tiktok.com/@/video/7182600272168996102,6871617684116243461,f,"[""barberosdedallas"",""barberostexas"",""barbershop"",""barberocristiangarcia"",""color"",""platinado"",""haircut"",""fadehaircut"",""barberiasdelujo"",""grandesbarberos"",""barberconnect"",""barberlife"",""venezuelabarber"",""barinas"",""yopal"",""daletu""]"
7292453721064230190,1697906704,Replying to @SpeedBoat_rt of course an 8 speed would be the end goal🫡👨‍🔧 #hemi #mopar #dodge #project # build #hellcat #best,2617,7.142169219956738e+18,Beat,192.0,f,https://tiktok.com/@/video/7292453721064230190,7021626814122050565,f,"[""hemi"",""mopar"",""dodge"",""project"",""hellcat"",""best""]"
7268176538258984234,1692254248,7 Reasons to Keep Receipts & Invoices for Business Taxes #SmallBusinessSuccess #FreeCashFlowAgency #AlanChen #TaxAccountingExpert #TaxAccountingCoach #BusinessCompliance #FinancialDiligence #ShopifySuccess #receipts #invoi ,5591,7.142169219956738e+18,Beat,192.0,f,https://tiktok.com/@/video/7268176538258984234,7163395910739444782,f,"[""smallbusinesssuccess"",""freecashflowagency"",""alanchen"",""taxaccountingexpert"",""taxaccountingcoach"",""businesscompliance"",""financialdiligence"",""shopifysuccess"",""receipts"",""invoi""]"
7507312887778626846,1747932506,Please listen up…  appreciate your scent profiles.. Look Good smell amazing ep1#fyp #lookgoodsmellamazing #fragrancetiktok #fragrances #cologne #colognetiktok #help ,781,7.142169219956738e+18,Beat,192.0,f,https://tiktok.com/@/video/7507312887778626846,7330808647481803819,f,"[""fyp"",""lookgoodsmellamazing"",""fragrancetiktok"",""fragrances"",""cologne"",""colognetiktok"",""help""]"
7292899698950622506,1698010545,Weeeelllll welllll weellllll. #crf450 #honda #dirtbike #crf #motorcycle #motorcyclesoftiktok #fyp #viral #kawasaki #builtnotbought #bike #meme #gold #trails #blowthisup #awesome #twowheels #streetbike ,2602,7.142169219956738e+18,Beat,192.0,f,https://tiktok.com/@/video/7292899698950622506,6588145388946767878,f,"[""crf450"",""honda"",""dirtbike"",""crf"",""motorcycle"",""motorcyclesoftiktok"",""fyp"",""viral"",""kawasaki"",""builtnotbought"",""bike"",""meme"",""gold"",""trails"",""blowthisup"",""awesome"",""twowheels"",""streetbike""]"
7251264236318412074,1688316533,Prime day right around the corner! Yall go ahead and enter in the cart 🛒@Amazon Home #barber #barbershop #mybusiness #barbersuite #fyp #texas #tiktok ,3504,7.142169219956738e+18,Beat,192.0,f,https://tiktok.com/@/video/7251264236318412074,6900355318179546118,f,"[""barber"",""barbershop"",""mybusiness"",""barbersuite"",""fyp"",""texas"",""tiktok""]"
7496651023621115178,1745450119,I’m baaccck!!! Huntsville I’m coming to yall in June so stay tuned!!!! 💜💜💜 #locsbydricka #alabamastylist #alabamalocs #bamalocs #fyp #alabamaloctician #huntsvillelocs #huntsvilleloctician #birminghamlocs #locs #gadsdenalabama #gadsdenlocs #gadsdenalabamaloctician #gadsdenallocs #locs #atllocs #loctician #celebritylocs #locstylist #locsstyles #loccommunity #locgang #locsoftiktok ,719,7.142169219956738e+18,Beat,192.0,f,https://tiktok.com/@/video/7496651023621115178,6811447167531058182,f,"[""locsbydricka"",""alabamastylist"",""alabamalocs"",""bamalocs"",""fyp"",""alabamaloctician"",""huntsvillelocs"",""huntsvilleloctician"",""birminghamlocs"",""locs"",""gadsdenalabama"",""gadsdenlocs"",""gadsdenalabamaloctician"",""gadsdenallocs"",""atllocs"",""loctician"",""celebritylocs"",""locstylist"",""locsstyles"",""loccommunity"",""locgang"",""locsoftiktok""]"
7514857241900633386,1749689080,"I'm now offering 1:1 personal makeup classes designed just for you. This is the personal application class I created to help girls master and perfect their makeup skills with hands-on guidance. Whether you're a beginner or just want to elevate your technique, this is your chance to learn directly from me. Let’s take your makeup game to the next level! Book now!  #makeup #makeuptutorial #makeupclasses #dallasmakeupartist #dallasmakeup #dallasmua #dfwmakeupartist #dfwmakeup #dfwmuas ",813,7.142169219956738e+18,Beat,192.0,f,https://tiktok.com/@/video/7514857241900633386,7480361724660859947,f,"[""makeup"",""makeuptutorial"",""makeupclasses"",""dallasmakeupartist"",""dallasmakeup"",""dallasmua"",""dfwmakeupartist"",""dfwmakeup"",""dfwmuas""]"
7273564356942548270,1693508678,"I recreated this lash diagram to share with you all, follow along with me as I explain its use. *ignore my sketches I know they aren’t the best* #lashmapping #volumelashes #hybridlashes #classiclashes #lashstyling #lashesoftiktok #lashtutorial #fyp ",2419,7.142169219956738e+18,Beat,192.0,f,https://tiktok.com/@/video/7273564356942548270,6901861642369270790,f,"[""lashmapping"",""volumelashes"",""hybridlashes"",""classiclashes"",""lashstyling"",""lashesoftiktok"",""lashtutorial"",""fyp""]"
7487492158983802143,1743317672,"Breaking news 🚨 active homicide investigation outside fire up smoke shop in Pompano Beach sample Road- NE 12 Ave near 1am  Broward sheriff's office deputies, CSI and Medical examiner  investigating shooting  No victim, shooter or what happened Stay safe be careful out there  #florida #southflorida #broward #browardcounty #southfl #floridanews ",5221,7.142169219956738e+18,Beat,192.0,f,https://tiktok.com/@/video/7487492158983802143,6893096151555523589,f,"[""florida"",""southflorida"",""broward"",""browardcounty"",""southfl"",""floridanews""]"
7495981979414924574,1745294342,Birthday Bitch ✨ Pink Money stack cake 💎💵💕                     #moneystackcake #moneycake #cakes #cakedecorating #cakedesign #funnycake #customcakes #losangeles #losangelescakes #whittier #whittierca #uptownwhittier #whittiercakes #gardena #gardenaca #torrance #carson #hawthorne #inglewood #compton ,819,7.142169219956738e+18,Beat,192.0,f,https://tiktok.com/@/video/7495981979414924574,7122103652804789294,f,"[""moneystackcake"",""moneycake"",""cakes"",""cakedecorating"",""cakedesign"",""funnycake"",""customcakes"",""losangeles"",""losangelescakes"",""whittier"",""whittierca"",""uptownwhittier"",""whittiercakes"",""gardena"",""gardenaca"",""torrance"",""carson"",""hawthorne"",""inglewood"",""compton""]"
7332674819512667423,1707271410,Back Day: Save and give these a try.  #backday #backmusclescheck #brafatexercise #brafatworkouts #brafat #bodyrecomposition #GymTok #blackgirltiktok #blackgirlfitnesstiktok #workoutjourney #fyp • #viral,809,7.142169219956738e+18,Beat,192.0,f,https://tiktok.com/@/video/7332674819512667423,25676727,f,"[""backday"",""backmusclescheck"",""brafatexercise"",""brafatworkouts"",""brafat"",""bodyrecomposition"",""GymTok"",""blackgirltiktok"",""blackgirlfitnesstiktok"",""workoutjourney"",""fyp"",""viral""]"
7447292705744620846,1733957959,Network like a boss 🚀✨ #creatorsearchinsights #networking #studentlife #studentadvice #education #network #networking101 #lifeadvice #students ,1411,7.142169219956738e+18,Beat,192.0,f,https://tiktok.com/@/video/7447292705744620846,7429196053226210350,f,"[""creatorsearchinsights"",""networking"",""studentlife"",""studentadvice"",""education"",""network"",""networking101"",""LifeAdvice"",""students""]"
7413055036869119275,1725986386,Day 131| an honest review for Lip Lab brooklyn.. rating 6/10 not worth thr money imo 🤷🏽‍♀️ #liplabnyc#liplab#brooklyn#eeview#honestreview#foryou#fyp#fyppppppppppppppppppppppp#foryoupage  ,2817,7.142169219956738e+18,Beat,192.0,f,https://tiktok.com/@/video/7413055036869119275,6806717742281999365,f,"[""liplabnyc"",""liplab"",""brooklyn"",""eeview"",""honestreview"",""foryou"",""fyp"",""fyppppppppppppppppppppppp"",""foryoupage""]"
7270327314561371434,1692754998,Shes A CLOSE ONE! #smallmuasoftiktok #fypシ #mascara #mascarareview #kvd #kvdbeauty #newmakeupproduct #newmakeup2023 #newmakeuplaunches #newmascara #sephora #sephorahaul #gratis #goodmascaras #lengthingmascara ,1010,7.142169219956738e+18,Beat,192.0,f,https://tiktok.com/@/video/7270327314561371434,6747851024382215174,f,"[""smallmuasoftiktok"",""fyp\u30b7"",""mascara"",""mascarareview"",""kvd"",""kvdbeauty"",""newmakeupproduct"",""newmakeup2023"",""newmakeuplaunches"",""newmascara"",""sephora"",""sephorahaul"",""gratis"",""goodmascaras"",""lengthingmascara""]"
7515464761262214443,1749830538,Let’s take a chicken tempura tour of @Sus Hi Eatstation’s upgraded chicken tempura recipe! There’s something for everyone! 🍗🍱🍣🍜 ✨Gift a way rules @ the end! 🤗✨ #foodie #tastetest #foodreview #orlandofoodie #mukbang #flaminhot #burritos #crunchy #crispy #juicy #chicken #tempura #eatingshow #orlando #eatingshow #altamontesprings #yum #food #eat #noodles #florida #sushieatstation #sushi ,976,7.142169219956738e+18,Beat,192.0,f,https://tiktok.com/@/video/7515464761262214443,7171185142751396910,f,"[""Foodie"",""tastetest"",""foodreview"",""orlandofoodie"",""mukbang"",""flaminhot"",""burritos"",""crunchy"",""crispy"",""juicy"",""chicken"",""tempura"",""eatingshow"",""orlando"",""altamontesprings"",""yum"",""food"",""eat"",""noodles"",""florida"",""sushieatstation"",""sushi""]"
7495360211364973854,1745149627,"Boston Marathon Madness! • If you find the PYNRS truck this weekend, make sure you pop in to check out the exclusive gear 🔥 • @PYNRS Performance Streetwear  @MoveNation  • • • #pynrs #runtheculture #bostonrunning #bostonrunners #bostonmarathon #runcommunity #cchungy",1508,7.142169219956738e+18,Beat,192.0,f,https://tiktok.com/@/video/7495360211364973854,7206110103167484974,f,"[""pynrs"",""runtheculture"",""bostonrunning"",""bostonrunners"",""bostonmarathon"",""runcommunity"",""cchungy""]"
7457726044242447646,1736387167,"🚘 What Does MJ Drive? 🚘 MJ rolls in style with a 2019 BMW X7 M50I, blending luxury and performance seamlessly. But here’s the real question: could MJ also be a shopaholic? 👀 We couldn’t even get a full shot of the back seat because it was packed with packages! What do you think? Is MJ just living the good life, or do we have a case of some next-level retail therapy? Let us know your thoughts below! P.S. If you’re looking for a ride as sleek as MJ’s, Guaranteed Motor Cars has got you covered—shop with $0 down and drive in style today! Did you know we have ⬇️ ⚡️Easy & fast financing 🙋‍♂️First time buyer program available ✈️Nationwide shipping available 🚙We take trade ins Find the location nearest to you 👇 📍10926 SW Hwy Palos Hills, IL 60465 | 📲 708-741-0001  📍18024 Torrence Avenue Lansing, IL 60438 |📲 708-858-2172  📍Service and auto spa 11002 SW Hwy Palos Hills, IL 60465 | 📲 708-741-0009 -🚙- #whatsinmycar #carreview #dealership #dealershiplife #fyp #foryoupage #bmwlife #dd #dailydriver ",1583,7.142169219956738e+18,Beat,192.0,f,https://tiktok.com/@/video/7457726044242447646,7394649761339343914,f,"[""whatsinmycar"",""carreview"",""dealership"",""dealershiplife"",""fyp"",""foryoupage"",""bmwlife"",""dd"",""dailydriver""]"
7494793015995763998,1745017493,"🎉 Congratulations, Miss Bird! 🎉 Help us give a big shoutout to Miss Bird on her exciting new ride — a 2018 Maserati Levante S GranLusso! 🚘🔥 With its powerful 3.0L engine, sleek design, and luxurious features, you're sure to turn heads everywhere you go. Welcome to the Guaranteed Motor Cars family — we’re thrilled to be part of your car-buying journey! 🙌 Did you know we offer ⬇️ ⚡️ Easy and fast financing available 🙋‍♂️ First-time buyer program available ✈️ Nationwide shipping available 🚙 Trade-ins accepted Find the location closest to you! 👇 📍 10926 SW Hwy, Palos Hills, IL 60465 | 📲 708-741-0001 📍 18024 Torrence Avenue, Lansing, IL 60438 | 📲 708-858-2172 📍 Service and Auto Spa: 11002 SW Hwy, Palos Hills, IL 60465 | 📲 708-741-0001 -🚙- #congratulations #carowner #vehicle #newcarowner #congrats #deslership #dealershiptiktok #blowthisupforme #tiktokpartner #fyp #foryoupage #weekendfun ",1572,7.142169219956738e+18,Beat,192.0,f,https://tiktok.com/@/video/7494793015995763998,7394649761339343914,f,"[""congratulations"",""carowner"",""vehicle"",""newcarowner"",""congrats"",""deslership"",""dealershiptiktok"",""blowthisupforme"",""tiktokpartner"",""fyp"",""foryoupage"",""weekendfun""]"
7509999067557072159,1748557928,¿What other player would I have to analyze? 👀🔥 MLS NEXT’s Hidden Gem: Ethan Congleton 🇺🇸⚽ | Full Player Analysis 🧠💥 @Ben  Yamanduvideoanalysis.com  You are player? O head coach? ⬆️get a free trial report⬆️ #MLSNext #SoccerTalent #FutureStar  #FootballAnalysis #HiddenGems #USSoccer #NextGen,1296,7.142169219956738e+18,Beat,192.0,f,https://tiktok.com/@/video/7509999067557072159,7493787460620059678,f,"[""mlsnext"",""soccertalent"",""futurestar"",""footballanalysis"",""hiddengems"",""ussoccer"",""nextgen""]"
7469901076104351007,1739221990,"🌿 Unveiling the Dual Powers of Lavender 🌿 Ever thought lavender was just for relaxation? Think again! 💜 While we love its calming vibes, lavender holds a secret power to bewilder and cloud perception. Imagine using it to keep secrets hidden, like planning a surprise without suspicion or, dare we say, keeping mischief under wraps. 🤫 Discover the hidden sides of your favorite herbs and unlock the full spectrum of their abilities. Are you ready to explore beyond love and light? #HerbMagic #Lavender #DualPowers #herbalist #conjure #rootworker #spellwork #sage",905,7.142169219956738e+18,Beat,192.0,f,https://tiktok.com/@/video/7469901076104351007,7277394389817656366,f,"[""herbalist"",""conjure"",""rootworker""]"
7514492405685472543,1749604113,Top 100x Play Now That Bitcoin Is awake #solnic #solana #btc #bitcoin #crypto ,1104,7.142169219956738e+18,Beat,192.0,f,https://tiktok.com/@/video/7514492405685472543,7513209371857077294,f,"[""solnic"",""solana"",""btc"",""bitcoin"",""crypto""]"
7513034321444244766,1749264632,🚨🚨ALTCOIN SEASON PREDICTION/HOPIUM 😩💊 #crypto #cryptok #bitcoin #xrp #cryptocurrency #solana #ethereum #cryptoforbeginners #cryptoinvesting #cryptotrading #memecoin #cryptonews ,1461,7.142169219956738e+18,Beat,192.0,f,https://tiktok.com/@/video/7513034321444244766,6961265291431642117,f,"[""crypto"",""cryptok"",""bitcoin"",""xrp"",""cryptocurrency"",""solana"",""ethereum"",""cryptoforbeginners"",""cryptoinvesting"",""cryptotrading"",""memecoin"",""cryptonews""]"
7354924209002253611,1712451754,My first Lash lift done on @Izabela Famularo | Esthetician 😊❤️ Not too shabby  #esthetician #sugarlashpro  #blackgirltiktok #chicagotiktok ,1722,7.142169219956738e+18,Beat,192.0,f,https://tiktok.com/@/video/7354924209002253611,6834672052310590469,f,"[""esthetician"",""sugarlashpro"",""blackgirltiktok"",""chicagotiktok""]"
7497247240243678495,1745588914,Women lets start stepping out of fear and into purpose. God called you so take up your space. Send this to three girlfriends or women you admire. #coaching #women #womenownedbusiness #womenoftiktok #ceowomen #momsoftiktok #mindset #fyp #creatorsearchinsights #mindsetcoach ,598,7.142169219956738e+18,Beat,192.0,f,https://tiktok.com/@/video/7497247240243678495,6807673906703762437,f,"[""coaching"",""women"",""womenownedbusiness"",""WomenOfTikTok"",""ceowomen"",""MomsofTikTok"",""mindset"",""fyp"",""creatorsearchinsights"",""mindsetcoach""]"
7502850798104087839,1746893601,"Let’s stop pretending alcohol isn’t holding you back ❌ You’re not just “relaxing” or “fitting in”  You’re undoing your progress every weekend: 	•	Trash sleep 	•	Late-night binge eating 	•	Zero energy the next day 	•	And momentum? Gone. You don’t need to cut it forever. But if you’re taking shots every weekend, your actions are louder than your goals. 1-2 drinks once in a while? Cool. Every weekend like it’s a sport? Don’t kid yourself your health isn’t the priority.",1119,7.142169219956738e+18,Beat,192.0,f,https://tiktok.com/@/video/7502850798104087839,6979687246861566981,f,[]
7507896077819940142,1748068364,"Wax Is Dead—Here’s What We Do Instead 😳 We polished and protected this Toyota TRD Pro with a premium ceramic coating, We started with a pre-wash to remove loose dirt, followed by a thick foam cannon soak and a gentle contact wash to safely lift anything left on the surface. After that, we used a clay bar treatment to remove embedded contaminants that a regular wash just can’t touch. Every inch of the paint was carefully decontaminated and prepped using high-end tools and products. Then we polished the surface to enhance clarity and bring out the best shine possible—only then did we apply the premium ceramic coating for long-lasting protection, extreme gloss, and effortless maintenance. 💡Why ceramic over wax? Simple: ✅ Lasts YEARS, not weeks ✅ Resists UV rays, oxidation, and chemicals ✅ Makes the paint insanely glossy and hydrophobic ✅ Easier maintenance, less washing We didn’t film much of the process because it was 98°F outside (Florida heat is no joke 😅), but the result speaks for itself! • • #cardetailing #detailing #mobiledetailing #detailercarcare #asmrsounds #prewash #ventcleaning #ceramiccoatings #ceramiccoat #detailingworld #detailingkingdom #premiumdetailing #professionaldetailing #cleancar #carsofinstagram #detailingaddicts",1152,7.142169219956738e+18,Beat,192.0,f,https://tiktok.com/@/video/7507896077819940142,7380913157504042026,f,"[""cardetailing"",""detailing"",""mobiledetailing"",""detailercarcare"",""asmrsounds"",""prewash"",""ventcleaning"",""ceramiccoatings"",""ceramiccoat"",""detailingworld"",""detailingkingdom"",""premiumdetailing"",""professionaldetailing"",""cleancar"",""carsofinstagram"",""detailingaddicts""]"
7305301846963490094,1700898167,I went to Indiana Indiana to find some product to flip online on my eBay store.  I didn’t find much at this location but the next location we hitting up Goodwill outlet. #e#ebaye#ebayresellers#sidehustler#resellcommunityf#fliplifehustlet#thrifttokm#makemoneyonlinee#entrepreneurm#makemoneyonliner#resellertipsg#goodwilloutlett#thfiftshop,1930,7.142169219956738e+18,Beat,192.0,f,https://tiktok.com/@/video/7305301846963490094,88858610318864385,f,"[""ebay"",""ebayreseller"",""sidehustle"",""resellcommunity"",""fliplifehustle"",""thrifttok"",""makemoneyonline"",""entrepreneur"",""resellertips"",""goodwilloutlet"",""thfiftshop""]"
7491663936052514094,1744288957,Is the Nissan Gloria valid?🤔 #cars #nissan #nissangloria #gat #slammedenuff #slammed ,1390,7.142169219956738e+18,Beat,192.0,f,https://tiktok.com/@/video/7491663936052514094,7330817371835253791,f,"[""cars"",""nissan"",""nissangloria"",""gat"",""slammedenuff"",""slammed""]"
7314070711377693998,1702939797,Reason x Scarface #reasonclothing #scarface #streetwear ,6531,7.142169219956738e+18,Beat,192.0,f,https://tiktok.com/@/video/7314070711377693998,6747867249178854406,f,"[""reasonclothing"",""scarface"",""streetwear""]"
7494079702014086446,1744851441,Replying to @seansweeney2000 Let’s try this layering combo out! Do these two fragrances layer well? Versace Eros Wnergy and Acqua Di Gio Parfum #cologne#fragrance#fragrancelayering#howtolayerfragrance#fragrancetiktok#bestmensfragrances ,1189,7.142169219956738e+18,Beat,192.0,f,https://tiktok.com/@/video/7494079702014086446,7197860598524642347,f,"[""cologne"",""fragrance"",""fragrancelayering"",""howtolayerfragrance"",""fragrancetiktok"",""bestmensfragrances""]"
7334892228336225582,1707787705,🤫 #golf #golftok #golftiktok #GolfCoursePrints #Pinehurst #TheCradle ,1213,7.142169219956738e+18,Beat,192.0,f,https://tiktok.com/@/video/7334892228336225582,6820762610515264517,f,"[""golf"",""golftok"",""golftiktok"",""golfcourseprints"",""pinehurst"",""thecradle""]"
7234224207305952555,1684349088,MILOS REVIEW 🍔🍟 feat. My sister Arden & Sosa 🐶 #milos #alabama #fastfood #foodreview #foodtok ,2113,7.142169219956738e+18,Beat,192.0,f,https://tiktok.com/@/video/7234224207305952555,6726361937959945222,f,"[""milos"",""alabama"",""fastfood"",""foodreview"",""FoodTok""]"
7500703677414509855,1746393693,"Check out this new construction townhome is located near Kirkwood, Atlanta! Priced from the high $500s, these homes feature 3 bedrooms, 3.5 bathrooms, and a 2-car garage.  The main level is open-concept with a modern chef’s kitchen—complete with white cabinets, a quartz waterfall island, stainless steel appliances, and designer pendant lighting—flowing into your dining and living areas.  Upstairs, you’ll find the remaining bedrooms, including a bright primary suite with dual closets and a sleek bathroom, plus a third bedroom with its own bath and walk-in closet. Go up one more level to your rooftop terrace—perfect for intimate gatherings or just stargazing at night.  The builder is offering $15,000 on select homes to use however you’d like—toward closing costs, buying down your rate, or prepaying your HOA dues.  Lots in this community are selling fast, and this could be your last chance to get new construction at this price point in a booming area.  589,000+💰  3 🛌  3 🛁  2 🚘  2,359 📐 Ready to buy a home? Contact me! Jordan Head, REALTOR®  BHGRE Metro Brokers  Buy | Sell  📱 (770) 698-1142 📧 Jordan.Head@MetroBrokers.com #atlanta #newconstructionhomes #townhome #kirkwood #kirkwoodatl #eastatlanta #goals #newconstruction #townhomes #atlantarealestate #atlantarealtor #realestate #townhomeliving #movingtoatlanta #atl #homesearch #homeownership #homeownershipgoals #townhouseliving #townhouse #thingstodoinatlanta #buyingahome #cau #atlanna #atlantalife #atlantaliving #luxurytownhome #luxeliving #luxe #dreamhome",997,7.142169219956738e+18,Beat,192.0,f,https://tiktok.com/@/video/7500703677414509855,6846896922876298246,f,"[""atlanta"",""newconstructionhomes"",""townhome"",""kirkwood"",""kirkwoodatl"",""eastatlanta"",""goals"",""newconstruction"",""townhomes"",""atlantarealestate"",""atlantarealtor"",""realestate"",""townhomeliving"",""movingtoatlanta"",""atl"",""homesearch"",""homeownership"",""homeownershipgoals"",""townhouseliving"",""townhouse"",""thingstodoinatlanta"",""buyingahome"",""cau"",""atlanna"",""atlantalife"",""atlantaliving"",""luxurytownhome"",""luxeliving"",""luxe"",""dreamhome""]"
7494758380649614634,1745009429,Are You Stuck with making Sales❓❓❓ Here are 3 Ways to build trust with your leads to convert them into customers ⬇️ ✅ 1. Storytelling- This builds connections  ✅ 2.Strategy- This shows authority  ✅ 3. Social Proof- This builds confidence and trust  ✨Don’t say I never put yall on!!! Click the link in my story to check out the product that I used to help me 3X my sales..  ✨The Closing Code.. Help me go from $8K in 30 days to over $31K in 64 days… Changed my whole  cicrcumstances in such a short period of time  #digitalmarketing #digitalproducts #dba #theclosingcode #salesstrategies #salestips #digitalproductstosell #dfy #affiliate #digitalbossacademy #tiktokshop ,964,7.142169219956738e+18,Beat,192.0,f,https://tiktok.com/@/video/7494758380649614634,6804615335749190662,f,"[""digitalmarketing"",""digitalproducts"",""dba"",""theclosingcode"",""salesstrategies"",""salestips"",""digitalproductstosell"",""dfy"",""affiliate"",""digitalbossacademy"",""TikTokShop""]"
7492969117792685358,1744592850,Vegeta and trunks #anime #tattoo #dbz #dragonball #bragonballz #goku #trunks #vegeta #bng #bngtattoo #bnginksociety #inked #fyp #parati #iowa #midwest #515 #collectiveartistry ,518,7.142169219956738e+18,Beat,192.0,f,https://tiktok.com/@/video/7492969117792685358,6786083862189442053,f,"[""anime"",""tattoo"",""dbz"",""dragonball"",""bragonballz"",""goku"",""trunks"",""vegeta"",""bng"",""bngtattoo"",""bnginksociety"",""inked"",""fyp"",""parati"",""iowa"",""midwest"",""515"",""collectiveartistry""]"
7225364998246337838,1682286397,We are now a part of The Wondermart store! We have some one of a kind drippy ceramic pieces for sale. Check ‘em out! 🍶 #ceramics #handmadegifts #greenpoint #greenpointbrooklyn #ceramicsandpottery ,2990,7.142169219956738e+18,Beat,192.0,f,https://tiktok.com/@/video/7225364998246337838,7140466968530519086,f,"[""ceramics"",""handmadegifts"",""greenpoint"",""greenpointbrooklyn"",""ceramicsandpottery""]"
7488135646943563054,1743467477,The lean startup کتاب برای تمام تجارت ها  ‎#کتاب #درس #افغانستان #مطالعه #پول #هزاره_پشتو_ازبک_افغان_هم_وطن #afghanistan🇦🇫 #school  #فارسی  #افغانستان_تیک_تاک  #افغانی_تیک_تاک ,928,7.142169219956738e+18,Beat,192.0,f,https://tiktok.com/@/video/7488135646943563054,7183675213200196614,f,"[""\u06a9\u062a\u0627\u0628"",""\u062f\u0631\u0633"",""\u0627\u0641\u063a\u0627\u0646\u0633\u062a\u0627\u0646"",""\u0645\u0637\u0627\u0644\u0639\u0647"",""\u067e\u0648\u0644"",""\u0647\u0632\u0627\u0631\u0647_\u067e\u0634\u062a\u0648_\u0627\u0632\u0628\u06a9_\u0627\u0641\u063a\u0627\u0646_\u0647\u0645_\u0648\u0637\u0646"",""afghanistan\ud83c\udde6\ud83c\uddeb"",""school"",""\u0641\u0627\u0631\u0633\u06cc"",""\u0627\u0641\u063a\u0627\u0646\u0633\u062a\u0627\u0646_\u062a\u06cc\u06a9_\u062a\u0627\u06a9"",""\u0627\u0641\u063a\u0627\u0646\u06cc_\u062a\u06cc\u06a9_\u062a\u0627\u06a9""]"
7486238579346132267,1743025775,Do you agree with this ranking ? #greenscreen #invincible #invincibleseason3 #invincibleseason2 #comictok #comics #tvshow #ranking #superhero #fyp #fypシ #viral #k9venus ,651,7.142169219956738e+18,Beat,192.0,f,https://tiktok.com/@/video/7486238579346132267,7029578357885977606,f,"[""greenscreen"",""invincible"",""invincibleseason3"",""invincibleseason2"",""comictok"",""comics"",""tvshow"",""ranking"",""superhero"",""fyp"",""fyp\u30b7"",""viral"",""k9venus""]"
7502105991367150894,1746720183,"Downtown Nashville Highrise  Apartment Tour✔️  571 sqft —> $2,000 👉 Need help finding an apartment in Nashville? Click the LINK IN BIO to work with me for free #apartmentlocator #downtownnashville #highriseliving #nashvilleapartments #howmuchdoyoupayforrent ",4860,7.142169219956738e+18,Beat,192.0,f,https://tiktok.com/@/video/7502105991367150894,7475512329258501162,f,"[""apartmentlocator"",""downtownnashville"",""highriseliving"",""nashvilleapartments"",""howmuchdoyoupayforrent""]"
7508880264127368494,1748297455,Controversy Surrounds Senate's Rejection of Trump's Debt-Increasing Bill #MemorialDay #tiktok #fyp #DonaldTrump #america ,880,7.142169219956738e+18,Beat,192.0,f,https://tiktok.com/@/video/7508880264127368494,7507239006184391722,f,"[""memorialday"",""tiktok"",""fyp"",""donaldtrump"",""america""]"
7486509397674396974,1743088816,"When you can’t find the right audio track, you make one yourself!! 🤣🤣🤣#creatorsearchinsights #blacksahm #sahmtok #momcreator #mompreneur #workingmomma #relatablemomcontent #diymom #diymama #toddlermoms ",306,7.142169219956738e+18,Beat,192.0,f,https://tiktok.com/@/video/7486509397674396974,7414712510903501867,f,"[""creatorsearchinsights"",""blacksahm"",""sahmtok"",""momcreator"",""mompreneur"",""workingmomma"",""relatablemomcontent"",""diymom"",""diymama"",""toddlermoms""]"
7487772049461480747,1743382812,#afghanistan🇦🇫 #کتاب #افغانستان #فارسی #ایران #دری #فغانی_تیک_تاک #theleanstartup ,1069,7.142169219956738e+18,Beat,192.0,f,https://tiktok.com/@/video/7487772049461480747,7183675213200196614,f,"[""afghanistan\ud83c\udde6\ud83c\uddeb"",""\u06a9\u062a\u0627\u0628"",""\u0627\u0641\u063a\u0627\u0646\u0633\u062a\u0627\u0646"",""\u0641\u0627\u0631\u0633\u06cc"",""\u0627\u06cc\u0631\u0627\u0646"",""\u062f\u0631\u06cc"",""\u0641\u063a\u0627\u0646\u06cc_\u062a\u06cc\u06a9_\u062a\u0627\u06a9"",""theleanstartup""]"
7279190595195669803,1694818640,"Royal Forest by English Laundry  Top Notes Fresh Citrus Mid Notes Apple Base Notes Oakmoss & Amberwood This fragrance is Inspired by the dewy dawn that emerges cool and fresh, and awakens your senses. Notes of fresh citrus and apple open this fragrance and leads down a lovely path to honey and cedar. The fragrance then dries with dark notes of oakmoss and amberwood. #perfumes #perfume #perfumecollection #fragrance #parfum #perfumelovers #fragrances #parati #perfumeaddict #scent #perfumeshop #perfumelover #fragancias #perfumery #scentoftheday #eaudeparfum #fragrancelover #foryou #fypシ #fyp #fragrancecollection #perfumaria #fragrancetiktok #perfumetiktok #fragcomm #perfumeria ",9941,7.142169219956738e+18,Beat,192.0,f,https://tiktok.com/@/video/7279190595195669803,7142337181004284974,f,"[""perfumes"",""perfume"",""perfumecollection"",""fragrance"",""parfum"",""perfumelovers"",""fragrances"",""parati"",""perfumeaddict"",""scent"",""perfumeshop"",""perfumelover"",""fragancias"",""perfumery"",""scentoftheday"",""eaudeparfum"",""fragrancelover"",""foryou"",""fyp\u30b7"",""fyp"",""fragrancecollection"",""perfumaria"",""fragrancetiktok"",""perfumetiktok"",""fragcomm"",""perfumeria""]"
7494349704231259423,1744914279,#trustgod #jessuslovesyou #godisgood #trustingingodpodcast #peaceandlove #jesuslovesyou #godswayistheonlyway #holyghost #jesusislord ,306,7.142169219956738e+18,Beat,192.0,f,https://tiktok.com/@/video/7494349704231259423,6995820760606704646,f,"[""trustgod"",""jessuslovesyou"",""godisgood"",""trustingingodpodcast"",""peaceandlove"",""jesuslovesyou"",""godswayistheonlyway"",""holyghost"",""jesusislord""]"
7439510287339752734,1732145983,I missed yall book besties. Here is my quick review on the children of blood and bone series ❤️ #booktok #bookreccomendations #fantasy #childrenofbloodandbone #tomiadeyemi ,682,7.142169219956738e+18,Beat,192.0,f,https://tiktok.com/@/video/7439510287339752734,4282523,f,"[""BookTok"",""bookreccomendations"",""fantasy"",""childrenofbloodandbone"",""tomiadeyemi""]"
7484724029740371242,1742673146,Pt 1 of our interview with cerebro negro  #ska #skanking #skanker #latinoska #mexicanska #skalatino #skamexicano #skamexicano🇲🇽 #skamusic #skamusicforever #skadance #skadancing #latinska #skamusic💃🕺🔥 #skacore #skacoremexicano ,658,7.142169219956738e+18,Beat,192.0,f,https://tiktok.com/@/video/7484724029740371242,7224029686419964974,f,"[""ska"",""skanking"",""skanker"",""latinoska"",""mexicanska"",""skalatino"",""skamexicano"",""skamexicano\ud83c\uddf2\ud83c\uddfd"",""skamusic"",""skamusicforever"",""skadance"",""skadancing"",""latinska"",""skamusic\ud83d\udc83\ud83d\udd7a\ud83d\udd25"",""skacore"",""skacoremexicano""]"
7484380570454232366,1742593175,"(💥🔫) My camera froze 😩, but y’all know the vibes 💪🏽 #bo6 #contentcreator #blackgirlgamers🎮 #haventhrone #variteygamer #xboxseriess #xfrat #gamergirl ",1211,7.142169219956738e+18,Beat,192.0,f,https://tiktok.com/@/video/7484380570454232366,6999428398520075270,f,"[""bo6"",""contentcreator"",""blackgirlgamers\ud83c\udfae"",""haventhrone"",""variteygamer"",""xboxseriess"",""xfrat"",""GamerGirl""]"
7470615555397930271,1739388244,Where do you park to sleep in a car? #carlife #vanlife #rent #parking #camping #overnightparking ,1730,7.142169219956738e+18,Beat,192.0,f,https://tiktok.com/@/video/7470615555397930271,6795768226652865541,f,"[""carlife"",""vanlife"",""rent"",""parking"",""camping"",""overnightparking""]"
7415216511326948639,1726489659,How to do the Kettlebell Goblet Squat,4507,7.142169219956738e+18,Beat,192.0,f,https://tiktok.com/@/video/7415216511326948639,7280928545495991338,f,[]
7480764873211727150,1741751311,#greenscreen #luka #lukadoncic #jaysontatum #lakers #lebron #lebronjames #lalakers #celtics #bostonceltics #nba #nbatok #nbatiktok ,1194,7.142169219956738e+18,Beat,192.0,f,https://tiktok.com/@/video/7480764873211727150,8453254,f,"[""greenscreen"",""luka"",""lukadoncic"",""jaysontatum"",""lakers"",""lebron"",""lebronjames"",""lalakers"",""celtics"",""bostonceltics"",""NBA"",""nbatok"",""nbatiktok""]"
7514900562920508718,1749699174,"🏠 205 William Clayton Dr – Buda, TX 📌 🌳 Tucked in the heart of Carpenter Hill, this Perry-built beauty blends comfort, function, and timeless style—set on a .164-acre lot with thoughtful upgrades throughout. 💵 $550,000 — 🛏 3 Beds | 🛁 2 Baths | 🖥 True Study 📐 2,206 SF of open, airy living with all sides masonry, a water softener, built-in stainless appliances, and sleek quartz countertops ✨ Bright, open-concept design with room to grow, host, or relax—all in a top-rated neighborhood you’ll love coming home to. 🎓 Zoned to: 🏫 Carpenter Hill Elementary 📘 Dahlstrom Middle School 🎓 Johnson High School 📲 Ready to tour? DM me or reach out below: Bianca Vazquez Rosales 📞 (512) 985-7571 ⸻ ✨ Verse of the Day: “For you have been called to live in freedom, my brothers and sisters. But don’t use your freedom to satisfy your sinful nature. Instead, use your freedom to serve one another in love.” – Galatians‬ ‭5‬:‭13‬ NLT @faith_wear_and_more Has all the Gospel Tees❤️ • • • • • • • Listed by: Alicia Kelly #buda #budatx #budarealestate #carpenterhill #homesforsale #perryhomes #beyondthesaletexas #justlisted #realestate #austinrealestate #realtorlife #southaustinliving #austinsuburbs #faithwear",763,7.142169219956738e+18,Beat,192.0,f,https://tiktok.com/@/video/7514900562920508718,1938258,f,"[""buda"",""budatx"",""budarealestate"",""carpenterhill"",""homesforsale"",""perryhomes"",""beyondthesaletexas"",""justlisted"",""realestate"",""austinrealestate"",""realtorlife"",""southaustinliving"",""austinsuburbs"",""faithwear""]"
7499650578616814878,1746148490,La gloria sea para DIOS 🙏🏻👑. #barbershop #barberia #hispanaatlanta #cortesdecabelo #barberosatlanta #cortesdepelo #latinosatlanta #level3hairdressing #élégance#gamma#babyliss#cliper#reelsi̇nstagram#peachtreecorner#cortedeniño,1015,7.142169219956738e+18,Beat,192.0,f,https://tiktok.com/@/video/7499650578616814878,7234684741665063982,f,"[""barbershop"",""barberia"",""hispanaatlanta"",""cortesdecabelo"",""barberosatlanta"",""cortesdepelo"",""latinosatlanta"",""level3hairdressing"",""\u00e9l\u00e9gance"",""gamma"",""babyliss"",""cliper"",""reelsi"",""peachtreecorner"",""cortedeni\u00f1o""]"
7513140715807952158,1749289472,MLB PICK OF THE DAY TODAY JUNE 7 #bettorhub #prizepicks #greenscreen #fyp #freeplay #freepicks #prizepickslocks #mlb #mlbb #mlbtheshow #mlbtiktok #mlbtheshow21 #mlbprops ,6475,7.142169219956738e+18,Beat,192.0,f,https://tiktok.com/@/video/7513140715807952158,7227143076858840107,f,"[""bettorhub"",""prizepicks"",""greenscreen"",""fyp"",""freeplay"",""freepicks"",""prizepickslocks"",""MLB"",""mlbb"",""mlbtheshow"",""mlbtiktok"",""mlbtheshow21"",""mlbprops""]"
7494350011292077343,1744914352,#jesusislord #holyghost #godswayistheonlyway #jesuslovesyou #peaceandlove #trustingingodpodcast #trustinginjesus❤️ #jehovah ,368,7.142169219956738e+18,Beat,192.0,f,https://tiktok.com/@/video/7494350011292077343,6995820760606704646,f,"[""jesusislord"",""holyghost"",""godswayistheonlyway"",""jesuslovesyou"",""peaceandlove"",""trustingingodpodcast"",""trustinginjesus\u2764\ufe0f"",""jehovah""]"
7488474510979616031,1743546370,Finishing up the rear suspension on the Cutlass #car #automobile #restoration #gm #chevy #classiccar #carguy #fyppppppppppppppppppppppp #chevrolet #fyp #classic #oldsmobilecutlass #oldsmobile #carenthusiast ,1199,7.142169219956738e+18,Beat,192.0,f,https://tiktok.com/@/video/7488474510979616031,6756706311667237894,f,"[""car"",""automobile"",""restoration"",""gm"",""chevy"",""classiccar"",""carguy"",""fyppppppppppppppppppppppp"",""chevrolet"",""fyp"",""classic"",""oldsmobilecutlass"",""oldsmobile"",""carenthusiast""]"
7515006069584809247,1749723720,"Is your bro split is KILLING your gains? 👀 Training each muscle once a week = 6 days of waiting for growth that never comes. Studies show you get more muscle protein synthesis when you hit each muscle 2-3x/week. That means more growth, better recovery, and less wasting time. Switch to Upper/Lower, Push Pull Legs, or Full Body. Less pump-chasing. More progress. Your program isn’t the problem your frequency is. 📩 Comment “SPLIT” if you want my full weekly training breakdown.",1111,7.142169219956738e+18,Beat,192.0,f,https://tiktok.com/@/video/7515006069584809247,6979687246861566981,f,[]
7343414596889234731,1709771964,Freelance Interior Designer #fyp #foryou #foryourepage #foryoupage #interiordesign #interiordesigner #interiordecor #interiors #decor ,2161,7.142169219956738e+18,Beat,192.0,f,https://tiktok.com/@/video/7343414596889234731,6608012348660891653,f,"[""fyp"",""foryou"",""foryourepage"",""foryoupage"",""interiordesign"",""interiordesigner"",""interiordecor"",""interiors"",""decor""]"
7300662465799425323,1699817957,things that anime tiktokers need 🚀🤣 #animetiktok #animetiktoker #dayinmylife #anime #animetattoo #animes #animefyp ,850,7.142169219956738e+18,Beat,192.0,f,https://tiktok.com/@/video/7300662465799425323,6857356844773475334,f,"[""animetiktok"",""animetiktoker"",""dayinmylife"",""anime"",""animetattoo"",""animes"",""animefyp""]"
7490596606044081454,1744040488,"Replying to @outubro  Hope this helps,  PS I asked my coach to film the darce guillotine since that’s really his speciality from half guard. Enjoy! #bjj #joshdoesbjj #fyp ##JiuJitsu##Grappling##trend##fypシ##trend",1390,7.142169219956738e+18,Beat,192.0,f,https://tiktok.com/@/video/7490596606044081454,7251738587061224490,f,"[""bjj"",""joshdoesbjj"",""fyp"",""jiujitsu"",""grappling"",""trend"",""fyp\u30b7""]"
7317724860367555882,1703790619,"Kitchen Alchemy, our elders knew all along. Here are some steps to make it even more impactful. #alchemy #international #foodalchemy #thefoodalchemistkirsti #ancestors ",696,7.142169219956738e+18,Beat,192.0,f,https://tiktok.com/@/video/7317724860367555882,6806872665866355718,f,"[""alchemy"",""international"",""foodalchemy"",""thefoodalchemistkirsti"",""ancestors""]"
7487954686897622315,1743425406,The lean startup کتاب برای تمام تجارت ها  ‎#کتاب #درس #افغانستان #مطالعه #پول #هزاره_پشتو_ازبک_افغان_هم_وطن #afghanistan🇦🇫 #school  #فارسی  #افغانستان_تیک_تاک  #افغانی_تیک_تاک ,964,7.142169219956738e+18,Beat,192.0,f,https://tiktok.com/@/video/7487954686897622315,7183675213200196614,f,"[""\u06a9\u062a\u0627\u0628"",""\u062f\u0631\u0633"",""\u0627\u0641\u063a\u0627\u0646\u0633\u062a\u0627\u0646"",""\u0645\u0637\u0627\u0644\u0639\u0647"",""\u067e\u0648\u0644"",""\u0647\u0632\u0627\u0631\u0647_\u067e\u0634\u062a\u0648_\u0627\u0632\u0628\u06a9_\u0627\u0641\u063a\u0627\u0646_\u0647\u0645_\u0648\u0637\u0646"",""afghanistan\ud83c\udde6\ud83c\uddeb"",""school"",""\u0641\u0627\u0631\u0633\u06cc"",""\u0627\u0641\u063a\u0627\u0646\u0633\u062a\u0627\u0646_\u062a\u06cc\u06a9_\u062a\u0627\u06a9"",""\u0627\u0641\u063a\u0627\u0646\u06cc_\u062a\u06cc\u06a9_\u062a\u0627\u06a9""]"
7445303562831416622,1733494828,pls send me show reccomendations! ,1563,7.142169219956738e+18,Beat,192.0,f,https://tiktok.com/@/video/7445303562831416622,6756569524189381638,f,[]
7516188446885563694,1749999049,How To Stake Solnic and Earn 30% yield  #solana #solnic #crypto #passiveincome #byob ,318,7.142169219956738e+18,Beat,192.0,f,https://tiktok.com/@/video/7516188446885563694,7331572368311239722,f,"[""solana"",""solnic"",""crypto"",""passiveincome"",""byob""]"
7452422581677886766,1735152350,Scent of the day! 🔥💥 Stronger with You intensly! ✨️ #colognetiktok #fragrancetiktok #parfumtiktok #perfumetiktok #parfume #sotd ,823,7.142169219956738e+18,Beat,192.0,f,https://tiktok.com/@/video/7452422581677886766,7405805127036322859,f,"[""colognetiktok"",""fragrancetiktok"",""parfumtiktok"",""perfumetiktok"",""parfume"",""sotd""]"
7377583298580663582,1717727512,We are always buying! 👟 #phoenix #az #fypage #sneakerstore ,2338,7.142169219956738e+18,Beat,192.0,f,https://tiktok.com/@/video/7377583298580663582,6902517772297225221,f,"[""phoenix"",""az"",""fypage"",""sneakerstore""]"
7203864304595062062,1677280368,Putting down another $3k to lower your payment $50 a month sometimes isn't always the right thing to do. $3k ➗$50= 60........ which means you can make 60 extra payments of $50 a month and pay the loan off quick and not pay as much in interest by applying the extra $50 towards the principal of the loan. #NatesDeals #GreatDeals #sales #carsales #carsalesman #blaisealexandersunbury #sunburypa #isellcars ,1846,7.142169219956738e+18,Beat,192.0,f,https://tiktok.com/@/video/7203864304595062062,7735466,f,"[""natesdeals"",""greatdeals"",""sales"",""carsales"",""carsalesman"",""blaisealexandersunbury"",""sunburypa"",""isellcars""]"
7496313213173255455,1745371455,Sexy Fish 10/10 ! #miamibeach #fyp #fy #foryoupage #tallgirl #softlife #softgirlstyle #blessed #april #miami #aries #bdaydress #dresses #fashioninspo #fashiontiktok #travel #vacation #sexyfish #sexyfishmiami ,1856,7.142169219956738e+18,Beat,192.0,f,https://tiktok.com/@/video/7496313213173255455,6802135489485194246,f,"[""miamibeach"",""fyp"",""fy"",""foryoupage"",""tallgirl"",""softlife"",""softgirlstyle"",""blessed"",""april"",""miami"",""aries"",""bdaydress"",""dresses"",""fashioninspo"",""fashiontiktok"",""travel"",""vacation"",""sexyfish"",""sexyfishmiami""]"
7514791589143661855,1749673776,"Most people think a flawless paint job is what makes a car look amazing—but the real secret is bodywork. You can spend thousands on premium paint, but if the body isn’t straight, smooth, and prepped correctly… the finish will crack, peel, or show every imperfection. 🛠️ In this video, we break down why bodywork is more important than paint when it comes to restoring a classic car or completing a collision repair. From hours of sanding and panel alignment to proper filler and primer application, the foundation of any great paint job starts with meticulous prep work. 🔥 Want a mirror-like shine? It’s not just about the paint—it’s about the process before the paint. We’re talking 500+ hours of labor before a single drop of color is sprayed. 💡 If you’re into car restoration, collision repair, or want to know the real cost of a quality paint job, this is for you. #HowMuchToPaintACar #1969Camaro #ClassicCarRestoration #CamaroPaintJob #ChevyCamaro #GreenTechCollision #ClassicCarRestoration #bodywork #bodyrepair ",1667,7.142169219956738e+18,Beat,192.0,f,https://tiktok.com/@/video/7514791589143661855,7501204150775923758,f,"[""howmuchtopaintacar"",""1969camaro"",""classiccarrestoration"",""camaropaintjob"",""chevycamaro"",""greentechcollision"",""bodywork"",""bodyrepair""]"
7470669722556599595,1739400877,How to properly wear your Cuban link chain 🔥 #SimplyKND #moissanite #diamond #tutorial #jewelrytutorial #gold #chain #necklaces #finejewelry #foryoupage ,5761,7.142169219956738e+18,Beat,192.0,f,https://tiktok.com/@/video/7470669722556599595,7124931114011903022,f,"[""simplyknd"",""moissanite"",""diamond"",""tutorial"",""jewelrytutorial"",""gold"",""chain"",""necklaces"",""finejewelry"",""foryoupage""]"
7507388727912631574,1747950155,Honey The Cat Trailer Sonic 15 #honey #honeymoon #honeybee #honeythecat #honeythecatedit  #honeythecat🍯🐱💖 #trailer #trailers  #sega #forget #sharee #likee #likeeeee #likeeeeeeee #likeeeeeeeeee #likeeeeeeeeee   #likeeeeeeeeeeee #likeeeeeeeeeeee #likeeeeeeeeeee #likeeeeeeeeeeeeeeeeeee #likeeeeeeeeeeeeee #comment #comments #getmefamous   #getmeonthefyp #getmeontheforyoupage #getmetiktokfamous #getmefamous #paris #iledefrance #france #france🇫🇷   #frances #francetiktok #francetiktok🇫🇷 #usa #usa_tiktok #usa🇺🇸 #usarmy #usatiktok #unitedstate #unitedstates #unitedstatesofamerica #unitedstatesofamerica🇺🇸 #videoviral #videos #videostar #fyp #fyppppppppppppppppppppppp #foryour #foryourepage #foryourpagetiktok #forfyp #forfypシ #forfypシ゚viral🖤tiktokyou #you #youpage #follow #following #followers➕ #followback #followerstiktok #followback #followback❤ #followback❤❤❤❤❤ #followback🙏 #followback  ,238,7.142169219956738e+18,Beat,192.0,f,https://tiktok.com/@/video/7507388727912631574,7280881901635961889,f,"[""honey"",""honeymoon"",""honeybee"",""honeythecat"",""honeythecatedit"",""honeythecat\ud83c\udf6f\ud83d\udc31\ud83d\udc96"",""trailer"",""trailers"",""sega"",""forget"",""sharee"",""likee"",""likeeeee"",""likeeeeeeee"",""likeeeeeeeeee"",""likeeeeeeeeeeee"",""likeeeeeeeeeee"",""likeeeeeeeeeeeeeeeeeee"",""likeeeeeeeeeeeeee"",""comment"",""comments"",""getmefamous"",""getmeonthefyp"",""getmeontheforyoupage"",""getmetiktokfamous"",""paris"",""iledefrance"",""france"",""france\ud83c\uddeb\ud83c\uddf7"",""frances"",""francetiktok"",""francetiktok\ud83c\uddeb\ud83c\uddf7"",""usa"",""usa_tiktok"",""usa\ud83c\uddfa\ud83c\uddf8"",""usarmy"",""usatiktok"",""unitedstate"",""unitedstates"",""unitedstatesofamerica"",""unitedstatesofamerica\ud83c\uddfa\ud83c\uddf8"",""videoviral"",""videos"",""videostar"",""fyp"",""fyppppppppppppppppppppppp"",""foryour"",""foryourepage"",""foryourpagetiktok"",""forfyp"",""forfyp\u30b7"",""forfyp\u30b7\u309aviral\ud83d\udda4tiktokyou"",""you"",""youpage"",""follow"",""following"",""followers\u2795"",""followback"",""followerstiktok"",""followback\u2764"",""followback\u2764\u2764\u2764\u2764\u2764"",""followback\ud83d\ude4f""]"
7499228284174093599,1746050179,"Checking out a new French Bistro in New Orleans and I think I've found the cutest  date night spot, Le Moyne Bistro 😍 #Frenchbistro #neworleans  #neworleansrestaurants  #newrestaurant  #datenightideas  #girlsnightideas  #nolaeats  #nolafoodie  #foodie  #foodguide #travel  #foodtravel  #frenchcuisine #nolafood ",2145,7.142169219956738e+18,Beat,192.0,f,https://tiktok.com/@/video/7499228284174093599,6800828308202259462,f,"[""frenchbistro"",""neworleans"",""neworleansrestaurants"",""newrestaurant"",""datenightideas"",""girlsnightideas"",""nolaeats"",""nolafoodie"",""Foodie"",""foodguide"",""travel"",""foodtravel"",""frenchcuisine"",""nolafood""]"
7472535270756240683,1739835220,You grow faster when you own the gym you practice in 🫡🏎️🍕 #pizzaboymetalworks #smallbusiness #machineshop #motorsport #tigwelding #welding #fabrication ,1175,7.142169219956738e+18,Beat,192.0,f,https://tiktok.com/@/video/7472535270756240683,6756372599205790725,f,"[""pizzaboymetalworks"",""SmallBusiness"",""machineshop"",""Motorsport"",""tigwelding"",""welding"",""fabrication""]"
7442884893161524526,1732931685,"Black Friday lunch break at a 24-hour Vietnamese spot in Kissimmee, FL! The pho was so good and the broth was packed with so much flavor. The crab rangoons were crispy and tasty, though I wish they had more crab. Perfect stop if you’re in the Disney/Kissimmee area and craving late-night eats or a quick bite. #PhoRedemption #floridaeats #VietnameseCuisine #foodie #foodlover #travelfood #pho #vietnamese #vietnamesefood #DinelnExperience #FoodieLife #kissimme #kissimmee_florida #asianfood #lovetoeat #travel #disneyeats ",4760,7.142169219956738e+18,Beat,192.0,f,https://tiktok.com/@/video/7442884893161524526,7251347857881007146,f,"[""phoredemption"",""floridaeats"",""vietnamesecuisine"",""Foodie"",""FoodLover"",""travelfood"",""pho"",""vietnamese"",""vietnamesefood"",""dinelnexperience"",""foodielife"",""kissimme"",""kissimmee_florida"",""asianfood"",""lovetoeat"",""travel"",""disneyeats""]"
7417865592280993067,1727106430,"Want to Enter the Refineries? START HERE! We have the training, AND the community to guide you into the plants through our job placement assistance system. #jobs #plantlife #refinery #refinerylife #oilfield #oilandgas #pipeline #instrumentation #electrical #industrial #education #plc #analyzer #technician #sparkylife #sparky #jobs #jobopportunity #work #viral #learn #fyp #fypシ゚viral ",3505,7.142169219956738e+18,Beat,192.0,f,https://tiktok.com/@/video/7417865592280993067,7332652901201134634,f,"[""jobs"",""plantlife"",""refinery"",""refinerylife"",""oilfield"",""oilandgas"",""pipeline"",""instrumentation"",""electrical"",""industrial"",""education"",""plc"",""analyzer"",""technician"",""sparkylife"",""sparky"",""jobopportunity"",""work"",""viral"",""learn"",""fyp"",""fyp\u30b7\u309aviral""]"
7402676993554140421,1724248800,Bet he wasn't expecting that news at Detroit Airport! ✈️ #JackKesy #Hellboy #Collider,2055,7.142169219956738e+18,Beat,192.0,f,https://tiktok.com/@/video/7402676993554140421,7189288709237769222,t,[]
7486978327207595294,1743198012,MLB Record Predictions 2025 NL West (Final part/part 3) #mlb #baseball #openingday #predictions #fyp #part3 ,984,7.142169219956738e+18,Beat,192.0,f,https://tiktok.com/@/video/7486978327207595294,6994637285405508614,f,"[""MLB"",""baseball"",""openingday"",""predictions"",""fyp"",""part3""]"
7439469305701567790,1732136432,Replying to @jaci.kent Short History of early settlement Keyes California! Follow for more cities! #fypage #fyourpage #fyp #foryoupage #keyescalifornia #keyesca #history #stanislauscounty #townhistory #californiatowns #historytime #historytok #cities #place #visit #town ,2499,7.142169219956738e+18,Beat,192.0,f,https://tiktok.com/@/video/7439469305701567790,7354630584584668206,f,"[""fypage"",""fyourpage"",""fyp"",""foryoupage"",""keyescalifornia"",""keyesca"",""history"",""stanislauscounty"",""townhistory"",""californiatowns"",""HistoryTime"",""historytok"",""cities"",""place"",""visit"",""town""]"
7253521556683394309,1688842096,I’m excited to try it out 🔥. It is way easier to carry it around in your backpack. Perfect for my sony ZV-E10. . . #video #gimbal #cranem3s #filmmaking ,2274,7.142169219956738e+18,Beat,192.0,f,https://tiktok.com/@/video/7253521556683394309,7012361317253334022,f,"[""video"",""gimbal"",""cranem3s"",""filmmaking""]"
7237298295721299242,1685064828,Dinner is served 🍽🪰 check out my profile for more videos and ifno about these guys! My phyllobates terribilis poison dart frogs are native to columbia and are the most toxic vertebrate in the world.  They are able to get their poison (brachiotoxin) through their diet and secrete it from their porous skin. . . . . .#vivariums #frogtok #poisondartfrog #dartfrogs #dartfrog #amphibian #herping #frogsoftiktok #natgeo #poisondartfrogs #terrarium #bioactive #bioactiveterrarium #dendrobates #phyllobates,987,7.142169219956738e+18,Beat,192.0,f,https://tiktok.com/@/video/7237298295721299242,6749295237275649030,f,"[""vivariums"",""frogtok"",""poisondartfrog"",""dartfrogs"",""dartfrog"",""amphibian"",""herping"",""frogsoftiktok"",""natgeo"",""poisondartfrogs"",""terrarium"",""bioactive"",""bioactiveterrarium"",""dendrobates"",""phyllobates""]"
7494240263406193963,1744888802,"What does the closet of your dreams look like? This one is mine! It's, HUGE, and attached to the laundry which is also attached to the mud room... This is perfection! We'll cover the closet today but be sure to catch tomorrow's video to see the rest! #mnrealtor #mnrealestate #minnesotahomes #buyersagent #twincities #twincitiesmn #twincitiesrealestate #twincitiesrealtor #twincitieshomes #mnhomesearch #mnhomesforsale #relocatingtominnesota #CLHMS #globalluxury ",794,7.142169219956738e+18,Beat,192.0,f,https://tiktok.com/@/video/7494240263406193963,7089119970181612587,f,"[""mnrealtor"",""mnrealestate"",""minnesotahomes"",""buyersagent"",""twincities"",""twincitiesmn"",""twincitiesrealestate"",""twincitiesrealtor"",""twincitieshomes"",""mnhomesearch"",""mnhomesforsale"",""relocatingtominnesota"",""clhms"",""globalluxury""]"
7504029833291173163,1747168138,#work #hvac #asmr #AirConditioning #immigrant #rec #florida #trend ,1817,7.142169219956738e+18,Beat,192.0,f,https://tiktok.com/@/video/7504029833291173163,7397445654405121066,f,"[""work"",""hvac"",""asmr"",""airconditioning"",""immigrant"",""rec"",""florida"",""trend""]"
7490289957446274350,1743969063,Sunday Funday OOTD💙💙 Outfit: @Aerial | Lifestyle+Motherhood Dior D’Luxe  Lip Color: @META LITTLE ANGEL COSMETIC🇨🇦  Y’all go follow them. It doesn’t cost a dime to follow and support! 💙  HAPPY SUNDAY!!  #ootd #fashiontiktok #cuteoutfits #outfitinspo #outfitinspo #2pieceset #newbalance9060 #CapCut ,470,7.142169219956738e+18,Beat,192.0,f,https://tiktok.com/@/video/7490289957446274350,6808925195391288325,f,"[""OOTD"",""fashiontiktok"",""cuteoutfits"",""outfitinspo"",""2pieceset"",""newbalance9060"",""capcut""]"
7469192127650499882,1739056844,I’m 100% on board with ALGORAND… are you? 👀 #bullrun #cryptocurrencies #iso20022 #crypto #algo #algorand ,1048,7.142169219956738e+18,Beat,192.0,f,https://tiktok.com/@/video/7469192127650499882,6805138237343646725,f,"[""bullrun"",""cryptocurrencies"",""iso20022"",""crypto"",""algo"",""algorand""]"
7514067367035440415,1749505172,#Bleach :Rebirth of Souls Rank Mode!! #ichigo#anime#fyp#gaming#viral ,949,7.142169219956738e+18,Beat,192.0,f,https://tiktok.com/@/video/7514067367035440415,6829753556759118853,f,"[""bleach"",""ichigo"",""anime"",""fyp"",""gaming"",""viral""]"
7385562081052888362,1719585180,#lactomedi #amazonfinds #bluestick #bv #girltalk #femininehygiene #vagtok #womenshealth ,3402,7.142169219956738e+18,Beat,192.0,f,https://tiktok.com/@/video/7385562081052888362,6866249120342066182,f,"[""lactomedi"",""amazonfinds"",""bluestick"",""bv"",""girltalk"",""femininehygiene"",""vagtok"",""womenshealth""]"
7219063050538847534,1680819107,Beeping Easter Egg Hunt | Easter 2023 🐣🩷 #beepingeasteregghunt #easteregg #visualimpairment #visuallyimpaired #elementaryschool #elementarystudents #egghunt #easteregghunt ,879,7.142169219956738e+18,Beat,192.0,f,https://tiktok.com/@/video/7219063050538847534,7129567702214591534,f,"[""beepingeasteregghunt"",""easteregg"",""visualimpairment"",""visuallyimpaired"",""elementaryschool"",""elementarystudents"",""egghunt"",""easteregghunt""]"
7459213729960398122,1736733542,"R410A vs. R32: Key differences, eco-benefits, and why the switch matters! #hvac #livonia #dearborn #hvactips #furnace #ac  #r32 ##r410a##freon##HVACLife##HeatingAndCooling##trades",1263,7.142169219956738e+18,Beat,192.0,f,https://tiktok.com/@/video/7459213729960398122,6841007089055138822,f,"[""hvac"",""livonia"",""dearborn"",""hvactips"",""furnace"",""ac"",""r32"",""r410a"",""freon"",""hvaclife"",""heatingandcooling"",""trades""]"
7490986740484721950,1744131315,Replying to @mangohotsauce97 One really good cheaper alternative to Parfums de Marley Greenley. I’d say well worth the price considering the job it does. #fragrance #fragrancetiktok #datascents #parfumsdemarly #greenley,3555,7.142169219956738e+18,Beat,192.0,f,https://tiktok.com/@/video/7490986740484721950,7469608210560975903,f,"[""fragrance"",""fragrancetiktok"",""datascents"",""parfumsdemarly"",""greenley""]"
7500811687147097366,1746418824,Es tu Shadowban? je t'explique comment vérifier. #shadowbanned #shadowbann #tiktoknewfeatures #contentcreatortips ,1275,7.142169219956738e+18,Beat,192.0,f,https://tiktok.com/@/video/7500811687147097366,7292617614274348064,f,"[""shadowbanned"",""shadowbann"",""tiktoknewfeatures"",""contentcreatortips""]"
7488528368305179950,1743558923,The lean startup کتاب برای تمام تجارت ها  ‎#کتاب #درس #افغانستان #مطالعه #پول #هزاره_پشتو_ازبک_افغان_هم_وطن #afghanistan🇦🇫 #school  #فارسی  #افغانستان_تیک_تاک  #افغانی_تیک_تاک ,977,7.142169219956738e+18,Beat,192.0,f,https://tiktok.com/@/video/7488528368305179950,7183675213200196614,f,"[""\u06a9\u062a\u0627\u0628"",""\u062f\u0631\u0633"",""\u0627\u0641\u063a\u0627\u0646\u0633\u062a\u0627\u0646"",""\u0645\u0637\u0627\u0644\u0639\u0647"",""\u067e\u0648\u0644"",""\u0647\u0632\u0627\u0631\u0647_\u067e\u0634\u062a\u0648_\u0627\u0632\u0628\u06a9_\u0627\u0641\u063a\u0627\u0646_\u0647\u0645_\u0648\u0637\u0646"",""afghanistan\ud83c\udde6\ud83c\uddeb"",""school"",""\u0641\u0627\u0631\u0633\u06cc"",""\u0627\u0641\u063a\u0627\u0646\u0633\u062a\u0627\u0646_\u062a\u06cc\u06a9_\u062a\u0627\u06a9"",""\u0627\u0641\u063a\u0627\u0646\u06cc_\u062a\u06cc\u06a9_\u062a\u0627\u06a9""]"
7228335230975872302,1682977957,How to lock down your triangle from closed guard!🥋🔺 #bjjlifestyle #bjjwomen #closedguardattacks #trianglechoke ,5566,7.142169219956738e+18,Beat,192.0,f,https://tiktok.com/@/video/7228335230975872302,7145714886581617710,f,"[""bjjlifestyle"",""bjjwomen"",""closedguardattacks"",""trianglechoke""]"
7443639054379404590,1733107276,Come Shopping with Me @Five Below We’re on the hunt for a mini mic to help improve our content creations 💙✨ #swm#shoppingvlog#fivebelowfinds#minimicrophone#affordable#contentcreatorfinds#creatorsearchinsights ,3257,7.142169219956738e+18,Beat,192.0,f,https://tiktok.com/@/video/7443639054379404590,3624656,f,"[""swm"",""shoppingvlog"",""fivebelowfinds"",""minimicrophone"",""affordable"",""contentcreatorfinds"",""creatorsearchinsights""]"
7279147903765990686,1694808703,Part 1| US Open 🎾 If you are a tennis fanatic then this is for you!! Definitely a lot of fun #usopen2023 #usopentennis #tennistiktok #workvlogs #aweekinmylife #summer2023 #tennisnyc ,2380,7.142169219956738e+18,Beat,192.0,f,https://tiktok.com/@/video/7279147903765990686,6949586625631421445,f,"[""usopen2023"",""usopentennis"",""tennistiktok"",""workvlogs"",""aweekinmylife"",""summer2023"",""tennisnyc""]"
7471310116722101547,1739549995,I saved myself $30 by buying my own remover to do it at home.  🔗link in my Amazon storefront - Beauty Things 🔗 #lashextensionsremoval #lashextensions #lashes #naturallashes #lashgrowthjourney ,8098,7.142169219956738e+18,Beat,192.0,f,https://tiktok.com/@/video/7471310116722101547,6772435149856457734,f,"[""lashextensionsremoval"",""lashextensions"",""lashes"",""naturallashes"",""lashgrowthjourney""]"
7334745269361364270,1707753511,"@Jocy | Dallas Girly had some old blue jeans she didnt like anymore, so here we are. Hope you loved it, if not idk what to tell ya. Follow me! Love 🤍 . . . . . . . . . . . . . . . . . . . . . . . . . . . . #designer #tailor #sewing #upcycling #reuserecycle #texas #dallastx #cowboys #bluejeans #dallasbaby #dallascreative #jocyandaiden #aidenkane #dallastailor #adjustment #hemline #seams ",1448,7.142169219956738e+18,Beat,192.0,f,https://tiktok.com/@/video/7334745269361364270,6783537360958243845,f,"[""designer"",""tailor"",""sewing"",""upcycling"",""reuserecycle"",""texas"",""dallastx"",""cowboys"",""bluejeans"",""dallasbaby"",""dallascreative"",""jocyandaiden"",""aidenkane"",""dallastailor"",""adjustment"",""hemline"",""seams""]"
7267746974185688362,1692154220,#appletonelectric #electriciansoftiktok #hvac #sparkylife #hvaclife #diy #neymar #redes ,1436,7.142169219956738e+18,Beat,192.0,f,https://tiktok.com/@/video/7267746974185688362,6824221958683804677,f,"[""appletonelectric"",""electriciansoftiktok"",""hvac"",""sparkylife"",""hvaclife"",""DIY"",""neymar"",""redes""]"
7509521414685314350,1748446759,Quantum Jumping Hacks. Quantum Leaping Hacks 🚀 | Collapse time + shift timelines FAST ⚡️ Mindset • Energy • Identity • Embodiment #quantumleap #mindhack #timelineshift #healingthespirit #quantumjumping ,487,7.142169219956738e+18,Beat,192.0,f,https://tiktok.com/@/video/7509521414685314350,6996863412437894149,f,"[""quantumleap"",""mindhack"",""timelineshift"",""healingthespirit"",""quantumjumping""]"
7351530995063246126,1711661727,"Yeah, it’s a lot of work for something that won’t hold up as well as an actual diamond, but that’s also part of the beauty that reveals itself over time with the piece. #apirateslifeforme #goodart #goodarthlywd #horseshoe #horseshoeringpiercing #jewelrydesign ",2054,7.142169219956738e+18,Beat,192.0,f,https://tiktok.com/@/video/7351530995063246126,7098164577817723946,f,"[""apirateslifeforme"",""goodart"",""goodarthlywd"",""horseshoe"",""horseshoeringpiercing"",""jewelrydesign""]"
7253642400306875694,1688870239,Sleek Blowout Tutorial 🤍 #blowout #blowoututorial #blowouthair #sleekhair #modelhairstyle #offdutymodel #summerhair #chichairstyle #hairtutorial #easyhair #easyhairstyles #curlytostraight #curlyhair #straighthair ,2181,7.142169219956738e+18,Beat,192.0,f,https://tiktok.com/@/video/7253642400306875694,6804314339413591046,f,"[""blowout"",""blowoututorial"",""blowouthair"",""sleekhair"",""modelhairstyle"",""offdutymodel"",""summerhair"",""chichairstyle"",""hairtutorial"",""easyhair"",""easyhairstyles"",""curlytostraight"",""curlyhair"",""straighthair""]"
7439535033376853290,1732151735,Quick & Easy Spaghetti & Meat Sauce…. WITH NO CARROTS! 🍝  - #l#loviesfoodtruckt#twitchaffiliatet#tiktokstreamerg#grmig#grmichigang#grandrapidsmichiganspaghetti #g#grandrapidsmicookingathome #easyrecipes #pastatiktok #michigan ,3640,7.142169219956738e+18,Beat,192.0,f,https://tiktok.com/@/video/7439535033376853290,6803273130938008581,f,"[""loviesfoodtruck"",""twitchaffiliate"",""tiktokstreamer"",""grmi"",""grmichigan"",""grandrapidsmichigan"",""grandrapidsmi"",""EasyRecipes"",""pastatiktok"",""michigan""]"
7497585034640215342,1745667702,Acts 16:25-26 STILLL EXISTS ! #christian #christiantok #God #Jesus #worship #axiety #biblical #fyp #zyzbca #viral #trend #foryoupage #tiktoksongs #christiantiktok #fypシ #zyzbca #paul #silas #acts #warefareforjesus #war ,560,7.142169219956738e+18,Beat,192.0,f,https://tiktok.com/@/video/7497585034640215342,6872704289489536006,f,"[""christian"",""christiantok"",""god"",""jesus"",""worship"",""axiety"",""biblical"",""fyp"",""zyzbca"",""viral"",""trend"",""foryoupage"",""tiktoksongs"",""christiantiktok"",""fyp\u30b7"",""paul"",""silas"",""acts"",""warefareforjesus"",""war""]"
7427515213307579679,1729353168,#greenscreen #magicthegathering #marvel #mtg #mtgarena #magic #marvelsnap #viralvideo #duskmourn #secretlair #reddit ,1083,7.142169219956738e+18,Beat,192.0,f,https://tiktok.com/@/video/7427515213307579679,7281336708526883882,f,"[""greenscreen"",""magicthegathering"",""marvel"",""mtg"",""mtgarena"",""magic"",""MarvelSnap"",""viralvideo"",""duskmourn"",""secretlair"",""reddit""]"
7489598411784604970,1743808053,"Replying to @Celena 🇨🇦 Heal your family ancestral trauma patterns. Capricorn 4 house, Libra rising #ancestralhealing #healyourself #astrology #birthchart #4h #librarising #",2158,7.142169219956738e+18,Beat,192.0,f,https://tiktok.com/@/video/7489598411784604970,6983172741910529029,f,"[""ancestralhealing"",""healyourself"",""astrology"",""birthchart"",""4h"",""librarising""]"
7454603800020634922,1735660206,"Trying out @OAKBERRY for the first time in MiMo, Miami 🍓🍌😋 #cityeatswithtwo #acaibowl #oakberry #oakberryacaibowl #oakberry #healthyfood #restaurantreview #foodreview #miamifoodies #foodies ",1774,7.142169219956738e+18,Beat,192.0,f,https://tiktok.com/@/video/7454603800020634922,7443814734690714670,f,"[""cityeatswithtwo"",""acaibowl"",""oakberry"",""oakberryacaibowl"",""healthyfood"",""RestaurantReview"",""foodreview"",""miamifoodies"",""foodies""]"
7295025688887758110,1698505537,Pt2 Guam meet 2023 was super cool. Parking lot looking like a Mini Truck show. @rowena.taijeron @neva_h8n @ohnoitsjoe @j_castro_671  #guam #guammeet #guammeet2023 #makingguamafasterplace #guamtrucks🇬🇺 #toyota #nissan #datsun #minitruck  #snpspeed #snpspeedinnovations #tunedbygabe snpspeed.com,1239,7.142169219956738e+18,Beat,192.0,f,https://tiktok.com/@/video/7295025688887758110,6824076689174610949,f,"[""guam"",""guammeet"",""guammeet2023"",""makingguamafasterplace"",""guamtrucks\ud83c\uddec\ud83c\uddfa"",""toyota"",""nissan"",""datsun"",""minitruck"",""snpspeed"",""snpspeedinnovations"",""tunedbygabe""]"
7464966227451055390,1738072982,My clients have the most beautiful heads of hair!   Soft locs + Boho Ends Book your Valentine’s Day Appointment now. Enter code: LOVE when booking for $50 off 💕 . . #fauxlocs #softlocs #softlocsmatteson #softlocschicago #fauxlocschicago #fauxlocsmatteson #chicagobraider #mattesonbraider #boholocs ,1024,7.142169219956738e+18,Beat,192.0,f,https://tiktok.com/@/video/7464966227451055390,6976935718816171014,f,"[""fauxlocs"",""softlocs"",""softlocsmatteson"",""softlocschicago"",""fauxlocschicago"",""fauxlocsmatteson"",""chicagobraider"",""mattesonbraider"",""boholocs""]"
7499879464973765934,1746205200,"Matte grey never looked this smooth 🖤 Our matte grey 4 seat Cruiser golf carts have a 5Kw motor, an 11"" touch screen display, independent suspension, comfortable seats and more!  Check out VCarts.com! #WeekendGolf #golf #golftiktok #golfcart #golfcourse #swing #onpar #texas #texascheck #houston #houstontx #green #golfer #golfswingtips #golfswing #topgolf #golfball #weekend #teetime #explore #fyp #viral",4972,7.142169219956738e+18,Beat,192.0,f,https://tiktok.com/@/video/7499879464973765934,7460163512478843950,f,"[""weekendgolf"",""golf"",""golftiktok"",""golfcart"",""golfcourse"",""swing"",""onpar"",""texas"",""texascheck"",""houston"",""houstontx"",""green"",""golfer"",""golfswingtips"",""golfswing"",""topgolf"",""golfball"",""weekend"",""teetime"",""explore"",""fyp"",""viral""]"
7486502692425289006,1743087257,Lexus IS350 OEM to ARK GRiP 💥 • • • #arkperformance #arkexhaust #arkgrip #is300 #is250 #is300 #lexusis #clublexus #lexusis500 #soundofark #exhaustsound #lexususa #lexusnation #lexus #lexusfamily #car #carhub #carsdaily #lexuslove #lexusclub #explore #fyp ,1273,7.142169219956738e+18,Beat,192.0,f,https://tiktok.com/@/video/7486502692425289006,6778997606166742022,f,"[""arkperformance"",""arkexhaust"",""arkgrip"",""is300"",""is250"",""lexusis"",""clublexus"",""lexusis500"",""soundofark"",""exhaustsound"",""lexususa"",""lexusnation"",""lexus"",""lexusfamily"",""car"",""carhub"",""carsdaily"",""lexuslove"",""lexusclub"",""explore"",""fyp""]"
7305573426167713070,1700961377,Renting Cars. #turo #smallbusiness #sidehustleideas ,3168,7.142169219956738e+18,Beat,192.0,f,https://tiktok.com/@/video/7305573426167713070,7252652060943238186,f,"[""turo"",""SmallBusiness"",""sidehustleideas""]"
7342588025433525534,1709579560,"#greenscreen He’s a yatzi scientist who became a Swarm of sentient bees, he’s like a cliché of a cliché. #Swarm #Spiderman #Wandavision #ScarletWitch #Spiderman2 #SpidermanPS5 #marvelsspiderman2 #peterparker #milesmorales #marvel #marvelcomics #marvelgames #marvelstudios #mcu #marvelcinimaticuniverse #fyp #fypシ #marveltok #comictok ",776,7.142169219956738e+18,Beat,192.0,f,https://tiktok.com/@/video/7342588025433525534,6875777856501548037,f,"[""greenscreen"",""swarm"",""spiderman"",""wandavision"",""scarletwitch"",""spiderman2"",""spidermanps5"",""marvelsspiderman2"",""peterparker"",""milesmorales"",""marvel"",""marvelcomics"",""marvelgames"",""marvelstudios"",""mcu"",""marvelcinimaticuniverse"",""fyp"",""fyp\u30b7"",""marveltok"",""comictok""]"
7198150217714109702,1675949952,"Se você for pra São Francisco ou Paris (para as Olimpíadas), o @chinalivesf é um restaurante contemporâneo com um marketplace com  itens que vai de ingredientes para o preparo de receitas asiáticas a coisas para a casa, e até artigos para as crianças. Gostoso demais! w/ @natachacortez  Edição: @gui.dss_ | Revisão: @danavellar  #sanfrancisco #chinatown #restaurante #gastronomia #gastronomy #olimpicgames #paris2024 ",680,7.142169219956738e+18,Beat,192.0,f,https://tiktok.com/@/video/7198150217714109702,163253663958749184,f,"[""sanfrancisco"",""chinatown"",""restaurante"",""gastronomia"",""gastronomy"",""olimpicgames"",""paris2024""]"
7455880460682431786,1735957455,Omggggg!!! Boos!!! I’m so in love with Navitus parfums! I finally found a house of fragrances that matches my signature scents!! 🥰🥰❤️  #fyp #fragrancetiktok #perfumetiktok #perfumetok #engagement #creatorsearchinsights #navitusparfums #sexy #luxury ,465,7.142169219956738e+18,Beat,192.0,f,https://tiktok.com/@/video/7455880460682431786,3603459,f,"[""fyp"",""fragrancetiktok"",""perfumetiktok"",""perfumetok"",""engagement"",""creatorsearchinsights"",""navitusparfums"",""sexy"",""luxury""]"
7511419855564737798,1748888871,"Antes del #GTAVI nosotros vivimos la trilogía que lo empezó todo. #GTAIII , #ViceCity y #SanAndreas no eran solo juegos…Eran parte de nuestra infancia, parte de nuestra historia. Si tuviste un #PS2 , este video no te lo podés perder. #VideojuegosClásicos #gta #reseñasdevideojuegos  #RetroGaming #gtasanandreas #nostalgia #gamersentiktok #playstation ",714,7.142169219956738e+18,Beat,192.0,f,https://tiktok.com/@/video/7511419855564737798,7224353432106599429,f,"[""gtavi"",""gtaiii"",""vicecity"",""sanandreas"",""ps2"",""videojuegoscl\u00e1sicos"",""gta"",""rese\u00f1asdevideojuegos"",""retrogaming"",""gtasanandreas"",""nostalgia"",""gamersentiktok"",""playstation""]"
7508012768172313887,1748095476,"@Fragrance World Imperium is the best dupe so far of Elysium. Same Juice (90-95%) same performance, but at its price…🔒me in for it 🫡 #cologne #perfumetiktok #fragrance #fragrancetiktok #colognetok #fragranceworld  #creatorsearchinsights  ",1161,7.142169219956738e+18,Beat,192.0,f,https://tiktok.com/@/video/7508012768172313887,7410786353954751531,f,"[""cologne"",""perfumetiktok"",""fragrance"",""fragrancetiktok"",""colognetok"",""fragranceworld"",""creatorsearchinsights""]"
7499057897008074030,1746010579,Are you emotionally tied to your washer and dryer? Some people are! Let's look at a couple of things to address before a buyer walks through your property that are laundry room specific. #mnrealtor #mnrealestate #minnesotahomes #buyersagent #twincities #twincitiesmn #twincitiesrealestate #twincitiesrealtor #twincitieshomes #mnhomesearch #mnhomesforsale #relocatingtominnesota #CLHMS #globalluxury ,1076,7.142169219956738e+18,Beat,192.0,f,https://tiktok.com/@/video/7499057897008074030,7089119970181612587,f,"[""mnrealtor"",""mnrealestate"",""minnesotahomes"",""buyersagent"",""twincities"",""twincitiesmn"",""twincitiesrealestate"",""twincitiesrealtor"",""twincitieshomes"",""mnhomesearch"",""mnhomesforsale"",""relocatingtominnesota"",""clhms"",""globalluxury""]"
7513658753267420446,1749410025,Replying to @King Flash #fyp#fgc#tekken#2xko#marvel#marveltokon#marvel#mvc#spiderman  ,633,7.142169219956738e+18,Beat,192.0,f,https://tiktok.com/@/video/7513658753267420446,6829753556759118853,f,"[""fyp"",""fgc"",""tekken"",""2xko"",""marvel"",""marveltokon"",""mvc"",""spiderman""]"
7422875181279939846,1728272817,Quem aí foi nessa box também?? #CapCut #efootballmobile #efootball2025 #konami #peterschmeichel ,4383,7.142169219956738e+18,Beat,192.0,f,https://tiktok.com/@/video/7422875181279939846,6923850797215269893,f,"[""capcut"",""efootballmobile"",""efootball2025"",""konami"",""peterschmeichel""]"
7430992841150582046,1730162859,The #entrepreneurship journey I’ve been on has taught me a lot about how to earn money as a business owner of a #mentalhealth #therapist. Here are 4 ways I create #passiveincome in my #privatepractice in #Houston Show me some love by at least liking this video or sharing. It goes an extremely long way in supporting my mission. #creatorsearchinsights ,886,7.142169219956738e+18,Beat,192.0,f,https://tiktok.com/@/video/7430992841150582046,7188519500982338603,f,"[""entrepreneurship"",""MentalHealth"",""therapist"",""passiveincome"",""privatepractice"",""houston"",""creatorsearchinsights""]"
7502103076585655595,1746719505,Speaking vs. Talking #fypシ #goodmorning #lifecoach #letstalk #keynotespeaker #communicationtips #Brooklyn ,811,7.142169219956738e+18,Beat,192.0,f,https://tiktok.com/@/video/7502103076585655595,7443206904976901166,f,"[""fyp\u30b7"",""goodmorning"",""lifecoach"",""letstalk"",""keynotespeaker"",""communicationtips"",""brooklyn""]"
7482940031854710047,1742257764,Unboxing Apex by Fragrance World.  This is inspired by Penhaligon’s Mr. Sam.  #fragrancetiktok #perfumetiktok #mensfragrances #cologne #penhaligons #fragranceworld ,1658,7.142169219956738e+18,Beat,192.0,f,https://tiktok.com/@/video/7482940031854710047,7454427266271216686,f,"[""fragrancetiktok"",""perfumetiktok"",""mensfragrances"",""cologne"",""penhaligons"",""fragranceworld""]"
7514348709778361631,1749570674,My Early MLB All-Star Game Predictions #mlb #mlbb #baseball #fyp #foryoupage #mlbbttofficial ,1378,7.142169219956738e+18,Beat,192.0,f,https://tiktok.com/@/video/7514348709778361631,7101061048232805419,f,"[""MLB"",""mlbb"",""baseball"",""fyp"",""foryoupage"",""mlbbttofficial""]"
7485097971072240927,1742760211,We found ourselves at the only IONNA rechargery currently open in the state of Texas. What are your thoughts on this new charging solution made by several auto manufacturers?   #GTGarageTalk #EV #EVLife,1337,7.142169219956738e+18,Beat,192.0,f,https://tiktok.com/@/video/7485097971072240927,7050570455699702789,f,"[""gtgaragetalk"",""ev"",""evlife""]"
7491646570996190495,1744284909,Improvement is day by day.. 📞 919-332-7675 🖥️ cleanzsdetailing.com,942,7.142169219956738e+18,Beat,192.0,f,https://tiktok.com/@/video/7491646570996190495,7479828412778103851,f,[]
7494304281936350495,1744903707,Last day to shop in store this week! Open 11-6. Catch us at Full Moon Tattoo & Horror festival Friday-Sunday! Store address  11942 Lebanon Rd Mount Juliet TN Full Moon Tattoo & Horror fest address 600 Marriott Dr Nashville TN #dangerzonevideo #physicalmedia #bekindrewind #vhs #dvd #bluray #4kultrahd #laserdisc #videostore #yo #middletennessee #mountjuliet #horrorconvention #horrorcon #fullmoontattooandhorrorfestival #nashville #horror ,661,7.142169219956738e+18,Beat,192.0,f,https://tiktok.com/@/video/7494304281936350495,7114996446949327915,f,"[""dangerzonevideo"",""physicalmedia"",""bekindrewind"",""vhs"",""dvd"",""bluray"",""4kultrahd"",""laserdisc"",""videostore"",""yo"",""middletennessee"",""mountjuliet"",""horrorconvention"",""horrorcon"",""fullmoontattooandhorrorfestival"",""nashville"",""horror""]"
7285122476772740382,1696199765,B20VTEC BUILD: PART 1!!!! The #integra is getting a #b20vtec swapped in using a #jdm #b20b block and a #gsr head. We are expecting around 185whp! Super excited! #acura #honda #integra #dc2 #dc4 #typer #gsr #jdm #b16 #b18 #b20 #b18c1 #b20v #racecar #fyp #fypシ #viral #cartok #jdmcar #jdmcarsoftiktok #timeattack #autocross #uta ,825,7.142169219956738e+18,Beat,192.0,f,https://tiktok.com/@/video/7285122476772740382,6692463489712686085,f,"[""integra"",""b20vtec"",""jdm"",""b20b"",""gsr"",""acura"",""honda"",""dc2"",""dc4"",""typer"",""b16"",""b18"",""b20"",""b18c1"",""b20v"",""racecar"",""fyp"",""fyp\u30b7"",""viral"",""cartok"",""jdmcar"",""jdmcarsoftiktok"",""timeattack"",""autocross"",""uta""]"
7495615285685161247,1745208958,ALISTANDO CARRITO DE PALETAS PARA EVENTOS🎉 #heladosarizona #rentadecarritodepaletas #fypシ #foryoupage ,1427,7.142169219956738e+18,Beat,192.0,f,https://tiktok.com/@/video/7495615285685161247,7295283412146373674,f,"[""heladosarizona"",""rentadecarritodepaletas"",""fyp\u30b7"",""foryoupage""]"
7450335947561979166,1734666532,Replying to @ghostnstuff12 Short History of early settlement Lost Hills California! Follow for more cities! #fyp #fypage #foryourpage #losthillscalifornia #losthillsca #losthillscahistory #history #kerncounty #townhistory #smalltown #towns #californiatowns #historytok #cities #place #visit #travel #exploringlosthillsca #discoverlosthillsca ,3358,7.142169219956738e+18,Beat,192.0,f,https://tiktok.com/@/video/7450335947561979166,7354630584584668206,f,"[""fyp"",""fypage"",""foryourpage"",""losthillscalifornia"",""losthillsca"",""losthillscahistory"",""history"",""kerncounty"",""townhistory"",""smalltown"",""towns"",""californiatowns"",""historytok"",""cities"",""place"",""visit"",""travel"",""exploringlosthillsca"",""discoverlosthillsca""]"
7446478261212794158,1733768332,Navigating Corp America As A Black Women👀🤵🏽‍♀️🤵🏾‍♀️🤵🏿‍♀️ #blackgirlinvest #explore #fyp #blackwomen #blackwomen #corporatetiktok #internships #viralvideo #mustknow #corporategirlies #blackgirls #girlsofcolor #womenoftiktok #corporatelife #corpratejobs #jobs#corporateamerica #jobs,383,7.142169219956738e+18,Beat,192.0,f,https://tiktok.com/@/video/7446478261212794158,7372321968617636907,f,"[""blackgirlinvest"",""explore"",""fyp"",""blackwomen"",""corporatetiktok"",""internships"",""viralvideo"",""mustknow"",""corporategirlies"",""blackgirls"",""girlsofcolor"",""WomenOfTikTok"",""corporatelife"",""corpratejobs"",""jobs"",""corporateamerica""]"
7425673740836539690,1728924402,"WITH $8,000 DOWN‼️‼️‼️ $228,000 📍Baytown,Tx  🏡 3 beds • 2 baths • 1,300 sqft •NO HOA!!!!! Beautiful one-story New Construction home.This home has an open-concept layout that seamlessly connects the living room to the Kitchen. Featuring quartz countertop and stainless-steel appliances. Don't miss the chance to call this gem your home contact me below ⬇️ ⬇️ Bernardo Rodriguez Jr. Brokered by eXp realty🔵🟠 #berntheplug🔌 Houston REALTOR 🏡 Dm or text 🏡 to get started  832-929-4625📲 @ #houstonrealtor #htx #houstonentrepreneurs #houstonrealestate #houstonhouseofrealty #newhomeowner #houstonastros #htxrealestateagent#htxrealestate #houstonbuilders #realestateagent #dwrealtor #relocationrealtor #movetohouston #fyp #starterhome",1038,7.142169219956738e+18,Beat,192.0,f,https://tiktok.com/@/video/7425673740836539690,6771969561463456773,f,"[""berntheplug\ud83d\udd0c"",""houstonrealtor"",""htx"",""houstonentrepreneurs"",""houstonrealestate"",""houstonhouseofrealty"",""newhomeowner"",""houstonastros"",""htxrealestateagent"",""htxrealestate"",""houstonbuilders"",""realestateagent"",""dwrealtor"",""relocationrealtor"",""movetohouston"",""fyp"",""starterhome""]"
7444769704838843678,1733370540,First pair of @Dr. Martens ! Had to cop this collab between them and NEIGHBORHOOD. #docmartens #drmartens #loafers #unboxing #osmopocket3 #outfitinspo #fyp ,3598,7.142169219956738e+18,Beat,192.0,f,https://tiktok.com/@/video/7444769704838843678,7309716772071064618,f,"[""docmartens"",""drmartens"",""loafers"",""unboxing"",""osmopocket3"",""outfitinspo"",""fyp""]"
7496930140895595819,1745515084,Here’s a quick 10-15 minute shooting warm up for players to work on form and establish a rhythm BEFORE shooting any 3s 🔑🔑 Form Shooting - 5 SWISHES from each spot: both corners + both wings + middle - total 25 makes Elbow to elbow shooting w/ 1-2 footwork - 10 makes 1 dribble pull up going left w/ 1-2 footwork - 10 makes 1 dribble pull up going right w/ 1-2 footwork - 10 makes 1 dribble pull up going left w/ hop footwork - 10 makes 1 dribble pull up going right w/ hop footwork - 10 makes #basketballtraining #basketballcamp #summercamp #hoops #dmvhoops #dmv #sport #rockville #potomac #bethesda #nike #adidas #nikebasketball #basketball Join the best basketball training program in Rockville MD 🏀,715,7.142169219956738e+18,Beat,192.0,f,https://tiktok.com/@/video/7496930140895595819,7468348512413991966,f,"[""basketballtraining"",""basketballcamp"",""summercamp"",""hoops"",""dmvhoops"",""dmv"",""sport"",""rockville"",""potomac"",""bethesda"",""nike"",""adidas"",""nikebasketball"",""basketball""]"
7513434090381561106,1749357698,Resumen América vs San Diego #CapCut #america #clubamerica #sandiego #amistoso #viralvideos #paratii #estadosunidos🇺🇸 #futbol⚽️ #deportesentiktok #tiktokdeportes #fyp #mexico #2025 ,3580,7.142169219956738e+18,Beat,192.0,f,https://tiktok.com/@/video/7513434090381561106,7500789387186996231,f,"[""capcut"",""america"",""clubamerica"",""sandiego"",""amistoso"",""viralvideos"",""paratii"",""estadosunidos\ud83c\uddfa\ud83c\uddf8"",""futbol\u26bd\ufe0f"",""deportesentiktok"",""TikTokDeportes"",""fyp"",""mexico"",""2025""]"
7230941381177511211,1683584747,Back again with Monday Soccer at Central Park!! @Deb from Jersey Club Sports @Volo Sports #volohighlights #micdup #fyp #volosports #tinymic #soccer ,1196,7.142169219956738e+18,Beat,192.0,f,https://tiktok.com/@/video/7230941381177511211,6703293011532809221,f,"[""volohighlights"",""micdup"",""fyp"",""volosports"",""tinymic"",""Soccer""]"
7339148929440681259,1708778838,#foryou #technology #foryoupage #amazingvideos #workingskills #amazingworking #amazingvideos513 #goviral #1millionaudition #longervideos #1min #viral #unitedstates #usatiktok #technologyvideos ,1372,7.142169219956738e+18,Beat,192.0,f,https://tiktok.com/@/video/7339148929440681259,7254617284013376554,f,"[""foryou"",""technology"",""foryoupage"",""amazingvideos"",""workingskills"",""amazingworking"",""amazingvideos513"",""goviral"",""1millionaudition"",""longervideos"",""1min"",""viral"",""unitedstates"",""usatiktok"",""technologyvideos""]"
7203892905679850798,1677287033,"If your dream watch is a Pepsi Jubilee, we have 3 for you! #rolex #rolexpepsi #pepsijubilee #triplets #watchtok #dreamwatch #watchcollection #carbonwatchcompany #swfl #naplesflorida #brentiedeals ",2631,7.142169219956738e+18,Beat,192.0,f,https://tiktok.com/@/video/7203892905679850798,6732127471041758213,f,"[""rolex"",""rolexpepsi"",""pepsijubilee"",""triplets"",""watchtok"",""dreamwatch"",""WatchCollection"",""carbonwatchcompany"",""swfl"",""naplesflorida"",""brentiedeals""]"
7509205313300532511,1748373131,new chapter new hustle first week of CDL school! 🚛🔥 #cdl #cdltraining #cdlschool #veteran #dallastx #trucking #trucktok #semitruck #newcareer #securethebag #getpaid #dfw #dallas #levelup #visiontruckdrivingschool ,1025,7.142169219956738e+18,Beat,192.0,f,https://tiktok.com/@/video/7509205313300532511,7478736251164771371,f,"[""cdl"",""cdltraining"",""cdlschool"",""veteran"",""dallastx"",""trucking"",""trucktok"",""semitruck"",""newcareer"",""securethebag"",""getpaid"",""dfw"",""dallas"",""levelup"",""visiontruckdrivingschool""]"
7261046455438265642,1690594135,Got to record this entire shoot this time so we have a fee videos of this one home so yall can see how to shoot every room ☺️ #realestate #realestatephotography #dallasphotographer dfwrealestate #dfwrealtor,1464,7.142169219956738e+18,Beat,192.0,f,https://tiktok.com/@/video/7261046455438265642,7151875722146481195,f,"[""realestate"",""realestatephotography"",""dallasphotographer"",""dfwrealtor""]"
7508244762315541802,1748149500,"📍 1420 Idaho Ave, Escondido, CA 92027 💰 Offered at $1,499,000 🏡 4 units | 3 bed / 2 bath main home | Pool | ADUs | Studio Loft This isn’t just a home — it’s an opportunity. Yes, the price tag might feel big 💸, but here’s the thing: 👉 You’ve got multiple income-producing units 👉 Rent out the ADUs, the loft, or even part of the main house 👉 Let those rentals help you qualify and offset your mortgage Don’t be intimidated by the number — get creative with the possibilities 🔑 🌞 Saltwater pool, spa, fruit trees, solar, and updates galore. This one’s got space, style, and serious flexibility. 📩 DM or email: jjq.briseno@gmail.com 👤 Juan Quiroz | @timeteamrealty DRE# 02246421 | Brokered by eXp Realty listing provided courtesy of: Marc Correll, Realty ONE Group Pacific, DRE #01944251",507,7.142169219956738e+18,Beat,192.0,f,https://tiktok.com/@/video/7508244762315541802,7131912494968816683,f,"[""01944251""]"
7283543438438452522,1695832115,"Miss Cookie Lyon , Miss Yvetee , miss @TPH BY TARAJI !!  Did her thig 😝💛   Definitely going to make this product a series!!  #tphbytarajigiftedme #tphbytarajipartner #tphbytaraji #blackwomenoftiktok #wewriteourownstory #haircareroutine #haircare #4chairclub #fyo #viral ",561,7.142169219956738e+18,Beat,192.0,f,https://tiktok.com/@/video/7283543438438452522,6941186391439983621,f,"[""tphbytarajigiftedme"",""tphbytarajipartner"",""tphbytaraji"",""blackwomenoftiktok"",""wewriteourownstory"",""haircareroutine"",""haircare"",""4chairclub"",""fyo"",""viral""]"
7443742507302669576,1733131363,"“Уровни Фибоначчи – один из самых популярных инструментов в трейдинге, который помогает определять ключевые уровни поддержки и сопротивления. Хотите научиться использовать их для точных входов в сделки? Делимся реальными примерами, аналитикой и ежедневными сделками! Присоединяйтесь к нашему каналу, где каждый день публикуем актуальные разборы: https://t.me/BullTrendChannel 🚀💹” #fypviral #trading #фибоначчи #стратегиятрейдинга #трейдинг #fibonacci ",1992,7.142169219956738e+18,Beat,192.0,f,https://tiktok.com/@/video/7443742507302669576,7337248800790053889,f,"[""fypviral"",""trading"",""\u0444\u0438\u0431\u043e\u043d\u0430\u0447\u0447\u0438"",""\u0441\u0442\u0440\u0430\u0442\u0435\u0433\u0438\u044f\u0442\u0440\u0435\u0439\u0434\u0438\u043d\u0433\u0430"",""\u0442\u0440\u0435\u0439\u0434\u0438\u043d\u0433"",""fibonacci""]"
7496946316614962463,1745518853,UGC example! One of my EDC that i dont leave the house w/o ! Skullcandy HESH ANC headphones has absolutely improved my daily routines and tasks. Check them out for yourself ! @skullcandy  #skullcandyheshanc #anc  #UGC #usergeneratedcontent #ugccreators #maleug #ugcmale #ugcexample #ugccreator #ugcjourney #ugccreatorjourney,3275,7.142169219956738e+18,Beat,192.0,f,https://tiktok.com/@/video/7496946316614962463,7493976423474431007,f,"[""skullcandyheshanc"",""anc"",""ugc"",""usergeneratedcontent"",""ugccreators"",""maleug"",""ugcmale"",""ugcexample"",""ugccreator"",""ugcjourney"",""ugccreatorjourney""]"
7434582899191467297,1730998731,Panerai Radiomir 8 Days #panerai #watchlover #luxurywatch #radiomir #geneve ,1947,7.142169219956738e+18,Beat,192.0,f,https://tiktok.com/@/video/7434582899191467297,7358533768082211873,f,"[""panerai"",""watchlover"",""luxurywatch"",""radiomir"",""geneve""]"
7264438353272294702,1691383874,#music #Aerosmith #fyppppppppppppppppppppppp #tiktok #ViralTikTok ,3447,7.142169219956738e+18,Beat,192.0,f,https://tiktok.com/@/video/7264438353272294702,7129750884053894187,f,"[""music"",""aerosmith"",""fyppppppppppppppppppppppp"",""tiktok"",""viraltiktok""]"
7500289410739506462,1746297231,Barcelona vs Valladolid Preview #greenscreen #fcbarcelona #laliga #barcelonavsvalladolid #fyp #fypage ,4637,7.142169219956738e+18,Beat,192.0,f,https://tiktok.com/@/video/7500289410739506462,7478336267895718955,f,"[""greenscreen"",""fcbarcelona"",""laliga"",""barcelonavsvalladolid"",""fyp"",""fypage""]"
7512902433018793247,1749233934,Is the Trump and Elon Musk fight staged? There are a lot of signs point to it being fake!  #elonmusk #trump #greenscreenvideo #eqtrades ,749,7.142169219956738e+18,Beat,192.0,f,https://tiktok.com/@/video/7512902433018793247,6913308191778784261,f,"[""elonmusk"",""trump"",""greenscreenvideo"",""eqtrades""]"
7498444769773915438,1745867732,"My first Yap session 🥹relatable banter, while I build up to Zercher Squats. 315lb for how many reps? 🤔 #CapCut #zerchersquats #gorillamindenergydrink #projectrockunderarmour #ekkovisionclothing ",210,7.142169219956738e+18,Beat,192.0,f,https://tiktok.com/@/video/7498444769773915438,6897995298518352902,f,"[""capcut"",""zerchersquats"",""gorillamindenergydrink"",""projectrockunderarmour"",""ekkovisionclothing""]"
7261713073264725291,1690749342,Dinner at LeBus in East Falls! #fyp #phillyfoodies #eastfallsphilly #lifestyle #lifestyleblogger #phillytiktok #capcut #muslimcouple #muslimtiktok #muslimahtiktok ,2005,7.142169219956738e+18,Beat,192.0,f,https://tiktok.com/@/video/7261713073264725291,6814794003500123142,f,"[""fyp"",""phillyfoodies"",""eastfallsphilly"",""Lifestyle"",""lifestyleblogger"",""phillytiktok"",""capcut"",""muslimcouple"",""muslimtiktok"",""muslimahtiktok""]"
7472831054420741419,1739904120,A little lesson in Communication 101. #fyp #foryou #sports #broadcasting #live ,728,7.142169219956738e+18,Beat,192.0,f,https://tiktok.com/@/video/7472831054420741419,6901005210077512709,f,"[""fyp"",""foryou"",""sports"",""broadcasting"",""live""]"
7494060016631057695,1744846843,Growing up with so much technology but not being on it 24/7 was truly a blessing #relateable #funnymoments #kidsoftiktok #kidsbelike #genz #millennial #fyp ,694,7.142169219956738e+18,Beat,192.0,f,https://tiktok.com/@/video/7494060016631057695,7389377551020033066,f,"[""relateable"",""funnymoments"",""kidsoftiktok"",""kidsbelike"",""genz"",""millennial"",""fyp""]"
7236384179825495339,1684851996,another monday night soccer in the books! @Deb from Jersey Club Sports @Volo Sports #volohighlights #micdup #fyp #volosports #tinymic #soccer ,1216,7.142169219956738e+18,Beat,192.0,f,https://tiktok.com/@/video/7236384179825495339,6703293011532809221,f,"[""volohighlights"",""micdup"",""fyp"",""volosports"",""tinymic"",""Soccer""]"
7513795370963438878,1749441831,Friction Welding TEST Attempt #16 #experiment #fyp #Amazing #ASMR #satisfying #closeup #slowmotion #macro #crunch #zoom #satisfyingvideos ,1140,7.142169219956738e+18,Beat,192.0,f,https://tiktok.com/@/video/7513795370963438878,7405461449428698158,f,"[""16"",""experiment"",""fyp"",""amazing"",""asmr"",""satisfying"",""closeup"",""slowmotion"",""macro"",""crunch"",""zoom"",""satisfyingvideos""]"
7491429201296379166,1744234315,#God #jesus #godisgood #jesuslovesyou #jesuschrist #pray #prayer          Always remember no matter the temptation God will always be there for you so you should always give thanks and praise him,600,7.142169219956738e+18,Beat,192.0,f,https://tiktok.com/@/video/7491429201296379166,6841284075321000966,f,"[""god"",""jesus"",""godisgood"",""jesuslovesyou"",""jesuschrist"",""pray"",""prayer""]"
7509240795732495646,1748381390,Week 1 at Vision Truck Driving School and I’m already ready to hit the road! 🚛💨 Give us a call for info on how to start your career at 800-213-0037. #femaledriver #cdl #cdlschool #cdltraining #trucktok #semitruck #trucking #cdllife #newcareer #dfw #dallas #desoto #visiontruckdrivingschool ,1385,7.142169219956738e+18,Beat,192.0,f,https://tiktok.com/@/video/7509240795732495646,7478736251164771371,f,"[""femaledriver"",""cdl"",""cdlschool"",""cdltraining"",""trucktok"",""semitruck"",""trucking"",""cdllife"",""newcareer"",""dfw"",""dallas"",""desoto"",""visiontruckdrivingschool""]"
7514372199155830058,1749576162,Replying to @2B / J  Top Trending Perfumes You Need to Try! #perfumetiktok #fragrance #scents #fashion #fragrancetiktok  Thank you for the W comment @2B / J 🔥🔥🔥@Ainash Parfums @armaf.parfum @Pariscornerperfumes @AROMA CONCEPTS FL ,406,7.142169219956738e+18,Beat,192.0,f,https://tiktok.com/@/video/7514372199155830058,6942506846281843717,f,"[""perfumetiktok"",""fragrance"",""scents"",""fashion"",""fragrancetiktok""]"
7496177762290519342,1745339951,"Yes I cleaned the guard😒, lmk how my method works for you💈#barber #fyp #legacy #316 #barbershop #haircut #wichitabarber#fypシ゚viral #taper #design #ict #ks #barberlife #CapCut ",469,7.142169219956738e+18,Beat,192.0,f,https://tiktok.com/@/video/7496177762290519342,6733624605591061510,f,"[""barber"",""fyp"",""legacy"",""316"",""barbershop"",""haircut"",""wichitabarber"",""fyp\u30b7\u309aviral"",""taper"",""design"",""ict"",""ks"",""barberlife"",""capcut""]"
7512641410735131935,1749173156,Instacart Thursdays!🛒💸✨  #instacart #instcartshopper #nyc #queens #longisland #instacartpartner #instacartdelivery #instacartshoppers #instacartdriver #instacartdayinthelife #instacartmoney #instacartmoneyinaday #sidegig #instacarting #instacartingvlog #instacartinghusseling #instacarttips #sidehustlegrind #bjsshopping #shoprite ,542,7.142169219956738e+18,Beat,192.0,f,https://tiktok.com/@/video/7512641410735131935,7417236252833481771,f,"[""instacart"",""instcartshopper"",""nyc"",""queens"",""longisland"",""instacartpartner"",""instacartdelivery"",""instacartshoppers"",""instacartdriver"",""instacartdayinthelife"",""instacartmoney"",""instacartmoneyinaday"",""sidegig"",""instacarting"",""instacartingvlog"",""instacartinghusseling"",""instacarttips"",""sidehustlegrind"",""bjsshopping"",""shoprite""]"
7514857227908435231,1749689070,Jalen Hurts grew tremendously in the passing game! I don’t care what no one says! Top 5 QB! #Football #ESPN #NFL #GoBirds #Eagles ,1721,7.142169219956738e+18,Beat,192.0,f,https://tiktok.com/@/video/7514857227908435231,14583206,f,"[""football"",""espn"",""nfl"",""gobirds"",""eagles""]"
7501191732751584543,1746507344,Acrylic soak off tutorial ✨ #fyp #nailvideos #foryourpage #nailclients #acrylicnails #soakoff #nailtutorial #begginernailtech #nailtip #sanjose #bayareanailtech #foryourpage #nailtutorials #nailsnailsnails #fypシ #nailtrends #nailtransformation ,364,7.142169219956738e+18,Beat,192.0,f,https://tiktok.com/@/video/7501191732751584543,6803132876663489541,f,"[""fyp"",""nailvideos"",""foryourpage"",""nailclients"",""acrylicnails"",""soakoff"",""nailtutorial"",""begginernailtech"",""nailtip"",""sanjose"",""bayareanailtech"",""nailtutorials"",""nailsnailsnails"",""fyp\u30b7"",""nailtrends"",""nailtransformation""]"
7225385879186050347,1682291258,Back outdoors for another night of monday soccer! #volohighlights #micdup #fyp #volosports #soccer #tinymic @volo_sports @volonj ,3868,7.142169219956738e+18,Beat,192.0,f,https://tiktok.com/@/video/7225385879186050347,6703293011532809221,f,"[""volohighlights"",""micdup"",""fyp"",""volosports"",""Soccer"",""tinymic""]"
7515576056267541790,1749856431,Распаковка посылки из Китая #распаковка #анпакинг #сша #америка #нашивсша #нашивамерике #жизньвамерике #жизньвсша #блогосша ,1867,7.142169219956738e+18,Beat,192.0,f,https://tiktok.com/@/video/7515576056267541790,7275910539417551915,f,"[""\u0440\u0430\u0441\u043f\u0430\u043a\u043e\u0432\u043a\u0430"",""\u0430\u043d\u043f\u0430\u043a\u0438\u043d\u0433"",""\u0441\u0448\u0430"",""\u0430\u043c\u0435\u0440\u0438\u043a\u0430"",""\u043d\u0430\u0448\u0438\u0432\u0441\u0448\u0430"",""\u043d\u0430\u0448\u0438\u0432\u0430\u043c\u0435\u0440\u0438\u043a\u0435"",""\u0436\u0438\u0437\u043d\u044c\u0432\u0430\u043c\u0435\u0440\u0438\u043a\u0435"",""\u0436\u0438\u0437\u043d\u044c\u0432\u0441\u0448\u0430"",""\u0431\u043b\u043e\u0433\u043e\u0441\u0448\u0430""]"
7494638379657694495,1744981494,"From an agent trying to do it all on her own selling 100 homes a year and completely burning herself out to a successful team lead who got her life back, this is the story of how my good friend @Tracy French changed her life when she became an agent at my brokerage.  #realestate #realestateagent #realtor #storytime #realestatebroker #jaypitts #rightteamrighttime #pittsteamproud ",1173,7.142169219956738e+18,Beat,192.0,f,https://tiktok.com/@/video/7494638379657694495,6729668540737389574,f,"[""realestate"",""realestateagent"",""realtor"",""storytime"",""realestatebroker"",""jaypitts"",""rightteamrighttime"",""pittsteamproud""]"
7426390361628478750,1729091275,Savor the flavors! Our student groups brought their best bites and big energy to campus. 🍴🔥 #WPI #CommunityVibes #GoatNation #FoodReview ,782,7.142169219956738e+18,Beat,192.0,f,https://tiktok.com/@/video/7426390361628478750,6854994425329943558,f,"[""wpi"",""communityvibes"",""goatnation"",""foodreview""]"
7469001760296717600,1739012502,Which half Marathon you running in 2025? ,2625,7.142169219956738e+18,Beat,192.0,f,https://tiktok.com/@/video/7469001760296717600,7268654257028711457,f,[]
7490351727019953450,1743983445,Has anyone experienced the same? 👀 take advantage of the free shipping 🔥 #nots #notsoitment #darknuckles #darknucklestreatment #ointment #scarcream #scarointment #scars #discoloration #notscentellascarointment ,374,7.142169219956738e+18,Beat,192.0,f,https://tiktok.com/@/video/7490351727019953450,6938210673449059334,f,"[""nots"",""notsoitment"",""darknuckles"",""darknucklestreatment"",""ointment"",""scarcream"",""scarointment"",""scars"",""discoloration"",""notscentellascarointment""]"
7481029030221761823,1741812832,If you want to hear the voiceover version head over to my IG: iam_theleah 😉 Who said 4C girlies can’t wear a puff without suffering from a headache? 🩷 NOT ON MY WATCH! 😉🤫 I haven’t had a puff headache in over 5 years from doing this 🤗 • • • #4chair #naturalhaircommunity #naturalhairdaily #naturalhairstyles #4cnaturalhair #4chairchicks #explorepage✨ #contentcreator #viral #viralreels #creatorsearchinsights ,494,7.142169219956738e+18,Beat,192.0,f,https://tiktok.com/@/video/7481029030221761823,6798584781908280325,f,"[""4chair"",""naturalhaircommunity"",""naturalhairdaily"",""naturalhairstyles"",""4cnaturalhair"",""4chairchicks"",""explorepage\u2728"",""contentcreator"",""viral"",""viralreels"",""creatorsearchinsights""]"
7380688281282858270,1718450493,Summer hairstyle ideas for 4c hair: Try this gorgeous bubble ponytail protective style! Perfect for natural hair and easy to achieve. #bubbleponytail #4chair #protectivestyles #protectivestyle #summerhairstyles ,686,7.142169219956738e+18,Beat,192.0,f,https://tiktok.com/@/video/7380688281282858270,6694361453631390726,f,"[""bubbleponytail"",""4chair"",""protectivestyles"",""protectivestyle"",""summerhairstyles""]"
7506582299111148831,1747762411,🚨🚨 CRYPTO MARKET UPDATE - Crypto is Pumping 🚀 #crypto #cryptok #bitcoin #xrp #cryptocurrency #solana #ethereum #cryptoforbeginners #cryptoinvesting #cryptotrading #memecoin #cryptonews ,1145,7.142169219956738e+18,Beat,192.0,f,https://tiktok.com/@/video/7506582299111148831,6961265291431642117,f,"[""crypto"",""cryptok"",""bitcoin"",""xrp"",""cryptocurrency"",""solana"",""ethereum"",""cryptoforbeginners"",""cryptoinvesting"",""cryptotrading"",""memecoin"",""cryptonews""]"
7275393090704198954,1693934466,PT 3 | We found a lucky number. Watch till the end #moscow #uidaho #lerinthebarber #roulette #fyp #hairtok #wsu #pullman ,2233,7.142169219956738e+18,Beat,192.0,f,https://tiktok.com/@/video/7275393090704198954,6667807316278001670,f,"[""moscow"",""uidaho"",""lerinthebarber"",""roulette"",""fyp"",""hairtok"",""wsu"",""pullman""]"
7382623269314186501,1718900931,Pre meal fibre is what i take on the go for the says i dont eat clean! #greenscreen #greenscreenvideo #superhumandiet #health #wellness #insulinresistance #healthy #wellness #insulinresistance #metabolichealth #diabetes ,779,7.142169219956738e+18,Beat,192.0,f,https://tiktok.com/@/video/7382623269314186501,7233879567965340677,f,"[""greenscreen"",""greenscreenvideo"",""superhumandiet"",""health"",""wellness"",""insulinresistance"",""healthy"",""metabolichealth"",""diabetes""]"
7503660085911194926,1747082050,#diamondpainting #diamondpaintingaddict #crafts ,502,7.142169219956738e+18,Beat,192.0,f,https://tiktok.com/@/video/7503660085911194926,6978299328063128582,f,"[""diamondpainting"",""diamondpaintingaddict"",""crafts""]"
7427591967946722603,1729371025,2024/25 NBA Season Breakdown/Prediction #8/30 Dallas Mavs up to bat. Not much to say about a team who got better on paper coming off a finals appearance. I did forget to mention they should be one of the clutchest teams in the league this yr as well. Shoutout Dante Exum. #Dallas #Mavs #luka #kyrie #nba #fyp Ima be at a lot of Mav games this yr too so MFFL hmu i aint ducking smoke the Wolves on yall ass its get back szn#greenscreen ,1858,7.142169219956738e+18,Beat,192.0,f,https://tiktok.com/@/video/7427591967946722603,7285882541063947306,f,"[""8"",""dallas"",""mavs"",""luka"",""kyrie"",""NBA"",""fyp"",""greenscreen""]"
7495932852056493342,1745282892,¿Y tú te adaptas a las nuevas tendencias? Yo lo pongo a prueba para que nadie me lo cuente.😌😅 😉Recuerda que las clientas se antojan de todo lo que ven en las redes sociales. 📸GUARDA este video e inténtalo. Luego me cuentas qué tal te fue.  #leidynailartist #waxmanicure #manicure💅 #nailcare #cuticlecare #nailvideos #nailtransformation #howtodonails #nailtutorials #fyp ,961,7.142169219956738e+18,Beat,192.0,f,https://tiktok.com/@/video/7495932852056493342,7054369045119042565,f,"[""leidynailartist"",""waxmanicure"",""manicure\ud83d\udc85"",""nailcare"",""cuticlecare"",""nailvideos"",""nailtransformation"",""howtodonails"",""nailtutorials"",""fyp""]"
7491001363808292142,1744134723,"Everyone wants to throw harder. But most high school pitchers are breaking down before they even have a chance to develop. It’s not just overuse—it’s: ❌ Poor recovery habits ❌ No movement prep or arm care ❌ Lack of strength & control behind the velocity They’re throwing like pros, but training like they’re still 12. Pain isn’t just a part of the game—it’s a sign something’s missing. The good news? It’s preventable. #ArmCare #HighSchoolBaseball #BaseballTraining #ThrowGas #PitchingDevelopment #InjuryPrevention #ShoulderHealth #PhysicalTherapy #MoveBetterPerformBetter",684,7.142169219956738e+18,Beat,192.0,f,https://tiktok.com/@/video/7491001363808292142,6927842049531495429,f,"[""armcare"",""highschoolbaseball"",""baseballtraining"",""throwgas"",""pitchingdevelopment"",""injuryprevention"",""shoulderhealth"",""physicaltherapy"",""movebetterperformbetter""]"
7500340411857194282,1746309129,Build a well-rounded chest with the Pec Deck Fly! #gymtips #formcheck #fyp #strengthtraining #fitnesseducation #gymtok #exercisebreakdown #fitnessforbeginners #chestworkouts #pecdeck #fitness ,594,7.142169219956738e+18,Beat,192.0,f,https://tiktok.com/@/video/7500340411857194282,6874282522852951046,f,"[""gymtips"",""formcheck"",""fyp"",""strengthtraining"",""fitnesseducation"",""GymTok"",""exercisebreakdown"",""fitnessforbeginners"",""chestworkouts"",""pecdeck"",""Fitness""]"
7487569337142922542,1743335685,7 month old baby boy outfit 😍🩵still can’t believe he’s so big already. #tubbytoddmama #costcofind #baby #babyootd #babyboy #mamasbaby #fyppp #parati #creatorsearchinsights ,431,7.142169219956738e+18,Beat,192.0,f,https://tiktok.com/@/video/7487569337142922542,7119717333019804715,f,"[""tubbytoddmama"",""costcofind"",""baby"",""babyootd"",""babyboy"",""mamasbaby"",""fyppp"",""parati"",""creatorsearchinsights""]"
7220534744231005486,1681161766,Bone Grafting Part 3! #dentaltok #gumdisease #bonegrafting #dentist #gumdiseasetreatment #oralhygiene #implants #LANAP #dentalhygienists #science #stem ,3510,7.142169219956738e+18,Beat,192.0,f,https://tiktok.com/@/video/7220534744231005486,7213380901227512875,f,"[""dentaltok"",""gumdisease"",""bonegrafting"",""dentist"",""gumdiseasetreatment"",""oralhygiene"",""implants"",""lanap"",""dentalhygienists"",""science"",""stem""]"
7514318560454528302,1749563680,hooking rays in the rain! #slimetime #cutbaitisking #fishing #fyp #fishMD ,402,7.142169219956738e+18,Beat,192.0,f,https://tiktok.com/@/video/7514318560454528302,7488872865107821610,f,"[""slimetime"",""cutbaitisking"",""fishing"",""fyp"",""fishmd""]"
7469589671870221611,1739149407,Someone tell @Victoria Paris we out here untangling the remnants of feudalism and deconstructing land lordship…have y’all paid tribute to your “lord” this month?  #nyc #landlordspecial #housing #tenantrights #nycapartment #gentrification #newyorkcity #harlem #morningsideheights #rentersrights ,457,7.142169219956738e+18,Beat,192.0,f,https://tiktok.com/@/video/7469589671870221611,6634320963427549189,f,"[""nyc"",""landlordspecial"",""housing"",""tenantrights"",""nycapartment"",""gentrification"",""newyorkcity"",""harlem"",""morningsideheights"",""rentersrights""]"
7512239861886094622,1749079659,instacart wednesday!🛒💸✨  #instacart #instcartshopper #nyc #queens #longisland #instacartpartner #instacartdelivery #instacartshoppers #instacartdriver #instacartdayinthelife #instacartmoney #instacartmoneyinaday #sidegig #instacarting #instacartingvlog #instacartinghusseling #instacarttips #sidehustlegrind ,490,7.142169219956738e+18,Beat,192.0,f,https://tiktok.com/@/video/7512239861886094622,7417236252833481771,f,"[""instacart"",""instcartshopper"",""nyc"",""queens"",""longisland"",""instacartpartner"",""instacartdelivery"",""instacartshoppers"",""instacartdriver"",""instacartdayinthelife"",""instacartmoney"",""instacartmoneyinaday"",""sidegig"",""instacarting"",""instacartingvlog"",""instacartinghusseling"",""instacarttips"",""sidehustlegrind""]"
7237718833065250091,1685162761,Our new Alpine Stars race suits finally came in! #fyp #wrteknica #motorsports #porsche #carreracup #fia #f1 #cupcar #porschesprintchallenge #imsa #cartok ,3781,7.142169219956738e+18,Beat,192.0,f,https://tiktok.com/@/video/7237718833065250091,6740392661167293445,f,"[""fyp"",""wrteknica"",""motorsports"",""porsche"",""carreracup"",""fia"",""f1"",""cupcar"",""porschesprintchallenge"",""imsa"",""cartok""]"
7484123162314034463,1742533244,"PNW FunK, Check out this Elbow pass to a outside step high C that I hit on the #1 Ranked 3A Sophomore Gideon Hope. ",688,7.142169219956738e+18,Beat,192.0,f,https://tiktok.com/@/video/7484123162314034463,7174464059063911467,f,"[""1""]"
7340403154674076933,1709070796,🔨👷🏽‍♂️🔨👷🏽‍♂️🔨👷🏽‍♂️#roofing #fyp #parati #roofinglife #gopro ,2066,7.142169219956738e+18,Beat,192.0,f,https://tiktok.com/@/video/7340403154674076933,7008267583888393221,f,"[""roofing"",""fyp"",""parati"",""roofinglife"",""gopro""]"
7503260153928617247,1746988911,#greenscreen #anime #animetiktok #naruto #bleach #dbz #jjk ,558,7.142169219956738e+18,Beat,192.0,f,https://tiktok.com/@/video/7503260153928617247,7038302482166334469,f,"[""greenscreen"",""anime"",""animetiktok"",""naruto"",""bleach"",""dbz"",""jjk""]"
7485494269680061738,1742852478,The cherry on top of the outfit #getdressedwithme #outfit #outfitoftheday #fashion #fashioninfluencer #fashionista #cherries #fittedcap #littleTeeandJeans #jordans #creatorsearchinsights ,374,7.142169219956738e+18,Beat,192.0,f,https://tiktok.com/@/video/7485494269680061738,6673181781255029766,f,"[""getdressedwithme"",""outfit"",""outfitoftheday"",""fashion"",""fashioninfluencer"",""fashionista"",""cherries"",""fittedcap"",""littleteeandjeans"",""jordans"",""creatorsearchinsights""]"
7483721177035214123,1742439645,Nothing is more lethal than a hip thrust paired with the varmit getter #hipthrust #fortheboys #gymtok #gymmotivation #fullsend ,788,7.142169219956738e+18,Beat,192.0,f,https://tiktok.com/@/video/7483721177035214123,6783133547282252806,f,"[""hipthrust"",""fortheboys"",""GymTok"",""gymmotivation"",""fullsend""]"
7372238620842888494,1716483069,"The Peak Pose this week is Super Soldier!! Take the level that feels right in your body. This pose looks and feels different for everyone 🔥 @Damise R ❤️‍🔥 Level 1: Tuck the shoulder. From an active lizard, tuck the shoulder under your knee. Place the corresponding hand outside the front foot. Create added balance by extending the opposite arm with tented fingers. Level 2: Lift back leg. Shift the weight into the front foot and hands and lift the back leg. Bring your heel to your booty. Level 3: Grab foot. Bind the lifted foot with the opposite hand reaching behind you across the low back. Straighten the standing leg.  Level 4: Lift the knee. Engage the glute of the lifted leg and lift the knee towards the sky. Pull the navel to your spine. Drop your gaze to the back wall.  #supersoldier #ritualhotyoga #peakpose #poseoftheweek #yogapose #yogachicago ",1055,7.142169219956738e+18,Beat,192.0,f,https://tiktok.com/@/video/7372238620842888494,6623571788851986437,f,"[""supersoldier"",""ritualhotyoga"",""peakpose"",""poseoftheweek"",""yogapose"",""yogachicago""]"
7496069692021394718,1745314872,Tune In 😶‍🌫️ #ftm #trans #transmen #transmasc #fyp #fypシ ,551,7.142169219956738e+18,Beat,192.0,f,https://tiktok.com/@/video/7496069692021394718,7303544833900856363,f,"[""ftm"",""trans"",""transmen"",""transmasc"",""fyp"",""fyp\u30b7""]"
7511698618303221014,1748953632,Announcing something electric ⚡️ I'm officially part of the @C4 Energy squad! Time to fuel the next level‼️ #c4 #C4Partner #athlete #fyp #trackandfield #v #sport ,762,7.142169219956738e+18,Beat,192.0,f,https://tiktok.com/@/video/7511698618303221014,6942229848958305285,f,"[""c4"",""c4partner"",""athlete"",""fyp"",""trackandfield"",""v"",""sport""]"
7437976336775548206,1731788824,#CapCut #camaro #rims #esr #cars #trending #jdm #vlog #fypp #bmw ,2332,7.142169219956738e+18,Beat,192.0,f,https://tiktok.com/@/video/7437976336775548206,7299614704971842602,f,"[""capcut"",""camaro"",""rims"",""esr"",""cars"",""trending"",""jdm"",""Vlog"",""fypp"",""bmw""]"
7498562210730429727,1745895078,Day 428 Road to Pro: Let the game speak for itself. Thanks for the support expect day 429 tomorrow 🙏✅ #RoadToPro #GameDay #NextLevel #TrustTheProcess #FootballLife #SilentWork #ProMindset #StayReady #LevelUp #NoDaysOff #BuiltForThis #GameChanger #fypシ #comeback #vlog #dailyvlog ,1353,7.142169219956738e+18,Beat,192.0,f,https://tiktok.com/@/video/7498562210730429727,7320446251483808811,f,"[""roadtopro"",""gameday"",""nextlevel"",""trusttheprocess"",""footballlife"",""silentwork"",""promindset"",""stayready"",""levelup"",""nodaysoff"",""builtforthis"",""gamechanger"",""fyp\u30b7"",""comeback"",""Vlog"",""dailyvlog""]"
7235398712657268014,1684622551,Pack with me Conference edition.  Made in cooperation with @Microsoft #MSBuild #msbuildambassador  ,559,7.142169219956738e+18,Beat,192.0,f,https://tiktok.com/@/video/7235398712657268014,6573664585747857413,f,"[""msbuild"",""msbuildambassador""]"
7506306064342699295,1747698094,Not sure if I’m a fan of the new Omega release… #watches #newwatch #omega #railmaster ,1578,7.142169219956738e+18,Beat,192.0,f,https://tiktok.com/@/video/7506306064342699295,7487788733954016302,f,"[""watches"",""newwatch"",""omega"",""railmaster""]"
7453976132312894763,1735514065,Don’t you love girl fashion? Please let me know if you also have this puppy shag dog purse from JW Pei #creatorsearchinsights #girlfashion #Purse #JWPEI #Unboxing #PurseUnboxing #FashionUnboxing #FYP #Viral,3157,7.142169219956738e+18,Beat,192.0,f,https://tiktok.com/@/video/7453976132312894763,7416896288888194091,f,"[""creatorsearchinsights"",""girlfashion"",""purse"",""jwpei"",""unboxing"",""purseunboxing"",""fashionunboxing"",""fyp"",""viral""]"
7510041318911937822,1748567773,That was awesome #invicicore #evocraw #kastking #kastkingusa #monkeymilk #catfish #catfishing #bigcats #fishtok #bass #bassfishing #panfish #panfishing #crappie #crappiefishing #creek #jdmfishingtackle #jdm #fishinglife #river #riverfishing #trout #troutfishing #fishing #fish #catchandrelease #outdoors #nature #angler #carpfishing #flyfishing #fishingislife #pesca #fishingtrip #carp #fishingaddict #largemouthbass #fisherman #trout #saltwaterfishing #hunting #bigfish #angling #fishingdaily #photography #troutfishing #shimano #pike #fishon #carplife #creatotsearchinsights  #TikTokShop #deals #fyp #foryoupage #unleashyourgame #TheBigGame #tiktokshoprestock #CapCut #TikTokSpringGlowUp #swimmax #springtok #tiktokshopspringglowup #500k #viral #trending ,829,7.142169219956738e+18,Beat,192.0,f,https://tiktok.com/@/video/7510041318911937822,6796301082089948165,f,"[""invicicore"",""evocraw"",""kastking"",""kastkingusa"",""monkeymilk"",""catfish"",""catfishing"",""bigcats"",""fishtok"",""bass"",""bassfishing"",""panfish"",""panfishing"",""crappie"",""crappiefishing"",""creek"",""jdmfishingtackle"",""jdm"",""fishinglife"",""river"",""riverfishing"",""trout"",""troutfishing"",""fishing"",""fish"",""catchandrelease"",""Outdoors"",""nature"",""angler"",""carpfishing"",""flyfishing"",""fishingislife"",""pesca"",""fishingtrip"",""carp"",""fishingaddict"",""largemouthbass"",""fisherman"",""saltwaterfishing"",""hunting"",""bigfish"",""angling"",""fishingdaily"",""photography"",""shimano"",""pike"",""fishon"",""carplife"",""creatotsearchinsights"",""TikTokShop"",""deals"",""fyp"",""foryoupage"",""unleashyourgame"",""thebiggame"",""tiktokshoprestock"",""capcut"",""tiktokspringglowup"",""swimmax"",""springtok"",""tiktokshopspringglowup"",""500k"",""viral"",""trending""]"
7234181528312384810,1684339152,A day in the life of a fit stay at home dad.  Fitness tips for dads. Fitness coach for dads. Fit dads.  #stayathomedads #fitdadsoftiktok #dayinthelife ,3018,7.142169219956738e+18,Beat,192.0,f,https://tiktok.com/@/video/7234181528312384810,6909449102656799750,f,[]
7444224553124990238,1733243620,Trying the new hersheys c4 collab 🍫  #c4 #proteinpowder #protein #proteinpacked ,4505,7.142169219956738e+18,Beat,192.0,f,https://tiktok.com/@/video/7444224553124990238,7231963707181368366,f,"[""c4"",""proteinpowder"",""protein"",""proteinpacked""]"
7427166521773804843,1729271968,Replying to @patricia_jimenez37  Short History of early settlement Maywood California! Follow for more cities! #foryou #foryoupage #fyp #fypage #history #maywoodcalifornia #maywoodca #losangelescounty #californiacity #historytime #historytok #cities #place #visit ,3156,7.142169219956738e+18,Beat,192.0,f,https://tiktok.com/@/video/7427166521773804843,7354630584584668206,f,"[""foryou"",""foryoupage"",""fyp"",""fypage"",""history"",""maywoodcalifornia"",""maywoodca"",""losangelescounty"",""californiacity"",""HistoryTime"",""historytok"",""cities"",""place"",""visit""]"
7506213773137628462,1747676658,You really ready? #jesus #fyp #foryoupage #chrisitantiktok #christianartist #christianmusic #encouragement #christianrap @.anthonydwayne @Prophetic Vision LLC ,311,7.142169219956738e+18,Beat,192.0,f,https://tiktok.com/@/video/7506213773137628462,7494418318708147246,f,"[""jesus"",""fyp"",""foryoupage"",""chrisitantiktok"",""christianartist"",""christianmusic"",""encouragement"",""christianrap""]"
7239381840816114986,1685549946,Still on the hunt for that PH Balance lip balm! 🤪 #dt #dollartree #dollartreefinds #dollartreehaul #dollartreecommunity #dthaul #dtfinds #cheap #cheapfinds #namebrands #coupon #couponcommunity #brillo #clean #glade #hairfood #prideful #bubbles #dollartreeactivities #followme #dollartreebooks #momtok #kidtok #ilovedollartree #shopwithme #haul ,846,7.142169219956738e+18,Beat,192.0,f,https://tiktok.com/@/video/7239381840816114986,6732252014393050118,f,[]
7485082452160105774,1742756600,SOTD- Ysl myself #colonge #niche #colongetiktok #fyp #scentoftheday #fragrancetiktok #fypシ #fypage #fypシ゚viral #ysl #yslmyself #CapCut ,615,7.142169219956738e+18,Beat,192.0,f,https://tiktok.com/@/video/7485082452160105774,7476643584308986926,f,"[""colonge"",""niche"",""colongetiktok"",""fyp"",""scentoftheday"",""fragrancetiktok"",""fyp\u30b7"",""fypage"",""fyp\u30b7\u309aviral"",""ysl"",""yslmyself"",""capcut""]"
7493485043495472427,1744713032,Water Signs Love Reading   Visuals by @MiranMythos  #watersigns #cancer #pisces #scorpio #zodiacsigns #astrologytiktok   ,518,7.142169219956738e+18,Beat,192.0,f,https://tiktok.com/@/video/7493485043495472427,6817963728835937286,f,"[""watersigns"",""cancer"",""pisces"",""scorpio"",""zodiacsigns"",""astrologytiktok""]"
7434306881415335210,1730934461,"I’ve been having the urge to cook 🥩steak🥩 over real 🔥FIRE🔥 so I picked up a Weber Original Kettle Charcoal Grill from Home Depot and then grabbed a Delmonico Ribeye from the local market… WOW… I don’t know if it was the cut of meat or the superiority of charcoal grilling (or the combination of the two), but this may be the BEST steak I have ever grilled!  Should I make a grilling video? I dont think im a professional by any means but this steak was legit! #steak #grill #ribeye ",1151,7.142169219956738e+18,Beat,192.0,f,https://tiktok.com/@/video/7434306881415335210,6730209133230048262,f,"[""steak"",""grill"",""ribeye""]"
7495186794078620958,1745109193,Customer stated that belts keep popping off. After inspection we notice the alignment is way off. We corrected and now it’s ready for a new set of belts. #compressormechanic #mechanic #mexhaniclife #tiktok #smallenginemechanic #smallbusiness #tampa #engine #redline #honda ,2201,7.142169219956738e+18,Beat,192.0,f,https://tiktok.com/@/video/7495186794078620958,7015311327275582469,f,"[""compressormechanic"",""mechanic"",""mexhaniclife"",""tiktok"",""smallenginemechanic"",""SmallBusiness"",""tampa"",""engine"",""redline"",""honda""]"
7503600382933781782,1747068110,"St Louis City baller talks Taka 🗣️  Benjamin Lovell is one of 12,500 @MLS NEXT players using Taka! 🫶  #mlsnextflex #actionthatmatters ",1813,7.142169219956738e+18,Beat,192.0,f,https://tiktok.com/@/video/7503600382933781782,7023318637768606725,f,"[""mlsnextflex"",""actionthatmatters""]"
7469095155170086174,1739034267,"Luxury Living in Rocklin! 🏡✨ Brand-new custom home featuring 5 beds, 3.5 baths, a chef’s kitchen, vaulted ceilings, and a private Jr. Suite! Perfect for multi-gen living or rental potential. Conveniently located near top schools, parks, and more! 📍 Rocklin, CA | 3,072 sq. ft. | Lot: .19 | Built 2025 📲 DM me for details or a private tour! CHRISTAL Caladiao | DRE #02235951 The Lockhart Bailey Group Guide Real Estate #LuxuryLiving #RocklinHomes #DreamHome #CustomBuilt #MultiGenLiving #NewConstruction #SacramentoRealEstate #RealtorLife #CHRISTALClearBeauty #GuideRealEstate #rocklin #roseville #bayarea ",1429,7.142169219956738e+18,Beat,192.0,f,https://tiktok.com/@/video/7469095155170086174,7386519814544114730,f,"[""02235951"",""luxuryliving"",""rocklinhomes"",""dreamhome"",""custombuilt"",""multigenliving"",""newconstruction"",""sacramentorealestate"",""realtorlife"",""christalclearbeauty"",""guiderealestate"",""rocklin"",""roseville"",""bayarea""]"
7499864307233033503,1746198264,What are your thoughts on the leaked 2026 FIFA World Cup match ball? #soccertiktok #footytiktok #soccer #fyp #worldcup2026 #burlingtonfinds ,1586,7.142169219956738e+18,Beat,192.0,f,https://tiktok.com/@/video/7499864307233033503,7135842767699297326,f,"[""soccertiktok"",""footytiktok"",""Soccer"",""fyp"",""worldcup2026"",""burlingtonfinds""]"
7379341150945103150,1718136756,Replying to @robertosgear  Short History of early settlement Pea Ridge Arkansas! Follow for more cities! #foryoupage #foryou #history #pearidgearkansas #arkansas #historytok #historytime #city ,4700,7.142169219956738e+18,Beat,192.0,f,https://tiktok.com/@/video/7379341150945103150,7354630584584668206,f,"[""foryoupage"",""foryou"",""history"",""pearidgearkansas"",""arkansas"",""historytok"",""HistoryTime"",""city""]"
7286142219759766827,1696437206,@Ashten D Broadaway helped me tune my F body he got me runnin🔥🔥 #fyp  #mobilegaming  #android  #samsung  #galaxys21  #nolimitdragracing2  #thanksforwatching ,801,7.142169219956738e+18,Beat,192.0,f,https://tiktok.com/@/video/7286142219759766827,6929975249094558725,f,"[""fyp"",""mobilegaming"",""android"",""samsung"",""galaxys21"",""nolimitdragracing2"",""thanksforwatching""]"
7491474097449258282,1744244764,"Back Day Simplified: 3-4 Moves for a Stronger Back💪🏻✅ No need to overcomplicate your pull day. Here's how to structure a balanced back workout targeting all key areas: 1️⃣Vertical Pull: ✨Pull-Ups or Lat Pull-Downs to focus on the lower lats. 2️⃣Horizontal Pull: ✨Lat Bias Row for the upper portion of the lats. 🔐Tip: Keep your elbow tucked close to your body for maximum activation. 3️⃣Upper Back Focus: ✨Chest-Supported Row (wide grip, flared elbows at 45-60°) to hit the traps, rhomboids, and rear delts. 4️⃣Isolation Movement (Optional): ✨Reverse Cable Fly for the rear delts to finish strong. 🔥Form Tips: 🔱Focus on scapular retraction during the pull and allow full protraction during the release. 🔱Control every rep to maximize muscle engagement! What's your favorite exercise on back day? Drop it below! 👇Don't forget to save this post and tag your gym buddy 🫶🏻💬 #backdayworkout #backworkout #pullworkout #backday #upperbackworkout #workoutroutine #gymtips #fitnesseducation #fitnesstips #workouttips #exercisetips #gymmotivation #fitnessmotivation #trainingtips #trainingmotivation #sciencebasedtraining #gymtok #gymtips #gymtiktok @DFYNE @Gymshark ",322,7.142169219956738e+18,Beat,192.0,f,https://tiktok.com/@/video/7491474097449258282,7479935453178676267,f,"[""backdayworkout"",""backworkout"",""pullworkout"",""backday"",""upperbackworkout"",""workoutroutine"",""gymtips"",""fitnesseducation"",""fitnesstips"",""workouttips"",""exercisetips"",""gymmotivation"",""fitnessmotivation"",""trainingtips"",""trainingmotivation"",""sciencebasedtraining"",""GymTok"",""gymtiktok""]"
7450577646599015722,1734722794,Best healthy laundry detergent for baby. My little guy has sensitive skin and Molly's Suds cleans his clothes so well - without irritating his skin. #healthylaundrydetergent #sensitiveskin #sensitivebabyskin #cleaningredients  @Molly’s Suds ,6538,7.142169219956738e+18,Beat,192.0,f,https://tiktok.com/@/video/7450577646599015722,7363867878414238751,f,"[""healthylaundrydetergent"",""sensitiveskin"",""sensitivebabyskin"",""cleaningredients""]"
7488113422551321887,1743462296,When should you raise your prices? #tucsonazbarber #besttucsonbarber #bestbarberintucson #tucsonaz #tucsonbusiness ,583,7.142169219956738e+18,Beat,192.0,f,https://tiktok.com/@/video/7488113422551321887,6620378606613659653,f,"[""tucsonazbarber"",""besttucsonbarber"",""bestbarberintucson"",""tucsonaz"",""tucsonbusiness""]"
7224312477645884714,1682041336,Invisible Boho Angled Loc Bob  #fyp #fypシ #fypdongggggggg #trending #trendinghair #trendinghairstyle #boholocs #boholocbob #bohoinvisiblelocs #invisiblelocs #locdwithjess #summerhair #summerhairstyles #shortlocstyles #twostrandtwist #nolocs #fauxlocs #717locs #717stylist #717hairstylist #thegoat ,3612,7.142169219956738e+18,Beat,192.0,f,https://tiktok.com/@/video/7224312477645884714,6883474051055764486,f,"[""fyp"",""fyp\u30b7"",""fypdongggggggg"",""trending"",""trendinghair"",""trendinghairstyle"",""boholocs"",""boholocbob"",""bohoinvisiblelocs"",""invisiblelocs"",""locdwithjess"",""summerhair"",""summerhairstyles"",""shortlocstyles"",""twostrandtwist"",""nolocs"",""fauxlocs"",""717locs"",""717stylist"",""717hairstylist"",""thegoat""]"
7511198746978405678,1748837251,Welcome crab # 3 to our family! 🦀🫶🏽 we have yet to name him! Drop suggestions below! 😛🦀#fyp #crab #viral ,431,7.142169219956738e+18,Beat,192.0,f,https://tiktok.com/@/video/7511198746978405678,6807371674078741509,f,"[""fyp"",""crab"",""viral""]"
7480645302819638558,1741723504,"Embracing the Versatility Within: Advice from Our Pastor @Vincent Campbell  Today, on his birthday, we celebrate not just the man but the legend that God has created in him. Pastor Campbell is a true testament to the power of self-definition—refusing to be confined to one role. He’s not just a pastor; he’s an entrepreneur, innovator, coach, and father. His wisdom reminds us that we, too, are multifaceted and should never allow others to box us in. This interview speaks to the greatness within him—his ability to challenge norms, inspire change, and lead with authenticity. On this day, we are grateful for the moment God brought him into the world because his impact is undeniable. Happy Birthday, Pastor! Your life is a gift to us all. #HappyBirthdayPastor #LivingLegend #SelfDefinition #TheFaithCenter",473,7.142169219956738e+18,Beat,192.0,f,https://tiktok.com/@/video/7480645302819638558,7036492138861315119,f,"[""happybirthdaypastor"",""livinglegend"",""selfdefinition"",""thefaithcenter""]"
7497408487715015967,1745626468,Easy pick up by @Armaf from @beautyhouse_official for spring and summer fresh masculine very versatile . Suitable for all occasions  and situations #creatorsearchinsights #fyp #fragrance #cologne #perfume #fragrancetok,709,7.142169219956738e+18,Beat,192.0,f,https://tiktok.com/@/video/7497408487715015967,7330808647481803819,f,"[""creatorsearchinsights"",""fyp"",""fragrance"",""cologne"",""perfume"",""fragrancetok""]"
7514454343912017198,1749595257,Another spectrum install! This one was a bit less stuff to do but a good one. Installing a adva 114 and changing handoff port as well. #fyp #fyppppppppppppppppppppppp #lowvoltagetech #installation #networkrack #spectrum #networking ,509,7.142169219956738e+18,Beat,192.0,f,https://tiktok.com/@/video/7514454343912017198,6999115887602451462,f,"[""fyp"",""fyppppppppppppppppppppppp"",""lowvoltagetech"",""installation"",""networkrack"",""spectrum"",""networking""]"
7513200702903110942,1749303395,Complex Carbs vs Simple Carbs in a Nutshell‼️👀 #foryou #fitnesslifestyle #explorepage ,1025,7.142169219956738e+18,Beat,192.0,f,https://tiktok.com/@/video/7513200702903110942,6669220549745917957,f,"[""foryou"",""FitnessLifestyle"",""explorepage""]"
7485731441150774574,1742907743,Feeling stuck in your healing journey? You're not stuck…you're in a phase. Healing isn't about perfection; it's about moving through each stage at your own pace. 💯 #HealingJourney #YouAreNotStuck #EmotionalHealing #SelfAwareness #PersonalGrowth #CoachNRich #creatorsearchinsights ,297,7.142169219956738e+18,Beat,192.0,f,https://tiktok.com/@/video/7485731441150774574,6939558187478057990,f,"[""HealingJourney"",""youarenotstuck"",""emotionalhealing"",""selfawareness"",""personalgrowth"",""coachnrich"",""creatorsearchinsights""]"
7228227923147279659,1682952981,@dsdetailing.qcs #autodetailing #mobiledetailing #detailersoftiktok #detailing #detailingworld #detailingcars #kochchemie #detailingproducts #detailingproductsreview #dothan #dothanal #dothanalabama #dothanalabama❤ ,7225,7.142169219956738e+18,Beat,192.0,f,https://tiktok.com/@/video/7228227923147279659,6972652575200461829,f,"[""autodetailing"",""mobiledetailing"",""detailersoftiktok"",""detailing"",""detailingworld"",""detailingcars"",""kochchemie"",""detailingproducts"",""detailingproductsreview"",""dothan"",""dothanal"",""dothanalabama"",""dothanalabama\u2764""]"
7262028899071167790,1690822880,Part ✌️ of a new construction photoshoot! ##realestatephotography##livingroomshoot##newconstruction##tipsandtricks##bts,2916,7.142169219956738e+18,Beat,192.0,f,https://tiktok.com/@/video/7262028899071167790,7151875722146481195,f,"[""realestatephotography"",""livingroomshoot"",""newconstruction"",""tipsandtricks"",""bts""]"
7496552966405541162,1745427267,💈I don’t Fade I illustrate or wtv yak said💈❗️Watch Til The End👀 • • • #LowTaper #scissors #HairIllustration #SouthFloridaBarber #HomesteadFL #MiamiBarber #BarberTok #BeforeAndAfter #straighthair #CleanLineup #kodakblack ,1044,7.142169219956738e+18,Beat,192.0,f,https://tiktok.com/@/video/7496552966405541162,7210619949896369198,f,"[""lowtaper"",""scissors"",""hairillustration"",""southfloridabarber"",""homesteadfl"",""miamibarber"",""barbertok"",""beforeandafter"",""straighthair"",""cleanlineup"",""kodakblack""]"
7506197976130293014,1747672910,You Know The Music #youknowthemusic #youknowthemusic💃 #musicyouneedtoknow #yourememberthissong #sharee #likee #likeeeee #likeeeeeeee #likeeeeeeeeee #likeeeeeeeeee   #likeeeeeeeeeeee #likeeeeeeeeeeee #likeeeeeeeeeee #likeeeeeeeeeeeeeeeeeee #likeeeeeeeeeeeeee #comment #comments #getmefamous   #getmeonthefyp #getmeontheforyoupage #getmetiktokfamous #getmefamous #paris #iledefrance #france #france🇫🇷   #frances #francetiktok #francetiktok🇫🇷 #usa #usa_tiktok #usa🇺🇸 #usarmy #usatiktok #unitedstate #unitedstates #unitedstatesofamerica #unitedstatesofamerica🇺🇸 #videoviral #videos #videostar #fyp #fyppppppppppppppppppppppp #foryour #foryourepage #foryourpagetiktok #forfyp #forfypシ #forfypシ゚viral🖤tiktokyou #you #youpage #follow #following #followers➕ #followback #followerstiktok #followback #followback❤ #followback❤❤❤❤❤ #followback🙏 #followback  ,267,7.142169219956738e+18,Beat,192.0,f,https://tiktok.com/@/video/7506197976130293014,7280881901635961889,f,"[""youknowthemusic"",""youknowthemusic\ud83d\udc83"",""musicyouneedtoknow"",""yourememberthissong"",""sharee"",""likee"",""likeeeee"",""likeeeeeeee"",""likeeeeeeeeee"",""likeeeeeeeeeeee"",""likeeeeeeeeeee"",""likeeeeeeeeeeeeeeeeeee"",""likeeeeeeeeeeeeee"",""comment"",""comments"",""getmefamous"",""getmeonthefyp"",""getmeontheforyoupage"",""getmetiktokfamous"",""paris"",""iledefrance"",""france"",""france\ud83c\uddeb\ud83c\uddf7"",""frances"",""francetiktok"",""francetiktok\ud83c\uddeb\ud83c\uddf7"",""usa"",""usa_tiktok"",""usa\ud83c\uddfa\ud83c\uddf8"",""usarmy"",""usatiktok"",""unitedstate"",""unitedstates"",""unitedstatesofamerica"",""unitedstatesofamerica\ud83c\uddfa\ud83c\uddf8"",""videoviral"",""videos"",""videostar"",""fyp"",""fyppppppppppppppppppppppp"",""foryour"",""foryourepage"",""foryourpagetiktok"",""forfyp"",""forfyp\u30b7"",""forfyp\u30b7\u309aviral\ud83d\udda4tiktokyou"",""you"",""youpage"",""follow"",""following"",""followers\u2795"",""followback"",""followerstiktok"",""followback\u2764"",""followback\u2764\u2764\u2764\u2764\u2764"",""followback\ud83d\ude4f""]"
7498074001089252654,1745781439,Grabbed some grub from @So Cheesy in Dearborn for today’s review! 🍔 Give them a try and let me know what you think! #FoodTruck #FoodTruckReview #StreetFood #Foodie #FoodieLife #FoodTruckEats #StreetEats #FoodLover #TastyEats #EatLocal #FoodPorn #Yum #Foodstagram #FoodieReels #FoodTruckFinds #FoodReview #ReelFood #FoodieAdventure #TruckFood #DeliciousEats #fyp,489,7.142169219956738e+18,Beat,192.0,f,https://tiktok.com/@/video/7498074001089252654,6792304380400256006,f,"[""foodtruck"",""foodtruckreview"",""streetfood"",""Foodie"",""foodielife"",""foodtruckeats"",""streeteats"",""FoodLover"",""tastyeats"",""eatlocal"",""foodporn"",""yum"",""foodstagram"",""foodiereels"",""foodtruckfinds"",""foodreview"",""reelfood"",""foodieadventure"",""truckfood"",""deliciouseats"",""fyp""]"
7484782198101413151,1742686681,"Women love a man who takes the lead. Plan the date, make the decisions, and watch the attraction skyrocket.   #datingadviceformen #confidence #alphamale #relationship #datingtipsformen #mindset #successfulmen #communication",834,7.142169219956738e+18,Beat,192.0,f,https://tiktok.com/@/video/7484782198101413151,6951572103774716933,f,"[""datingadviceformen"",""confidence"",""alphamale"",""Relationship"",""datingtipsformen"",""mindset"",""successfulmen"",""communication""]"
7481639173330324782,1741954916,I really believe in this product! I highly recommend it for anyone struggling with blood pressure issues! They are so easy to take and taste delicious!! Grab them now ❤️  @livehumann #creatorsearchinsights #livehumann #bloodpressure #heart #superbeets #beets #health #support #supplement #bloodpressurecheck #bloodpressuresupport #hearthealth #chews ,776,7.142169219956738e+18,Beat,192.0,f,https://tiktok.com/@/video/7481639173330324782,7380071731335496750,f,"[""creatorsearchinsights"",""livehumann"",""bloodpressure"",""heart"",""superbeets"",""beets"",""health"",""support"",""supplement"",""bloodpressurecheck"",""bloodpressuresupport"",""hearthealth"",""chews""]"
7498476632525638934,1745875145,You Know The Music #youknowthemusic #getmeonthefyp #getmeontheforyoupage #getmetiktokfamous #getmefamous #paris #iledefrance #france #france🇫🇷  #frances #francetiktok #francetiktok🇫🇷 #usa #usa_tiktok #usa🇺🇸 #usarmy #usatiktok #unitedstate #unitedstates #unitedstatesofamerica #unitedstatesofamerica🇺🇸 #videoviral #videos #videostar #fyp #fyppppppppppppppppppppppp #foryour #foryourepage #foryourpagetiktok #forfyp #forfypシ #forfypシ゚viral🖤tiktokyou #you #youpage #follow #following #followers➕ #followback #followerstiktok #followback #followback❤ #followback❤❤❤❤❤ #followback🙏 #followback ,245,7.142169219956738e+18,Beat,192.0,f,https://tiktok.com/@/video/7498476632525638934,7280881901635961889,f,[]
7504676069358734638,1747318576,B&I Eatery Breakfast Food Review ☀️🔥🔥 #fypシ #creatorsearchinsights #foodreview #foodie #foodreaction #breakfast #stlouis #viralvideo #trending #differntbreed ,532,7.142169219956738e+18,Beat,192.0,f,https://tiktok.com/@/video/7504676069358734638,6805780305816011782,f,"[""fyp\u30b7"",""creatorsearchinsights"",""foodreview"",""Foodie"",""foodreaction"",""breakfast"",""stlouis"",""viralvideo"",""trending"",""differntbreed""]"
7419109096126860590,1727395951,"Beats Pill 2024: Unboxing & Features Review | 24-Hour Battery, IP67, & More! #goviral #technology #techtok #techreview #technews #fy #audio #techrevolution #tech #electronics #beats #bluetoothspeaker @Beats by Dre @apple ",3676,7.142169219956738e+18,Beat,192.0,f,https://tiktok.com/@/video/7419109096126860590,7236207102825251883,f,"[""goviral"",""technology"",""techtok"",""techreview"",""technews"",""fy"",""audio"",""techrevolution"",""tech"",""electronics"",""beats"",""bluetoothspeaker""]"
7488834759142001966,1743630249,Rose with rosary tattoo by Kaitlynn #rosetatto #religioustattoo ,1568,7.142169219956738e+18,Beat,192.0,f,https://tiktok.com/@/video/7488834759142001966,7072760803498329134,f,"[""rosetatto"",""religioustattoo""]"
7501388988268301611,1746553290,Road to 1 Mill on MTN in Pro Stock #roadto1million #drifting #prostock #forza #forzahorizon5 #forza5 #sliding ,586,7.142169219956738e+18,Beat,192.0,f,https://tiktok.com/@/video/7501388988268301611,6613498646716055557,f,"[""roadto1million"",""drifting"",""prostock"",""forza"",""forzahorizon5"",""forza5"",""sliding""]"
7493540576671894814,1744725928,ARE YOU WASTING SEED ? #christiantiktok #fyp #memphis #faith #hashtag #viral ,330,7.142169219956738e+18,Beat,192.0,f,https://tiktok.com/@/video/7493540576671894814,6776244683205264390,f,"[""christiantiktok"",""fyp"",""memphis"",""faith"",""hashtag"",""viral""]"
7456876768008621358,1736189430,GET YOUR MORNING JUICE! New series coming to you from The Play’n Sports Show! Hosted by the man himself @Juicebox #juice #podcast #newshow ,629,7.142169219956738e+18,Beat,192.0,f,https://tiktok.com/@/video/7456876768008621358,7430916384990987306,f,"[""juice"",""podcast"",""newshow""]"
7480601886127639854,1741713393,"🚨 𝗧𝘂𝗿𝗼 𝗖𝗼𝘂𝗹𝗱 𝗕𝗲 𝗟𝗲𝗮𝘃𝗶𝗻𝗴 𝗡𝗲𝘄 𝗬𝗼𝗿𝗸?! 🚨 Turo is fighting to keep peer-to-peer car sharing alive in New York, but unfair insurance costs could force Turo out of the state! 😳 Turo is working with New York lawmakers, but we need your voice to help protect car sharing! 🗣️ 📌 Take action with just a few clicks to contact your representatives. 📌 Record a short video & share it with Turo so they can send it directly to lawmakers and decision-makers in Albany. Drop a “🚗” in the comments if you support keeping Turo in NY! 👥Tag a fellow host or renter who needs to know this! @Turo #turocarso #carsharing #turocars #rentalcar #turolife #turohost #nycentrepreneur #peertopeercarsharing #turony #rideshare #ridesharing #carrental #cars #carrentals #carrentalservice #hyrecar #carhire #vehiclerental #rentacar #rentacars #turony #turonyc",2177,7.142169219956738e+18,Beat,192.0,f,https://tiktok.com/@/video/7480601886127639854,6715150193497883654,f,"[""turocars"",""carsharing"",""rentalcar"",""turolife"",""turohost"",""nycentrepreneur"",""peertopeercarsharing"",""turony"",""rideshare"",""ridesharing"",""carrental"",""cars"",""carrentals"",""carrentalservice"",""hyrecar"",""carhire"",""vehiclerental"",""rentacar"",""rentacars"",""turonyc""]"
7219085641961704746,1680824367,3 ways that I’m constantly tracking my fitness routine to know how im trending. #ftinesstips #fitnessjourney #fitnesstransformation ,616,7.142169219956738e+18,Beat,192.0,f,https://tiktok.com/@/video/7219085641961704746,6930728438022784005,f,"[""ftinesstips"",""fitnessjourney"",""fitnesstransformation""]"
7389977829397597470,1720613341,"🔥MAKE the finesse tail FLOAT🔥  ▪️ A little trick I’ve seen to get your bait to float off the bottom, so I tried it out. Taking a wooden toothpick, adding to the end of the finesse/trick worm to make it float while on the bottom. Easy and inexpensive way to catch more Bass🎣 Have you tried this??? #fishing #bassfishing #finessefishing #pondfishing ",1439,7.142169219956738e+18,Beat,192.0,f,https://tiktok.com/@/video/7389977829397597470,7081279278231421995,f,"[""fishing"",""bassfishing"",""finessefishing"",""pondfishing""]"
7438803649586810158,1731981445,"🚘 Now available at Guaranteed Motor Cars: the stunning 2023 BMW i4 eDrive40 with the M Sport Package and a beautiful paint job that makes this car truly stand out! 🚘 This electric beauty combines BMW’s signature performance with a sleek, sporty design and an eye-catching finish that turns heads everywhere. Experience the thrill of powerful, eco-friendly driving with unmatched luxury, style, and elegance. Come by and see why the BMW i4 is redefining the future of driving! ⚡️  Emerald Green Metallic - Mercedes SUV  San Remo Green Metallic - BMW 🚗 Elevate your drive with the 2023 Mercedes-Benz AMG C 43 4MATIC Sedan, featuring the sleek AMG Night Package —now available at Guaranteed Motor Cars! 🚗✨ With its powerful performance, all-wheel drive, and striking black accents from the AMG Night Package, this luxury sedan is built to impress on every level. Turn heads wherever you go and experience the thrill of AMG. 📍 Visit us today at Guaranteed Motor Cars and make this beauty yours! Did you know we have ⬇️ ⚡️Easy & fast financing 🙋‍♂️First time buyer program available ✈️Nationwide shipping available 🚙We take trade ins Find the location nearest to you 👇 📍10926 SW Hwy Palos Hills, IL 60465 | 📲 708-741-0001  📍18024 Torrence Avenue Lansing, IL 60438 |📲 708-858-2172  📍Service and auto spa 11002 SW Hwy Palos Hills, IL 60465 | 📲 708-741-0009 -🚙- #GuaranteedMotorCars #BMWi4 #MSportPackage #ElectricLuxury #StandOut #blackfriday #blackfridaydeals #carsoftiktok #cars #dealership #for #you #chicago #chicagotiktok ",1484,7.142169219956738e+18,Beat,192.0,f,https://tiktok.com/@/video/7438803649586810158,7394649761339343914,f,"[""guaranteedmotorcars"",""bmwi4"",""msportpackage"",""electricluxury"",""standout"",""blackfriday"",""blackfridaydeals"",""carsoftiktok"",""cars"",""dealership"",""for"",""you"",""chicago"",""chicagotiktok""]"
7259494952000916782,1690232893,Taking care of a neighbor that just got his window tint exemption.   Say goodbye to the clear legal Llumar air 80 windshield film and say hello to the new ceramic 50% Windshield. ##attentiontodetail##OCD##dexterity##skills##handeyecoordination##dallas##tint##tinting,1965,7.142169219956738e+18,Beat,192.0,f,https://tiktok.com/@/video/7259494952000916782,6782307160502043654,f,"[""attentiontodetail"",""ocd"",""dexterity"",""skills"",""handeyecoordination"",""dallas"",""tint"",""tinting""]"
7233882959982398766,1684269632,A drivers license is for commerce 😎 #BeySpeaks #Tmbey #righttotravel #driverslicense #knowyourrights #freedom #lawnotes ,1768,7.142169219956738e+18,Beat,192.0,f,https://tiktok.com/@/video/7233882959982398766,7231923671509632046,f,"[""beyspeaks"",""tmbey"",""righttotravel"",""driverslicense"",""knowyourrights"",""freedom"",""lawnotes""]"
7470298968724114734,1739314567,"✅ No esperes más, envíanos un mensaje ahora. 📲✨ 📍 Marlborough, MA | 📞  774-220-9217 #CarrosEnVenta #AutosConGarantía #CarDealer #CompraTuCarro #NBCarSales #Massachusetts #FinanciamientoFácil",1843,7.142169219956738e+18,Beat,192.0,f,https://tiktok.com/@/video/7470298968724114734,6559231153932238853,f,"[""carrosenventa"",""autoscongarant\u00eda"",""cardealer"",""compratucarro"",""nbcarsales"",""massachusetts"",""financiamientof\u00e1cil""]"
7453122327383969067,1735315273,Want thick hair? here’s my tips and tricks #thickhair #tipsandtricks #hairtok ,476,7.142169219956738e+18,Beat,192.0,f,https://tiktok.com/@/video/7453122327383969067,6751722987408131077,f,"[""thickhair"",""tipsandtricks"",""hairtok""]"
7439546238657137962,1732154344,"🌟 Now at Guaranteed Motor Cars: The all-new 2024 Mercedes-Benz GLS 450! 🌟   This luxury SUV features a stunning Emerald Green Metallic paint job paired with a Catalana Beige and Black interior (a $1,600 upgrade), creating an elegant and modern look.   Equipped with premium packages, including:   ✨ AMG Line Exterior for a sporty edge   🔇 Acoustic Comfort Package for a whisper-quiet ride   🖤 Night Package for bold style   🎩 Exclusive Trim Package for ultimate refinement   💧 Magic Vision Control for advanced windshield clarity   Originally priced at $99,700, this beauty has only 6,000 miles and is now available for $90,000! Don’t miss out—come grab it today! 🚘    Emerald Green Metallic - Mercedes SUV  San Remo Green Metallic - BMW 🚗 Elevate your drive with the 2023 Mercedes-Benz AMG C 43 4MATIC Sedan, featuring the sleek AMG Night Package —now available at Guaranteed Motor Cars! 🚗✨ With its powerful performance, all-wheel drive, and striking black accents from the AMG Night Package, this luxury sedan is built to impress on every level. Turn heads wherever you go and experience the thrill of AMG. 📍 Visit us today at Guaranteed Motor Cars and make this beauty yours! Did you know we have ⬇️ ⚡️Easy & fast financing 🙋‍♂️First time buyer program available ✈️Nationwide shipping available 🚙We take trade ins Find the location nearest to you 👇 📍10926 SW Hwy Palos Hills, IL 60465 | 📲 708-741-0001  📍18024 Torrence Avenue Lansing, IL 60438 |📲 708-858-2172  📍Service and auto spa 11002 SW Hwy Palos Hills, IL 60465 | 📲 708-741-0009 -🚙- #GuaranteedMotorCars #GLS450 #EmeraldGreenMetallic #LuxurySUV #PremiumPackages #DriveLuxury #dealership #foryoupage #foryoupagethis #blackfridaydeals #deals #Chicago #fy ",5052,7.142169219956738e+18,Beat,192.0,f,https://tiktok.com/@/video/7439546238657137962,7394649761339343914,f,"[""guaranteedmotorcars"",""gls450"",""emeraldgreenmetallic"",""luxurysuv"",""premiumpackages"",""driveluxury"",""dealership"",""foryoupage"",""foryoupagethis"",""blackfridaydeals"",""deals"",""chicago"",""fy""]"
7452072084949175582,1735070752,Replying to @carlaannperez8 Short History of early settlement Mangum Oklahoma! Follow for more cities! #fyp #foryou #foryourpage #foryoupage #mangumoklahoma #mangumok #exploringmangumok #greercountyok #history #mangumokhistory #townhistory #historytok #discovermangumok #oklahoma #cities #place #visit #travel #greercounty ,1661,7.142169219956738e+18,Beat,192.0,f,https://tiktok.com/@/video/7452072084949175582,7354630584584668206,f,"[""fyp"",""foryou"",""foryourpage"",""foryoupage"",""mangumoklahoma"",""mangumok"",""exploringmangumok"",""greercountyok"",""history"",""mangumokhistory"",""townhistory"",""historytok"",""discovermangumok"",""oklahoma"",""cities"",""place"",""visit"",""travel"",""greercounty""]"
7477690760926661934,1741035590,Must Have Pieces here at FULLCOURT NEW ORLEANS  One Time for Angie Stone  #vintagestore #vintagestreetwear #sneakers #neworleansvintageshopping #neworleansvintage #neworleanssneakers #frenchquarter #90sfashion #thrift #fullcourtclassics #90skids #y2kfashion #fullcourtneworleans #humidityskateshop #frozencup #supreme #neworleansthrifting #neworleanssaints #neworleansthrift #mardigras #fyp #angiestone ,534,7.142169219956738e+18,Beat,192.0,f,https://tiktok.com/@/video/7477690760926661934,6906721631978275846,f,"[""vintagestore"",""vintagestreetwear"",""sneakers"",""neworleansvintageshopping"",""neworleansvintage"",""neworleanssneakers"",""frenchquarter"",""90sfashion"",""thrift"",""fullcourtclassics"",""90skids"",""y2kfashion"",""fullcourtneworleans"",""humidityskateshop"",""frozencup"",""supreme"",""neworleansthrifting"",""neworleanssaints"",""neworleansthrift"",""mardigras"",""fyp"",""angiestone""]"
7448760572243365166,1734299722,Eating our way through Miami to find the best burger spot 🔥🍔  First stop - @TFTS 📍 Comment below where we should go next!  #cityeatswithtwo #tfts #thefoodtruckstoremiami #thefoodtruckstore #smashburger #burgerreview #restaurantreview #foodies #miamifoodies #foodreview #burger ,1009,7.142169219956738e+18,Beat,192.0,f,https://tiktok.com/@/video/7448760572243365166,7443814734690714670,f,"[""cityeatswithtwo"",""tfts"",""thefoodtruckstoremiami"",""thefoodtruckstore"",""smashburger"",""burgerreview"",""RestaurantReview"",""foodies"",""miamifoodies"",""foodreview"",""burger""]"
7504314966586035502,1747234500,What's the mileage without the destination? Beautiful people. Beautiful destination. WE ALL WE GOT‼️‼️‼️ #centurypluscrew #weallwegot #diversityincycling #cyclinglife #communityovercompetition #communityovercompetition #womencycling #mencycling #elevation #centurycycling #cyclingclasses #health #endurance #wellness #representationmatters #community #unity #sunkenmeadowstatepark #ny #nj #pa #worldwide #bigborobikeride ,243,7.142169219956738e+18,Beat,192.0,f,https://tiktok.com/@/video/7504314966586035502,7109673282598405166,f,"[""centurypluscrew"",""weallwegot"",""diversityincycling"",""cyclinglife"",""communityovercompetition"",""womencycling"",""mencycling"",""elevation"",""centurycycling"",""cyclingclasses"",""health"",""endurance"",""wellness"",""representationmatters"",""community"",""unity"",""sunkenmeadowstatepark"",""ny"",""nj"",""pa"",""worldwide"",""bigborobikeride""]"
7387119026025139499,1719947687,"Reasons why you should consider #placentaencapsulation 👇🏾 1. Hormone Regulation: The placenta is rich in hormones such as estrogen, progesterone, and oxytocin, which can help stabilize hormone levels after childbirth.  2. Increased Energy Levels: Consuming placenta capsules has been linked to higher energy levels and improved stamina in new mothers.  3. Faster Healing: Some women have reported faster healing and reduced postpartum bleeding after taking placenta capsules.  It is important to consult with a trained professional and discuss the potential risks and benefits before making a decision. #SunFlowerBirths #placentaencapsulation #placentaspecialist #treeoflife #energy #postpartum #healingjourney #vitality #feelinggood #doulasoftiktok #doula #doulasofinstagram ",1116,7.142169219956738e+18,Beat,192.0,f,https://tiktok.com/@/video/7387119026025139499,6967493788948988933,f,"[""placentaencapsulation"",""sunflowerbirths"",""placentaspecialist"",""treeoflife"",""energy"",""postpartum"",""HealingJourney"",""vitality"",""feelinggood"",""doulasoftiktok"",""doula"",""doulasofinstagram""]"
7473291737788697898,1740011356,Low Fade Barber Tutorial 💈 #haircuttutorial #jpthebarber #lowfade #dropfade #fade #brooklynbarber #nycbarber #nybarber #dominicanbarber #nyc #brooklyn #barbertok #haircut #haircuttransformation #barber #fyp #viral #discover ,1177,7.142169219956738e+18,Beat,192.0,f,https://tiktok.com/@/video/7473291737788697898,7321273189626053662,f,[]
7444723636088442158,1733359800,"📍Uptown Dallas 💲$3,215 *as of 12/4/24 This one-of-a-kind split-level gem is the ultimate Uptown living experience! 🌟 Nestled in a prime walkable location, you’ll have Dallas’s best restaurants and attractions just steps away. Plus, with easy access to the entire metroplex, getting around is a breeze. 🏙️ ✨ Luxury amenities? Check. Premier location? Double-check. Text me 📲 for more info and similar options like this: 945-259-1706! #xthelocator #luxuryapartments #apartmentlocator #dallas #RelocateToDallas #UptownDallasLiving #splitlevel #dallasapartments ",1407,7.142169219956738e+18,Beat,192.0,f,https://tiktok.com/@/video/7444723636088442158,7143343554927887402,f,"[""xthelocator"",""luxuryapartments"",""apartmentlocator"",""dallas"",""relocatetodallas"",""uptowndallasliving"",""splitlevel"",""dallasapartments""]"
7476483234042219818,1740754447,"We discuss how Taiwan's semiconductor industry, led by TSMC, is allegedly shifting assets to the US, which could tighten Washington's grip on the global tech economy and reshape the global tech landscape. This is seen as a direct power move against China, who views it as the Americanization of Taiwan's chip sector. The semiconductor industry controls the future of AI, military tech, and global finance, so who controls the chips controls the next era of power. China, Taiwan, and the US are on a collision course over this strategic industry. #TechWarfare #Semiconductors #GlobalPower #USChina #Taiwan ",565,7.142169219956738e+18,Beat,192.0,f,https://tiktok.com/@/video/7476483234042219818,7380074168220746795,f,"[""techwarfare"",""semiconductors"",""globalpower"",""uschina"",""taiwan""]"
7447199122173480223,1733936174,"Today I'm wearing Ambassador from the house of @Gisada Switzerland  The more I wear this, the more I'm starting to really like it. It's a familiar DNA but done in a different way. The mango mixed with the sweetness of vanilla and apple make for a super pleasant, compliment getting wearing experience. It's woody and spicy too. It doesn't have any ambroxan, so it isn't screetchy or metallic. Honestly probably my favorite part about it. It does open a little synthetic but calms down very quickly and becomes very smooth. Very good performance  TOP NOTE: Green Mandarin, Apple, Cardamom, Violet HEART NOTE: Lavender, Black Pepper, Peony, Patchouli, Mango BASE NOTE: Vetiver, Amber, Vanilla, Moss, Teak #fragcomm #fragrancecollector #GisadaAmbassador  #fragranceinfluencer  #freshscents #fragrancelover #fragrancearmy #fragrances #fragfanattic #fragporn #fragranceaddict #fragrance #fraghead #fragrancecollection #fragrancefanattic #fragrancecommunity #sillage #silllagesoldiers #teamoversprayers #fragranceunboxings  #perfumebottlecollector #fragrancereels  #scentoftheday #scentofthenight #designerfragrances #nichefragrances  #jeremysscents #fragrancefamily #indiefragrances  #Jesus",2056,7.142169219956738e+18,Beat,192.0,f,https://tiktok.com/@/video/7447199122173480223,7341232741856740394,f,"[""fragcomm"",""fragrancecollector"",""gisadaambassador"",""fragranceinfluencer"",""freshscents"",""fragrancelover"",""fragrancearmy"",""fragrances"",""fragfanattic"",""fragporn"",""fragranceaddict"",""fragrance"",""fraghead"",""fragrancecollection"",""fragrancefanattic"",""fragrancecommunity"",""sillage"",""silllagesoldiers"",""teamoversprayers"",""fragranceunboxings"",""perfumebottlecollector"",""fragrancereels"",""scentoftheday"",""scentofthenight"",""designerfragrances"",""nichefragrances"",""jeremysscents"",""fragrancefamily"",""indiefragrances"",""jesus""]"
7490372180648217887,1743988197,This weeks schedule at omnia #omniapromoter #lasvegaspromoter #vegasguestlist #vegaspoolparty #vegasnightlife #edcvegas2025 ,2060,7.142169219956738e+18,Beat,192.0,f,https://tiktok.com/@/video/7490372180648217887,6628460538186973189,f,"[""omniapromoter"",""lasvegaspromoter"",""vegasguestlist"",""vegaspoolparty"",""vegasnightlife"",""edcvegas2025""]"
7493314882591444270,1744673360,ILDS pre meet Tampa trip ✨ #ilds #carsoftiktok #minivlog #smallinfluencer #diml #tampa #yborcity ,315,7.142169219956738e+18,Beat,192.0,f,https://tiktok.com/@/video/7493314882591444270,6816144552178680837,f,"[""ilds"",""carsoftiktok"",""minivlog"",""smallinfluencer"",""diml"",""tampa"",""yborcity""]"
7514535943748160814,1749614257,"Meet part of our FAMILY here at House of Tires 🛞                                               🔥🔥🔥🔥🔥🔥🔥🔥                 📍📍📍📍📍📍📍📍📍📍📍📍📍📍📍Looking for wheels, tires, lift kits, drop kits, bumpers, or wheel lights? We’ve got you covered — with top brands, unbeatable pricing, and the best customer service in town. Fast installs. Honest advice. Custom builds done right. Message us now to get a quote or schedule your upgrade!                 House of Tires  “Your Home for Wheels & Tires”  📍1021 E 8th St Odessa Tx, 79761 📲 (432)-552-8197 #odessa #texas #midland #tires #finance #corvette #westtexas #deals #check #rims #oil #wheels #fyp #trucks #tune #ford #fyo #fypシツ #toyota #oilfield @odessatexasbusinessmidla @TheIconic6.7 @El Compa Lalo 💈 @Izzyonthebeat @Pedro20203 ",1040,7.142169219956738e+18,Beat,192.0,f,https://tiktok.com/@/video/7514535943748160814,7405963894290252846,f,"[""odessa"",""texas"",""midland"",""tires"",""finance"",""corvette"",""westtexas"",""deals"",""check"",""rims"",""oil"",""wheels"",""fyp"",""trucks"",""tune"",""ford"",""fyo"",""fyp\u30b7\u30c4"",""toyota"",""oilfield""]"
7388945164200430879,1720372884,Laurel Hill back 9 #golf #golftiktok #fyp ,1159,7.142169219956738e+18,Beat,192.0,f,https://tiktok.com/@/video/7388945164200430879,7345144148817904683,f,"[""golf"",""golftiktok"",""fyp""]"
7321108500048907563,1704578431,#fypシ snow #nievesdeenero❄️🥶☃️🌨☃️🥶 ,1891,7.142169219956738e+18,Beat,192.0,f,https://tiktok.com/@/video/7321108500048907563,6957076721612162054,f,"[""fyp\u30b7"",""nievesdeenero\u2744\ufe0f\ud83e\udd76\u2603\ufe0f\ud83c\udf28\u2603\ufe0f\ud83e\udd76""]"
7476670233877433642,1740797972,Reviewing the NEW Mizuno Pro T-1 Wedges! We have 3 new wedges in the bag! 58° 12 / 54° 10 / and 50° 8. So far so good! These babies feel fantastically fantastic. If you guys want to see more about these bad boys just let me know! #mizuno #mizunogolf #golf #wedges #golfer #golftok #golftiktok #fyp #fypシ #virał #golfing #golfswing #taylormade #titleist #callawaygolf ,1656,7.142169219956738e+18,Beat,192.0,f,https://tiktok.com/@/video/7476670233877433642,6653524876660621317,f,"[""mizuno"",""mizunogolf"",""golf"",""wedges"",""golfer"",""golftok"",""golftiktok"",""fyp"",""fyp\u30b7"",""vira\u0142"",""golfing"",""golfswing"",""taylormade"",""titleist"",""callawaygolf""]"
7495487379244010798,1745179179,MAGA jobs that would help Trump #maga #jobs #democrats #greenscreen #foxnews #newsmax #newsmaxisnotnews ,341,7.142169219956738e+18,Beat,192.0,f,https://tiktok.com/@/video/7495487379244010798,7235370916674061354,f,"[""maga"",""jobs"",""democrats"",""greenscreen"",""foxnews"",""newsmax"",""newsmaxisnotnews""]"
7514350252040768799,1749571041,"Tommy visits the dopeasyola podcast studio. And talks about hitmen, as well as smuggling operations! #TommyGWorld  #TommyGYoutube #Podcast #PodcastStories #podtok #interviewtipsneeded #Mexico #hitman #experience #viral #fyp #fypシ @Dope As Yola #border #smoke #controversy #sharethis #insidetommysworld #tommyG #TommyG",3414,7.142169219956738e+18,Beat,192.0,f,https://tiktok.com/@/video/7514350252040768799,7447880212384564267,f,"[""tommygworld"",""tommygyoutube"",""podcast"",""podcaststories"",""PodTok"",""interviewtipsneeded"",""mexico"",""hitman"",""experience"",""viral"",""fyp"",""fyp\u30b7"",""border"",""smoke"",""controversy"",""sharethis"",""insidetommysworld"",""tommyg""]"
7478735754416459050,1741278875,"TATTALKS : ROBERTO’S EXPERIENCE i’m starting to feel that exes are bringing these tattalks to life 💀💀  Roberto in the beginning of the vid : 👉🏻👈🏻 LMFAO  I couldn’t stop laughing while editing this video  why you calling me out for my artist bio WHEN YOU WERE SHY BOI LMFAOOOO IM DEDDD @Sonder Studio Tampa IS SUCH A VIBE Y’ALLLLLLL IM SO SERIOUS. THE BEST PLACE TO BE. SUPA CHILLLLLLLL, we’re all vibin’  this was a fun ass piece to do entering the year of the snake and I am sooooo glad you just gave me full take over on this piece bahah THANK YOU FORRRR REALLLL GUY  thank you to everyone who have/will be a part of this series, I have the most fun doing these as it’s to share all perspectives, IF YOU EVER WANT TO BE A PART OF IT PLS LMK I AM SOOOOO DOWN HEHE  #snaketattoo #touchuptattoo #tattalk #tattalks #tattooinspiration #tattooartist #tampatattooshop #tampatattoo #tattoostyle #tampa #tattooworld #tattooing #tattooproject #tattooprocess #floridatattooartist ",1679,7.142169219956738e+18,Beat,192.0,f,https://tiktok.com/@/video/7478735754416459050,6787586768440886277,f,"[""snaketattoo"",""touchuptattoo"",""tattalk"",""tattalks"",""tattooinspiration"",""tattooartist"",""tampatattooshop"",""tampatattoo"",""tattoostyle"",""tampa"",""tattooworld"",""tattooing"",""tattooproject"",""tattooprocess"",""floridatattooartist""]"
7509125758917381398,1748354589,Bean The Dynamite Trailer Sonic 17 #bean #beans #beansontoast #beanstiktok #trailer #trailers #beanthe #beanthemoment #beanthedynamite #sega #forget #forgottencharacter #character #characters #sharee #likee #likeeeee #likeeeeeeee #likeeeeeeeeee #likeeeeeeeeee   #likeeeeeeeeeeee #likeeeeeeeeeeee #likeeeeeeeeeee #likeeeeeeeeeeeeeeeeeee #likeeeeeeeeeeeeee #comment #comments #getmefamous   #getmeonthefyp #getmeontheforyoupage #getmetiktokfamous #getmefamous #paris #iledefrance #france #france🇫🇷   #frances #francetiktok #francetiktok🇫🇷 #usa #usa_tiktok #usa🇺🇸 #usarmy #usatiktok #unitedstate #unitedstates #unitedstatesofamerica #unitedstatesofamerica🇺🇸 #videoviral #videos #videostar #fyp #fyppppppppppppppppppppppp #foryour #foryourepage #foryourpagetiktok #forfyp #forfypシ #forfypシ゚viral🖤tiktokyou #you #youpage #follow #following #followers➕ #followback #followerstiktok #followback #followback❤ #followback❤❤❤❤❤ #followback🙏 #followback  ,272,7.142169219956738e+18,Beat,192.0,f,https://tiktok.com/@/video/7509125758917381398,7280881901635961889,f,"[""bean"",""beans"",""beansontoast"",""beanstiktok"",""trailer"",""trailers"",""beanthe"",""beanthemoment"",""beanthedynamite"",""sega"",""forget"",""forgottencharacter"",""character"",""characters"",""sharee"",""likee"",""likeeeee"",""likeeeeeeee"",""likeeeeeeeeee"",""likeeeeeeeeeeee"",""likeeeeeeeeeee"",""likeeeeeeeeeeeeeeeeeee"",""likeeeeeeeeeeeeee"",""comment"",""comments"",""getmefamous"",""getmeonthefyp"",""getmeontheforyoupage"",""getmetiktokfamous"",""paris"",""iledefrance"",""france"",""france\ud83c\uddeb\ud83c\uddf7"",""frances"",""francetiktok"",""francetiktok\ud83c\uddeb\ud83c\uddf7"",""usa"",""usa_tiktok"",""usa\ud83c\uddfa\ud83c\uddf8"",""usarmy"",""usatiktok"",""unitedstate"",""unitedstates"",""unitedstatesofamerica"",""unitedstatesofamerica\ud83c\uddfa\ud83c\uddf8"",""videoviral"",""videos"",""videostar"",""fyp"",""fyppppppppppppppppppppppp"",""foryour"",""foryourepage"",""foryourpagetiktok"",""forfyp"",""forfyp\u30b7"",""forfyp\u30b7\u309aviral\ud83d\udda4tiktokyou"",""you"",""youpage"",""follow"",""following"",""followers\u2795"",""followback"",""followerstiktok"",""followback\u2764"",""followback\u2764\u2764\u2764\u2764\u2764"",""followback\ud83d\ude4f""]"
7503566568824081694,1747060286,#prayersneeded #jeauslovesyou #preachersoftiktok #godswayistheonlyway #trustgod #godsway #trustingingodpodcast #prayer #godisgood #trustingingod #peaceandlove ,252,7.142169219956738e+18,Beat,192.0,f,https://tiktok.com/@/video/7503566568824081694,6995820760606704646,f,"[""prayersneeded"",""jeauslovesyou"",""preachersoftiktok"",""godswayistheonlyway"",""trustgod"",""godsway"",""trustingingodpodcast"",""prayer"",""godisgood"",""trustingingod"",""peaceandlove""]"
7267585148361788718,1692116538,Summer lip combo 👄show me your fave combos and tag me😍 This is my tutorial with a my fav lipcombo!  @maccosmetics - mac lip liner in oak  @fentybeauty - gloss bomb universal lip luminazer  @maccosmetics - cremesheen lipstick creme d’nude  #makeup  #makeuptutorial #lipcombo #90slips #makeupartist #grwm #vcmakeup ,1222,7.142169219956738e+18,Beat,192.0,f,https://tiktok.com/@/video/7267585148361788718,6616292570626883590,f,"[""makeup"",""makeuptutorial"",""lipcombo"",""90slips"",""makeupartist"",""grwm"",""vcmakeup""]"
7226057589472365870,1682447651,"Health is more than just the absence of disease. Understanding the multiple dimensions of health can help us achieve optimal wellbeing. The Six Dimensions of Wellness Model, developed by Dr. Bill Hettler in 1976, is one well-known framework for conceptualizing the dimensions of health. Other models, such as the Health Belief Model, the Social-Ecological Model, and the Transtheoretical Model of Behavior Change, provide additional perspectives on the dimensions of health. Numerous studies and articles have explored the relationship between the different dimensions of health and various health outcomes. Learn more about the different dimensions of health and how to prioritize them in your life. #DimensionsOfHealth #OptimalWellbeing #HolisticHealth #PhysicalHealth #MentalHealth #SocialHealth #SpiritualHealth #EnvironmentalHealth"" References: Hettler, B. (1976). The Six Dimensions of Wellness Model. National Wellness Institute. Retrieved from https://www.nationalwellness.org/resources/six-dimensions-of-wellness/",2498,7.142169219956738e+18,Beat,192.0,f,https://tiktok.com/@/video/7226057589472365870,6815706990565704710,f,"[""dimensionsofhealth"",""optimalwellbeing"",""holistichealth"",""physicalhealth"",""MentalHealth"",""socialhealth"",""spiritualhealth"",""environmentalhealth""]"
7477690040810868011,1741035429,"Thanks to @Spa Sciences for sending over their hydrating tonic, Nova facial cleansing bush to help elevate my skincare routine. Adding a brush to my routine has been a game changer!  • • • #skincareroutine #mensskincare #spasciences #skincarereview #skincare #facialcleanser #fyp ",264,7.142169219956738e+18,Beat,192.0,f,https://tiktok.com/@/video/7477690040810868011,6805750956967429125,f,"[""skincareroutine"",""mensskincare"",""spasciences"",""skincarereview"",""skincare"",""facialcleanser"",""fyp""]"
7503719734504967429,1747095902,🤸🏾‍♀️💖 #capoeira #flexibility #capoeirabrasil ,882,7.142169219956738e+18,Beat,192.0,f,https://tiktok.com/@/video/7503719734504967429,6803128694388868097,f,"[""capoeira"",""flexibility"",""capoeirabrasil""]"
7476490531107835182,1740756158,Full body Circuit  8 min warm-up 4 Workouts / 5 Rounds 5 min cool down  #workout #workoutroutine #fullbody #personaltraining #personaltrainer #lafitness #workoutmotivation #workoutplan #workoutchallenge #workouttips #workoutsforwomen #workoutforbeginners #workoutforfatloss  ,486,7.142169219956738e+18,Beat,192.0,f,https://tiktok.com/@/video/7476490531107835182,7073593171451593771,f,"[""workout"",""workoutroutine"",""fullbody"",""personaltraining"",""personaltrainer"",""lafitness"",""workoutmotivation"",""workoutplan"",""workoutchallenge"",""workouttips"",""workoutsforwomen"",""workoutforbeginners"",""workoutforfatloss""]"
7504846907257228586,1747358377,"Day 50: drunken fist 醉拳 Wow..the big 50! Can’t believe how far and how hard this challenge has been. I still got a few more, but for the big 5 0, had to show one of my favorite styles, drunken boxing #kungfu #drunkenboxing #drunkenfist #drunkenmaster ",312,7.142169219956738e+18,Beat,192.0,f,https://tiktok.com/@/video/7504846907257228586,7155682192331965486,f,"[""kungfu"",""drunkenboxing"",""drunkenfist"",""drunkenmaster""]"
7366769452387437867,1715258612,d’Alba White Truffle Double Serum & Cream | Shop on Amazon 🌸💗@d'Alba Official #7daysdalba #dalbapalette #dalba #dalbadualcream #truffleglow #dalbahood #kbeauty #koreanskincare #CapCut ,999,7.142169219956738e+18,Beat,192.0,f,https://tiktok.com/@/video/7366769452387437867,7551627,f,"[""7daysdalba"",""dalbapalette"",""dalba"",""dalbadualcream"",""truffleglow"",""dalbahood"",""kbeauty"",""koreanskincare"",""capcut""]"
7496976000379571478,1745525751,"Autopilot app  . . . Investment advice provided by Autopilot advisers LLC, an SEC registered investment advisor. Past performance does not guarantee future results. Investing carries risks including the risk of the loss of principal. Compensation for this video provided by Autopilot. Performance in this video is for display purposes only. #creatorsearchinsights #stocks #politicians ",708,7.142169219956738e+18,Beat,192.0,f,https://tiktok.com/@/video/7496976000379571478,7446897874262770691,f,"[""creatorsearchinsights"",""stocks"",""politicians""]"
7465133318699224363,1738111820,Miss Rose Kajal Gel Eyeliner #Eyeliner #review #makeup #maquillaje #missrose #kajal #black #TikTokShop This kajal liner is super creamy and smooth and goes on in a flash. You can tone the blackness down and set it in place with a light beige eyeshadow.,1443,7.142169219956738e+18,Beat,192.0,f,https://tiktok.com/@/video/7465133318699224363,6792392927454331910,f,"[""Eyeliner"",""review"",""makeup"",""maquillaje"",""missrose"",""kajal"",""black"",""TikTokShop""]"
7460899146917006634,1737125966,Just a former D1/Pro hooper getting back active 😈  Found my joy in the game again a few months ago after letting it go for a while. Forgot how good it feels to be on the court getting buckets and competing with ya boys .  Should I make this a main series on my page? Let me know in the comments 🔥🔥🔥🔥 #HOOPINWITHSWISH #Atlanta #Letshoop #Forthelove #ballislife  #vlog #minivlog,547,7.142169219956738e+18,Beat,192.0,f,https://tiktok.com/@/video/7460899146917006634,6776916986486473734,f,"[""hoopinwithswish"",""atlanta"",""letshoop"",""forthelove"",""ballislife"",""Vlog"",""minivlog""]"
7492067102673882414,1744382858,"Context. After winning our last tournament, we had 4 or 5 circuit teams flooding my players's inbox and offering money. So I had a few questions 🤷🏾‍♂️ #AllWorkNoExcuses #CapCut #TopAchieversElite #MensBasketball ",537,7.142169219956738e+18,Beat,192.0,f,https://tiktok.com/@/video/7492067102673882414,7345919587159917611,f,"[""allworknoexcuses"",""capcut"",""topachieverselite"",""mensbasketball""]"
7504414218016312622,1747257605,"Flat tire in an underground garage? No problem. Customer had a flat deep in a parking structure where our van couldn’t fit—so I parked outside, hauled all my tools down by hand, removed the tire, brought it back up to replace and mount it, then carried it all back down to reinstall. When I say mobile service, I mean real service—wherever you are, I’ll get it done. Need help on the spot? Hit me up.  • #mobiletireservice #tiretech #mobiletireshop #flatrepair #newtire #noexcusesjustresults #ajsftw #ajstires ",442,7.142169219956738e+18,Beat,192.0,f,https://tiktok.com/@/video/7504414218016312622,6990197067181376518,f,"[""mobiletireservice"",""tiretech"",""mobiletireshop"",""flatrepair"",""newtire"",""noexcusesjustresults"",""ajsftw"",""ajstires""]"
7446098961141697822,1733680031,Faux Loc Touch Up Process I Recommend getting a touch up at 4-5 weeks. It will extend your style for an additional 4-5 weeks.  . . #loctouchup #fauxloctouchup #fauxlocs #softlocs #softlocsmatteson #softlocschicago #fauxlocschicago #fauxlocsmatteson #chicagobraider #mattesonbraider ,1210,7.142169219956738e+18,Beat,192.0,f,https://tiktok.com/@/video/7446098961141697822,6976935718816171014,f,"[""loctouchup"",""fauxloctouchup"",""fauxlocs"",""softlocs"",""softlocsmatteson"",""softlocschicago"",""fauxlocschicago"",""fauxlocsmatteson"",""chicagobraider"",""mattesonbraider""]"
7486939520517049643,1743188960,Stock market update | why are we seeing so much volatility right now in the market and should you invest into it ##greenscreen##invest##stockmarket##money##stocks##news##stockmarketupdate,1251,7.142169219956738e+18,Beat,192.0,f,https://tiktok.com/@/video/7486939520517049643,6602948465142333445,f,"[""greenscreen"",""invest"",""stockmarket"",""money"",""stocks"",""news"",""stockmarketupdate""]"
7490416239546846510,1743998475,Steamer McCULLOCH  Reparacion de ellas  #cardetailing #vapor #mcculloch #parati ,923,7.142169219956738e+18,Beat,192.0,f,https://tiktok.com/@/video/7490416239546846510,7162601819372586027,f,"[""cardetailing"",""vapor"",""mcculloch"",""parati""]"
7498476469383974174,1745875117,Georgia Bulldogs football will be a young and hungry team in 2025. #georgiafootball #georgiabulldogsfootball #georgiabulldogs #georgiabulldogfootball ,751,7.142169219956738e+18,Beat,192.0,f,https://tiktok.com/@/video/7498476469383974174,6873298608121218053,f,"[""georgiafootball"",""georgiabulldogsfootball"",""georgiabulldogs"",""georgiabulldogfootball""]"
7504804962463911198,1747348580,Test-driving the future… without leaving your lobby. The F1 simulator at Mercedes-Benz Brickell is not your average building amenity. MercedesBenz #M#MercedesAMG#AMGPerformance#luxurylivingrickellmiami#carenthusiast#f1#formula1#grandprix#dupontregistry#miami#florida#preconstruction#investor#invest#speed#thebest,483,7.142169219956738e+18,Beat,192.0,f,https://tiktok.com/@/video/7504804962463911198,6693670916277240837,f,"[""m"",""mercedesamg"",""amgperformance"",""luxurylivingrickellmiami"",""carenthusiast"",""f1"",""formula1"",""grandprix"",""dupontregistry"",""miami"",""florida"",""preconstruction"",""investor"",""invest"",""speed"",""thebest""]"
7498767608720805150,1745942904,"#Spiritual Underpinning: #Cyber = Our new #virtual ether, where #thoughts, intentions, and #creations now move #invisibly across the #globe. #Ether = The invisible #matrix that binds all #energy and #matter, spoken of in Ancient #Kemet and #Hebrew mysteries as the #waters of #Nun or the #Ruach (#Spirit). #Light = The #manifestation and proof of the #unseen becoming #seen — a bridge from the #hidden to the #revealed. Thus, mastering #cybersecurity is like guarding the gates of the new #etheric #realm. It is modern priesthood work: keeping the sanctity of #information pure, preventing #darkness (#corruption) from devouring #light (#truth and #order).",289,7.142169219956738e+18,Beat,192.0,f,https://tiktok.com/@/video/7498767608720805150,7475550153245230126,f,"[""spiritual"",""cyber"",""virtual"",""thoughts"",""creations"",""invisibly"",""globe"",""ether"",""matrix"",""energy"",""matter"",""kemet"",""hebrew"",""waters"",""nun"",""ruach"",""spirit"",""light"",""manifestation"",""unseen"",""seen"",""hidden"",""revealed"",""cybersecurity"",""etheric"",""realm"",""information"",""darkness"",""corruption"",""truth"",""order""]"
7507894487646096682,1748068129,"Ceramic Coating in action 🛡️✨ This was the first wash after applying our professional ceramic coating, and the results speak for themselves. The paint literally looks allergic to water 💦 — the level of hydrophobicity is insane. Water just slides right off, making maintenance way easier and keeping the car looking glossy for much longer. We sealed the paint, protected the shine, and now every wash is faster and more effective. Does your car need this kind of protection? 📲 Book your appointment today! Send us a DM for a free quote. • #cardetailing #detailing #mobiledetailing #detailercarcare #asmrsounds #prewash #ventcleaning #ceramiccoatings #ceramiccoat #detailingworld #detailingkingdom #detailing #premiumdetailing #professionaldetailing #cleancar #carsofinstagram #detailingaddicts",502,7.142169219956738e+18,Beat,192.0,f,https://tiktok.com/@/video/7507894487646096682,7380913157504042026,f,"[""cardetailing"",""detailing"",""mobiledetailing"",""detailercarcare"",""asmrsounds"",""prewash"",""ventcleaning"",""ceramiccoatings"",""ceramiccoat"",""detailingworld"",""detailingkingdom"",""premiumdetailing"",""professionaldetailing"",""cleancar"",""carsofinstagram"",""detailingaddicts""]"
7478804945140075819,1741294985,Replying to @ihatescorpiosss Short History of early settlement Armona California! Follow for more cities! #fypage  #fyp #foryourpage #foryoupage #armonacalifornia #armonaca #armonacahistory #visitarmonaca #kingscountyca #smalltown #exploringarmonaca #travel #place #visit #californiatown #historytok #historytime ,1044,7.142169219956738e+18,Beat,192.0,f,https://tiktok.com/@/video/7478804945140075819,7354630584584668206,f,"[""fypage"",""fyp"",""foryourpage"",""foryoupage"",""armonacalifornia"",""armonaca"",""armonacahistory"",""visitarmonaca"",""kingscountyca"",""smalltown"",""exploringarmonaca"",""travel"",""place"",""visit"",""californiatown"",""historytok"",""HistoryTime""]"
7344273216036228395,1709971875,#foryou #fyp #amaxingvideos ,734,7.142169219956738e+18,Beat,192.0,f,https://tiktok.com/@/video/7344273216036228395,7254617284013376554,f,"[""foryou"",""fyp"",""amaxingvideos""]"
7511117796516842783,1748818412,"✨ Cuidarte a ti es cuidar a tu bebé Desde que encontré estas vitaminas prenatales, me siento más tranquila sabiendo que le estoy dando lo mejor a mi cuerpo y a mi bebé. Con folato metilado, colina, hierro y calcio, sin malestares ni efectos secundarios. 🌿 Apto para embarazadas y en lactancia. 🔗 Disponible en mi tienda TikTok Shop, dale clic y cuida tu embarazo desde hoy. #EmbarazoSaludable #VitaminasPrenatales #MamáPrimeriza #TikTokShop #CuidadoDuranteElEmbarazo #SuplementoPrenatal #LoViEnTikTok #creatorsearchinsights ",364,7.142169219956738e+18,Beat,192.0,f,https://tiktok.com/@/video/7511117796516842783,7446926598564316202,f,"[""embarazosaludable"",""vitaminasprenatales"",""mam\u00e1primeriza"",""TikTokShop"",""cuidadoduranteelembarazo"",""suplementoprenatal"",""lovientiktok"",""creatorsearchinsights""]"
7491320945618013483,1744209136,Replying to @Leah.Badu As requested 🥰🥰| good lighting has a lot to do with it also I’ve been working on that and my setup thanks for tuning in☺️ #camerasettings #iphonrcamera #filmingoniphone #iphone15promax #iphonecamerahacks ,330,7.142169219956738e+18,Beat,192.0,f,https://tiktok.com/@/video/7491320945618013483,6624916437154889734,f,"[""camerasettings"",""iphonrcamera"",""filmingoniphone"",""iphone15promax"",""iphonecamerahacks""]"
7224518948832759083,1682089420,Another week of wednesday kickball! Kicking it off at central park in morris county! @volo_sports @volonj #volohighlights #micdup #fyp #volosports #kickball #tinymic ,3178,7.142169219956738e+18,Beat,192.0,f,https://tiktok.com/@/video/7224518948832759083,6703293011532809221,f,"[""volohighlights"",""micdup"",""fyp"",""volosports"",""kickball"",""tinymic""]"
7512253661268184322,1749082877,Chaos The Mutant Trailer Sonic 20 #chao #chaos #chaosthemutant #chaosmutant #trailer #trailers #emeraud #emerauds #chaosemeraud #power #powers #perfect #version #finalversion #perfectversion #enemy #rivality #chaosthemutantedit #chaosedit #edit #edits #editor #editing #editaudio #editss #editz #editvideo #sharee #likee #likeeeee #likeeeeeeee #likeeeeeeeeee #likeeeeeeeeee  #likeeeeeeeeeeee #likeeeeeeeeeeee #likeeeeeeeeeee #likeeeeeeeeeeeeeeeeeee #likeeeeeeeeeeeeee #comment #comments #getmefamous  #getmeonthefyp #getmeontheforyoupage #getmetiktokfamous #getmefamous #paris #iledefrance #france #france🇫🇷  #frances #francetiktok #francetiktok🇫🇷 #usa #usa_tiktok #usa🇺🇸 #usarmy #usatiktok #unitedstate #unitedstates #unitedstatesofamerica #unitedstatesofamerica🇺🇸 #videoviral #videos #videostar #fyp #fyppppppppppppppppppppppp #foryour #foryourepage #foryourpagetiktok #forfyp #forfypシ #forfypシ゚viral🖤tiktokyou #you #youpage #follow #following #followers➕ #followback #followerstiktok #followback #followback❤ #followback❤❤❤❤❤ #followback🙏 #followback ,275,7.142169219956738e+18,Beat,192.0,f,https://tiktok.com/@/video/7512253661268184322,7280881901635961889,f,"[""chao"",""chaos"",""chaosthemutant"",""chaosmutant"",""trailer"",""trailers"",""emeraud"",""emerauds"",""chaosemeraud"",""power"",""powers"",""perfect"",""version"",""finalversion"",""perfectversion"",""enemy"",""rivality"",""chaosthemutantedit"",""chaosedit"",""edit"",""edits"",""editor"",""editing"",""editaudio"",""editss"",""editz"",""editvideo"",""sharee"",""likee"",""likeeeee"",""likeeeeeeee"",""likeeeeeeeeee"",""likeeeeeeeeeeee"",""likeeeeeeeeeee"",""likeeeeeeeeeeeeeeeeeee"",""likeeeeeeeeeeeeee"",""comment"",""comments"",""getmefamous"",""getmeonthefyp"",""getmeontheforyoupage"",""getmetiktokfamous"",""paris"",""iledefrance"",""france"",""france\ud83c\uddeb\ud83c\uddf7"",""frances"",""francetiktok"",""francetiktok\ud83c\uddeb\ud83c\uddf7"",""usa"",""usa_tiktok"",""usa\ud83c\uddfa\ud83c\uddf8"",""usarmy"",""usatiktok"",""unitedstate"",""unitedstates"",""unitedstatesofamerica"",""unitedstatesofamerica\ud83c\uddfa\ud83c\uddf8"",""videoviral"",""videos"",""videostar"",""fyp"",""fyppppppppppppppppppppppp"",""foryour"",""foryourepage"",""foryourpagetiktok"",""forfyp"",""forfyp\u30b7"",""forfyp\u30b7\u309aviral\ud83d\udda4tiktokyou"",""you"",""youpage"",""follow"",""following"",""followers\u2795"",""followback"",""followerstiktok"",""followback\u2764"",""followback\u2764\u2764\u2764\u2764\u2764"",""followback\ud83d\ude4f""]"
7476230142843489567,1740695490,"PSA: Not every plus-size person is diabetic — shockingly, we’re all different! 😑😒 #weightbias #doctorsdobetter #fypシ   #chronicillness  #viralvideo  #commentbelow  #thicktok #big #imnotfat  #obesity ",359,7.142169219956738e+18,Beat,192.0,f,https://tiktok.com/@/video/7476230142843489567,7020489547926897669,f,"[""weightbias"",""doctorsdobetter"",""fyp\u30b7"",""chronicillness"",""viralvideo"",""commentbelow"",""thicktok"",""big"",""imnotfat"",""obesity""]"
7459892556327882030,1736891594,Quick & Easy Chicken Flavored Rice 🍚  - #loviesfoodtruck #twitchaffiliate #tiktokstreamer #youtuberstreamer #contentcreator #grmichigan #grandrapidsmichigan #foodtruck #grandrapidsmi #easyrecipe #quickandeasyrecipe #easydinner #michigan #rice  ,2338,7.142169219956738e+18,Beat,192.0,f,https://tiktok.com/@/video/7459892556327882030,6803273130938008581,f,"[""loviesfoodtruck"",""twitchaffiliate"",""tiktokstreamer"",""youtuberstreamer"",""contentcreator"",""grmichigan"",""grandrapidsmichigan"",""foodtruck"",""grandrapidsmi"",""EasyRecipe"",""quickandeasyrecipe"",""easydinner"",""michigan"",""rice""]"
7302921083697564958,1700343831,"finally went to practice!!! the focus was creating a very smooth ball motion by using minimal axis rotation, keeping my hand as up the back as possible for a thumbless player #bowling #2LS #fyp #practice",694,7.142169219956738e+18,Beat,192.0,f,https://tiktok.com/@/video/7302921083697564958,6774774670443185157,f,"[""bowling"",""2ls"",""fyp"",""practice""]"
7481281546620521750,1741871602,Chick-Fila breakfast with of course some chocolate milk #chickfila #cfa #eatmorchikin #thelittlethings #eatmorechicken #heretoserve #chicken #chickfilaislife #chickfilamoms #mypleasure #cfaone #ourpleasure #cfacares #wafflefries #catering #cfafamily #ilovechickfila #chickfilasauce #chickensandwich #cfateam #chickfilaapp #chickfilacares #foodie #battlefront #chickfilamemes #food #battlefeild #chickfilaemployees #drivethru #lunch ,619,7.142169219956738e+18,Beat,192.0,f,https://tiktok.com/@/video/7481281546620521750,6792317403403453445,f,"[""chickfila"",""cfa"",""eatmorchikin"",""thelittlethings"",""eatmorechicken"",""heretoserve"",""chicken"",""chickfilaislife"",""chickfilamoms"",""mypleasure"",""cfaone"",""ourpleasure"",""cfacares"",""wafflefries"",""catering"",""cfafamily"",""ilovechickfila"",""chickfilasauce"",""chickensandwich"",""cfateam"",""chickfilaapp"",""chickfilacares"",""Foodie"",""battlefront"",""chickfilamemes"",""food"",""battlefeild"",""chickfilaemployees"",""drivethru"",""lunch""]"
7472815464603831594,1739900486,"Afrah really came for our wallets with this new collection! 😩🔥 Sensual, Cherry, and Exclusive—let’s see if they’re giving rich auntie or refund request. 💅🏾💰🍒 #FragranceReview #AfrahPerfumes #SmellLikeMoney #CherryAndLuxury #grownandsexy @AROMA CONCEPTS FL ",865,7.142169219956738e+18,Beat,192.0,f,https://tiktok.com/@/video/7472815464603831594,6900960161955955717,f,"[""fragrancereview"",""afrahperfumes"",""smelllikemoney"",""cherryandluxury"",""grownandsexy""]"
7485512405619903790,1742856705,1 love notice aka a dispute letter with some back door secret sauce to remove charge offs off your credit reports! #greenscreen #CreditRepair #CreditScore #CreditBoost #FixYourCredit #CreditHacks #CreditTips #FinancialFreedom #MoneyMatters #CreditEducation #DebtFreeJourney #GoodCredit #BuildCredit #MoneyMoves #SmartMoney #Finance101 #WealthBuilding #FinancialGoals #BadCreditToGoodCredit #PassiveIncome #CreditExpert #CreditGame #FicoScore #CreditSuccess #EntrepreneurLife #SideHustle #MoneyTalks #CreditRepairTips #FinancialLiteracy #CreditHelp #creditcoach ,529,7.142169219956738e+18,Beat,192.0,f,https://tiktok.com/@/video/7485512405619903790,7423482477194806315,f,"[""greenscreen"",""creditrepair"",""creditscore"",""creditboost"",""fixyourcredit"",""credithacks"",""credittips"",""financialfreedom"",""moneymatters"",""crediteducation"",""debtfreejourney"",""goodcredit"",""buildcredit"",""moneymoves"",""smartmoney"",""finance101"",""wealthbuilding"",""financialgoals"",""badcredittogoodcredit"",""passiveincome"",""creditexpert"",""creditgame"",""ficoscore"",""creditsuccess"",""entrepreneurlife"",""sidehustle"",""moneytalks"",""creditrepairtips"",""financialliteracy"",""credithelp"",""creditcoach""]"
7499585999610072362,1746133467,Could Tariffs be the cause? America’s economy contracts. Imports spiked. Inflation’s weird. What happens next?#News #breakingnews #global #economy #trump #maga #doge #tariffs #recession #trump #inflation #fyp #foryoupage #4you #prices #trending ,307,7.142169219956738e+18,Beat,192.0,f,https://tiktok.com/@/video/7499585999610072362,7260358362305922091,f,"[""news"",""breakingnews"",""global"",""economy"",""trump"",""maga"",""doge"",""tariffs"",""recession"",""inflation"",""fyp"",""foryoupage"",""4you"",""prices"",""trending""]"
7392410072648912133,1721179602,#alastattoo #tattooalascuello #tatuajes #tattoos #tattooartist #blessed #tatuadoresmexicanos🇲🇽 #persiguetussueños #tulsa #tulsatattooartist #sipasaportumentepasaportuvida #tulsatattoo #eternalink ,5463,7.142169219956738e+18,Beat,192.0,f,https://tiktok.com/@/video/7392410072648912133,6876801478431179782,f,"[""alastattoo"",""tattooalascuello"",""tatuajes"",""tattoos"",""tattooartist"",""blessed"",""tatuadoresmexicanos\ud83c\uddf2\ud83c\uddfd"",""persiguetussue\u00f1os"",""tulsa"",""tulsatattooartist"",""sipasaportumentepasaportuvida"",""tulsatattoo"",""eternalink""]"
7467342165761346859,1738626121,So this happened… 🌟A TUTORIAL!!🌟  #wirewrapper #wire #wirewrap #copper #closed #links #dope #vibe #beats #tutorial #handmade #handcrafted #wirewrapping #fyp #fypシ #fy #fypage #foryoupage #foryourpage ,613,7.142169219956738e+18,Beat,192.0,f,https://tiktok.com/@/video/7467342165761346859,6837942796873319430,f,"[""wirewrapper"",""wire"",""wirewrap"",""copper"",""closed"",""links"",""dope"",""vibe"",""beats"",""tutorial"",""handmade"",""handcrafted"",""wirewrapping"",""fyp"",""fyp\u30b7"",""fy"",""fypage"",""foryoupage"",""foryourpage""]"
7510632516294806814,1748705418,"Bringing the bride's vision to life, one detail at a time 🙂‍↕️😍 June calendar is now open #tarifabeautybar #apopkamua #orlandomua #selftaught #prommakeup #makeupforblackwomen #makeup #makeupreel #mua #makeup #makeupartist #undiscovered_mua #makeupforever #southfloridamua #explore #wakeupandmakeup #freelancemua",411,7.142169219956738e+18,Beat,192.0,f,https://tiktok.com/@/video/7510632516294806814,6924032449303626758,f,"[""tarifabeautybar"",""apopkamua"",""orlandomua"",""selftaught"",""prommakeup"",""makeupforblackwomen"",""makeup"",""makeupreel"",""mua"",""makeupartist"",""undiscovered_mua"",""makeupforever"",""southfloridamua"",""explore"",""wakeupandmakeup"",""freelancemua""]"
7487114737063300395,1743229804,02’ Chrysler Town and Country. Water Pump Leak Diagnostic and Replacement. #viral #makemefamous #trending #carros #autorepair #automotriz #mechaniclife #mecanica #storytime #today ,524,7.142169219956738e+18,Beat,192.0,f,https://tiktok.com/@/video/7487114737063300395,7256831906804778026,f,"[""viral"",""makemefamous"",""trending"",""carros"",""autorepair"",""automotriz"",""mechaniclife"",""mecanica"",""storytime"",""today""]"
7488450855931333931,1743540870,Secret Beef Ramen Recipe 🍜 Easy to make at home. In just 20-30 minutes you’ll get an amazing ramen noodles.  #stepbystep #recipe #ramen #noodles #nongshim #easyrecipe #creatorsearchinsights #nycfood #quickrecipes #beeframen #homemade #spicynoodles #cookwithme #foodtiktok #foodie ,561,7.142169219956738e+18,Beat,192.0,f,https://tiktok.com/@/video/7488450855931333931,6925239467800265734,f,"[""stepbystep"",""Recipe"",""ramen"",""noodles"",""nongshim"",""EasyRecipe"",""creatorsearchinsights"",""nycfood"",""QuickRecipes"",""beeframen"",""homemade"",""spicynoodles"",""CookWithMe"",""foodtiktok"",""Foodie""]"
7511900581477354782,1749000670,This is your sign to grab it while it lasts 🫶 @SmartGreenLife #unboxing #saltandpepper #rechargeable #electricgrinder #kitchenhacks #kitchengadgets #musthave #kitchenorganization #fypシ #viralvideo #goviral ,459,7.142169219956738e+18,Beat,192.0,f,https://tiktok.com/@/video/7511900581477354782,6535899756860806159,f,"[""unboxing"",""saltandpepper"",""rechargeable"",""electricgrinder"",""KitchenHacks"",""kitchengadgets"",""musthave"",""kitchenorganization"",""fyp\u30b7"",""viralvideo"",""goviral""]"
7485105563609713925,1742761955,Correction! SphereX actually launched on March 11 Credit: nasa on instagram #robotics #robots #nasa #futuretech #machines ,969,7.142169219956738e+18,Beat,192.0,f,https://tiktok.com/@/video/7485105563609713925,7255329285685740549,f,"[""robotics"",""robots"",""nasa"",""futuretech"",""machines""]"
7512980022345387306,1749252011,"4 years sober from being addicted to alcohol, I have a couple of words to say that I’m very blessed to be alive as I was starting to get sick from being an alcoholic mentally and physically and in a way this Pokémon card game saved me. so to anyone struggling with addiction you are loved and seek help you got this ❤️ nothing but yourself can change your life none else. Let’s open up a ##destinedrivalsboosterpack did pull a #arvensgreedentsir 🤘🏽🤘🏽 ##alcoholismawarness##addictionrecovery##addictionawareness##seekhelp##soberlife##recoverytok##recoveringaddict##addictionrecovery##addictionawareness##sobriety##sober##addict##alcoholic##generationaltrauma##suicideprevention##antidepressant##traumahealing##cptsd##dvsurvivor##hyperfixation##ptsd##ocd##sobertok##TrendTok##TrendTokApp##pokemoncommunity##pokemoncards##pokemontiktok##pokemonpulls##pokemontcgcommunity##journeytogether##prismaticevolutions##pokemon##pokemonedit##pokemonart##pokemontcgpocket##pokémon##TrendTok##TrendTokApp",228,7.142169219956738e+18,Beat,192.0,f,https://tiktok.com/@/video/7512980022345387306,6843064576071484422,f,"[""destinedrivalsboosterpack"",""arvensgreedentsir"",""alcoholismawarness"",""addictionrecovery"",""addictionawareness"",""seekhelp"",""soberlife"",""recoverytok"",""recoveringaddict"",""sobriety"",""sober"",""addict"",""alcoholic"",""generationaltrauma"",""suicideprevention"",""antidepressant"",""traumahealing"",""cptsd"",""dvsurvivor"",""hyperfixation"",""ptsd"",""ocd"",""sobertok"",""trendtok"",""trendtokapp"",""pokemoncommunity"",""pokemoncards"",""pokemontiktok"",""pokemonpulls"",""pokemontcgcommunity"",""journeytogether"",""prismaticevolutions"",""pokemon"",""pokemonedit"",""pokemonart"",""pokemontcgpocket"",""pok\u00e9mon""]"
7480312024199695662,1741645891,"We discuss how the US State Department is using AI to monitor international students' social media activity and potentially revoke their visas based on their online behavior and political engagement. This new 'Catch & Revoke' program is raising concerns about free speech, academic freedom, and the government's motives in controlling political narratives. #BigBrother #AIMonitoring #InternationalStudents #VisaRevocation #SocialMediaSurveillance #CatchAndRevoke #FreedomOfSpeech #AcademicFreedom #PoliticalNarratives #Censorship #Bias ",791,7.142169219956738e+18,Beat,192.0,f,https://tiktok.com/@/video/7480312024199695662,7380074168220746795,f,"[""bigbrother"",""aimonitoring"",""internationalstudents"",""visarevocation"",""socialmediasurveillance"",""catchandrevoke"",""freedomofspeech"",""academicfreedom"",""politicalnarratives"",""censorship"",""bias""]"
7392925381445029126,1721299579,Como Completar a Corrida Antes da Primeira Missão no GTA San Andreas!!! #coletaveis #missaocoletaveis #zerandojogo #dinheiroinfinito #rockstargames #rockstar #gta #gtasanandreas #missãosecundaria @community ,1680,7.142169219956738e+18,Beat,192.0,f,https://tiktok.com/@/video/7392925381445029126,7391632199202653190,f,"[""coletaveis"",""missaocoletaveis"",""zerandojogo"",""dinheiroinfinito"",""rockstargames"",""rockstar"",""gta"",""gtasanandreas"",""miss\u00e3osecundaria""]"
7453946488159210794,1735507163,"Testing the Saramonic Ultra in 90 seconds or less, let’s see how far it can go!  Here’s why I snagged it:  1️⃣ 32-bit float for unmatched dynamic range  2️⃣ Timecode multi-camera sync for seamless post  3️⃣ 8GB internal storage for extra reliability  4️⃣ My Blink 500 receiver lcd lscreen died 🫠 Bonus perks that sealed the deal: * Waterproof transmitters (IPX5, yes please 🌧️) * 300m range (run and gun without worry) * Handles 130 dB SPL (for those loud days) Why I made the switch: A few weeks ago, mid-shoot, my Blink 500 receiver screen gave out. Heart. Dropped. 😅 After some Reddit deep dives, I learned it could be fixed, while I figure that out. I decided to pivot and Instead of jumping on the two overly-hyped competitors (you know who), I stayed in my lane and leveled up with the Ultra. This thing just makes sense, so If you’re thinking about upgrading or adding a reliable mic system to your setup, the Saramonic Ultra gets my vote. 🗳️ Want a full review? Drop a comment below, and I’ll make it happen. ⬇️ Hope this helps, 🫱🏽‍🫲🏼 #ContentCreation #FilmmakingGear #AudioGear #MicrophoneReview #SaramonicUltra #FilmTools #VideoProduction #OnSetLife #GearUpgrade #AudioForVideo #CinematographyTips #CreatorTools",891,7.142169219956738e+18,Beat,192.0,f,https://tiktok.com/@/video/7453946488159210794,6806687149611271173,f,"[""contentcreation"",""filmmakinggear"",""audiogear"",""microphonereview"",""saramonicultra"",""filmtools"",""videoproduction"",""onsetlife"",""gearupgrade"",""audioforvideo"",""cinematographytips"",""creatortools""]"
7325901161687633198,1705694315,Dos colores baits #custombaits #pfcbaits #plasticosdepesca #softplasticmolds #senuelos #señuelosmatones #señuelosartificiales #senuelosdeplasticomx ,1495,7.142169219956738e+18,Beat,192.0,f,https://tiktok.com/@/video/7325901161687633198,7311559428184458282,f,"[""custombaits"",""pfcbaits"",""plasticosdepesca"",""softplasticmolds"",""senuelos"",""se\u00f1uelosmatones"",""se\u00f1uelosartificiales"",""senuelosdeplasticomx""]"
7492830528786140459,1744560590,#creatorsearchinsights China and luxury brands. Many of our luxury brands come from China. #luxurybrands #fyp  #madeinchina #fyp   #luxuryfashion #fyp #fashion #fyp #luxury #luxurylifestyle #fashionista #fyp #style #luxurystyle #fashionblogger #ootd #luxurybrand #fashionstyle #instafashion #luxurylife #mensfashion #fashiondesigner #highfashion #sustainablefashion #luxurybag #onlineshopping #luxurybags #fyp #streetstyle #luxuryshopping #womensfashion #menstyle #luxuryliving #designer #menswear #shopping #designerfashion #chanel #Gucci #Prada #burberry ,972,7.142169219956738e+18,Beat,192.0,f,https://tiktok.com/@/video/7492830528786140459,6612602611550126086,f,"[""creatorsearchinsights"",""luxurybrands"",""fyp"",""madeinchina"",""luxuryfashion"",""fashion"",""luxury"",""luxurylifestyle"",""fashionista"",""style"",""luxurystyle"",""fashionblogger"",""OOTD"",""luxurybrand"",""fashionstyle"",""instafashion"",""luxurylife"",""mensfashion"",""fashiondesigner"",""highfashion"",""sustainablefashion"",""luxurybag"",""onlineshopping"",""luxurybags"",""StreetStyle"",""luxuryshopping"",""womensfashion"",""menstyle"",""luxuryliving"",""designer"",""menswear"",""shopping"",""designerfashion"",""chanel"",""gucci"",""prada"",""burberry""]"
7512267149386288414,1749086015,"🧠💆‍♀️ Brain = buzzing. Me = chill. These Hello LoFi Chill Gummies are my secret weapon for stress + focus without the crash 😮‍💨✨ Tastes 🔥, feels better. Shop now on TikTok Shop ⬇️ #LoFiVibes #ChillGummies #TikTokShopFinds #HelloLoFi #FocusMode #NoJitters #ViralProduct #BrainBoost #CalmAF #ShopWithMe #MentalClarity #TikTokMadeMeBuyIt 🛒🍃😌",612,7.142169219956738e+18,Beat,192.0,f,https://tiktok.com/@/video/7512267149386288414,6782750326304195589,f,"[""lofivibes"",""chillgummies"",""tiktokshopfinds"",""hellolofi"",""focusmode"",""nojitters"",""viralproduct"",""brainboost"",""calmaf"",""shopwithme"",""mentalclarity"",""tiktokmademebuyit""]"
7379024529621912875,1718063036,This Duster cleaned my dirty computer in minutes. #electric #airdusterforcomputer #cleantok ,6606,7.142169219956738e+18,Beat,192.0,f,https://tiktok.com/@/video/7379024529621912875,7020437096700331014,f,"[""electric"",""airdusterforcomputer"",""CleanTok""]"
7494424573920791851,1744931713,"Back + Deadlift Strength Session Dialed in from start to finish with progression, control, and intensity. Deadlifts – 4x5 (Add 10–15 lbs every 2–3 weeks) Chest Supported Rows – 4x8–10 (Progressive overload focus) Neutral Grip Lat Pulldowns – 4x10–12 (Squeeze at the bottom) Seated Cable Rows – 3x12–15 (Full contraction on every rep) Incline DB Curls – 3x10–12 (Controlled eccentric) Cable Curls (FST-7 Style) – 7x10 (20–30 sec rest for max pump) Chin-Up Finisher – 2 sets to failure (unrecorded) Comment “Pull” if you want the full breakdown. Follow for more real training. #RebuildWithDavid #BackDay #DeadliftForm #PullDayWorkout #SeatedRows #LatPulldown #CableCurls #StrengthForLife #Over30Fitness #MuscleBuildingPlan #TikTokFitness #gymroutine ",790,7.142169219956738e+18,Beat,192.0,f,https://tiktok.com/@/video/7494424573920791851,7477010113985922094,f,"[""rebuildwithdavid"",""backday"",""deadliftform"",""pulldayworkout"",""seatedrows"",""latpulldown"",""cablecurls"",""strengthforlife"",""over30fitness"",""musclebuildingplan"",""TikTokFitness"",""gymroutine""]"
7494297863413878046,1744902207,Top Achievers Elite Skills Academy: Bag Work #TopAchieversEliteSkillsAcademy #AllWorkNoExcuses #CapCut  @🤍#11🤍 @HVL @New York Knicks ,408,7.142169219956738e+18,Beat,192.0,f,https://tiktok.com/@/video/7494297863413878046,7345919587159917611,f,"[""topachieverseliteskillsacademy"",""allworknoexcuses"",""capcut""]"
7494776682587491615,1745013691,Replying to @Squeebob Dabbins here is my kajukenbo lineage. #kajukenbo #teacher #martialarts #viral #foryoupage #fyp #karate #kenpo #judo #juijutsu #boxing #kungfu ,478,7.142169219956738e+18,Beat,192.0,f,https://tiktok.com/@/video/7494776682587491615,7402332679905100842,f,"[""kajukenbo"",""teacher"",""martialarts"",""viral"",""foryoupage"",""fyp"",""karate"",""kenpo"",""judo"",""juijutsu"",""boxing"",""kungfu""]"
7408609442947779883,1724951313,"This was the one year celebration of Aaliyah’s life at Ferncliff Cemetery.I first met her in person at her album signing in July 2001. She was super sweet. It took me and my friend Hubie a couple of hours by train to get to Hartsdale, NY. It was sooo worth it. It was a pretty cool day, spending time with people who love Aaliyah. Glad I was there to capture these precious moments. #aaliyah #aaliyahdanahaughton #babygirl #august #2002 #aaliyahfanforlife #aaliyahfansforever #celebrationoflife #rashadhaughton #broadwayforeverphotography ",455,7.142169219956738e+18,Beat,192.0,f,https://tiktok.com/@/video/7408609442947779883,7399393563543831594,f,"[""aaliyah"",""aaliyahdanahaughton"",""babygirl"",""august"",""2002"",""aaliyahfanforlife"",""aaliyahfansforever"",""celebrationoflife"",""rashadhaughton"",""broadwayforeverphotography""]"
7493710819318975786,1744765530,meal preping for next few days! #LasVegasGym #VegasFitness #GymLife #VegasFitFam #FitnessMotivation #WorkoutVibes #LVFitness #VegasWorkout #GymMotivation #FitLife #FitInVegas #HealthyLifestyle #GymGoals #NoDaysOff #TrainHard #LasVegasFit #FitnessJourney #MuscleUp #FitGoals #gymvibes ,256,7.142169219956738e+18,Beat,192.0,f,https://tiktok.com/@/video/7493710819318975786,6579635963994210310,f,"[""lasvegasgym"",""vegasfitness"",""GymLife"",""vegasfitfam"",""fitnessmotivation"",""workoutvibes"",""lvfitness"",""vegasworkout"",""gymmotivation"",""fitlife"",""fitinvegas"",""healthylifestyle"",""gymgoals"",""nodaysoff"",""trainhard"",""lasvegasfit"",""fitnessjourney"",""muscleup"",""fitgoals"",""gymvibes""]"
7350317943307210026,1711379300,Last Beazer on the list for townhomes  #lasvegas #lasvegasmarket #Ivhomes #Ivrealestate #househunting #househunters #rates #lasvegashomes #lasvegashomesforsale #lasvegasrealestate #fyp #buyingahouse #hendersonnv #northlasvegas #northlasvegasrealestate #homebuyingtips #homebuyers #Ivrealestateagent ##EndlessJourney #homesforsale #lasvegasnv #Ivnv #buyersagent #buyertips #savemoneyadvice #realtortips #hendersonnevada #hendersonrealtor ,1165,7.142169219956738e+18,Beat,192.0,f,https://tiktok.com/@/video/7350317943307210026,7011675703406248965,f,"[""lasvegas"",""lasvegasmarket"",""ivhomes"",""ivrealestate"",""househunting"",""househunters"",""rates"",""lasvegashomes"",""lasvegashomesforsale"",""lasvegasrealestate"",""fyp"",""buyingahouse"",""hendersonnv"",""northlasvegas"",""northlasvegasrealestate"",""homebuyingtips"",""homebuyers"",""ivrealestateagent"",""EndlessJourney"",""homesforsale"",""lasvegasnv"",""ivnv"",""buyersagent"",""buyertips"",""savemoneyadvice"",""realtortips"",""hendersonnevada"",""hendersonrealtor""]"
7507615978717547807,1748003096,#greenscreen #fyp #fyppppppppppppppppppppppp #foryoupage #iykyk #newyorkshit #4u #4you #remyma #papoose ,431,7.142169219956738e+18,Beat,192.0,f,https://tiktok.com/@/video/7507615978717547807,7162714666064512042,f,"[""greenscreen"",""fyp"",""fyppppppppppppppppppppppp"",""foryoupage"",""iykyk"",""newyorkshit"",""4u"",""4you"",""remyma"",""papoose""]"
7441400273945365803,1732586020,"🚘✨ Time to Decide: What Color Should We Wrap This 2019 Range Rover HSE? ✨🚘 We’re giving this stunning 2019 Land Rover Range Rover HSE a fresh new look—but we need YOUR help! 💡🎨 What color wrap do you think would make it stand out on the road? Drop your  suggestions in the comments below! 👇  Let’s make this beauty turn heads for all the right reasons.  Emerald Green Metallic - Mercedes SUV  San Remo Green Metallic - BMW 🚗 Elevate your drive with the 2023 Mercedes-Benz AMG C 43 4MATIC Sedan, featuring the sleek AMG Night Package —now available at Guaranteed Motor Cars! 🚗✨ With its powerful performance, all-wheel drive, and striking black accents from the AMG Night Package, this luxury sedan is built to impress on every level. Turn heads wherever you go and experience the thrill of AMG. 📍 Visit us today at Guaranteed Motor Cars and make this beauty yours! Did you know we have ⬇️ ⚡️Easy & fast financing 🙋‍♂️First time buyer program available ✈️Nationwide shipping available 🚙We take trade ins Find the location nearest to you 👇 📍10926 SW Hwy Palos Hills, IL 60465 | 📲 708-741-0001  📍18024 Torrence Avenue Lansing, IL 60438 |📲 708-858-2172  📍Service and auto spa 11002 SW Hwy Palos Hills, IL 60465 | 📲 708-741-0009 -🚙- #GuaranteedMotorCars #RangeRoverWrap #FreshLook #CarCustomization #rangerover #bluewrap #carwrap #blackfriday #blackfridaydeals #fy #fypage ",2586,7.142169219956738e+18,Beat,192.0,f,https://tiktok.com/@/video/7441400273945365803,7394649761339343914,f,"[""guaranteedmotorcars"",""rangeroverwrap"",""freshlook"",""carcustomization"",""rangerover"",""bluewrap"",""carwrap"",""blackfriday"",""blackfridaydeals"",""fy"",""fypage""]"
7488557490288725256,1743565664,MUST TRY! @Russ Fam Kitchen #CerealCerdik #dubaichocolatestrawberries #russfamkitchen #dalycity #tiktokph ,1543,7.142169219956738e+18,Beat,192.0,f,https://tiktok.com/@/video/7488557490288725256,6703353022381065218,f,"[""CerealCerdik"",""dubaichocolatestrawberries"",""russfamkitchen"",""dalycity"",""tiktokph""]"
7456544649952398622,1736112102,"Thanks for watching you can find me on instagram @VicisVile  This mask is from Senior Mascaras in Houston, Tx!  You can find him on  TikTok: @Señor Mascaras USA @jorgesalas2020  Instagram: Senor.Mascaras.USA  Facebook: Jorge Alvaro Salas  Let him know Vic sent ya 🤝 #luchalibre #luchamask #wrestlingmask #maskreview #mask #luchador #luchadormask #wrestling ",645,7.142169219956738e+18,Beat,192.0,f,https://tiktok.com/@/video/7456544649952398622,6948191560044626950,f,"[""luchalibre"",""luchamask"",""wrestlingmask"",""maskreview"",""mask"",""luchador"",""luchadormask"",""wrestling""]"
7475855026137730347,1740608162,"This Beautiful Home is Located in Concord, CA! Listing courtesy of Veronica Hidalgo of Dudum Real Estate #concord #eastbayliving #eastbaylistings #bayarearealestate #bayarearealtor #value ",539,7.142169219956738e+18,Beat,192.0,f,https://tiktok.com/@/video/7475855026137730347,7095198009781552174,f,"[""concord"",""eastbayliving"",""eastbaylistings"",""bayarearealestate"",""bayarearealtor"",""value""]"
7480738953742585118,1741745287,I never remove a door panel.  I see many tinters removing door panels and things a part 🧐 is all that really necessary?  I don’t remember a single vehicle I felt necessary removing the door panel. Not even if Im bottom loading 👍🏽 #tint #safe #no #removal #expert #tinter #real #pro #master ,371,7.142169219956738e+18,Beat,192.0,f,https://tiktok.com/@/video/7480738953742585118,7285733874249188398,f,"[""tint"",""safe"",""no"",""removal"",""expert"",""tinter"",""real"",""pro"",""master""]"
7496206778137365806,1745346707,“What’s more important to you in a haircut?” 	•	Fresh Fade 	•	Clean Lineup #BookYourCut #BarberNearMe #LocalBarber #FreshCutFriday #WalkInsWelcome #BarberBooking #NewClientSpecial #HaircutVibes #559barber #visaliabarber #stylecraft #centralvalleybarber #fadeorlineup #visaliamainstreet #westcoastbarber ,522,7.142169219956738e+18,Beat,192.0,f,https://tiktok.com/@/video/7496206778137365806,6925227678408999941,f,"[""bookyourcut"",""barbernearme"",""localbarber"",""freshcutfriday"",""walkinswelcome"",""barberbooking"",""newclientspecial"",""haircutvibes"",""559barber"",""visaliabarber"",""stylecraft"",""centralvalleybarber"",""fadeorlineup"",""visaliamainstreet"",""westcoastbarber""]"
7327261779782798634,1706011179,One of these ladies may make you do a happy dance 🙄 Lay’s Chicken Wing & Spicy Hot Pot Flavors.  #food #foodie #foodtiktok #tastetest #tasty #foodreview #snacks ,600,7.142169219956738e+18,Beat,192.0,f,https://tiktok.com/@/video/7327261779782798634,7319957902683358251,f,"[""food"",""Foodie"",""foodtiktok"",""tastetest"",""tasty"",""foodreview"",""snacks""]"
7493348631076932895,1744681204,This gadget is a life saver 😮‍💨 #fyp #boymom #momcozy #momcozym5 #grwm #dayinmylife #singlemom ,637,7.142169219956738e+18,Beat,192.0,f,https://tiktok.com/@/video/7493348631076932895,3031615,f,"[""fyp"",""boymom"",""momcozy"",""momcozym5"",""grwm"",""dayinmylife"",""singlemom""]"
7482302090283355423,1742109268,"The perfect app and the perfect bite - spicy wonton style 😋 Ordering one won’t be enough! Taste the Magic everyday, open from 11am-9:30pm! 📍7329 S Rainbow Blvd #120 Las Vegas, NV 89139 📍5165 S Fort Apache Rd #165 Las Vegas, NV 89148 #magicnoodle #wontons #szechuan #spicy #chinesefood #lasvegas #lasvegasfood #vegasdining #feastagram #lasvegasrestaurants",960,7.142169219956738e+18,Beat,192.0,f,https://tiktok.com/@/video/7482302090283355423,6895941802307863557,f,"[""120"",""165"",""magicnoodle"",""wontons"",""szechuan"",""spicy"",""chinesefood"",""lasvegas"",""lasvegasfood"",""vegasdining"",""feastagram"",""lasvegasrestaurants""]"
7514752543826775327,1749664699,"@Ard Al Zaafaran Shams Al Emerats Pink Blush. such a great scent. sweet, gourmand, berries and cream scent. Gourmand girls dream. @MommaLuton  @Intense Oud thanks again!!! #nicheperfume #gourmandperfume #sweetscents #beauty #fragrance #purfume ",1000,7.142169219956738e+18,Beat,192.0,f,https://tiktok.com/@/video/7514752543826775327,6824502875047363590,f,"[""nicheperfume"",""gourmandperfume"",""sweetscents"",""beauty"",""fragrance"",""purfume""]"
7497331890152541471,1745608621,Blessed are those who wait. Offering free plays for yall #bullrun #cryptocurrencies #crypto #memecoins #memecoin #solana ,549,7.142169219956738e+18,Beat,192.0,f,https://tiktok.com/@/video/7497331890152541471,6805138237343646725,f,"[""bullrun"",""cryptocurrencies"",""crypto"",""memecoins"",""memecoin"",""solana""]"
7493955520672337183,1744822498,Beauty I got #yesterday  #pnwdeliveryy #hustle #instacart #workwithme #grind #easymoneyallday #work #costco #batch #letsgo #runitup #money #gigworker ,594,7.142169219956738e+18,Beat,192.0,f,https://tiktok.com/@/video/7493955520672337183,6933077595693876230,f,"[""yesterday"",""pnwdeliveryy"",""hustle"",""instacart"",""workwithme"",""grind"",""easymoneyallday"",""work"",""costco"",""batch"",""letsgo"",""runitup"",""money"",""gigworker""]"
7340403529686732078,1709070892,Key asyrology dates march 2024 #astrology #march #2024 #horoscope #fypシ #fyp #pisces #aries ,1223,7.142169219956738e+18,Beat,192.0,f,https://tiktok.com/@/video/7340403529686732078,7184199142414468138,f,"[""astrology"",""march"",""2024"",""horoscope"",""fyp\u30b7"",""fyp"",""pisces"",""aries""]"
7510240415824497950,1748614147,Get your hands on this now while it last @giftexpress this scent profile at this price point is toooo easyyyy,400,7.142169219956738e+18,Beat,192.0,f,https://tiktok.com/@/video/7510240415824497950,7330808647481803819,f,[]
7512690790070603054,1749184647,Don’t let fear stop you from having a SMOOTH cooch 💁‍♀️ LINK IN BIO TO BOOK NOW 🌟#brazilianwax #fyp #foryoupage #viral #waxing #wax #esthetician #vegas #lasvegas #hiddengem #hairremoval ,600,7.142169219956738e+18,Beat,192.0,f,https://tiktok.com/@/video/7512690790070603054,6920526455407641606,f,"[""brazilianwax"",""fyp"",""foryoupage"",""viral"",""waxing"",""wax"",""esthetician"",""vegas"",""lasvegas"",""hiddengem"",""hairremoval""]"
7490799320430677290,1744087704,"Asked for a price check because I knew these were 50% off elsewhere. Employee insisted it was $139 — refused to scan. We call this a gate keeper.  Turns out… it was $99. 😅 Always trust, but verify! #TargetClearance #RetailArbitrage #reseller #amazonfba #ClearanceFind ",10979,7.142169219956738e+18,Beat,192.0,f,https://tiktok.com/@/video/7490799320430677290,7391312683851252778,f,"[""targetclearance"",""retailarbitrage"",""reseller"",""amazonfba"",""clearancefind""]"
7429845607482723626,1729895740,Samsung Galaxy Note 10 Plus - Screen Repair. ➡️ Full video 🎥 on #YouTube #linkinbio #Samsung #Galaxy #SamsungGalaxy #Technology #Smartphone #watchtillend #Broke #Screen #UrFoniFix #Fyp #fypシ ,1933,7.142169219956738e+18,Beat,192.0,f,https://tiktok.com/@/video/7429845607482723626,7255402687442797614,f,"[""youtube"",""linkinbio"",""samsung"",""galaxy"",""samsunggalaxy"",""technology"",""smartphone"",""watchtillend"",""broke"",""screen"",""urfonifix"",""fyp"",""fyp\u30b7""]"
7496901093616667934,1745508323,Full Moon Tattoo & Horror Festival leftovers going out today! Open 11-6 11942 Lebanon Rd Mount Juliet TN #dangerzonevideo #physicalmedia #vhs #bekindrewind #dvd #bluray #4kultrahd #laserdisc #yo #videostore #middletennessee #mountjuliet #longlegs #terrifier #arttheclown #thestuff #enamelpins #merch ,259,7.142169219956738e+18,Beat,192.0,f,https://tiktok.com/@/video/7496901093616667934,7114996446949327915,f,"[""dangerzonevideo"",""physicalmedia"",""vhs"",""bekindrewind"",""dvd"",""bluray"",""4kultrahd"",""laserdisc"",""yo"",""videostore"",""middletennessee"",""mountjuliet"",""longlegs"",""terrifier"",""arttheclown"",""thestuff"",""enamelpins"",""merch""]"
7223476505274256686,1681846700,"Happy Tuesday! Back for some more indoor soccer, only a couple of weeks left until we are fully outdoor! @volo_sports @volonj #volohighlights #micdup #fyp #volosports #soccer #tinymic ",3625,7.142169219956738e+18,Beat,192.0,f,https://tiktok.com/@/video/7223476505274256686,6703293011532809221,f,"[""volohighlights"",""micdup"",""fyp"",""volosports"",""Soccer"",""tinymic""]"
7289929768047217963,1697319048,The Creator is a movie set in the future during a war between humans and artificial intelligence. We follow Joshua an ex-undercover operative and Alphie the first simulant child. Simulantes are basically sentient AI robots built to elevate human lives. #thecreator #movietok #moviereview #movieexplained #movietiktok #thecreatormovie #ginatoreview #ajwallace #johndavidwashington  @AJ Wallace ,1432,7.142169219956738e+18,Beat,192.0,f,https://tiktok.com/@/video/7289929768047217963,6638468340876066822,f,"[""thecreator"",""movietok"",""moviereview"",""movieexplained"",""movietiktok"",""thecreatormovie"",""ginatoreview"",""ajwallace"",""johndavidwashington""]"
